# FreeCAD v1.0 build2 Arch module
# https://www.freecad.org
mtllib base_link.mtl
o base_link
usemtl color_cccccc
v -0.064 -0.0 0.010396
v -0.063781 -0.005285 -0.0
v -0.063781 -0.005285 0.010396
v -0.063781 0.005285 -0.0
v -0.063781 0.005285 0.010396
v -0.063683 -0.0 0.013943
v -0.063465 -0.005259 0.013943
v -0.063465 0.005259 0.013943
v -0.063127 -0.010534 0.010396
v -0.063127 0.010534 0.010396
v -0.062814 -0.010482 0.013943
v -0.062814 0.010482 0.013943
v -0.062742 -0.0 0.017378
v -0.062527 -0.005181 0.017378
v -0.062527 0.005181 0.017378
v -0.062042 -0.015711 -0.0
v -0.062042 -0.015711 0.010396
v -0.062042 0.015711 -0.0
v -0.062042 0.015711 0.010396
v -0.062018 -0.01578 -0.0
v -0.061886 -0.010327 0.017378
v -0.061886 0.010327 0.017378
v -0.06179 -0.010784 0.017378
v -0.06179 0.010784 0.017378
v -0.061765 -0.0 0.02
v -0.061734 -0.015633 0.013943
v -0.061734 0.015633 0.013943
v -0.06115 -0.018308 -0.0
v -0.06115 -0.01578 -0.0
v -0.06115 0.018308 -0.0
v -0.060845 -0.010619 0.02
v -0.060845 0.010619 0.02
v -0.060822 -0.015402 0.017378
v -0.060822 0.015402 0.017378
v -0.060532 -0.020781 0.010396
v -0.060532 0.020781 0.010396
v -0.060232 -0.020678 0.013943
v -0.060232 0.020678 0.013943
v -0.059409 0.023381 -0.0
v -0.059342 -0.020372 0.017378
v -0.059342 0.020372 0.017378
v -0.059003 -0.021241 0.017378
v -0.059003 0.021241 0.017378
v -0.058888 -0.018629 0.02
v -0.058888 0.018629 0.02
v -0.058609 -0.025709 -0.0
v -0.058609 -0.025709 0.010396
v -0.058609 0.025709 -0.0
v -0.058609 0.025709 0.010396
v -0.058319 -0.025581 0.013943
v -0.058319 0.025581 0.013943
v -0.0583 -0.0 0.02
v -0.0583 -0.0 -0.0
v -0.057858 -0.00165 -0.0
v -0.057858 -0.00165 0.02
v -0.057858 0.00165 -0.0
v -0.057858 0.00165 0.02
v -0.057457 -0.025203 0.017378
v -0.057457 0.025203 0.017378
v -0.05665 -0.002858 -0.0
v -0.05665 -0.002858 0.02
v -0.05665 0.002858 -0.0
v -0.05665 0.002858 0.02
v -0.056286 -0.030461 0.010396
v -0.056286 0.030461 0.010396
v -0.056007 -0.03031 0.013943
v -0.056007 0.03031 0.013943
v -0.05518 -0.029862 0.017378
v -0.05518 0.029862 0.017378
v -0.055135 0.013269 0.033569
v -0.055 -0.0033 -0.0
v -0.055 -0.0033 0.02
v -0.055 0.0033 -0.0
v -0.055 0.0033 0.02
v -0.054662 -0.012593 0.035222
v -0.054463 -0.031064 0.017378
v -0.054463 0.031064 0.017378
v -0.053579 -0.035005 -0.0
v -0.053579 -0.035005 0.010396
v -0.053579 0.035005 -0.0
v -0.053579 0.035005 0.010396
v -0.05335 -0.002858 -0.0
v -0.05335 -0.002858 0.02
v -0.05335 0.002858 -0.0
v -0.05335 0.002858 0.02
v -0.053313 -0.034831 0.013943
v -0.053313 0.034831 0.013943
v -0.052525 -0.034316 0.017378
v -0.052525 0.034316 0.017378
v -0.052272 -0.00918 0.043253
v -0.052244 0.009139 0.043397
v -0.052142 -0.00165 -0.0
v -0.052142 -0.00165 0.02
v -0.052142 0.00165 -0.0
v -0.052142 0.00165 0.02
v -0.051966 0.008743 0.04434
v -0.0517 -0.0 0.02
v -0.0517 -0.0 -0.0
v -0.051383 -0.00791 0.046241
v -0.050505 -0.03931 0.010396
v -0.050505 0.03931 0.010396
v -0.050255 -0.039115 0.013943
v -0.050255 0.039115 0.013943
v -0.049512 -0.038537 0.017378
v -0.049512 0.038537 0.017378
v -0.048856 -0.004302 0.02
v -0.048856 -0.004302 0.054141
v -0.048856 0.004302 0.02
v -0.048856 0.004302 0.054141
v -0.048671 0.004024 0.0547
v -0.048306 -0.039961 0.017378
v -0.048306 0.039961 0.017378
v -0.048171 -0.003101 0.056221
v -0.048067 0.002861 0.056539
v -0.047804 -0.002112 0.05735
v -0.047725 0.001823 0.057593
v -0.047703 -0.001662 0.05766
v -0.047696 0.001664 0.057682
v -0.047687 -0.001666 0.02
v -0.047687 0.001666 0.02
v -0.047589 -0.001151 0.058014
v -0.047549 0.000853 0.058138
v -0.047508 0.0 0.058265
v -0.047501 -0.000137 0.058286
v -0.047086 -0.043346 -0.0
v -0.047086 -0.043346 0.010396
v -0.047086 0.043346 -0.0
v -0.047086 0.043346 0.010396
v -0.046875 -0.04354 -0.0
v -0.046853 -0.043131 0.013943
v -0.046853 0.043131 0.013943
v -0.046258 -0.0 0.061622
v -0.046161 -0.042494 0.017378
v -0.046161 0.042494 0.017378
v -0.046086 -0.003991 0.061622
v -0.046086 0.003991 0.061622
v -0.046 -0.0 0.045
v -0.046 -0.0 -0.0
v -0.04557 -0.007953 0.061622
v -0.04557 0.007953 0.061622
v -0.045317 -0.0 0.065057
v -0.045148 -0.00391 0.065057
v -0.045148 0.00391 0.065057
v -0.045116 -0.008974 -0.0
v -0.045116 -0.008974 0.045
v -0.045116 0.008974 -0.0
v -0.045116 0.008974 0.045
v -0.045 -0.0 0.068604
v -0.044919 -0.0027 0.0793
v -0.044902 0.002277 0.068604
v -0.044832 -0.003883 0.068604
v -0.044832 0.003883 0.068604
v -0.044717 0.00227 0.0793
v -0.044713 -0.011856 0.061622
v -0.044713 0.011856 0.061622
v -0.044642 -0.007791 0.065057
v -0.044642 0.007791 0.065057
v -0.044551 0.006342 0.0793
v -0.044451 -0.00681 0.068604
v -0.04442 -0.00267 0.0798
v -0.04433 -0.007737 0.068604
v -0.04433 0.007737 0.068604
v -0.044258 -0.006778 0.0793
v -0.044056 0.006271 0.0798
v -0.043804 -0.011614 0.065057
v -0.043804 0.011614 0.065057
v -0.043553 0.011277 0.068604
v -0.043524 -0.015669 0.061622
v -0.043524 0.015669 0.061622
v -0.043497 -0.011533 0.068604
v -0.043497 0.011533 0.068604
v -0.04347 -0.011633 0.0793
v -0.043346 -0.047086 0.010396
v -0.043346 0.047086 0.010396
v -0.043345 0.011225 0.0793
v -0.043131 -0.046853 0.013943
v -0.043131 0.046853 0.013943
v -0.043052 -0.01578 -0.0
v -0.04301 -0.047099 -0.0
v -0.04301 -0.04354 -0.0
v -0.04301 -0.015917 -0.0
v -0.04301 0.015917 -0.0
v -0.04301 0.023381 -0.0
v -0.04301 0.047099 -0.0
v -0.042987 -0.011503 0.0798
v -0.042638 -0.015351 0.065057
v -0.042638 0.015351 0.065057
v -0.042498 -0.017603 -0.0
v -0.042498 -0.017603 0.045
v -0.042498 0.017603 -0.0
v -0.042498 0.017603 0.045
v -0.042494 -0.046161 0.017378
v -0.042494 0.046161 0.017378
v -0.042381 0.015127 0.0793
v -0.04234 -0.015243 0.068604
v -0.04234 0.015243 0.068604
v -0.042184 -0.015623 0.068604
v -0.042009 -0.019367 0.061622
v -0.042009 0.019367 0.061622
v -0.041987 -0.015548 0.0793
v -0.04191 0.014959 0.0798
v -0.04177 -0.00439 0.076
v -0.04177 -0.00439 0.0798
v -0.04177 0.00439 0.076
v -0.04177 0.00439 0.0798
v -0.041154 -0.018972 0.065057
v -0.041154 0.018972 0.065057
v -0.040866 -0.01884 0.068604
v -0.040866 0.01884 0.068604
v -0.040737 -0.00925 0.076
v -0.040737 0.00925 0.076
v -0.040713 -0.047669 0.017378
v -0.040713 0.047669 0.017378
v -0.040371 0.019802 0.068604
v -0.040264 -0.020095 0.0793
v -0.040198 0.019721 0.0793
v -0.040181 -0.022919 0.061622
v -0.040181 0.022919 0.061622
v -0.039944 -0.012979 0.076
v -0.039944 -0.012979 0.0798
v -0.039944 0.012979 0.076
v -0.039944 0.012979 0.0798
v -0.039817 -0.019871 0.0798
v -0.03977 0.050081 -0.0
v -0.03941 0.023381 -0.0
v -0.039364 -0.022453 0.065057
v -0.039364 0.022453 0.065057
v -0.03931 -0.050505 -0.0
v -0.03931 -0.050505 0.010396
v -0.03931 0.050505 -0.0
v -0.03931 0.050505 0.010396
v -0.039115 -0.050255 0.013943
v -0.039115 0.050255 0.013943
v -0.039088 -0.022296 0.068604
v -0.039088 0.022296 0.068604
v -0.038537 -0.049512 0.017378
v -0.038537 0.049512 0.017378
v -0.038498 0.023301 0.0793
v -0.03825 -0.0 0.076
v -0.03825 -0.0 0.0652
v -0.038248 -0.025556 -0.0
v -0.038248 -0.025556 0.045
v -0.038248 0.025556 -0.0
v -0.038248 0.025556 0.045
v -0.038154 -0.023781 0.068604
v -0.038083 -0.000625 0.0652
v -0.038083 -0.000625 0.076
v -0.038083 0.000625 0.0652
v -0.038083 0.000625 0.076
v -0.03807 0.023042 0.0798
v -0.038054 -0.026301 0.061622
v -0.038054 0.026301 0.061622
v -0.037997 -0.023682 0.0793
v -0.037625 -0.001083 0.0652
v -0.037625 -0.001083 0.076
v -0.037625 0.001083 0.0652
v -0.037625 0.001083 0.076
v -0.03728 -0.025766 0.065057
v -0.03728 0.025766 0.065057
v -0.037019 -0.025585 0.068604
v -0.037019 0.025585 0.068604
v -0.037 -0.00125 0.0652
v -0.037 -0.00125 0.076
v -0.037 -0.0 0.064449
v -0.037 0.00125 0.0652
v -0.037 0.00125 0.076
v -0.036375 -0.001083 0.0652
v -0.036375 -0.001083 0.076
v -0.036375 0.001083 0.0652
v -0.036375 0.001083 0.076
v -0.036373 -0.021 0.076
v -0.036373 -0.021 0.0798
v -0.036373 0.021 0.076
v -0.036373 0.021 0.0798
v -0.035917 -0.000625 0.0652
v -0.035917 -0.000625 0.076
v -0.035917 0.000625 0.0652
v -0.035917 0.000625 0.076
v -0.03575 -0.0 0.076
v -0.03575 -0.0 0.0652
v -0.035643 -0.029486 0.061622
v -0.035643 0.029486 0.061622
v -0.035554 0.027521 0.068604
v -0.03543 -0.027744 0.0793
v -0.035406 0.02741 0.0793
v -0.035375 -0.022374 0.076
v -0.035375 -0.00925 0.076
v -0.035375 0.00925 0.076
v -0.035375 0.022374 0.076
v -0.035036 -0.027436 0.0798
v -0.035005 -0.053579 0.010396
v -0.035005 0.053579 0.010396
v -0.035 -0.0 0.076
v -0.035 -0.0 0.045
v -0.034917 -0.028886 0.065057
v -0.034917 0.028886 0.065057
v -0.034831 -0.053313 0.013943
v -0.034831 0.053313 0.013943
v -0.034673 -0.028684 0.068604
v -0.034673 0.028684 0.068604
v -0.03432 0.045962 -0.0
v -0.03432 0.045962 0.01
v -0.034316 -0.052525 0.017378
v -0.034316 0.052525 0.017378
v -0.034146 -0.024065 0.076
v -0.034146 -0.00925 0.076
v -0.034146 -0.007575 0.076
v -0.034146 0.007575 0.076
v -0.034146 0.00925 0.076
v -0.034146 0.024065 0.076
v -0.034122 -0.007788 0.045
v -0.034122 -0.007788 0.076
v -0.034122 0.007788 0.045
v -0.034122 0.007788 0.076
v -0.033985 0.044712 -0.0
v -0.033985 0.044712 0.01
v -0.033985 0.047212 -0.0
v -0.033985 0.047212 0.01
v -0.033611 -0.00925 0.076
v -0.033611 0.00925 0.076
v -0.033293 -0.0185 0.0652
v -0.033293 -0.0185 0.076
v -0.033293 0.0185 0.076
v -0.03327 -0.025271 0.076
v -0.03327 0.025271 0.076
v -0.033262 0.018222 0.0652
v -0.033262 0.0185 0.0652
v -0.033262 0.018778 0.0652
v -0.033125 -0.019125 0.0652
v -0.033125 -0.019125 0.076
v -0.033125 -0.017875 0.0652
v -0.033125 -0.017875 0.076
v -0.033125 0.017875 0.076
v -0.033125 0.019125 0.076
v -0.0331 0.017887 0.0652
v -0.0331 0.019113 0.0652
v -0.03307 0.043797 -0.0
v -0.03307 0.043797 0.01
v -0.03307 0.048127 -0.0
v -0.03307 0.048127 0.01
v -0.033057 0.030532 0.0793
v -0.03302 0.017721 0.0652
v -0.03302 0.019279 0.0652
v -0.032965 -0.032452 0.061622
v -0.032965 0.032452 0.061622
v -0.03269 0.030193 0.0798
v -0.032668 -0.019583 0.0652
v -0.032668 -0.019583 0.076
v -0.032668 -0.017417 0.0652
v -0.032668 -0.017417 0.076
v -0.032668 0.017417 0.076
v -0.032668 0.019583 0.076
v -0.032657 0.017431 0.0652
v -0.032657 0.019569 0.0652
v -0.032596 -0.030985 0.068604
v -0.032585 0.017374 0.0652
v -0.032585 0.019626 0.0652
v -0.032527 -0.032527 -0.0
v -0.032527 -0.032527 0.045
v -0.032527 0.032527 -0.0
v -0.032527 0.032527 0.045
v -0.032452 -0.030846 0.0793
v -0.032295 -0.031791 0.065057
v -0.032295 0.031791 0.065057
v -0.032069 -0.031569 0.068604
v -0.032069 0.031569 0.068604
v -0.032043 -0.01975 0.0652
v -0.032043 -0.01975 0.076
v -0.032043 -0.0185 0.064449
v -0.032043 -0.01725 0.0652
v -0.032043 -0.01725 0.076
v -0.032043 0.01725 0.0652
v -0.032043 0.01725 0.076
v -0.032043 0.0185 0.064449
v -0.032043 0.01975 0.0652
v -0.032043 0.01975 0.076
v -0.031911 -0.053959 0.017378
v -0.031911 0.053959 0.017378
v -0.03182 0.043462 -0.0
v -0.03182 0.043462 0.01
v -0.03182 0.048462 -0.0
v -0.03182 0.048462 0.01
v -0.031534 -0.015186 0.045
v -0.031534 -0.015186 0.076
v -0.031534 0.015186 0.045
v -0.031534 0.015186 0.076
v -0.031501 -0.019626 0.0652
v -0.031501 -0.017374 0.0652
v -0.031429 -0.019569 0.0652
v -0.031429 -0.017431 0.0652
v -0.031418 -0.019583 0.076
v -0.031418 -0.017417 0.076
v -0.031418 0.017417 0.0652
v -0.031418 0.017417 0.076
v -0.031418 0.019583 0.0652
v -0.031418 0.019583 0.076
v -0.031212 -0.028103 0.076
v -0.031212 -0.028103 0.0798
v -0.031212 0.028103 0.076
v -0.031212 0.028103 0.0798
v -0.031066 -0.019279 0.0652
v -0.031066 -0.017721 0.0652
v -0.030985 -0.019113 0.0652
v -0.030985 -0.017887 0.0652
v -0.03096 -0.019125 0.076
v -0.03096 -0.017875 0.076
v -0.03096 0.017875 0.0652
v -0.03096 0.017875 0.076
v -0.03096 0.019125 0.0652
v -0.03096 0.019125 0.076
v -0.030824 -0.018778 0.0652
v -0.030824 -0.0185 0.0652
v -0.030824 -0.018222 0.0652
v -0.030793 -0.0185 0.076
v -0.030793 0.0185 0.0652
v -0.030793 0.0185 0.076
v -0.03057 0.043797 -0.0
v -0.03057 0.043797 0.01
v -0.03057 0.048127 -0.0
v -0.03057 0.048127 0.01
v -0.030461 -0.056286 -0.0
v -0.030461 -0.056286 0.010396
v -0.030461 0.056286 -0.0
v -0.030461 0.056286 0.010396
v -0.03031 -0.056007 0.013943
v -0.03031 0.056007 0.013943
v -0.030042 -0.035175 0.061622
v -0.030042 0.035175 0.061622
v -0.029862 -0.05518 0.017378
v -0.029862 0.05518 0.017378
v -0.029655 0.044712 -0.0
v -0.029655 0.044712 0.01
v -0.029655 0.047212 -0.0
v -0.029655 0.047212 0.01
v -0.029431 -0.034459 0.065057
v -0.029431 0.034459 0.065057
v -0.02932 0.045962 -0.0
v -0.02932 0.045962 0.01
v -0.029309 0.034141 0.068604
v -0.029225 -0.034218 0.068604
v -0.029225 0.034218 0.068604
v -0.029164 0.033977 0.0793
v -0.029162 -0.034272 0.0793
v -0.028838 -0.033891 0.0798
v -0.027364 -0.021822 0.045
v -0.027364 -0.021822 0.076
v -0.027364 0.021822 0.045
v -0.027364 0.021822 0.076
v -0.026895 -0.037636 0.061622
v -0.026895 0.037636 0.061622
v -0.026348 -0.03687 0.065057
v -0.026348 0.03687 0.065057
v -0.02628 0.036529 0.0793
v -0.026164 -0.036612 0.068604
v -0.026164 0.036612 0.068604
v -0.025988 0.036123 0.0798
v -0.025709 -0.058609 0.010396
v -0.025709 0.058609 0.010396
v -0.025696 -0.036917 0.068604
v -0.025581 -0.058319 0.013943
v -0.025581 0.058319 0.013943
v -0.025578 -0.036747 0.0793
v -0.025556 -0.038248 -0.0
v -0.025556 -0.038248 0.045
v -0.025556 0.038248 -0.0
v -0.025556 0.038248 0.045
v -0.025271 -0.033452 0.076
v -0.025271 -0.025271 0.076
v -0.025271 -0.023915 0.076
v -0.025271 0.023915 0.076
v -0.025271 0.025271 0.076
v -0.025271 0.033452 0.076
v -0.025203 -0.057457 0.017378
v -0.025203 0.057457 0.017378
v -0.024687 -0.033979 0.076
v -0.024687 -0.033979 0.0798
v -0.024687 0.033979 0.076
v -0.024687 0.033979 0.0798
v -0.024396 -0.034146 0.076
v -0.024396 0.034146 0.076
v -0.023915 -0.025271 0.076
v -0.023915 0.025271 0.076
v -0.023547 -0.039817 0.061622
v -0.023547 0.039817 0.061622
v -0.023068 -0.039006 0.065057
v -0.023068 0.039006 0.065057
v -0.022907 -0.038733 0.068604
v -0.022907 0.038733 0.068604
v -0.022269 -0.035375 0.076
v -0.022159 -0.058645 0.017378
v -0.022159 0.058645 0.017378
v -0.021822 -0.027364 0.045
v -0.021822 -0.027364 0.076
v -0.021822 0.027364 0.045
v -0.021822 0.027364 0.076
v -0.021821 0.039314 0.068604
v -0.021728 0.039153 0.0793
v -0.021716 -0.039414 0.0793
v -0.021474 -0.038976 0.0798
v -0.020781 -0.060532 -0.0
v -0.020781 -0.060532 0.010396
v -0.020781 0.060532 0.0
v -0.020781 0.060532 0.010396
v -0.020678 -0.060232 0.013943
v -0.020678 0.060232 0.013943
v -0.020372 -0.059342 0.017378
v -0.020372 0.059342 0.017378
v -0.020024 -0.0417 0.061622
v -0.020024 0.0417 0.061622
v -0.01975 -0.032043 0.0652
v -0.01975 -0.032043 0.076
v -0.01975 0.032043 0.0652
v -0.01975 0.032043 0.076
v -0.019617 -0.040851 0.065057
v -0.019617 0.040851 0.065057
v -0.019583 -0.032668 0.0652
v -0.019583 -0.032668 0.076
v -0.019583 -0.031418 0.0652
v -0.019583 -0.031418 0.076
v -0.019583 0.031418 0.0652
v -0.019583 0.031418 0.076
v -0.019583 0.032668 0.0652
v -0.019583 0.032668 0.076
v -0.019479 -0.040565 0.068604
v -0.019479 0.040565 0.068604
v -0.019125 -0.033125 0.0652
v -0.019125 -0.033125 0.076
v -0.019125 -0.03096 0.0652
v -0.019125 -0.03096 0.076
v -0.019125 0.03096 0.0652
v -0.019125 0.03096 0.076
v -0.019125 0.033125 0.0652
v -0.019125 0.033125 0.076
v -0.018629 -0.058888 0.02
v -0.018629 0.058888 0.02
v -0.0185 -0.033293 0.0652
v -0.0185 -0.033293 0.076
v -0.0185 -0.032043 0.064449
v -0.0185 -0.030793 0.0652
v -0.0185 -0.030793 0.076
v -0.0185 0.030793 0.0652
v -0.0185 0.030793 0.076
v -0.0185 0.032043 0.064449
v -0.0185 0.033293 0.0652
v -0.0185 0.033293 0.076
v -0.018441 0.041048 0.0793
v -0.018342 -0.06115 -0.0
v -0.018236 0.040592 0.0798
v -0.017875 -0.033125 0.0652
v -0.017875 -0.033125 0.076
v -0.017875 -0.03096 0.0652
v -0.017875 -0.03096 0.076
v -0.017875 0.03096 0.0652
v -0.017875 0.03096 0.076
v -0.017875 0.033125 0.0652
v -0.017875 0.033125 0.076
v -0.01773 -0.041315 0.068604
v -0.017657 -0.041143 0.0793
v -0.017603 -0.042498 -0.0
v -0.017603 -0.042498 0.045
v -0.017603 0.042498 0.0
v -0.017603 0.042498 0.045
v -0.017417 -0.032668 0.0652
v -0.017417 -0.032668 0.076
v -0.017417 -0.031418 0.0652
v -0.017417 -0.031418 0.076
v -0.017417 0.031418 0.0652
v -0.017417 0.031418 0.076
v -0.017417 0.032668 0.0652
v -0.017417 0.032668 0.076
v -0.01725 -0.032043 0.0652
v -0.01725 -0.032043 0.076
v -0.01725 0.032043 0.0652
v -0.01725 0.032043 0.076
v -0.017083 -0.038369 0.076
v -0.017083 -0.038369 0.0798
v -0.017083 0.038369 0.076
v -0.017083 0.038369 0.0798
v -0.016351 -0.043272 0.061622
v -0.016351 0.043272 0.061622
v -0.01631 -0.061664 -0.0
v -0.01631 -0.06115 -0.0
v -0.01631 -0.04354 -0.0
v -0.01631 -0.042891 -0.0
v -0.01631 0.042891 0.0
v -0.01631 0.050081 0.0
v -0.01631 0.061664 0.0
v -0.016018 -0.042392 0.065057
v -0.016018 0.042392 0.065057
v -0.015906 -0.042095 0.068604
v -0.015906 0.042095 0.068604
v -0.015711 -0.062042 0.010396
v -0.015711 0.062042 0.010396
v -0.015633 -0.061734 0.013943
v -0.015633 0.061734 0.013943
v -0.015402 -0.060822 0.017378
v -0.015402 0.060822 0.017378
v -0.015186 -0.031534 0.045
v -0.015186 -0.031534 0.076
v -0.015186 0.031534 0.045
v -0.015186 0.031534 0.076
v -0.014169 -0.04354 -0.0
v -0.01346 0.042901 0.068604
v -0.013401 0.042726 0.0793
v -0.013391 -0.042961 0.0793
v -0.013269 -0.055135 0.033569
v -0.013242 -0.042484 0.0798
v -0.012593 0.054662 0.035222
v -0.012556 -0.044522 0.061622
v -0.012556 0.044522 0.061622
v -0.012301 -0.043616 0.065057
v -0.012301 0.043616 0.065057
v -0.012215 -0.04331 0.068604
v -0.012215 0.04331 0.068604
v -0.011748 -0.061588 0.017378
v -0.011748 0.061588 0.017378
v -0.011574 -0.060671 0.02
v -0.011574 0.060671 0.02
v -0.010534 -0.063127 -0.0
v -0.010534 -0.063127 0.010396
v -0.010534 0.063127 0.0
v -0.010534 0.063127 0.010396
v -0.010482 -0.062814 0.013943
v -0.010482 0.062814 0.013943
v -0.010327 -0.061886 0.017378
v -0.010327 0.061886 0.017378
v -0.010178 0.052971 0.040906
v -0.01016 -0.052958 0.040968
v -0.009855 0.043908 0.0793
v -0.009745 0.04342 0.0798
v -0.00925 -0.040914 0.076
v -0.00925 -0.035375 0.076
v -0.00925 -0.034146 0.076
v -0.00925 -0.033611 0.076
v -0.00925 0.033611 0.076
v -0.00925 0.034146 0.076
v -0.00925 0.040914 0.076
v -0.009053 -0.044056 0.068604
v -0.009013 -0.043855 0.0793
v -0.008974 -0.045116 -0.0
v -0.008974 -0.045116 0.045
v -0.008974 0.045116 0.0
v -0.008974 0.045116 0.045
v -0.008743 -0.051966 0.04434
v -0.008732 -0.041082 0.076
v -0.008732 -0.041082 0.0798
v -0.008732 0.041082 0.076
v -0.008732 0.041082 0.0798
v -0.008668 -0.045439 0.061622
v -0.008668 0.045439 0.061622
v -0.008492 -0.044514 0.065057
v -0.008492 0.044514 0.065057
v -0.008432 -0.044203 0.068604
v -0.008432 0.044203 0.068604
v -0.00791 0.051383 0.046241
v -0.007788 -0.034122 0.045
v -0.007788 -0.034122 0.076
v -0.007788 0.034122 0.045
v -0.007788 0.034122 0.076
v -0.007575 -0.034146 0.076
v -0.007575 0.034146 0.076
v -0.005285 -0.063781 0.010396
v -0.005285 0.063781 0.010396
v -0.005259 -0.063465 0.013943
v -0.005259 0.063465 0.013943
v -0.005181 -0.062527 0.017378
v -0.005181 0.062527 0.017378
v -0.004715 -0.046017 0.061622
v -0.004715 0.046017 0.061622
v -0.004619 -0.045081 0.065057
v -0.004619 0.045081 0.065057
v -0.004587 -0.044766 0.068604
v -0.004587 0.044766 0.068604
v -0.004552 0.044768 0.068604
v -0.004527 0.044558 0.0793
v -0.004525 -0.044772 0.0793
v -0.004474 -0.044274 0.0798
v -0.004302 -0.048856 0.02
v -0.004302 -0.048856 0.054141
v -0.004302 0.048856 0.02
v -0.004302 0.048856 0.054141
v -0.004126 -0.048737 0.054502
v -0.0033 -0.055 -0.0
v -0.0033 -0.055 0.02
v -0.0033 0.055 0.0
v -0.0033 0.055 0.02
v -0.003207 0.04822 0.05607
v -0.002958 -0.048108 0.056414
v -0.002858 -0.05665 -0.0
v -0.002858 -0.05665 0.02
v -0.002858 -0.05335 -0.0
v -0.002858 -0.05335 0.02
v -0.002858 0.05335 0.0
v -0.002858 0.05335 0.02
v -0.002858 0.05665 0.0
v -0.002858 0.05665 0.02
v -0.002255 -0.047847 0.02
v -0.00225 -0.047863 0.057169
v -0.002105 0.047801 0.057356
v -0.001943 -0.047756 0.057497
v -0.001666 0.047687 0.02
v -0.001662 0.047703 0.05766
v -0.00165 -0.057858 -0.0
v -0.00165 -0.057858 0.02
v -0.00165 -0.052142 -0.0
v -0.00165 -0.052142 0.02
v -0.00165 0.052142 0.0
v -0.00165 0.052142 0.02
v -0.00165 0.057858 0.0
v -0.00165 0.057858 0.02
v -0.00125 -0.037 0.0652
v -0.00125 -0.037 0.076
v -0.00125 0.037 0.0652
v -0.00125 0.037 0.076
v -0.00114 0.047587 0.058019
v -0.001083 -0.037625 0.0652
v -0.001083 -0.037625 0.076
v -0.001083 -0.036375 0.0652
v -0.001083 -0.036375 0.076
v -0.001083 0.036375 0.0652
v -0.001083 0.036375 0.076
v -0.001083 0.037625 0.0652
v -0.001083 0.037625 0.076
v -0.001 0.044989 0.076
v -0.001 0.044989 0.0793
v -0.000992 -0.047566 0.058085
v -0.000984 -0.062701 0.017378
v -0.000984 0.062701 0.017378
v -0.00097 -0.061757 0.02
v -0.00097 0.061757 0.02
v -0.000862 0.044494 0.076
v -0.000862 0.044494 0.079798
v -0.000861 0.044492 0.0798
v -0.000747 0.047554 0.058122
v -0.000747 -0.04755 0.058135
v -0.000727 0.046253 0.061622
v -0.000725 -0.046221 0.061622
v -0.000712 0.045312 0.065057
v -0.000707 0.044994 0.068604
v -0.000625 -0.038083 0.0652
v -0.000625 -0.038083 0.076
v -0.000625 -0.035917 0.0652
v -0.000625 -0.035917 0.076
v -0.000625 0.035917 0.0652
v -0.000625 0.035917 0.076
v -0.000625 0.038083 0.0652
v -0.000625 0.038083 0.076
v -0.000497 0.044132 0.076
v -0.000497 0.044132 0.0798
v -0.000126 0.047501 0.058286
v -0.0 -0.042 0.0798
v -0.0 0.042 0.0798
v -0.0 0.044 0.0798
v -0.0 -0.044772 0.0793
v -0.0 -0.042 0.076
v -0.0 -0.03825 0.076
v -0.0 -0.03575 0.076
v -0.0 -0.035 0.076
v -0.0 0.035 0.076
v -0.0 0.03575 0.076
v -0.0 0.03825 0.076
v -0.0 0.042 0.076
v -0.0 0.044 0.076
v -0.0 0.045 0.076
v -0.0 -0.045 0.068604
v -0.0 0.045 0.068604
v -0.0 -0.03825 0.0652
v -0.0 -0.03575 0.0652
v -0.0 0.03575 0.0652
v -0.0 0.03825 0.0652
v -0.0 -0.045317 0.065057
v -0.0 0.045317 0.065057
v -0.0 -0.037 0.064449
v -0.0 0.037 0.064449
v -0.0 -0.046258 0.061622
v -0.0 0.046258 0.061622
v -0.0 -0.0475 0.058289
v -0.0 0.0475 0.058289
v -0.0 -0.046 0.045
v -0.0 -0.035 0.045
v -0.0 0.035 0.045
v -0.0 0.046 0.045
v -0.0 -0.061765 0.02
v -0.0 0.0517 0.02
v -0.0 0.0583 0.02
v -0.0 0.061765 0.02
v -0.0 -0.062742 0.017378
v -0.0 0.062742 0.017378
v -0.0 -0.063683 0.013943
v -0.0 0.063683 0.013943
v -0.0 -0.064 0.010396
v -0.0 0.064 0.010396
v -0.0 -0.064 -0.0
v -0.0 -0.046 -0.0
v -0.0 0.046 0.0
v -0.0 0.0517 0.0
v -0.0 0.0583 0.0
v -0.0 0.064 0.0
v 0.0 -0.0583 0.02
v 0.0 -0.0517 0.02
v 0.0 -0.0475 0.02
v 0.0 -0.0583 -0.0
v 0.0 -0.0517 -0.0
v 0.000126 -0.047501 0.058286
v 0.000497 0.044132 0.076
v 0.000497 0.044132 0.0798
v 0.000625 -0.038083 0.0652
v 0.000625 -0.038083 0.076
v 0.000625 -0.035917 0.0652
v 0.000625 -0.035917 0.076
v 0.000625 0.035917 0.0652
v 0.000625 0.035917 0.076
v 0.000625 0.038083 0.0652
v 0.000625 0.038083 0.076
v 0.000707 -0.044994 0.068604
v 0.000712 -0.045312 0.065057
v 0.000725 0.046221 0.061622
v 0.000727 -0.046253 0.061622
v 0.000747 0.04755 0.058135
v 0.000747 -0.047554 0.058122
v 0.000861 0.044492 0.0798
v 0.000862 0.044494 0.079798
v 0.000862 0.044494 0.076
v 0.00097 -0.061757 0.02
v 0.00097 0.061757 0.02
v 0.000986 -0.062734 0.017378
v 0.000986 0.062734 0.017378
v 0.000992 0.047566 0.058085
v 0.001 0.044989 0.076
v 0.001 0.044989 0.0793
v 0.001 -0.063675 0.013943
v 0.001 0.063675 0.013943
v 0.001005 -0.063992 0.010396
v 0.001005 0.063992 0.010396
v 0.001083 -0.037625 0.0652
v 0.001083 -0.037625 0.076
v 0.001083 -0.036375 0.0652
v 0.001083 -0.036375 0.076
v 0.001083 0.036375 0.0652
v 0.001083 0.036375 0.076
v 0.001083 0.037625 0.0652
v 0.001083 0.037625 0.076
v 0.00114 -0.047587 0.058019
v 0.00125 -0.037 0.0652
v 0.00125 -0.037 0.076
v 0.00125 0.037 0.0652
v 0.00125 0.037 0.076
v 0.001605 -0.045972 -0.0
v 0.001605 -0.045972 0.045
v 0.001605 0.045972 0.0
v 0.001605 0.045972 0.045
v 0.00165 -0.057858 -0.0
v 0.00165 -0.057858 0.02
v 0.00165 -0.052142 -0.0
v 0.00165 -0.052142 0.02
v 0.00165 0.052142 0.0
v 0.00165 0.052142 0.02
v 0.00165 0.057858 0.0
v 0.00165 0.057858 0.02
v 0.001663 0.0477 0.05767
v 0.001666 0.047687 0.02
v 0.001943 0.047756 0.057497
v 0.002105 -0.047801 0.057356
v 0.002252 -0.047857 0.057185
v 0.002255 -0.047847 0.02
v 0.002858 -0.05665 -0.0
v 0.002858 -0.05665 0.02
v 0.002858 -0.05335 -0.0
v 0.002858 -0.05335 0.02
v 0.002858 0.05335 0.0
v 0.002858 0.05335 0.02
v 0.002858 0.05665 0.0
v 0.002858 0.05665 0.02
v 0.002958 0.048108 0.056414
v 0.003207 -0.04822 0.05607
v 0.0033 -0.055 -0.0
v 0.0033 -0.055 0.02
v 0.0033 0.055 0.0
v 0.0033 0.055 0.02
v 0.003418 -0.06385 0.010396
v 0.003422 -0.063908 -0.0
v 0.004126 0.048737 0.054502
v 0.004302 -0.048856 0.02
v 0.004302 -0.048856 0.054141
v 0.004302 0.048856 0.02
v 0.004302 0.048856 0.054141
v 0.004474 -0.044274 0.0798
v 0.004525 -0.044772 0.0793
v 0.004527 0.044558 0.0793
v 0.004552 0.044767 0.068604
v 0.004587 -0.044766 0.068604
v 0.004587 0.044766 0.068604
v 0.004619 -0.045081 0.065057
v 0.004619 0.045081 0.065057
v 0.004715 -0.046017 0.061622
v 0.004715 0.046017 0.061622
v 0.006395 -0.062415 0.017378
v 0.006395 0.062415 0.017378
v 0.006491 -0.063351 0.013943
v 0.006491 0.063351 0.013943
v 0.006523 -0.063667 0.010396
v 0.006523 0.063667 0.010396
v 0.007575 -0.034146 0.076
v 0.007575 0.034146 0.076
v 0.007725 0.063491 0.010396
v 0.007731 0.063531 0.0
v 0.007788 -0.034122 0.045
v 0.007788 -0.034122 0.076
v 0.007788 0.034122 0.045
v 0.007788 0.034122 0.076
v 0.00791 -0.051383 0.046241
v 0.008432 -0.044203 0.068604
v 0.008432 0.044203 0.068604
v 0.008492 -0.044514 0.065057
v 0.008492 0.044514 0.065057
v 0.008668 -0.045439 0.061622
v 0.008668 0.045439 0.061622
v 0.008732 -0.041082 0.076
v 0.008732 -0.041082 0.0798
v 0.008732 0.041082 0.076
v 0.008732 0.041082 0.0798
v 0.008743 0.051966 0.04434
v 0.009013 -0.043855 0.0793
v 0.009053 -0.044056 0.068604
v 0.00925 -0.040914 0.076
v 0.00925 -0.035375 0.076
v 0.00925 -0.034146 0.076
v 0.00925 -0.033611 0.076
v 0.00925 0.033611 0.076
v 0.00925 0.034146 0.076
v 0.00925 0.040914 0.076
v 0.009745 0.04342 0.0798
v 0.009855 0.043908 0.0793
v 0.01016 0.052958 0.040968
v 0.010178 -0.052971 0.040906
v 0.010348 -0.044821 -0.0
v 0.010348 -0.044821 0.045
v 0.010348 0.044821 0.0
v 0.010348 0.044821 0.045
v 0.011574 -0.060671 0.02
v 0.011574 0.060671 0.02
v 0.011757 -0.06163 0.017378
v 0.011757 0.06163 0.017378
v 0.011933 -0.062555 0.013943
v 0.011933 0.062555 0.013943
v 0.011992 -0.062866 0.010396
v 0.011992 0.062866 0.010396
v 0.012215 -0.04331 0.068604
v 0.012215 0.04331 0.068604
v 0.012301 -0.043616 0.065057
v 0.012301 0.043616 0.065057
v 0.012556 -0.044522 0.061622
v 0.012556 0.044522 0.061622
v 0.012593 -0.054662 0.035222
v 0.013242 -0.042484 0.0798
v 0.013269 0.055135 0.033569
v 0.013391 -0.042961 0.0793
v 0.013401 0.042726 0.0793
v 0.01346 0.042901 0.068604
v 0.014054 -0.06238 0.010396
v 0.014067 -0.062435 -0.0
v 0.014176 -0.04354 -0.0
v 0.01515 0.043434 0.0
v 0.01515 0.043434 0.0025
v 0.015186 -0.031534 0.045
v 0.015186 -0.031534 0.076
v 0.015186 0.031534 0.045
v 0.015186 0.031534 0.076
v 0.015906 -0.042095 0.068604
v 0.015906 0.042095 0.068604
v 0.016018 -0.042392 0.065057
v 0.016018 0.042392 0.065057
v 0.016351 -0.043272 0.061622
v 0.016351 0.043272 0.061622
v 0.017031 -0.060386 0.017378
v 0.017031 0.060386 0.017378
v 0.017083 -0.038369 0.076
v 0.017083 -0.038369 0.0798
v 0.017083 0.038369 0.076
v 0.017083 0.038369 0.0798
v 0.01725 -0.032043 0.0652
v 0.01725 -0.032043 0.076
v 0.01725 0.032043 0.0652
v 0.01725 0.032043 0.076
v 0.017286 -0.061292 0.013943
v 0.017286 0.061292 0.013943
v 0.017372 -0.061597 0.010396
v 0.017372 0.061597 0.010396
v 0.017417 -0.032668 0.0652
v 0.017417 -0.032668 0.076
v 0.017417 -0.031418 0.0652
v 0.017417 -0.031418 0.076
v 0.017417 0.031418 0.0652
v 0.017417 0.031418 0.076
v 0.017417 0.032668 0.0652
v 0.017417 0.032668 0.076
v 0.017548 0.061539 0.010396
v 0.017551 0.061547 0.0
v 0.017657 -0.041143 0.0793
v 0.01773 -0.041315 0.068604
v 0.017875 -0.033125 0.0652
v 0.017875 -0.033125 0.076
v 0.017875 -0.03096 0.0652
v 0.017875 -0.03096 0.076
v 0.017875 0.03096 0.0652
v 0.017875 0.03096 0.076
v 0.017875 0.033125 0.0652
v 0.017875 0.033125 0.076
v 0.018139 -0.06115 -0.0
v 0.018236 0.040592 0.0798
v 0.018441 0.041048 0.0793
v 0.0185 -0.033293 0.0652
v 0.0185 -0.033293 0.076
v 0.0185 -0.032043 0.064449
v 0.0185 -0.030793 0.0652
v 0.0185 -0.030793 0.076
v 0.0185 0.030793 0.0652
v 0.0185 0.030793 0.076
v 0.0185 0.032043 0.064449
v 0.0185 0.033293 0.0652
v 0.0185 0.033293 0.076
v 0.018629 -0.058888 0.02
v 0.018629 0.058888 0.02
v 0.01871 -0.042023 0.0
v 0.01871 -0.042023 0.045
v 0.01871 0.042023 0.0025
v 0.01871 0.042023 0.045
v 0.019125 -0.033125 0.0652
v 0.019125 -0.033125 0.076
v 0.019125 -0.03096 0.0652
v 0.019125 -0.03096 0.076
v 0.019125 0.03096 0.0652
v 0.019125 0.03096 0.076
v 0.019125 0.033125 0.0652
v 0.019125 0.033125 0.076
v 0.019479 -0.040565 0.068604
v 0.019479 0.040565 0.068604
v 0.019583 -0.032668 0.0652
v 0.019583 -0.032668 0.076
v 0.019583 -0.031418 0.0652
v 0.019583 -0.031418 0.076
v 0.019583 0.031418 0.0652
v 0.019583 0.031418 0.076
v 0.019583 0.032668 0.0652
v 0.019583 0.032668 0.076
v 0.019617 -0.040851 0.065057
v 0.019617 0.040851 0.065057
v 0.01975 -0.032043 0.0652
v 0.01975 -0.032043 0.076
v 0.01975 0.032043 0.0652
v 0.01975 0.032043 0.076
v 0.020024 -0.0417 0.061622
v 0.020024 0.0417 0.061622
v 0.021474 -0.038976 0.0798
v 0.021716 -0.039414 0.0793
v 0.021728 0.039153 0.0793
v 0.021797 0.050081 0.0
v 0.021821 0.039314 0.068604
v 0.021822 -0.027364 0.045
v 0.021822 -0.027364 0.076
v 0.021822 0.027364 0.045
v 0.021822 0.027364 0.076
v 0.022178 -0.058691 0.017378
v 0.022178 0.058691 0.017378
v 0.022269 -0.035375 0.076
v 0.02251 -0.059572 0.013943
v 0.02251 0.059572 0.013943
v 0.022622 -0.059868 0.010396
v 0.022622 0.059868 0.010396
v 0.022627 0.050912 0.0
v 0.022627 0.050912 0.0025
v 0.022851 -0.059663 -0.0
v 0.022851 -0.04354 0.0
v 0.022851 -0.03968 0.0
v 0.022851 0.051061 0.0
v 0.022851 0.059575 0.0
v 0.022907 -0.038733 0.068604
v 0.022907 0.038733 0.068604
v 0.023068 -0.039006 0.065057
v 0.023068 0.039006 0.065057
v 0.023547 -0.039817 0.061622
v 0.023547 0.039817 0.061622
v 0.023915 -0.025271 0.076
v 0.023915 0.025271 0.076
v 0.024206 0.046669 0.0025
v 0.024206 0.046669 0.01
v 0.02425 0.051996 0.0
v 0.02425 0.051996 0.0025
v 0.024295 -0.059152 0.010396
v 0.024316 -0.059201 -0.0
v 0.024373 0.046044 0.0025
v 0.024373 0.046044 0.01
v 0.024373 0.047294 0.0025
v 0.024373 0.047294 0.01
v 0.024396 -0.034146 0.076
v 0.024396 0.034146 0.076
v 0.024687 -0.033979 0.076
v 0.024687 -0.033979 0.0798
v 0.024687 0.033979 0.076
v 0.024687 0.033979 0.0798
v 0.024831 0.045587 0.0025
v 0.024831 0.045587 0.01
v 0.024831 0.047752 0.0025
v 0.024831 0.047752 0.01
v 0.025271 -0.033452 0.076
v 0.025271 -0.025271 0.076
v 0.025271 -0.023915 0.076
v 0.025271 0.023915 0.076
v 0.025271 0.025271 0.076
v 0.025271 0.033452 0.076
v 0.025456 0.045419 0.0025
v 0.025456 0.045419 0.01
v 0.025456 0.046669 0.010751
v 0.025456 0.047919 0.0025
v 0.025456 0.047919 0.01
v 0.025578 -0.036747 0.0793
v 0.025696 -0.036917 0.068604
v 0.025988 0.036123 0.0798
v 0.026081 0.045587 0.0025
v 0.026081 0.045587 0.01
v 0.026081 0.047752 0.0025
v 0.026081 0.047752 0.01
v 0.026163 0.052376 0.0
v 0.026163 0.052376 0.0025
v 0.026164 -0.036612 0.068604
v 0.026164 0.036612 0.068604
v 0.02628 0.036529 0.0793
v 0.026348 -0.03687 0.065057
v 0.026348 0.03687 0.065057
v 0.026385 -0.037681 0.0
v 0.026385 -0.037681 0.045
v 0.026385 0.037681 0.0025
v 0.026385 0.037681 0.045
v 0.026538 0.046044 0.0025
v 0.026538 0.046044 0.01
v 0.026538 0.047294 0.0025
v 0.026538 0.047294 0.01
v 0.026706 0.046669 0.0025
v 0.026706 0.046669 0.01
v 0.026895 -0.037636 0.061622
v 0.026895 0.037636 0.061622
v 0.026928 0.058025 0.010396
v 0.026941 0.058053 0.0
v 0.027159 -0.056559 0.017378
v 0.027159 0.056559 0.017378
v 0.027364 -0.021822 0.045
v 0.027364 -0.021822 0.076
v 0.027364 0.021822 0.045
v 0.027364 0.021822 0.076
v 0.027567 -0.057407 0.013943
v 0.027567 0.057407 0.013943
v 0.027704 -0.057693 0.010396
v 0.027704 0.057693 0.010396
v 0.028006 0.036492 0.0025
v 0.028006 0.036492 0.007
v 0.028076 0.051996 0.0
v 0.028076 0.051996 0.0025
v 0.028174 0.036362 0.008574
v 0.028336 0.036235 0.009059
v 0.028662 0.035979 0.010038
v 0.028838 -0.033891 0.0798
v 0.029162 -0.034272 0.0793
v 0.029164 0.033977 0.0793
v 0.029225 -0.034218 0.068604
v 0.029225 0.034218 0.068604
v 0.029309 0.034141 0.068604
v 0.029388 0.035388 0.011242
v 0.029431 -0.034459 0.065057
v 0.029431 0.034459 0.065057
v 0.029698 0.050912 0.0
v 0.029698 0.050912 0.0025
v 0.030042 -0.035175 0.061622
v 0.030042 0.035175 0.061622
v 0.030352 0.034565 0.012208
v 0.030529 0.050081 0.0
v 0.030793 -0.0185 0.0652
v 0.030793 -0.0185 0.076
v 0.030793 0.0185 0.076
v 0.030824 0.018222 0.0652
v 0.030824 0.0185 0.0652
v 0.030824 0.018778 0.0652
v 0.03096 -0.019125 0.0652
v 0.03096 -0.019125 0.076
v 0.03096 -0.017875 0.0652
v 0.03096 -0.017875 0.076
v 0.03096 0.017875 0.076
v 0.03096 0.019125 0.076
v 0.030985 0.017887 0.0652
v 0.030985 0.019113 0.0652
v 0.031035 0.033945 0.012582
v 0.031066 0.017721 0.0652
v 0.031066 0.019279 0.0652
v 0.031212 -0.028103 0.076
v 0.031212 -0.028103 0.0798
v 0.031212 0.028103 0.076
v 0.031212 0.028103 0.0798
v 0.031418 -0.019583 0.0652
v 0.031418 -0.019583 0.076
v 0.031418 -0.017417 0.0652
v 0.031418 -0.017417 0.076
v 0.031418 0.017417 0.076
v 0.031418 0.019583 0.076
v 0.031429 0.017431 0.0652
v 0.031429 0.019569 0.0652
v 0.031452 0.033567 0.012811
v 0.031501 0.017374 0.0652
v 0.031501 0.019626 0.0652
v 0.031534 -0.015186 0.045
v 0.031534 -0.015186 0.076
v 0.031534 0.015186 0.045
v 0.031534 0.015186 0.076
v 0.031938 -0.054004 0.017378
v 0.031938 0.054004 0.017378
v 0.032043 -0.01975 0.0652
v 0.032043 -0.01975 0.076
v 0.032043 -0.0185 0.064449
v 0.032043 -0.01725 0.0652
v 0.032043 -0.01725 0.076
v 0.032043 0.01725 0.0652
v 0.032043 0.01725 0.076
v 0.032043 0.0185 0.064449
v 0.032043 0.01975 0.0652
v 0.032043 0.01975 0.076
v 0.032069 -0.031569 0.068604
v 0.032069 0.031569 0.068604
v 0.032295 -0.031791 0.065057
v 0.032295 0.031791 0.065057
v 0.032417 -0.054815 0.013943
v 0.032417 0.054815 0.013943
v 0.032452 -0.030846 0.0793
v 0.032527 0.032527 0.013
v 0.032579 -0.055087 0.010396
v 0.032579 0.055087 0.010396
v 0.032585 -0.019626 0.0652
v 0.032585 -0.017374 0.0652
v 0.032596 -0.030985 0.068604
v 0.032657 -0.019569 0.0652
v 0.032657 -0.017431 0.0652
v 0.032668 -0.019583 0.076
v 0.032668 -0.017417 0.076
v 0.032668 0.017417 0.0652
v 0.032668 0.017417 0.076
v 0.032668 0.019583 0.0652
v 0.032668 0.019583 0.076
v 0.03269 0.030193 0.0798
v 0.032965 -0.032452 0.061622
v 0.032965 0.032452 0.061622
v 0.03302 -0.019279 0.0652
v 0.03302 -0.017721 0.0652
v 0.033057 0.030532 0.0793
v 0.033085 0.03195 0.012893
v 0.03309 -0.031954 0.0
v 0.03309 -0.031954 0.045
v 0.03309 0.031954 0.045
v 0.0331 -0.019113 0.0652
v 0.0331 -0.017887 0.0652
v 0.033125 -0.019125 0.076
v 0.033125 -0.017875 0.076
v 0.033125 0.017875 0.0652
v 0.033125 0.017875 0.076
v 0.033125 0.019125 0.0652
v 0.033125 0.019125 0.076
v 0.033262 -0.018778 0.0652
v 0.033262 -0.0185 0.0652
v 0.033262 -0.018222 0.0652
v 0.03327 -0.025271 0.076
v 0.03327 0.025271 0.076
v 0.033293 -0.0185 0.076
v 0.033293 0.0185 0.0652
v 0.033293 0.0185 0.076
v 0.033611 -0.00925 0.076
v 0.033611 0.00925 0.076
v 0.033621 0.031395 0.01279
v 0.033853 -0.054258 0.010396
v 0.033879 -0.054298 0.0
v 0.033946 0.031035 0.012586
v 0.034122 -0.007788 0.045
v 0.034122 -0.007788 0.076
v 0.034122 0.007788 0.045
v 0.034122 0.007788 0.076
v 0.034146 -0.024065 0.076
v 0.034146 -0.00925 0.076
v 0.034146 -0.007575 0.076
v 0.034146 0.007575 0.076
v 0.034146 0.00925 0.076
v 0.034146 0.024065 0.076
v 0.034604 0.030308 0.012174
v 0.034673 -0.028684 0.068604
v 0.034673 0.028684 0.068604
v 0.034917 -0.028886 0.065057
v 0.034917 0.028886 0.065057
v 0.035 0.0 0.076
v 0.035 0.0 0.045
v 0.035036 -0.027436 0.0798
v 0.035388 0.029388 0.011242
v 0.035406 0.02741 0.0793
v 0.03543 -0.027744 0.0793
v 0.035554 0.027521 0.068604
v 0.035641 0.053093 0.010396
v 0.035643 -0.029486 0.061622
v 0.035643 0.029486 0.061622
v 0.03567 0.053138 0.0
v 0.03575 0.0 0.076
v 0.03575 0.0 0.0652
v 0.035917 -0.000625 0.0652
v 0.035917 -0.000625 0.076
v 0.035917 0.000625 0.0652
v 0.035917 0.000625 0.076
v 0.036001 0.028635 0.009979
v 0.036062 0.044548 0.0
v 0.036062 0.044548 0.0025
v 0.036233 0.028338 0.009058
v 0.036373 -0.021 0.076
v 0.036373 -0.021 0.0798
v 0.036373 0.021 0.076
v 0.036373 0.021 0.0798
v 0.036375 -0.001083 0.0652
v 0.036375 -0.001083 0.076
v 0.036375 0.001083 0.0652
v 0.036375 0.001083 0.076
v 0.036375 0.028158 0.008496
v 0.036479 -0.051047 0.017378
v 0.036479 0.051047 0.017378
v 0.036492 0.028006 0.0025
v 0.036492 0.028006 0.007
v 0.037 -0.00125 0.0652
v 0.037 -0.00125 0.076
v 0.037 0.0 0.064449
v 0.037 0.00125 0.0652
v 0.037 0.00125 0.076
v 0.037019 -0.025585 0.068604
v 0.037019 0.025585 0.068604
v 0.037026 -0.051813 0.013943
v 0.037026 0.051813 0.013943
v 0.03721 -0.052071 0.010396
v 0.03721 0.052071 0.010396
v 0.03728 -0.025766 0.065057
v 0.03728 0.025766 0.065057
v 0.037625 -0.001083 0.0652
v 0.037625 -0.001083 0.076
v 0.037625 0.001083 0.0652
v 0.037625 0.001083 0.076
v 0.037997 -0.023682 0.0793
v 0.038054 -0.026301 0.061622
v 0.038054 0.026301 0.061622
v 0.03807 0.023042 0.0798
v 0.038083 -0.000625 0.0652
v 0.038083 -0.000625 0.076
v 0.038083 0.000625 0.0652
v 0.038083 0.000625 0.076
v 0.038154 -0.023781 0.068604
v 0.03825 0.0 0.0652
v 0.03825 0.0 0.076
v 0.038498 0.023301 0.0793
v 0.038579 -0.025053 0.0
v 0.038579 -0.025053 0.045
v 0.038579 0.025053 0.0025
v 0.038579 0.025053 0.045
v 0.039088 -0.022296 0.068604
v 0.039088 0.022296 0.068604
v 0.039364 -0.022453 0.065057
v 0.039364 0.022453 0.065057
v 0.039764 0.050081 0.0
v 0.039817 -0.019871 0.0798
v 0.039944 -0.012979 0.076
v 0.039944 -0.012979 0.0798
v 0.039944 0.012979 0.076
v 0.039944 0.012979 0.0798
v 0.040181 -0.022919 0.061622
v 0.040181 0.022919 0.061622
v 0.040198 0.019721 0.0793
v 0.040264 -0.020095 0.0793
v 0.040371 0.019802 0.068604
v 0.040737 -0.00925 0.076
v 0.040737 0.00925 0.076
v 0.040747 -0.047709 0.017378
v 0.040747 0.047709 0.017378
v 0.040813 0.049298 0.0
v 0.040813 0.049298 0.007
v 0.040824 0.049289 0.007415
v 0.040866 -0.01884 0.068604
v 0.040866 0.01884 0.068604
v 0.041071 0.049083 0.008975
v 0.041108 0.049052 0.009071
v 0.041154 -0.018972 0.065057
v 0.041154 0.018972 0.065057
v 0.041359 -0.048425 0.013943
v 0.041359 0.048425 0.013943
v 0.041565 -0.048666 0.010396
v 0.041565 0.048666 0.010396
v 0.041622 0.048617 0.010396
v 0.04177 -0.00439 0.076
v 0.04177 -0.00439 0.0798
v 0.04177 0.00439 0.076
v 0.04177 0.00439 0.0798
v 0.04191 0.014959 0.0798
v 0.041987 -0.015548 0.0793
v 0.042009 -0.019367 0.061622
v 0.042009 0.019367 0.061622
v 0.042101 0.048182 0.011184
v 0.042146 0.048137 0.011235
v 0.042184 -0.015623 0.068604
v 0.04234 -0.015243 0.068604
v 0.04234 0.015243 0.068604
v 0.042381 0.015127 0.0793
v 0.042432 -0.030368 0.0
v 0.042432 -0.030368 0.01
v 0.042458 -0.047833 0.010396
v 0.042487 -0.047863 0.0
v 0.042524 -0.031532 0.0
v 0.042524 -0.031532 0.01
v 0.042638 -0.015351 0.065057
v 0.042638 0.015351 0.065057
v 0.04265 -0.017232 0.0
v 0.04265 -0.017232 0.045
v 0.04265 0.017232 0.0025
v 0.04265 0.017232 0.045
v 0.042879 -0.02929 0.0
v 0.042879 -0.02929 0.01
v 0.042987 -0.011503 0.0798
v 0.042992 0.047304 0.012168
v 0.043081 -0.01578 0.0
v 0.043134 -0.032527 0.0
v 0.043134 -0.032527 0.01
v 0.043345 0.011225 0.0793
v 0.043434 0.01515 0.0
v 0.043434 0.01515 0.0025
v 0.04347 -0.011633 0.0793
v 0.043497 -0.011533 0.068604
v 0.043497 0.011533 0.068604
v 0.043524 -0.015669 0.061622
v 0.043524 0.015669 0.061622
v 0.043553 0.011277 0.068604
v 0.043687 0.046598 0.012586
v 0.043766 -0.028532 0.0
v 0.043766 -0.028532 0.01
v 0.043804 -0.011614 0.065057
v 0.043804 0.011614 0.065057
v 0.044022 0.046257 0.012788
v 0.044056 0.006271 0.0798
v 0.044258 -0.006778 0.0793
v 0.04433 -0.007737 0.068604
v 0.04433 0.007737 0.068604
v 0.04442 -0.00267 0.0798
v 0.044451 -0.00681 0.068604
v 0.044548 0.036062 0.0
v 0.044548 0.036062 0.0025
v 0.044551 0.006342 0.0793
v 0.044642 -0.007791 0.065057
v 0.044642 0.007791 0.065057
v 0.044712 -0.044015 0.017378
v 0.044712 0.044015 0.017378
v 0.044713 -0.011856 0.061622
v 0.044713 0.011856 0.061622
v 0.044717 0.00227 0.0793
v 0.044832 -0.003883 0.068604
v 0.044832 0.003883 0.068604
v 0.044901 -0.028259 0.0
v 0.044901 -0.028259 0.01
v 0.044902 0.002277 0.068604
v 0.044919 -0.0027 0.0793
v 0.045 0.0 0.068604
v 0.045134 0.045134 0.013
v 0.045148 -0.00391 0.065057
v 0.045148 0.00391 0.065057
v 0.045155 -0.008777 0.0
v 0.045155 -0.008777 0.045
v 0.045155 0.008777 0.0
v 0.045155 0.008777 0.045
v 0.045255 -0.034648 0.0
v 0.045255 -0.034648 0.01
v 0.045317 0.0 0.065057
v 0.045383 -0.044676 0.013943
v 0.045383 0.044676 0.013943
v 0.045419 0.025456 0.0025
v 0.04545 0.025178 0.01
v 0.04545 0.025456 0.01
v 0.04545 0.025734 0.01
v 0.04549 0.044781 0.012957
v 0.04557 -0.007953 0.061622
v 0.04557 0.007953 0.061622
v 0.045587 0.024831 0.0025
v 0.045587 0.026081 0.0025
v 0.045609 -0.044898 0.010396
v 0.045612 0.024843 0.01
v 0.045612 0.026069 0.01
v 0.045692 0.024676 0.01
v 0.045692 0.026235 0.01
v 0.045858 -0.028449 0.0
v 0.045858 -0.028449 0.01
v 0.04586 0.044413 0.012912
v 0.046 0.0 0.045
v 0.046 0.0 0.0
v 0.046044 0.024373 0.0025
v 0.046044 0.026538 0.0025
v 0.046055 0.024387 0.01
v 0.046055 0.026525 0.01
v 0.046086 -0.003991 0.061622
v 0.046086 0.003991 0.061622
v 0.046127 0.02433 0.01
v 0.046127 0.026582 0.01
v 0.046197 -0.03524 0.0
v 0.046197 -0.03524 0.01
v 0.046258 0.0 0.061622
v 0.046601 0.043684 0.012585
v 0.046602 -0.04354 0.0
v 0.046669 -0.028991 0.0
v 0.046669 -0.028991 0.01
v 0.046669 0.024206 0.0025
v 0.046669 0.024206 0.01
v 0.046669 0.025456 0.010751
v 0.046669 0.026706 0.0025
v 0.046669 0.026706 0.01
v 0.046945 0.043346 0.012434
v 0.047294 0.024373 0.0025
v 0.047294 0.024373 0.01
v 0.047294 0.026538 0.0025
v 0.047294 0.026538 0.01
v 0.047303 -0.035365 0.0
v 0.047303 -0.035365 0.01
v 0.047501 0.000137 0.058286
v 0.047508 -0.0 0.058265
v 0.047549 -0.000853 0.058138
v 0.047589 0.001151 0.058014
v 0.047687 -0.001666 0.02
v 0.047687 0.001666 0.02
v 0.047696 -0.001664 0.057682
v 0.047703 0.001662 0.05766
v 0.047725 -0.001823 0.057593
v 0.047752 0.024831 0.0025
v 0.047752 0.024831 0.01
v 0.047752 0.026081 0.0025
v 0.047752 0.026081 0.01
v 0.047804 0.002112 0.05735
v 0.047894 0.042399 0.011572
v 0.047919 0.025456 0.0025
v 0.047919 0.025456 0.01
v 0.048067 -0.002861 0.056539
v 0.048115 0.042162 0.011213
v 0.048171 0.003101 0.056221
v 0.048343 -0.039993 0.017378
v 0.048343 0.039993 0.017378
v 0.048353 -0.034997 0.0
v 0.048353 -0.034997 0.01
v 0.048617 0.041622 0.010396
v 0.048671 -0.004024 0.0547
v 0.048763 0.041451 0.010044
v 0.04879 -0.031113 0.0
v 0.04879 -0.031113 0.01
v 0.048856 -0.004302 0.02
v 0.048856 -0.004302 0.054141
v 0.048856 0.004302 0.02
v 0.048856 0.004302 0.054141
v 0.049032 0.041132 0.009059
v 0.049069 -0.040593 0.013943
v 0.049069 0.040593 0.013943
v 0.049139 -0.034211 0.0
v 0.049139 -0.034211 0.01
v 0.049163 0.040975 0.008576
v 0.049298 0.040813 0.0
v 0.049298 0.040813 0.007
v 0.049313 -0.040795 0.010396
v 0.049313 0.040795 0.010396
v 0.049382 -0.032055 0.0
v 0.049382 -0.032055 0.01
v 0.049507 -0.03316 0.0
v 0.049507 -0.03316 0.01
v 0.04987 -0.040059 0.010396
v 0.049896 -0.040079 0.0
v 0.050199 0.039625 0.010396
v 0.050236 0.039653 0.0
v 0.050611 -0.039018 0.0
v 0.050611 -0.01578 0.0
v 0.050611 0.022327 0.0
v 0.050611 0.029999 0.0
v 0.050611 0.039085 0.0
v 0.050912 0.022627 0.0
v 0.050912 0.022627 0.0025
v 0.050912 0.029698 0.0
v 0.050912 0.029698 0.0025
v 0.051383 0.00791 0.046241
v 0.051415 0.023381 0.0
v 0.051614 -0.035673 0.017378
v 0.051614 0.035673 0.017378
v 0.0517 0.0 0.02
v 0.0517 0.0 0.0
v 0.051966 -0.008743 0.04434
v 0.051996 0.02425 0.0
v 0.051996 0.02425 0.0025
v 0.051996 0.028076 0.0
v 0.051996 0.028076 0.0025
v 0.052142 -0.00165 0.0
v 0.052142 -0.00165 0.02
v 0.052142 0.00165 0.0
v 0.052142 0.00165 0.02
v 0.052244 -0.009139 0.043397
v 0.052272 0.00918 0.043253
v 0.052376 0.026163 0.0
v 0.052376 0.026163 0.0025
v 0.052388 -0.036208 0.013943
v 0.052388 0.036208 0.013943
v 0.052649 -0.036388 0.010396
v 0.052649 0.036388 0.010396
v 0.05335 -0.002858 0.0
v 0.05335 -0.002858 0.02
v 0.05335 0.002858 0.0
v 0.05335 0.002858 0.02
v 0.054499 -0.031086 0.017378
v 0.054499 0.031086 0.017378
v 0.054662 0.012593 0.035222
v 0.055 -0.0033 0.0
v 0.055 -0.0033 0.02
v 0.055 0.0033 0.0
v 0.055 0.0033 0.02
v 0.055135 -0.013269 0.033569
v 0.055317 -0.031552 0.013943
v 0.055317 0.031552 0.013943
v 0.055592 -0.031709 0.010396
v 0.055592 0.031709 0.010396
v 0.055878 -0.031155 0.010396
v 0.055899 -0.031165 0.0
v 0.056127 0.03067 0.010396
v 0.056162 0.030688 0.0
v 0.05665 -0.002858 0.0
v 0.05665 -0.002858 0.02
v 0.05665 0.002858 0.0
v 0.05665 0.002858 0.02
v 0.056978 -0.026267 0.017378
v 0.056978 0.026267 0.017378
v 0.057833 -0.026661 0.013943
v 0.057833 0.026661 0.013943
v 0.057858 -0.00165 0.0
v 0.057858 -0.00165 0.02
v 0.057858 0.00165 0.0
v 0.057858 0.00165 0.02
v 0.058121 -0.026794 0.010396
v 0.058121 0.026794 0.010396
v 0.0583 0.0 0.02
v 0.0583 0.0 0.0
v 0.058888 -0.018629 0.02
v 0.058888 0.018629 0.02
v 0.059032 -0.021253 0.017378
v 0.059032 0.021253 0.017378
v 0.059391 0.023381 0.0
v 0.059918 -0.021572 0.013943
v 0.059918 0.021572 0.013943
v 0.060216 -0.021679 0.010396
v 0.060216 0.021679 0.010396
v 0.060313 -0.021369 0.010396
v 0.060326 -0.021373 0.0
v 0.060475 0.020849 0.010396
v 0.060506 0.020858 0.0
v 0.060646 -0.01608 0.017378
v 0.060646 0.01608 0.017378
v 0.060845 -0.010619 0.02
v 0.060845 0.010619 0.02
v 0.061556 -0.016321 0.013943
v 0.061556 0.016321 0.013943
v 0.061765 0.0 0.02
v 0.061792 -0.01578 0.0
v 0.061807 -0.010787 0.017378
v 0.061807 0.010787 0.017378
v 0.061862 -0.016403 0.010396
v 0.061862 0.016403 0.010396
v 0.062508 -0.005414 0.017378
v 0.062508 0.005414 0.017378
v 0.062735 -0.010949 0.013943
v 0.062735 0.010949 0.013943
v 0.062742 0.0 0.017378
v 0.063047 -0.011003 0.010396
v 0.063047 0.011003 0.010396
v 0.06305 -0.010977 0.010396
v 0.063052 -0.010977 0.0
v 0.063121 0.010437 0.010396
v 0.063143 0.01044 0.0
v 0.063445 -0.005495 0.013943
v 0.063445 0.005495 0.013943
v 0.063683 0.0 0.013943
v 0.063761 -0.005522 0.010396
v 0.063761 0.005522 0.010396
v 0.063988 -0.000272 0.010396
v 0.063999 -0.000272 0.0
v 0.064 0.0 0.010396
vn 0.222519 0.974928 0.0
vn 0.258816 0.965923 0.002773
vn 0.623498 0.781821 -0.002317
vn 0.623486 0.781831 -0.002317
vn 0.707099 0.707099 0.004631
vn 0.900967 0.433872 -0.003713
vn 0.900963 0.433881 -0.003713
vn 0.965911 0.258813 0.005562
vn 0.999991 0.0 -0.004179
vn 0.999991 0.0 -0.004179
vn 0.965912 -0.258812 0.005562
vn 0.900962 -0.433883 -0.003713
vn 0.900967 -0.433872 -0.003713
vn 0.707098 -0.707101 0.004631
vn 0.623488 -0.781829 -0.002317
vn 0.623486 -0.781831 -0.002317
vn 0.258819 -0.965922 0.002773
vn 0.222522 -0.974928 0.0
vn 0.116749 0.511517 -0.851305
vn 0.327126 0.410205 -0.851305
vn 0.472713 0.227647 -0.851305
vn 0.524671 0.0 -0.851305
vn 0.472715 -0.227642 -0.851305
vn 0.116751 -0.511516 -0.851305
vn 0.327125 -0.410205 -0.851305
vn 0.327127 -0.410204 -0.851305
vn 0.472712 -0.227647 -0.851305
vn 0.524671 0.0 -0.851305
vn 0.472715 0.227642 -0.851305
vn 0.327133 0.410201 -0.851305
vn 0.258817 0.965926 0.0
vn 0.258817 0.965926 -0.0
vn 0.707107 0.707107 0.0
vn 0.707107 0.707107 -0.0
vn 0.965926 0.25882 0.0
vn 0.965926 0.25882 -0.0
vn 0.965926 -0.25882 0.0
vn 0.965926 -0.25882 0.0
vn 0.707107 -0.707107 0.0
vn 0.707107 -0.707107 0.0
vn 0.258817 -0.965926 0.0
vn 0.258817 -0.965926 0.0
vn 0.510203 0.136709 -0.84912
vn 0.373494 0.373494 -0.849119
vn 0.136707 0.510203 -0.849119
vn 0.136707 -0.510203 -0.849119
vn 0.373494 -0.373494 -0.849119
vn 0.510203 -0.136709 -0.84912
vn -0.19509 -0.980785 0.0
vn -0.19509 -0.980785 0.0
vn -0.555572 -0.831468 0.0
vn -0.555572 -0.831468 0.0
vn 0.25882 0.965926 0.0
vn 0.25882 0.965926 -0.0
vn 0.707107 0.707107 0.0
vn 0.707107 0.707107 -0.0
vn 0.965926 0.258819 0.0
vn 0.965926 0.258819 -0.0
vn 0.965926 -0.25882 0.0
vn 0.965926 -0.25882 0.0
vn 0.707107 -0.707107 0.0
vn 0.707107 -0.707107 0.0
vn 0.25882 -0.965926 0.0
vn 0.25882 -0.965926 0.0
vn 0.007576 0.964416 0.26428
vn 0.007827 0.995998 0.089034
vn 0.007825 0.995998 0.089035
vn 0.058637 0.994308 0.088955
vn 0.058638 0.994308 0.088954
vn 0.144211 0.985541 0.088954
vn 0.144214 0.98554 0.088955
vn 0.144214 0.98554 0.088955
vn 0.228715 0.969421 0.088955
vn 0.228715 0.969421 0.088955
vn 0.311512 0.946069 0.088955
vn 0.31151 0.94607 0.088955
vn 0.311509 0.94607 0.088955
vn 0.391981 0.915663 0.088955
vn 0.39198 0.915663 0.088954
vn 0.391979 0.915663 0.088954
vn 0.469528 0.878425 0.088954
vn 0.469528 0.878425 0.088954
vn 0.705995 0.691994 0.150712
vn 0.671312 0.720524 0.173737
vn 0.671539 0.707225 0.22106
vn 0.661473 0.736086 0.143633
vn 0.661473 0.736086 0.143635
vn 0.637503 0.763347 0.104364
vn 0.637512 0.763339 0.104367
vn 0.543572 0.834636 0.088953
vn 0.543573 0.834635 0.088955
vn 0.543573 0.834635 0.088955
vn 0.613563 0.784619 0.088955
vn 0.613563 0.784619 0.088954
vn 0.592012 0.80102 0.088818
vn 0.649692 0.759807 0.02435
vn 0.762067 0.641348 0.089034
vn 0.786134 0.613141 0.077794
vn 0.78613 0.613146 0.077798
vn 0.753289 0.646715 0.119647
vn 0.72902 0.660623 0.179183
vn 0.730947 0.659882 0.173993
vn 0.728023 0.664684 0.167861
vn 0.706001 0.691988 0.150712
vn 0.79416 0.601163 0.088954
vn 0.79416 0.601163 0.088954
vn 0.79416 0.601163 0.088955
vn 0.84307 0.530396 0.088955
vn 0.84307 0.530396 0.088954
vn 0.885692 0.455672 0.088954
vn 0.885692 0.455672 0.088954
vn 0.885692 0.455672 0.088955
vn 0.921707 0.37755 0.088955
vn 0.921707 0.37755 0.088955
vn 0.950846 0.296612 0.088955
vn 0.950846 0.296611 0.088955
vn 0.950846 0.296611 0.088955
vn 0.972894 0.213459 0.088955
vn 0.972894 0.213458 0.088954
vn 0.987684 0.128717 0.088954
vn 0.987684 0.128716 0.088954
vn 0.987684 0.128716 0.088954
vn 0.995107 0.043012 0.088954
vn 0.995107 0.043012 0.088955
vn 0.995107 -0.042995 0.088955
vn 0.995106 -0.043012 0.088956
vn 0.995107 -0.043013 0.088954
vn 0.987684 -0.128716 0.088954
vn 0.987684 -0.128716 0.088955
vn 0.987673 -0.128801 0.088955
vn 0.972894 -0.213459 0.088954
vn 0.972894 -0.213458 0.088955
vn 0.950846 -0.296612 0.088955
vn 0.950846 -0.296611 0.088954
vn 0.950848 -0.296604 0.088955
vn 0.921707 -0.37755 0.088955
vn 0.921707 -0.37755 0.088955
vn 0.885692 -0.455672 0.088955
vn 0.885692 -0.455672 0.088954
vn 0.885692 -0.455671 0.088954
vn 0.84307 -0.530396 0.088954
vn 0.84307 -0.530396 0.088955
vn 0.79416 -0.601163 0.088955
vn 0.79416 -0.601163 0.088954
vn 0.79416 -0.601163 0.088954
vn 0.739326 -0.667446 0.088954
vn 0.739326 -0.667446 0.088954
vn 0.678977 -0.728751 0.088954
vn 0.678977 -0.728751 0.088954
vn 0.678977 -0.72875 0.088954
vn 0.613563 -0.784619 0.088954
vn 0.613563 -0.784619 0.088955
vn 0.543573 -0.834635 0.088955
vn 0.543573 -0.834635 0.088954
vn 0.543572 -0.834635 0.088954
vn 0.469528 -0.878425 0.088954
vn 0.469528 -0.878425 0.088954
vn 0.391981 -0.915663 0.088954
vn 0.39198 -0.915663 0.088955
vn 0.39198 -0.915663 0.088955
vn 0.31151 -0.94607 0.088955
vn 0.311509 -0.94607 0.088955
vn 0.228715 -0.969421 0.088955
vn 0.228715 -0.969421 0.088955
vn 0.228715 -0.969421 0.088955
vn 0.144214 -0.98554 0.088955
vn 0.144214 -0.98554 0.088954
vn 0.058639 -0.994308 0.088954
vn 0.058637 -0.994308 0.088956
vn 0.058637 -0.994308 0.088955
vn 0.007827 -0.995998 0.089035
vn 0.007825 -0.995998 0.089034
vn 0.007578 0.964417 0.264279
vn 0.056782 0.962834 0.264057
vn 0.056781 0.962834 0.264058
vn 0.139649 0.954344 0.264058
vn 0.139649 0.954344 0.264058
vn 0.221475 0.938734 0.264058
vn 0.221475 0.938734 0.264058
vn 0.301649 0.916123 0.264058
vn 0.301649 0.916123 0.264058
vn 0.379573 0.886678 0.264058
vn 0.379572 0.886678 0.264059
vn 0.454665 0.850619 0.264059
vn 0.454665 0.850619 0.264059
vn 0.526366 0.808215 0.264059
vn 0.526367 0.808215 0.264058
vn 0.594141 0.759782 0.264058
vn 0.594141 0.759782 0.264059
vn 0.657484 0.705682 0.264059
vn 0.657484 0.705682 0.264059
vn 0.715922 0.646319 0.264059
vn 0.715923 0.646319 0.264058
vn 0.769021 0.582134 0.264058
vn 0.769021 0.582134 0.264058
vn 0.816383 0.513606 0.264058
vn 0.816383 0.513607 0.264059
vn 0.857655 0.441249 0.264059
vn 0.857656 0.441248 0.264057
vn 0.892531 0.365599 0.264057
vn 0.892531 0.365599 0.264058
vn 0.920748 0.287222 0.264058
vn 0.920748 0.287222 0.264058
vn 0.942097 0.206703 0.264058
vn 0.942098 0.206702 0.264057
vn 0.95642 0.124641 0.264057
vn 0.956419 0.124642 0.264058
vn 0.963607 0.04165 0.264058
vn 0.963607 0.04165 0.264058
vn 0.963607 -0.04165 0.264058
vn 0.963607 -0.04165 0.264058
vn 0.956419 -0.124641 0.264059
vn 0.95642 -0.124642 0.264057
vn 0.942098 -0.206703 0.264057
vn 0.942097 -0.206702 0.264058
vn 0.920748 -0.287222 0.264058
vn 0.920748 -0.287222 0.264058
vn 0.892531 -0.365598 0.264058
vn 0.892531 -0.365599 0.264057
vn 0.857656 -0.441249 0.264057
vn 0.857656 -0.441248 0.264059
vn 0.816383 -0.513606 0.264059
vn 0.816383 -0.513607 0.264058
vn 0.769021 -0.582134 0.264058
vn 0.769021 -0.582134 0.264058
vn 0.715922 -0.646319 0.264058
vn 0.715923 -0.646318 0.264059
vn 0.657484 -0.705682 0.264059
vn 0.657484 -0.705683 0.264059
vn 0.594141 -0.759782 0.264059
vn 0.594141 -0.759783 0.264058
vn 0.526366 -0.808215 0.264058
vn 0.526367 -0.808215 0.264059
vn 0.454665 -0.850619 0.264059
vn 0.454665 -0.850619 0.264059
vn 0.379573 -0.886678 0.264059
vn 0.379572 -0.886678 0.264058
vn 0.301649 -0.916123 0.264058
vn 0.301649 -0.916123 0.264058
vn 0.221475 -0.938734 0.264058
vn 0.221475 -0.938735 0.264058
vn 0.139649 -0.954344 0.264058
vn 0.139649 -0.954343 0.264058
vn 0.056782 -0.962834 0.264058
vn 0.056781 -0.962834 0.264057
vn 0.007576 -0.964416 0.264279
vn 0.007578 -0.964416 0.26428
vn -0.442289 -0.896873 -0.0
vn 0.000518 -0.951294 0.308284
vn -0.496921 -0.867786 0.004135
vn -0.355506 -0.934674 -0.000289
vn -0.152123 -0.988361 -0.000283
vn -0.343169 -0.9392 0.011758
vn -0.178285 -0.983977 0.002107
vn -0.084537 -0.99642 0.000251
vn -0.008426 -0.999964 -0.0
vn 0.258819 0.965926 0.0
vn 0.258819 0.965926 -0.0
vn 0.707107 0.707107 0.0
vn 0.707107 0.707107 -0.0
vn 0.965926 0.25882 0.0
vn 0.965926 0.25882 0.0
vn 0.965926 -0.25882 0.0
vn 0.965926 -0.25882 0.0
vn 0.707107 -0.707107 0.0
vn 0.707107 -0.707107 0.0
vn 0.258819 -0.965926 0.0
vn 0.258819 -0.965926 0.0
vn 0.25882 0.965926 0.0
vn 0.25882 0.965926 -0.0
vn 0.707106 0.707108 0.0
vn 0.707106 0.707108 -0.0
vn 0.965926 0.258819 0.0
vn 0.965926 0.258819 -0.0
vn 0.965926 -0.258819 0.0
vn 0.965926 -0.258819 0.0
vn 0.707107 -0.707107 0.0
vn 0.707107 -0.707107 0.0
vn 0.25882 -0.965926 0.0
vn 0.25882 -0.965926 0.0
vn 0.25882 0.965926 0.0
vn 0.25882 0.965926 -0.0
vn 0.707107 0.707107 0.0
vn 0.707107 0.707107 -0.0
vn 0.965926 0.258819 0.0
vn 0.965926 0.258819 -0.0
vn 0.965926 -0.258819 0.0
vn 0.965926 -0.258819 0.0
vn 0.707106 -0.707108 0.0
vn 0.707106 -0.707108 0.0
vn 0.25882 -0.965926 0.0
vn 0.25882 -0.965926 0.0
vn 0.258819 0.965926 0.0
vn 0.258819 0.965926 -0.0
vn 0.707107 0.707107 0.0
vn 0.707107 0.707107 -0.0
vn 0.965926 0.25882 0.0
vn 0.965926 0.25882 0.0
vn 0.965926 -0.25882 0.0
vn 0.965926 -0.25882 0.0
vn 0.707107 -0.707107 0.0
vn 0.707107 -0.707107 0.0
vn 0.258819 -0.965926 0.0
vn 0.258819 -0.965926 0.0
vn -0.25703 0.966404 -0.0
vn -0.625193 0.633596 0.45573
vn -0.25703 0.966404 0.0
vn -0.703875 0.710323 0.0
vn -0.703166 0.711026 -0.000135
vn -0.963227 0.26869 -0.000152
vn -0.963488 0.267751 0.0
vn -0.007827 0.995998 0.089033
vn -0.007819 0.995998 0.089035
vn -0.058637 0.994308 0.088955
vn -0.058638 0.994308 0.088954
vn -0.31151 0.94607 0.088955
vn -0.311511 0.94607 0.088955
vn -0.228715 0.969421 0.088955
vn -0.228715 0.969421 0.088955
vn -0.144214 0.98554 0.088955
vn -0.144214 0.98554 0.088954
vn -0.058636 0.994308 0.088954
vn -0.469529 0.878425 0.088955
vn -0.469528 0.878425 0.088955
vn -0.39198 0.915663 0.088955
vn -0.391981 0.915663 0.088954
vn -0.311508 0.946071 0.088954
vn -0.678977 0.72875 0.088954
vn -0.67896 0.728767 0.088955
vn -0.613563 0.784619 0.088955
vn -0.613564 0.784619 0.088955
vn -0.543572 0.834635 0.088955
vn -0.543573 0.834635 0.088954
vn -0.469526 0.878426 0.088954
vn -0.79416 0.601164 0.088954
vn -0.79416 0.601164 0.088954
vn -0.739326 0.667446 0.088954
vn -0.739326 0.667446 0.088954
vn -0.678977 0.72875 0.088954
vn -0.885692 0.455672 0.088955
vn -0.885692 0.455672 0.088955
vn -0.84307 0.530396 0.088955
vn -0.84307 0.530396 0.088955
vn -0.79416 0.601162 0.088955
vn -0.972894 0.213459 0.088955
vn -0.972893 0.213461 0.088955
vn -0.950846 0.296611 0.088955
vn -0.950847 0.296611 0.088954
vn -0.921707 0.377549 0.088954
vn -0.921707 0.37755 0.088955
vn -0.885691 0.455674 0.088955
vn -0.995107 0.043012 0.088955
vn -0.995107 0.043011 0.088954
vn -0.987684 0.128716 0.088954
vn -0.987684 0.128716 0.088954
vn -0.972894 0.213459 0.088954
vn -0.987684 -0.128716 0.088955
vn -0.987684 -0.128716 0.088954
vn -0.995107 -0.043012 0.088954
vn -0.995107 -0.043012 0.088955
vn -0.995106 0.043013 0.088955
vn -0.921707 -0.377549 0.088954
vn -0.921706 -0.377551 0.088954
vn -0.950846 -0.296611 0.088954
vn -0.950846 -0.296611 0.088955
vn -0.972894 -0.213459 0.088955
vn -0.972894 -0.21346 0.088954
vn -0.987684 -0.128715 0.088954
vn -0.84307 -0.530396 0.088954
vn -0.84307 -0.530396 0.088955
vn -0.885692 -0.455672 0.088955
vn -0.885692 -0.455672 0.088955
vn -0.921707 -0.377549 0.088955
vn -0.739326 -0.667446 0.088954
vn -0.739326 -0.667446 0.088954
vn -0.79416 -0.601164 0.088954
vn -0.79416 -0.601163 0.088955
vn -0.843069 -0.530397 0.088955
vn -0.543572 -0.834635 0.088955
vn -0.54357 -0.834637 0.088955
vn -0.613563 -0.784619 0.088954
vn -0.613564 -0.784619 0.088955
vn -0.678977 -0.72875 0.088955
vn -0.678977 -0.728751 0.088954
vn -0.739326 -0.667446 0.088954
vn -0.39198 -0.915663 0.088955
vn -0.391981 -0.915663 0.088955
vn -0.469529 -0.878425 0.088955
vn -0.469528 -0.878425 0.088954
vn -0.543574 -0.834635 0.088954
vn -0.007571 0.964416 0.26428
vn -0.007575 0.964417 0.264279
vn -0.056782 0.962834 0.264057
vn -0.056781 0.962834 0.264058
vn -0.139649 0.954344 0.264058
vn -0.139649 0.954344 0.264057
vn -0.221475 0.938734 0.264057
vn -0.221474 0.938734 0.264058
vn -0.301649 0.916123 0.264058
vn -0.301649 0.916123 0.264058
vn -0.379572 0.886678 0.264058
vn -0.379573 0.886678 0.264058
vn -0.454666 0.850619 0.264058
vn -0.454665 0.850619 0.264059
vn -0.526366 0.808215 0.264059
vn -0.526367 0.808215 0.264058
vn -0.594141 0.759783 0.264058
vn -0.594142 0.759782 0.264058
vn -0.657485 0.705682 0.264058
vn -0.657484 0.705682 0.264058
vn -0.715923 0.646319 0.264058
vn -0.715923 0.646319 0.264058
vn -0.769021 0.582134 0.264059
vn -0.769021 0.582134 0.264058
vn -0.816383 0.513607 0.264058
vn -0.816383 0.513607 0.264057
vn -0.857656 0.441248 0.264057
vn -0.857655 0.441249 0.264058
vn -0.892531 0.365598 0.264058
vn -0.892531 0.365598 0.264058
vn -0.920748 0.287222 0.264058
vn -0.920748 0.287222 0.264058
vn -0.942097 0.206702 0.264058
vn -0.942097 0.206702 0.264058
vn -0.956419 0.124642 0.264058
vn -0.956419 0.124642 0.264058
vn -0.963607 0.041651 0.264058
vn -0.963607 0.041651 0.264058
vn -0.963607 -0.041651 0.264058
vn -0.963607 -0.041651 0.264058
vn -0.956419 -0.124642 0.264058
vn -0.956419 -0.124642 0.264058
vn -0.942097 -0.206702 0.264058
vn -0.942097 -0.206702 0.264058
vn -0.920748 -0.287222 0.264058
vn -0.920748 -0.287222 0.264058
vn -0.892531 -0.365598 0.264058
vn -0.892531 -0.365598 0.264058
vn -0.857656 -0.441248 0.264058
vn -0.857656 -0.441249 0.264057
vn -0.816383 -0.513607 0.264057
vn -0.816383 -0.513607 0.264058
vn -0.769021 -0.582134 0.264058
vn -0.769021 -0.582134 0.264058
vn -0.715923 -0.646318 0.264059
vn -0.715923 -0.646319 0.264058
vn -0.657485 -0.705682 0.264058
vn -0.657484 -0.705683 0.264058
vn -0.594141 -0.759783 0.264057
vn -0.594141 -0.759782 0.264058
vn -0.526366 -0.808215 0.264058
vn -0.526367 -0.808215 0.264059
vn -0.454666 -0.850619 0.264059
vn -0.454665 -0.850619 0.264058
vn -0.379572 -0.886678 0.264058
vn -0.379573 -0.886678 0.264058
vn -0.301649 -0.916123 0.264058
vn -0.301649 -0.916123 0.264058
vn -0.221475 -0.938734 0.264058
vn -0.221474 -0.938735 0.264057
vn -0.139649 -0.954344 0.264057
vn -0.228715 -0.969421 0.088955
vn -0.228715 -0.969421 0.088955
vn -0.31151 -0.94607 0.088955
vn -0.311509 -0.94607 0.088954
vn -0.391982 -0.915662 0.088954
vn -0.04922 -0.963275 0.263967
vn -0.049219 -0.963275 0.263967
vn -0.049219 -0.963275 0.263967
vn -0.139649 -0.954344 0.264058
vn -0.050826 -0.994741 0.088921
vn -0.050827 -0.994741 0.088921
vn -0.144214 -0.98554 0.088954
vn -0.144214 -0.98554 0.088955
vn -0.228715 -0.969421 0.088955
vn 0.258822 -0.965925 0.0
vn 0.258822 -0.965925 0.0
vn 0.707108 -0.707105 0.0
vn 0.707108 -0.707105 0.0
vn 0.965926 -0.25882 0.0
vn 0.965926 -0.25882 0.0
vn 0.965926 0.25882 0.0
vn 0.965926 0.25882 0.0
vn 0.707107 0.707107 0.0
vn 0.707107 0.707107 0.0
vn 0.25882 0.965926 0.0
vn 0.25882 0.965926 0.0
vn 0.510204 -0.136709 0.849119
vn 0.373496 -0.373494 0.849119
vn 0.13671 -0.510203 0.849119
vn 0.136709 0.510204 0.849119
vn 0.373495 0.373495 0.849119
vn 0.510204 0.136709 0.849119
vn 0.222522 -0.974928 0.0
vn 0.258819 -0.965924 -0.001926
vn 0.623499 -0.781823 0.001609
vn 0.623486 -0.781832 0.001609
vn 0.707103 -0.707103 -0.003216
vn 0.900966 -0.433882 0.002578
vn 0.900966 -0.433882 0.002578
vn 0.965918 -0.258818 -0.003863
vn 0.999996 -0.0 0.002902
vn 0.999996 -0.0 0.002902
vn 0.965918 0.258818 -0.003863
vn 0.900966 0.433882 0.002578
vn 0.900966 0.433882 0.002578
vn 0.707103 0.707103 -0.003216
vn 0.623486 0.781832 0.001609
vn 0.623499 0.781823 0.001609
vn 0.258819 0.965924 -0.001926
vn 0.222522 0.974928 -0.0
vn 0.116751 -0.511517 0.851305
vn 0.327126 -0.410206 0.851304
vn 0.472713 -0.227647 0.851305
vn 0.524672 0.0 0.851305
vn 0.472713 0.227647 0.851305
vn 0.116751 0.511517 0.851305
vn 0.327133 0.410202 0.851304
vn 0.327126 0.410206 0.851304
vn 0.472713 0.227647 0.851305
vn 0.524672 0.0 0.851305
vn 0.472713 -0.227647 0.851305
vn 0.327133 -0.410202 0.851304
vn 0.258819 -0.965926 0.0
vn 0.258819 -0.965926 0.0
vn 0.707106 -0.707107 0.0
vn 0.707106 -0.707107 0.0
vn 0.965926 -0.258817 0.0
vn 0.965926 -0.258817 -0.0
vn 0.965926 0.258817 0.0
vn 0.965926 0.258817 0.0
vn 0.707106 0.707107 0.0
vn 0.707106 0.707107 0.0
vn 0.258819 0.965926 0.0
vn 0.258819 0.965926 0.0
vn 0.510204 -0.136708 0.849119
vn 0.373495 -0.373495 0.849119
vn 0.136709 -0.510204 0.849119
vn 0.136709 0.510204 0.849119
vn 0.373495 0.373495 0.849119
vn 0.510204 0.136708 0.849119
vn 0.25882 -0.965926 0.0
vn 0.25882 -0.965926 0.0
vn 0.707107 -0.707107 0.0
vn 0.707107 -0.707107 0.0
vn 0.965926 -0.25882 0.0
vn 0.965926 -0.25882 0.0
vn 0.965926 0.25882 0.0
vn 0.965926 0.25882 0.0
vn 0.707107 0.707107 0.0
vn 0.707107 0.707107 0.0
vn 0.25882 0.965926 0.0
vn 0.25882 0.965926 0.0
vn 0.510203 -0.136709 0.849119
vn 0.373495 -0.373495 0.849119
vn 0.136709 -0.510203 0.849119
vn 0.136709 0.510203 0.849119
vn 0.373495 0.373495 0.849119
vn 0.510203 0.136709 0.849119
vn 0.25882 -0.965926 0.0
vn 0.25882 -0.965926 0.0
vn 0.707107 -0.707107 0.0
vn 0.707107 -0.707107 0.0
vn 0.965926 -0.25882 0.0
vn 0.965926 -0.25882 0.0
vn 0.965926 0.25882 0.0
vn 0.965926 0.25882 0.0
vn 0.707108 0.707105 0.0
vn 0.707108 0.707105 0.0
vn 0.258822 0.965925 0.0
vn 0.258822 0.965925 0.0
vn 0.510204 -0.136709 0.849119
vn 0.373495 -0.373495 0.849119
vn 0.136709 -0.510204 0.849119
vn 0.13671 0.510203 0.849119
vn 0.373496 0.373494 0.849119
vn 0.510204 0.136709 0.849119
vn 0.258817 -0.965926 0.0
vn 0.258817 -0.965926 0.0
vn 0.707108 -0.707106 0.0
vn 0.707108 -0.707106 0.0
vn 0.965926 -0.258819 0.0
vn 0.965926 -0.258819 0.0
vn 0.965926 0.258819 0.0
vn 0.965926 0.258819 0.0
vn 0.707108 0.707106 0.0
vn 0.707108 0.707106 0.0
vn 0.258817 0.965926 0.0
vn 0.258817 0.965926 0.0
vn 0.510204 -0.136709 0.849119
vn 0.373495 -0.373495 0.849119
vn 0.136707 -0.510204 0.849119
vn 0.136708 0.510204 0.849119
vn 0.373495 0.373495 0.849119
vn 0.510204 0.136709 0.849119
vn 0.258819 -0.965926 0.0
vn 0.258819 -0.965926 0.0
vn 0.707107 -0.707107 0.0
vn 0.707107 -0.707107 0.0
vn 0.965926 -0.25882 0.0
vn 0.965926 -0.25882 0.0
vn 0.965926 0.25882 0.0
vn 0.965926 0.25882 0.0
vn 0.707108 0.707105 0.0
vn 0.707108 0.707105 0.0
vn 0.258822 0.965925 0.0
vn 0.258822 0.965925 0.0
vn 0.510203 -0.136709 0.849119
vn 0.373495 -0.373495 0.849119
vn 0.136709 -0.510204 0.849119
vn 0.13671 0.510203 0.849119
vn 0.373496 0.373494 0.849119
vn 0.510203 0.136709 0.849119
vn 0.25882 -0.965926 0.0
vn 0.25882 -0.965926 0.0
vn 0.707107 -0.707107 0.0
vn 0.707107 -0.707107 0.0
vn 0.965926 -0.258817 0.0
vn 0.965926 -0.258817 0.0
vn 0.965926 0.258817 0.0
vn 0.965926 0.258817 0.0
vn 0.707107 0.707107 0.0
vn 0.707107 0.707107 0.0
vn 0.25882 0.965926 0.0
vn 0.25882 0.965926 0.0
vn 0.510204 -0.136708 0.849119
vn 0.373495 -0.373495 0.849119
vn 0.136709 -0.510203 0.849119
vn 0.136709 0.510203 0.849119
vn 0.373495 0.373495 0.849119
vn 0.510204 0.136708 0.849119
vn 0.258819 -0.965926 0.0
vn 0.258819 -0.965926 0.0
vn 0.707109 -0.707105 0.0
vn 0.707109 -0.707105 0.0
vn 0.965925 -0.258822 0.0
vn 0.965925 -0.258822 -0.0
vn 0.965925 0.258822 0.0
vn 0.965925 0.258822 0.0
vn 0.707109 0.707105 0.0
vn 0.707109 0.707105 0.0
vn 0.258819 0.965926 0.0
vn 0.258819 0.965926 0.0
vn 0.510204 -0.136711 0.849118
vn 0.373497 -0.373494 0.849119
vn 0.136709 -0.510204 0.849119
vn 0.136709 0.510204 0.849119
vn 0.373497 0.373494 0.849119
vn 0.510204 0.136711 0.849118
vn 0.222522 -0.974928 0.0
vn 0.258819 -0.965924 -0.001926
vn 0.623499 -0.781823 0.001609
vn 0.623486 -0.781832 0.001609
vn 0.707103 -0.707103 -0.003216
vn 0.90097 -0.433874 0.002578
vn 0.900966 -0.433882 0.002578
vn 0.965919 -0.258815 -0.003863
vn 0.999996 -0.0 0.002902
vn 0.999996 -0.0 0.002902
vn 0.965919 0.258815 -0.003863
vn 0.900966 0.433882 0.002578
vn 0.90097 0.433874 0.002578
vn 0.707103 0.707103 -0.003216
vn 0.623486 0.781832 0.001609
vn 0.623499 0.781823 0.001609
vn 0.258819 0.965924 -0.001926
vn 0.222522 0.974928 -0.0
vn 0.116751 -0.511517 0.851305
vn 0.327126 -0.410206 0.851304
vn 0.472713 -0.227647 0.851304
vn 0.524672 0.0 0.851304
vn 0.472716 0.227643 0.851304
vn 0.116751 0.511517 0.851305
vn 0.327133 0.410202 0.851304
vn 0.327126 0.410206 0.851304
vn 0.472713 0.227647 0.851304
vn 0.524672 0.0 0.851304
vn 0.472716 -0.227643 0.851304
vn 0.327133 -0.410202 0.851304
vn 0.258822 -0.965925 0.0
vn 0.258822 -0.965925 0.0
vn 0.707108 -0.707105 0.0
vn 0.707108 -0.707105 0.0
vn 0.965926 -0.25882 0.0
vn 0.965926 -0.25882 0.0
vn 0.965926 0.25882 0.0
vn 0.965926 0.25882 0.0
vn 0.707107 0.707107 0.0
vn 0.707107 0.707107 0.0
vn 0.258819 0.965926 0.0
vn 0.258819 0.965926 0.0
vn 0.510203 -0.136709 0.849119
vn 0.373496 -0.373494 0.849119
vn 0.13671 -0.510203 0.849119
vn 0.136709 0.510204 0.849119
vn 0.373495 0.373495 0.849119
vn 0.510203 0.136709 0.849119
vn 0.258817 -0.965926 0.0
vn 0.258817 -0.965926 0.0
vn 0.707108 -0.707106 0.0
vn 0.707108 -0.707106 0.0
vn 0.965926 -0.258819 0.0
vn 0.965926 -0.258819 0.0
vn 0.965926 0.258819 0.0
vn 0.965926 0.258819 0.0
vn 0.707108 0.707106 0.0
vn 0.707108 0.707106 0.0
vn 0.258817 0.965926 0.0
vn 0.258817 0.965926 0.0
vn 0.510204 -0.136709 0.849119
vn 0.373495 -0.373495 0.849119
vn 0.136707 -0.510204 0.849119
vn 0.136708 0.510204 0.849119
vn 0.373495 0.373495 0.849119
vn 0.510204 0.136709 0.849119
vn -0.499995 0.866028 0.0
vn -0.5 0.866025 0.0
vn -0.5 0.866025 1e-06
vn -0.669132 0.743144 0.0
vn -0.669131 0.743145 0.0
vn -0.669131 0.743145 0.0
vn -0.809017 0.587785 -0.0
vn -0.809016 0.587786 1e-06
vn -0.809017 0.587785 0.0
vn -0.913546 0.406737 0.0
vn -0.913546 0.406737 0.0
vn -0.809017 0.587785 0.0
vn -0.978148 -0.207912 0.0
vn -0.978148 -0.207912 0.0
vn -1.0 0.0 0.0
vn -1.0 0.0 0.0
vn -0.978148 0.207912 0.0
vn -0.978148 0.207912 0.0
vn -0.978148 0.207912 0.0
vn -0.809017 -0.587785 0.0
vn -0.809017 -0.587785 0.0
vn -0.809016 -0.587786 -2e-06
vn -0.809017 -0.587785 0.0
vn -0.913546 -0.406737 0.0
vn -0.913546 -0.406737 0.0
vn -0.978148 -0.207912 0.0
vn -0.669131 -0.743145 0.0
vn -0.669131 -0.743145 0.0
vn -0.669132 -0.743144 0.0
vn -0.499995 -0.866028 0.0
vn -0.5 -0.866025 1e-06
vn -0.5 -0.866025 0.0
vn -0.309017 -0.951057 0.0
vn -0.309017 -0.951057 0.0
vn -0.30902 -0.951056 0.0
vn -0.104528 -0.994522 0.0
vn -0.104528 -0.994522 -0.0
vn 0.104528 -0.994522 0.0
vn 0.104528 -0.994522 0.0
vn 0.30902 -0.951056 0.0
vn 0.309017 -0.951057 0.0
vn 0.309017 -0.951057 0.0
vn 0.5 -0.866025 0.0
vn 0.5 -0.866026 0.0
vn 0.499995 -0.866028 0.0
vn 0.669132 -0.743144 0.0
vn 0.669131 -0.743145 0.0
vn 0.669131 -0.743145 0.0
vn 0.809017 -0.587785 0.0
vn 0.809017 -0.587785 0.0
vn 0.809017 -0.587785 -0.0
vn 0.809017 -0.587785 0.0
vn 0.913546 -0.406737 0.0
vn 0.913546 -0.406737 0.0
vn 0.809017 -0.587786 0.0
vn 0.978148 0.207912 -0.0
vn 0.978148 0.207911 -0.0
vn 1.0 0.0 0.0
vn 1.0 0.0 -0.0
vn 0.978148 -0.207912 0.0
vn 0.978148 -0.207911 -0.0
vn 0.978148 -0.207912 0.0
vn 0.809017 0.587785 0.0
vn 0.809017 0.587785 1e-06
vn 0.809017 0.587785 0.0
vn 0.809017 0.587786 -0.0
vn 0.913546 0.406737 0.0
vn 0.913546 0.406737 -0.0
vn 0.978148 0.207912 0.0
vn 0.499995 0.866028 0.0
vn 0.669132 0.743144 0.0
vn 0.669131 0.743145 0.0
vn 0.669131 0.743145 -0.0
vn 0.809017 0.587785 0.0
vn 0.309017 0.951057 0.0
vn 0.309017 0.951057 -0.0
vn 0.5 0.866026 0.0
vn 0.5 0.866025 1e-06
vn 0.5 0.866025 0.0
vn -0.5 0.866025 0.0
vn -0.309017 0.951057 0.0
vn -0.309017 0.951057 0.0
vn -0.30902 0.951056 0.0
vn -0.104528 0.994522 0.0
vn -0.104528 0.994522 -0.0
vn 0.104528 0.994522 0.0
vn 0.104528 0.994522 -0.0
vn 0.30902 0.951056 0.0
vn 0.111965 -0.993712 0.0
vn 0.111964 -0.993712 -0.0
vn 0.111954 -0.993713 0.0
vn 0.330281 -0.943883 0.0
vn 0.330279 -0.943883 -0.0
vn 0.330279 -0.943884 0.0
vn 0.532032 -0.846724 0.0
vn 0.532032 -0.846724 0.0
vn 0.707107 -0.707107 0.0
vn 0.707106 -0.707107 -0.0
vn 0.707107 -0.707107 0.0
vn 0.707107 -0.707107 0.0
vn 0.846724 -0.532032 0.0
vn 0.846724 -0.532032 0.0
vn 0.943883 -0.330279 0.0
vn 0.943883 -0.330279 0.0
vn 0.943883 -0.330278 0.0
vn 0.993711 -0.111972 0.0
vn 0.993712 -0.111965 0.0
vn 0.993712 -0.111965 -0.0
vn 0.993712 0.111965 0.0
vn 0.993712 0.111965 0.0
vn 0.993711 0.111972 -0.0
vn 0.943883 0.330278 0.0
vn 0.943883 0.330279 0.0
vn 0.943883 0.330279 0.0
vn 0.846724 0.532032 0.0
vn 0.846724 0.532032 0.0
vn 0.707107 0.707107 -0.0
vn 0.707106 0.707107 0.0
vn 0.707107 0.707107 -0.0
vn 0.707107 0.707107 0.0
vn 0.532032 0.846724 0.0
vn 0.532032 0.846724 -0.0
vn 0.330279 0.943884 0.0
vn 0.330279 0.943883 -0.0
vn 0.111965 0.993712 0.0
vn 0.111964 0.993712 -0.0
vn 0.111954 0.993713 0.0
vn 0.330281 0.943883 0.0
vn 0.098017 -0.995185 0.0
vn 0.098017 -0.995185 0.0
vn 0.290285 -0.95694 0.0
vn 0.290285 -0.95694 0.0
vn 0.881921 -0.471397 0.0
vn 0.881921 -0.471397 0.0
vn 0.77301 -0.634393 0.0
vn 0.77301 -0.634393 0.0
vn 0.634394 -0.77301 0.0
vn 0.634394 -0.77301 0.0
vn 0.471397 -0.881921 0.0
vn 0.471397 -0.881921 0.0
vn 0.290284 -0.95694 0.0
vn 0.95694 -0.290285 -0.0
vn 0.95694 -0.290285 0.0
vn 0.881921 -0.471397 0.0
vn 0.95694 0.290285 0.0
vn 0.95694 0.290285 -0.0
vn 0.956947 0.290261 4e-06
vn 0.95694 0.290285 -0.0
vn 0.995185 0.098017 0.0
vn 0.995185 0.098017 0.0
vn 0.995185 -0.098017 0.0
vn 0.995185 -0.098017 0.0
vn 0.95694 -0.290285 0.0
vn 0.881921 0.471397 0.0
vn 0.881921 0.471397 0.0
vn 0.77301 0.634393 0.0
vn 0.77301 0.634393 0.0
vn 0.634394 0.77301 0.0
vn 0.634394 0.77301 0.0
vn 0.471397 0.881921 0.0
vn 0.471397 0.881921 0.0
vn 0.290284 0.95694 0.0
vn 0.098017 0.995185 0.0
vn 0.098017 0.995185 -0.0
vn 0.290285 0.95694 0.0
vn 0.290285 0.95694 0.0
vn 0.290285 0.95694 0.0
vn 0.649883 0.76003 -0.002562
vn 0.615914 0.787625 0.01719
vn 0.616352 0.787233 0.019374
vn 0.613597 0.789589 0.006929
vn 0.541817 0.83194 -0.119627
vn 0.592429 0.80562 0.001976
vn 0.144784 0.989455 0.003939
vn 0.060505 0.99815 -0.005963
vn 0.058871 0.998253 -0.004935
vn 0.007856 0.999969 0.0
vn 0.144787 0.989455 0.003939
vn 0.229508 0.972785 -0.03186
vn 0.198118 0.980177 -0.001371
vn 0.312752 0.949835 0.000745
vn 0.348657 0.93725 0.000744
vn 0.312687 0.949647 -0.019945
vn 0.348596 0.937085 -0.018802
vn 0.393539 0.919303 0.002971
vn 0.393537 0.919304 0.002971
vn 0.471393 0.881914 -0.004041
vn 0.490577 0.871222 -0.017496
vn 0.545728 0.837946 0.005146
vn 0.59827 0.801278 0.005136
vn 0.592191 0.805797 0.001415
vn 0.598276 0.80129 -0.0
vn -0.041325 -0.999146 0.0
vn -0.082561 -0.996364 -0.021023
vn -0.123693 -0.99232 -0.0
vn -0.245485 -0.9694 0.0
vn -0.205157 -0.978443 -0.023679
vn -0.245432 -0.969186 -0.021023
vn -0.285322 -0.958379 -0.010002
vn -0.245486 -0.9694 0.0
vn -0.363508 -0.931591 0.0
vn -0.401607 -0.915571 -0.021023
vn -0.439197 -0.898391 0.0
vn -0.511885 -0.859054 0.0
vn -0.546827 -0.836981 -0.021023
vn -0.581077 -0.813849 -0.0
vn -0.677282 -0.735724 0.0
vn -0.64617 -0.762932 -0.01999
vn -0.677132 -0.735561 -0.021023
vn -0.707107 -0.707106 -0.00114
vn -0.677279 -0.735727 0.0
vn -0.763084 -0.646299 0.0
vn -0.788966 -0.614077 -0.021023
vn -0.813849 -0.581077 0.0
vn -0.859054 -0.511885 0.0
vn -0.879279 -0.475842 -0.021023
vn -0.898391 -0.439197 -0.0
vn -0.945817 -0.324699 0.0
vn -0.931141 -0.363332 -0.031088
vn -0.945608 -0.324628 -0.021023
vn -0.958427 -0.285336 -0.000288
vn -0.945827 -0.324671 0.0
vn -0.978717 -0.205216 0.0
vn -0.986143 -0.164559 -0.021023
vn -0.99232 -0.123693 0.0
vn -0.999146 -0.041325 0.0
vn -0.999779 0.0 -0.021023
vn -0.999146 0.041325 0.0
vn -0.99232 0.123693 0.0
vn -0.986143 0.164559 -0.021023
vn -0.978717 0.205216 0.0
vn -0.945818 0.324699 0.0
vn -0.95837 0.285319 -0.010915
vn -0.945608 0.324628 -0.021023
vn -0.931547 0.36349 -0.009782
vn -0.945817 0.3247 0.0
vn -0.898391 0.439197 0.0
vn -0.879279 0.475842 -0.021023
vn -0.859054 0.511885 0.0
vn -0.813849 0.581077 0.0
vn -0.788966 0.614077 -0.021023
vn -0.763084 0.646299 0.0
vn -0.677282 0.735724 0.0
vn -0.706936 0.706935 -0.022021
vn -0.677132 0.735562 -0.021023
vn -0.646297 0.763082 -0.002489
vn -0.677284 0.735722 0.0
vn -0.581077 0.813849 0.0
vn -0.546827 0.836981 -0.021023
vn -0.511885 0.859054 0.0
vn -0.439197 0.898391 0.0
vn -0.401607 0.915571 -0.021023
vn -0.363508 0.931591 0.0
vn -0.245486 0.9694 0.0
vn -0.285289 0.958266 -0.018331
vn -0.245431 0.969186 -0.021023
vn -0.041325 0.999146 0.0
vn -0.082561 0.996364 -0.021023
vn -0.123693 0.99232 0.0
vn -0.205215 0.978717 0.0
vn 0.934289 -0.05033 0.352946
vn 0.93367 -0.121677 0.336832
vn 0.927197 -0.092379 0.363004
vn 0.928105 -0.101561 0.3582
vn 0.931968 -0.033654 0.360976
vn 0.931969 -0.03366 0.360973
vn 0.933736 -0.04036 0.35568
vn 0.918614 -0.186226 0.348523
vn 0.918614 -0.186224 0.348523
vn 0.929182 -0.120498 0.34943
vn 0.914973 -0.200751 0.350034
vn 0.895412 -0.279319 0.346726
vn 0.900448 -0.257309 0.350694
vn 0.934012 0.080894 0.347963
vn 0.871851 0.321436 0.369532
vn 0.876237 0.037874 0.480389
vn 0.92933 0.12111 0.348824
vn 0.910563 0.22243 0.348426
vn 0.89193 0.195696 0.407633
vn 0.900919 0.281036 0.330703
vn 0.937173 -0.007056 0.348795
vn 0.937173 -0.00706 0.348795
vn 0.935789 0.040449 0.350232
vn 0.928295 0.019427 0.371337
vn 0.932938 0.038919 0.357928
vn 0.942004 0.122763 0.312341
vn 0.918078 0.065096 0.391017
vn 0.924582 0.08135 0.372197
vn 0.927676 0.095514 0.360963
vn 0.124873 0.927998 0.351037
vn 0.05594 0.932971 0.355579
vn 0.136733 0.934415 0.328897
vn 0.099494 0.925594 0.365208
vn 0.108019 0.926589 0.36023
vn 0.009819 0.937037 0.349092
vn 0.04769 0.933332 0.355834
vn 0.011412 0.934411 0.356015
vn 0.047646 0.932496 0.358023
vn 0.03984 0.930084 0.365181
vn 0.039835 0.930082 0.365185
vn 0.21507 0.91159 0.350356
vn 0.184502 0.919174 0.347964
vn 0.184503 0.919174 0.347964
vn 0.126987 0.867814 0.480388
vn 0.095555 0.932625 0.347966
vn 0.215202 0.912146 0.348824
vn 0.227055 0.898815 0.374937
vn 0.295021 0.895994 0.331898
vn 0.055173 0.935563 0.348823
vn 0.007361 0.937057 0.3491
vn 0.007358 0.937056 0.3491
vn 0.095555 -0.932625 0.347965
vn 0.007358 -0.937057 0.3491
vn 0.007361 -0.937056 0.3491
vn 0.051633 -0.875534 0.480389
vn 0.135693 -0.927313 0.348824
vn 0.229561 -0.908733 0.348577
vn 0.21202 -0.898656 0.384011
vn 0.295021 -0.895994 0.331898
vn 0.087816 -0.922547 0.375759
vn 0.10216 -0.926019 0.36339
vn 0.122154 -0.927793 0.352531
vn 0.172753 -0.921578 0.347636
vn 0.215316 -0.91263 0.347485
vn 0.00736 -0.937057 0.3491
vn 0.001323 -0.93665 0.350264
vn 0.012318 -0.937227 0.348502
vn 0.055186 -0.935787 0.34822
vn 0.021948 -0.924362 0.380884
vn 0.139156 -0.950976 0.276187
vn 0.070396 -0.91461 0.398163
vn 0.08782 -0.922549 0.375754
vn 0.187331 -0.916894 0.352437
vn 0.243848 -0.905215 0.34803
vn 0.292983 -0.889801 0.349878
vn 0.307065 -0.885389 0.348994
vn 0.368822 -0.861564 0.348823
vn 0.368822 -0.861564 0.348823
vn 0.441788 -0.826527 0.348823
vn 0.441787 -0.826527 0.348823
vn 0.511458 -0.785324 0.348823
vn 0.511458 -0.785324 0.348823
vn 0.577313 -0.738263 0.348823
vn 0.577313 -0.738263 0.348823
vn 0.638861 -0.685696 0.348823
vn 0.638862 -0.685695 0.348823
vn 0.695645 -0.628013 0.348823
vn 0.695645 -0.628013 0.348823
vn 0.74724 -0.565646 0.348823
vn 0.74724 -0.565646 0.348823
vn 0.79326 -0.49906 0.348823
vn 0.793261 -0.499059 0.348823
vn 0.833364 -0.42875 0.348823
vn 0.833364 -0.428751 0.348823
vn 0.867251 -0.355243 0.348823
vn 0.867251 -0.355243 0.348823
vn 0.887754 -0.300094 0.34905
vn 0.900919 -0.281036 0.330703
vn 0.895492 -0.218749 0.387612
vn 0.915414 -0.200848 0.348824
vn 0.934011 -0.080894 0.347966
vn 0.869702 -0.11334 0.480387
vn 0.936315 -0.040471 0.348821
vn 0.929039 0.117528 0.350817
vn 0.921435 0.173211 0.347787
vn 0.915856 0.200945 0.347605
vn 0.9182 0.183345 0.351132
vn 0.895877 0.279464 0.345405
vn 0.899212 0.264424 0.348565
vn 0.867251 0.355243 0.348823
vn 0.867251 0.355243 0.348823
vn 0.833364 0.42875 0.348823
vn 0.833364 0.428751 0.348823
vn 0.79326 0.49906 0.348823
vn 0.793261 0.499059 0.348823
vn 0.74724 0.565646 0.348823
vn 0.74724 0.565646 0.348823
vn 0.695645 0.628013 0.348823
vn 0.695645 0.628013 0.348823
vn 0.638861 0.685696 0.348823
vn 0.638862 0.685695 0.348823
vn 0.577313 0.738263 0.348823
vn 0.577313 0.738263 0.348823
vn 0.511458 0.785324 0.348823
vn 0.511458 0.785324 0.348823
vn 0.441788 0.826527 0.348823
vn 0.441787 0.826527 0.348823
vn 0.368822 0.861564 0.348823
vn 0.368822 0.861564 0.348823
vn 0.293106 0.890175 0.348823
vn 0.307957 0.884579 0.35026
vn 0.24881 0.903776 0.348257
vn 0.121207 0.992627 0.0
vn -0.121183 0.992434 0.019724
vn -0.062153 0.998067 0.0
vn -0.05887 0.998264 -0.001583
vn -0.011113 0.999938 0.000311
vn -0.007858 0.999969 -0.0
vn 0.051029 0.998697 0.0
vn -0.200031 -0.979565 0.020965
vn -0.144788 -0.989463 0.000256
vn -0.0 -1.0 -0.00059
vn -0.391999 -0.919796 0.017682
vn -0.312747 -0.94983 -0.003391
vn -0.200066 -0.979732 0.009976
vn -0.229583 -0.973101 0.019151
vn -0.229583 -0.973101 0.019151
vn -0.392002 -0.919805 0.017096
vn -0.393481 -0.919168 0.017383
vn -0.393482 -0.919168 0.017383
vn -0.721184 -0.692425 0.020989
vn -0.681679 -0.731651 0.000341
vn -0.616006 -0.787742 -0.000327
vn -0.568067 -0.82272 0.020768
vn -0.545631 -0.837802 0.019349
vn -0.568083 -0.822743 0.019358
vn -0.545722 -0.837933 0.007491
vn -0.471393 -0.881916 -0.003585
vn -0.845192 -0.534168 0.01776
vn -0.797316 -0.603552 -0.00336
vn -0.721308 -0.692545 0.009836
vn -0.742138 -0.669985 0.018722
vn -0.742139 -0.669985 0.018722
vn -0.845203 -0.534174 0.017011
vn -0.846299 -0.532426 0.017349
vn -0.846297 -0.532428 0.017349
vn -0.986889 -0.160026 0.021012
vn -0.976766 -0.214309 0.000427
vn -0.954631 -0.297791 -0.000405
vn -0.934923 -0.354244 0.020737
vn -0.925195 -0.37898 0.01971
vn -0.934942 -0.354252 0.019718
vn -0.925348 -0.379041 0.007631
vn -0.889211 -0.457483 -0.003609
vn -0.999014 0.040665 0.017838
vn -0.999062 -0.043183 -0.003328
vn -0.987061 -0.160054 0.009695
vn -0.991449 -0.129207 0.01828
vn -0.991449 -0.129205 0.01828
vn -0.99903 0.040665 0.016924
vn -0.998918 0.043176 0.017302
vn -0.998918 0.043177 0.017302
vn -0.903033 0.429055 0.021035
vn -0.925375 0.379052 0.000514
vn -0.954631 0.297791 -0.000482
vn -0.970624 0.239707 0.020705
vn -0.976569 0.214268 0.020057
vn -0.970637 0.23971 0.020065
vn -0.976736 0.214303 0.007772
vn -0.991608 0.129227 -0.003632
vn -0.79898 0.601091 0.017915
vn -0.846421 0.532504 -0.003296
vn -0.903192 0.429131 0.009553
vn -0.889076 0.457413 0.017825
vn -0.889075 0.457415 0.017825
vn -0.798995 0.601102 0.016837
vn -0.797202 0.603467 0.017241
vn -0.797203 0.603465 0.017241
vn -0.499318 0.866163 0.021057
vn -0.545736 0.837957 0.000602
vn -0.616005 0.787742 -0.000559
vn -0.662526 0.748753 0.020672
vn -0.68152 0.731515 0.020392
vn -0.66253 0.748758 0.020399
vn -0.681658 0.731628 0.007914
vn -0.742263 0.670098 -0.003653
vn -0.312704 0.949695 0.017167
vn -0.312702 0.949696 0.017167
vn -0.315944 0.948607 0.017991
vn -0.393539 0.919302 -0.003263
vn -0.499408 0.866316 0.00941
vn -0.471326 0.881788 0.017357
vn -0.471324 0.881789 0.017357
vn -0.121183 0.992434 0.019724
vn -0.058793 0.996966 0.051018
vn -0.315 0.945774 -0.079289
vn -0.144441 0.987094 0.069157
vn -0.229538 0.972907 0.027662
vn 0.315951 0.948628 0.016749
vn 0.011109 0.999636 -0.024603
vn 0.103006 0.994486 0.019695
vn 0.051029 0.998504 0.019649
vn 0.121182 0.99243 0.019923
vn 0.144783 0.989431 0.008057
vn 0.229624 0.973273 -0.003675
vn 0.315944 0.948607 0.017991
vn 0.312702 0.949696 0.017167
vn 0.312705 0.949695 0.017167
vn 0.662526 0.748753 0.020672
vn 0.616005 0.787742 -0.000559
vn 0.545736 0.837957 0.000602
vn 0.499318 0.866163 0.021057
vn 0.471324 0.881789 0.017357
vn 0.499355 0.866224 0.017369
vn 0.471388 0.881905 0.005986
vn 0.393539 0.919302 -0.003263
vn 0.798994 0.601103 0.016837
vn 0.742263 0.670099 -0.003653
vn 0.662625 0.748866 0.011345
vn 0.681538 0.731499 0.020392
vn 0.68152 0.731515 0.020392
vn 0.79898 0.601091 0.017915
vn 0.797202 0.603466 0.017241
vn 0.797203 0.603465 0.017241
vn 0.970625 0.239706 0.020705
vn 0.954631 0.297792 -0.000482
vn 0.925375 0.379052 0.000514
vn 0.903033 0.429056 0.021035
vn 0.889075 0.457415 0.017825
vn 0.90309 0.429082 0.017837
vn 0.889201 0.457477 0.006117
vn 0.846421 0.532504 -0.003296
vn 0.99903 0.040666 0.016924
vn 0.991608 0.129227 -0.003632
vn 0.970772 0.239743 0.011214
vn 0.976569 0.214266 0.020057
vn 0.976572 0.214254 0.020057
vn 0.999014 0.040665 0.017838
vn 0.998918 0.043177 0.017302
vn 0.998918 0.043178 0.017302
vn 0.934923 -0.354245 0.020737
vn 0.954631 -0.297792 -0.000405
vn 0.976766 -0.214308 0.000427
vn 0.986889 -0.160026 0.021012
vn 0.991449 -0.129209 0.01828
vn 0.986942 -0.160035 0.018292
vn 0.991596 -0.129225 0.006248
vn 0.999062 -0.043184 -0.003329
vn 0.845203 -0.534174 0.017011
vn 0.889211 -0.457483 -0.003608
vn 0.935066 -0.354299 0.011082
vn 0.925195 -0.378979 0.01971
vn 0.925198 -0.378973 0.01971
vn 0.845192 -0.534167 0.01776
vn 0.846298 -0.532427 0.017349
vn 0.846298 -0.532428 0.017349
vn 0.568067 -0.82272 0.020768
vn 0.616006 -0.787742 -0.000327
vn 0.681679 -0.731652 0.000341
vn 0.721184 -0.692426 0.020989
vn 0.742139 -0.669985 0.018722
vn 0.721216 -0.692457 0.018733
vn 0.742253 -0.67009 0.006381
vn 0.797316 -0.603552 -0.00336
vn 0.392002 -0.919805 0.017096
vn 0.471393 -0.881916 -0.003585
vn 0.568156 -0.822848 0.010948
vn 0.545635 -0.8378 0.019349
vn 0.545633 -0.837801 0.019349
vn 0.391999 -0.919796 0.017681
vn 0.393482 -0.919168 0.017383
vn 0.393482 -0.919168 0.017383
vn -0.051017 -0.998471 0.021289
vn 0.007856 -0.999742 0.021316
vn 0.0 -0.999784 0.020798
vn 0.05887 -0.998266 -0.000248
vn 0.144788 -0.989463 0.000256
vn 0.200031 -0.979565 0.020965
vn 0.229583 -0.973101 0.019151
vn 0.200039 -0.979601 0.019161
vn 0.22962 -0.973258 0.006515
vn 0.312747 -0.94983 -0.003391
vn -0.337176 0.864111 0.373664
vn -0.038734 0.936379 0.348848
vn -0.047826 -0.93601 0.34871
vn -0.86411 -0.337177 0.373665
vn -0.934289 0.05033 0.352946
vn -0.93367 0.121677 0.336832
vn -0.927197 0.09238 0.363003
vn -0.928104 0.101555 0.358203
vn -0.931968 0.033654 0.360976
vn -0.931968 0.033656 0.360975
vn -0.933736 0.040359 0.35568
vn -0.894292 0.218455 0.390537
vn -0.918614 0.186224 0.348523
vn -0.918614 0.186223 0.348523
vn -0.929182 0.120498 0.34943
vn -0.914973 0.200751 0.350034
vn -0.895412 0.279319 0.346726
vn -0.900448 0.257309 0.350694
vn -0.875701 0.109157 0.470353
vn -0.929476 0.080501 0.359991
vn -0.919199 0.192733 0.343405
vn -0.919199 0.192736 0.343405
vn -0.936379 0.038729 0.348848
vn -0.936379 -0.038729 0.348848
vn -0.905023 -0.078383 0.418079
vn -0.864151 -0.337126 0.373616
vn -0.927567 -0.115622 0.355319
vn -0.919199 -0.192733 0.343405
vn -0.912541 -0.222913 0.342896
vn -0.886077 -0.185791 0.424675
vn -0.903053 -0.26885 0.334984
vn -0.937172 0.00706 0.348796
vn -0.937172 0.00706 0.348796
vn -0.935789 -0.040448 0.350233
vn -0.928296 -0.019429 0.371334
vn -0.932937 -0.038914 0.357931
vn -0.942004 -0.122763 0.312341
vn -0.918078 -0.065096 0.391017
vn -0.924582 -0.08135 0.372197
vn -0.927676 -0.095514 0.360963
vn -0.929039 -0.117529 0.350817
vn -0.921435 -0.173208 0.347787
vn -0.915856 -0.200945 0.347605
vn -0.9182 -0.183346 0.351132
vn -0.895877 -0.279464 0.345405
vn -0.898655 -0.267013 0.348028
vn -0.867454 -0.355326 0.348234
vn -0.108018 -0.926589 0.36023
vn -0.124873 -0.927998 0.351037
vn -0.099494 -0.925594 0.365208
vn -0.084954 -0.921473 0.379038
vn -0.137503 -0.939675 0.313214
vn -0.055938 -0.93297 0.35558
vn -0.039839 -0.930083 0.365182
vn -0.047646 -0.932496 0.358023
vn -0.011412 -0.934411 0.356015
vn -0.011423 -0.93441 0.356015
vn -0.337176 -0.864111 0.373664
vn -0.26885 -0.903053 0.334983
vn -0.226339 -0.895982 0.382081
vn -0.21507 -0.91159 0.350356
vn -0.184502 -0.919174 0.347964
vn -0.184503 -0.919174 0.347964
vn -0.111071 -0.891055 0.440096
vn -0.094221 -0.919605 0.381378
vn -0.193329 -0.92203 0.335387
vn -0.193329 -0.92203 0.335387
vn -0.038883 -0.940131 0.338589
vn -0.038889 -0.94013 0.338589
vn -0.007358 -0.937057 0.3491
vn -0.007388 0.94087 0.338687
vn -0.038883 0.940131 0.338589
vn -0.092742 0.905169 0.41481
vn -0.114804 0.921008 0.372243
vn -0.193329 0.92203 0.335387
vn -0.230778 0.913552 0.334909
vn -0.185791 0.886077 0.424675
vn -0.26885 0.903053 0.334983
vn -0.138318 0.945251 0.295583
vn -0.0704 0.914611 0.398159
vn -0.087816 0.922548 0.375758
vn -0.10216 0.926019 0.36339
vn -0.122154 0.927793 0.352531
vn -0.172753 0.921578 0.347636
vn -0.215316 0.91263 0.347485
vn -0.00736 0.937057 0.3491
vn -0.001323 0.93665 0.350264
vn -0.012318 0.937227 0.348502
vn -0.055186 0.935787 0.34822
vn -0.021948 0.924362 0.380884
vn -0.042706 0.930778 0.363083
vn -0.441599 0.826174 0.349896
vn -0.187331 0.916894 0.352437
vn -0.243848 0.905215 0.34803
vn -0.292982 0.889801 0.349878
vn -0.319415 0.881343 0.348151
vn -0.368958 0.861882 0.347893
vn -0.340439 0.872469 0.350571
vn -0.411723 0.842192 0.348133
vn -0.479867 0.805321 0.348116
vn -0.479867 0.805321 0.348116
vn -0.511237 0.784984 0.34991
vn -0.544732 0.762945 0.348112
vn -0.577064 0.737944 0.349908
vn -0.605874 0.715353 0.348119
vn -0.605873 0.715354 0.348119
vn -0.638591 0.685404 0.34989
vn -0.662872 0.662872 0.348138
vn -0.695359 0.627755 0.349856
vn -0.715339 0.605862 0.348169
vn -0.71534 0.60586 0.348169
vn -0.746948 0.565424 0.349806
vn -0.762914 0.544711 0.348212
vn -0.792971 0.498878 0.34974
vn -0.805273 0.479839 0.348267
vn -0.805274 0.479837 0.348267
vn -0.833087 0.428609 0.349657
vn -0.842125 0.41169 0.348334
vn -0.866998 0.355139 0.349559
vn -0.873219 0.340731 0.348413
vn -0.884187 0.311049 0.348513
vn -0.86411 0.337177 0.373665
vn -0.903053 0.26885 0.334984
vn -0.746948 -0.565424 0.349806
vn -0.71534 -0.60586 0.348169
vn -0.695899 -0.628242 0.347904
vn -0.872787 -0.340562 0.349657
vn -0.842125 -0.41169 0.348334
vn -0.833087 -0.428609 0.349657
vn -0.805274 -0.479837 0.348267
vn -0.793508 -0.499215 0.348037
vn -0.804698 -0.479496 0.350064
vn -0.762914 -0.544711 0.348212
vn -0.511237 -0.784984 0.34991
vn -0.714671 -0.605296 0.350518
vn -0.662872 -0.662872 0.348138
vn -0.638591 -0.685404 0.34989
vn -0.605873 -0.715354 0.348119
vn -0.577539 -0.738552 0.347836
vn -0.605175 -0.714527 0.351019
vn -0.544732 -0.762945 0.348112
vn -0.479867 -0.805321 0.348116
vn -0.479867 -0.805321 0.348116
vn -0.441599 -0.826174 0.349896
vn -0.411723 -0.842192 0.348133
vn -0.368669 -0.861207 0.349865
vn -0.340765 -0.873306 0.348161
vn -0.293213 -0.890503 0.347894
vn -0.321071 -0.879799 0.350524
vn -0.24881 -0.903776 0.348257
vn 0.834173 0.551485 0.004471
vn 0.777652 0.628678 0.004478
vn 0.796916 0.60409 0.0
vn 0.790566 0.61236 0.004576
vn 0.784792 0.619618 0.013247
vn 0.797221 0.603481 -0.015787
vn 0.76606 0.642769 0.000661
vn 0.765099 0.643899 0.004271
vn 0.007856 -0.999969 0.0
vn 0.026744 -0.999641 -0.001827
vn 0.797321 0.603556 0.000303
vn 0.8461 0.532302 -0.027745
vn 0.834151 0.551472 -0.008419
vn 0.954626 0.297791 0.003046
vn 0.91468 0.404128 -0.006462
vn 0.925315 0.379028 -0.011415
vn 0.914498 0.404048 -0.020951
vn 0.88921 0.457483 0.003831
vn 0.889211 0.457482 0.003831
vn 0.991613 0.129229 0.002129
vn 0.969416 0.245384 -0.00437
vn 0.976147 0.214172 -0.035604
vn 0.954627 0.29779 0.003046
vn 0.991613 0.129228 0.002129
vn 0.998307 0.04315 -0.038991
vn 0.996815 0.079716 -0.002145
vn 0.95463 -0.297792 0.001273
vn 0.967073 -0.25357 -0.021709
vn 0.999067 -0.043166 0.001075
vn 0.999067 -0.043184 0.001075
vn 0.995868 -0.088179 -0.021721
vn 0.991615 -0.129228 0.00011
vn 0.967301 -0.25363 0.000109
vn 0.989808 -0.129079 -0.060153
vn 0.976582 -0.214267 -0.019418
vn 0.889214 -0.457485 0.002301
vn 0.911013 -0.411813 -0.021563
vn 0.925374 -0.379052 -0.001432
vn 0.954632 -0.297785 0.001273
vn 0.681674 -0.731646 0.003956
vn 0.72414 -0.689337 -0.020868
vn 0.742166 -0.67001 -0.016622
vn 0.724281 -0.689471 -0.006819
vn 0.797317 -0.603553 0.003196
vn 0.829451 -0.55857 0.003191
vn 0.797315 -0.603552 -0.003609
vn 0.829268 -0.558446 -0.021282
vn 0.846422 -0.532505 -0.002887
vn 0.889215 -0.457484 0.002301
vn 0.54573 -0.837948 0.004581
vn 0.598594 -0.800795 -0.020319
vn 0.615994 -0.787727 -0.006199
vn 0.681674 -0.731645 0.003956
vn 0.54573 -0.837949 0.004581
vn 0.471382 -0.881893 -0.008056
vn 0.456167 -0.889677 -0.019636
vn 0.393536 -0.919295 0.005073
vn 0.300927 -0.953634 0.005048
vn 0.393523 -0.919266 -0.009506
vn 0.300906 -0.953576 -0.012217
vn 0.3127 -0.949686 -0.017783
vn 0.300876 -0.953478 -0.018819
vn 0.229621 -0.973265 0.00543
vn 0.229621 -0.973265 0.00543
vn 0.144777 -0.989389 -0.012172
vn 0.137095 -0.990397 -0.017867
vn 0.058872 -0.99825 0.005652
vn 0.058869 -0.99825 0.005652
vn 0.0 0.0 -1.0
vn 0.0 0.0 -1.0
vn 0.0 0.0 -1.0
vn 0.0 0.0 -1.0
vn 0.0 0.0 -1.0
vn 0.0 0.0 -1.0
vn 0.0 0.0 -1.0
vn 0.0 0.0 -1.0
vn 0.0 0.0 -1.0
vn 0.0 0.0 -1.0
vn 0.0 0.0 -1.0
vn 0.0 0.0 -1.0
vn 0.0 0.0 -1.0
vn 0.0 0.0 -1.0
vn 0.0 0.0 -1.0
vn 0.0 0.0 -1.0
vn 0.0 0.0 -1.0
vn 0.0 0.0 -1.0
vn 0.0 0.0 -1.0
vn 0.0 0.0 -1.0
vn 0.0 0.0 -1.0
vn 0.0 0.0 -1.0
vn 0.0 0.0 -1.0
vn 0.0 0.0 -1.0
vn 0.0 0.0 -1.0
vn 0.0 0.0 -1.0
vn 0.0 0.0 -1.0
vn 0.0 0.0 -1.0
vn 0.0 0.0 -1.0
vn 0.0 0.0 -1.0
vn 0.0 0.0 -1.0
vn 0.0 0.0 -1.0
vn 0.0 0.0 -1.0
vn 0.0 0.0 -1.0
vn 0.0 0.0 -1.0
vn 0.0 0.0 -1.0
vn 0.0 0.0 -1.0
vn 0.0 0.0 -1.0
vn 0.0 0.0 -1.0
vn 0.0 0.0 -1.0
vn 0.0 0.0 -1.0
vn 0.0 0.0 -1.0
vn 0.0 0.0 -1.0
vn 0.0 0.0 -1.0
vn 0.0 0.0 -1.0
vn 0.0 0.0 -1.0
vn 0.0 0.0 -1.0
vn 0.0 0.0 -1.0
vn 0.0 0.0 -1.0
vn 0.0 0.0 -1.0
vn 0.0 0.0 -1.0
vn 0.0 0.0 -1.0
vn 0.0 0.0 -1.0
vn 0.0 0.0 -1.0
vn 0.0 0.0 -1.0
vn 0.0 0.0 -1.0
vn 0.0 0.0 -1.0
vn 0.0 0.0 -1.0
vn 0.0 0.0 -1.0
vn 0.0 0.0 -1.0
vn 0.0 0.0 -1.0
vn 0.0 0.0 -1.0
vn 0.0 0.0 -1.0
vn 0.0 0.0 -1.0
vn 0.0 0.0 -1.0
vn 0.0 0.0 -1.0
vn 0.0 0.0 -1.0
vn 0.0 0.0 -1.0
vn 0.0 0.0 -1.0
vn 0.0 0.0 -1.0
vn 0.0 0.0 -1.0
vn 0.0 0.0 -1.0
vn 0.0 0.0 -1.0
vn 0.0 0.0 -1.0
vn 0.0 0.0 -1.0
vn 0.0 0.0 -1.0
vn 0.0 0.0 -1.0
vn 0.0 0.0 -1.0
vn 0.0 0.0 -1.0
vn 0.0 0.0 -1.0
vn 0.0 0.0 -1.0
vn 0.0 0.0 -1.0
vn 0.0 0.0 -1.0
vn 0.0 0.0 -1.0
vn 0.0 0.0 -1.0
vn 0.0 0.0 -1.0
vn 0.0 0.0 -1.0
vn 0.0 0.0 -1.0
vn 0.0 0.0 -1.0
vn 0.0 0.0 -1.0
vn 0.0 0.0 -1.0
vn 0.0 0.0 -1.0
vn 0.0 0.0 -1.0
vn 0.0 0.0 -1.0
vn 0.0 0.0 -1.0
vn 0.0 0.0 -1.0
vn 0.0 0.0 -1.0
vn 0.0 0.0 -1.0
vn 0.0 0.0 -1.0
vn 0.0 0.0 -1.0
vn 0.0 0.0 -1.0
vn 0.0 0.0 -1.0
vn 0.0 0.0 -1.0
vn 0.0 0.0 -1.0
vn 0.0 0.0 -1.0
vn 0.0 0.0 -1.0
vn 0.0 0.0 -1.0
vn 0.0 0.0 -1.0
vn 0.0 0.0 -1.0
vn 0.0 0.0 -1.0
vn 0.0 0.0 -1.0
vn 0.0 0.0 -1.0
vn 0.0 0.0 -1.0
vn 0.0 0.0 -1.0
vn 0.0 0.0 -1.0
vn 0.0 0.0 -1.0
vn 0.0 0.0 -1.0
vn 0.0 0.0 -1.0
vn 0.0 0.0 -1.0
vn 0.0 0.0 -1.0
vn 0.0 0.0 -1.0
vn 0.0 0.0 -1.0
vn 0.0 0.0 -1.0
vn 0.0 0.0 -1.0
vn 0.0 0.0 -1.0
vn 0.0 0.0 -1.0
vn 0.0 0.0 -1.0
vn 0.0 0.0 -1.0
vn 0.0 0.0 -1.0
vn 0.0 0.0 -1.0
vn 0.0 0.0 -1.0
vn 0.0 0.0 -1.0
vn 0.0 0.0 -1.0
vn 0.0 0.0 -1.0
vn 0.0 0.0 -1.0
vn 0.0 0.0 -1.0
vn 0.0 0.0 -1.0
vn 0.0 0.0 -1.0
vn 0.0 0.0 -1.0
vn 0.0 0.0 -1.0
vn 0.0 0.0 -1.0
vn 0.0 0.0 -1.0
vn 0.0 0.0 -1.0
vn 0.0 0.0 -1.0
vn 0.0 0.0 -1.0
vn 0.0 0.0 -1.0
vn 0.0 0.0 -1.0
vn 0.0 0.0 -1.0
vn 0.0 0.0 -1.0
vn 0.0 0.0 -1.0
vn 0.0 0.0 -1.0
vn 0.0 0.0 -1.0
vn 0.0 0.0 -1.0
vn 0.0 0.0 -1.0
vn 0.0 0.0 -1.0
vn 0.0 0.0 -1.0
vn 0.0 0.0 -1.0
vn 0.0 0.0 -1.0
vn 0.0 0.0 -1.0
vn 0.0 0.0 -1.0
vn 0.0 0.0 -1.0
vn 0.0 0.0 -1.0
vn 0.0 0.0 -1.0
vn 0.0 0.0 -1.0
vn 0.0 0.0 -1.0
vn 0.0 0.0 -1.0
vn 0.0 0.0 -1.0
vn 0.0 0.0 -1.0
vn 0.0 0.0 -1.0
vn 0.0 0.0 -1.0
vn 0.0 0.0 -1.0
vn 0.0 0.0 -1.0
vn 0.0 0.0 -1.0
vn 0.0 0.0 -1.0
vn 0.0 0.0 -1.0
vn 0.0 0.0 -1.0
vn 0.0 0.0 -1.0
vn 0.0 0.0 -1.0
vn 0.0 0.0 -1.0
vn 0.0 0.0 -1.0
vn 0.0 0.0 -1.0
vn 0.0 0.0 -1.0
vn 0.0 0.0 -1.0
vn 0.0 0.0 -1.0
vn 0.0 0.0 -1.0
vn 0.0 0.0 -1.0
vn 0.0 0.0 -1.0
vn 0.0 0.0 -1.0
vn 0.0 0.0 -1.0
vn 0.0 0.0 -1.0
vn 0.0 0.0 -1.0
vn 0.0 0.0 -1.0
vn 0.0 0.0 -1.0
vn 0.0 0.0 -1.0
vn 0.0 0.0 -1.0
vn 0.0 0.0 -1.0
vn 0.0 0.0 -1.0
vn 0.0 0.0 -1.0
vn 0.0 0.0 -1.0
vn 0.0 0.0 -1.0
vn 0.0 0.0 -1.0
vn 0.0 0.0 -1.0
vn 0.0 0.0 -1.0
vn 0.0 0.0 -1.0
vn 0.0 0.0 -1.0
vn 0.0 0.0 -1.0
vn 0.0 0.0 -1.0
vn 0.0 0.0 -1.0
vn 0.0 0.0 -1.0
vn 0.0 0.0 -1.0
vn 0.0 0.0 -1.0
vn 0.0 0.0 -1.0
vn 0.0 0.0 -1.0
vn 0.0 0.0 -1.0
vn 0.0 0.0 -1.0
vn 0.0 0.0 -1.0
vn 0.0 0.0 -1.0
vn 0.0 0.0 -1.0
vn 0.0 0.0 -1.0
vn 0.0 0.0 -1.0
vn 0.0 0.0 -1.0
vn -0.965408 -0.260745 0.0
vn -0.887011 -0.461749 0.0
vn -0.887011 -0.461749 0.0
vn -0.95882 -0.284015 0.0
vn -0.782608 -0.622515 0.000209
vn -0.721214 -0.692251 -0.025275
vn -0.746122 -0.665612 -0.016197
vn -0.746121 -0.665614 -0.016197
vn -0.765886 -0.642897 -0.010168
vn -0.781156 -0.624304 -0.006337
vn -0.792683 -0.60962 -0.003987
vn -0.792679 -0.609626 -0.003988
vn -0.815415 -0.578876 0.0
vn -0.821085 -0.570772 -0.00628
vn -0.816615 -0.577182 0.0
vn -0.591347 -0.806418 -0.0
vn -0.614734 -0.788733 -0.001649
vn -0.61473 -0.788736 -0.001648
vn -0.628007 -0.778202 -0.003026
vn -0.646106 -0.763227 -0.005654
vn -0.668741 -0.743425 -0.010274
vn -0.66874 -0.743426 -0.010273
vn -0.64944 -0.760396 -0.005066
vn -0.695456 -0.718568 -0.000629
vn -0.719083 -0.694924 0.00021
vn -0.582914 -0.812521 -0.004652
vn -0.593202 -0.805054 -0.0
vn -0.492424 -0.870356 0.0
vn -0.492424 -0.870356 -0.0
vn -0.368356 -0.929685 0.0
vn -0.317301 -0.948312 -0.004895
vn -0.017452 0.999848 0.0
vn -0.017452 0.999848 0.0
vn -0.130526 0.991445 0.0
vn -0.130526 0.991445 0.0
vn -0.317305 0.948323 0.0
vn -0.317305 0.948324 0.0
vn -0.492424 0.870356 0.0
vn -0.492424 0.870356 0.0
vn -0.317304 0.948324 0.0
vn -0.95882 0.284015 0.0
vn -0.95882 0.284015 0.0
vn -0.887011 0.461749 0.0
vn -0.887011 0.461749 0.0
vn -0.782608 0.622515 0.0
vn -0.782608 0.622515 0.0
vn -0.649448 0.760406 0.0
vn -0.649448 0.760406 0.0
vn -0.492424 0.870356 0.0
vn -0.935868 -0.352036 -0.014884
vn -0.965408 -0.260745 0.0
vn -0.995396 -0.095846 0.0
vn -0.995396 -0.095846 -0.0
vn -0.995396 0.095846 0.0
vn -0.995396 0.095846 0.0
vn -0.95882 0.284015 0.0
vn -0.277554 -0.96071 0.0
vn -0.277554 -0.96071 -0.0
vn -0.130526 -0.991445 0.0
vn -0.130526 -0.991445 -0.0
vn -0.017452 -0.999848 0.0
vn -0.017452 -0.999848 -0.0
vn 0.0 0.0 -1.0
vn 0.0 0.0 -1.0
vn 0.0 0.0 -1.0
vn 0.0 0.0 -1.0
vn 0.0 0.0 -1.0
vn 0.0 0.0 -1.0
vn 0.0 0.0 -1.0
vn 0.0 0.0 -1.0
vn -0.0 0.0 -1.0
vn 0.0 0.0 -1.0
vn -0.0 0.0 -1.0
vn 0.0 0.0 -1.0
vn -0.0 0.0 -1.0
vn 0.0 0.0 -1.0
vn 0.0 0.0 -1.0
vn 0.0 0.0 -1.0
vn 0.0 0.0 -1.0
vn 0.0 0.0 -1.0
vn 0.0 0.0 -1.0
vn -0.0 0.0 -1.0
vn 0.0 0.0 -1.0
vn -0.0 0.0 -1.0
vn 0.0 0.0 -1.0
vn -0.0 0.0 -1.0
vn 0.0 0.0 -1.0
vn -0.0 0.0 -1.0
vn -0.0 0.0 -1.0
vn -0.0 0.0 -1.0
vn 0.0 -0.0 -1.0
vn -0.0 0.0 -1.0
vn 0.0 -0.0 -1.0
vn -0.0 0.0 -1.0
vn 0.0 -0.0 -1.0
vn -0.0 0.0 -1.0
vn 0.0 -0.0 -1.0
vn -0.0 0.0 -1.0
vn 0.0 0.0 -1.0
vn 0.0 0.0 -1.0
vn 0.0 0.0 -1.0
vn 0.0 0.0 -1.0
vn 0.0 0.0 -1.0
vn 0.0 0.0 -1.0
vn 0.0 0.0 -1.0
vn 0.0 0.0 -1.0
vn 0.0 0.0 -1.0
vn 0.0 -0.0 -1.0
vn 0.0 0.0 -1.0
vn 0.0 -0.0 -1.0
vn 0.0 0.0 -1.0
vn 0.0 -0.0 -1.0
vn 0.0 0.0 -1.0
vn 0.0 -0.0 -1.0
vn 0.0 0.0 -1.0
vn 0.0 -0.0 -1.0
vn 0.0 0.0 -1.0
vn 0.0 0.0 -1.0
vn 0.0 -0.0 -1.0
vn 0.0 0.0 -1.0
vn 0.0 -0.0 -1.0
vn 0.0 0.0 -1.0
vn 0.0 -0.0 -1.0
vn 0.0 -0.0 -1.0
vn -0.111965 0.993712 -0.0
vn -0.111964 0.993712 -0.0
vn -0.111954 0.993713 0.0
vn -0.330281 0.943883 0.0
vn -0.330279 0.943883 -0.0
vn -0.330279 0.943884 0.0
vn -0.532032 0.846724 0.0
vn -0.532032 0.846724 0.0
vn -0.707106 0.707107 0.0
vn -0.707107 0.707107 0.0
vn -0.707107 0.707107 0.0
vn -0.707107 0.707107 0.0
vn -0.846724 0.532032 0.0
vn -0.846724 0.532032 0.0
vn -0.943883 0.330279 0.0
vn -0.943883 0.330279 0.0
vn -0.943883 0.330278 0.0
vn -0.993711 0.111972 0.0
vn -0.993712 0.111964 0.0
vn -0.993712 0.111964 0.0
vn -0.993712 -0.111964 0.0
vn -0.993712 -0.111964 0.0
vn -0.993711 -0.111972 0.0
vn -0.943883 -0.330278 0.0
vn -0.943883 -0.330279 0.0
vn -0.943883 -0.330279 -0.0
vn -0.846724 -0.532032 0.0
vn -0.846724 -0.532032 -0.0
vn -0.707107 -0.707107 0.0
vn -0.707107 -0.707107 0.0
vn -0.707107 -0.707107 0.0
vn -0.707106 -0.707107 -0.0
vn -0.532032 -0.846724 0.0
vn -0.532032 -0.846724 0.0
vn -0.330279 -0.943884 0.0
vn -0.330279 -0.943883 -0.0
vn -0.111965 -0.993712 0.0
vn -0.111964 -0.993712 -0.0
vn -0.111954 -0.993713 -0.0
vn -0.330281 -0.943883 0.0
vn 0.0 0.0 1.0
vn 0.0 0.0 1.0
vn 0.0 0.0 1.0
vn 0.0 0.0 1.0
vn -0.0 0.0 1.0
vn -0.0 0.0 1.0
vn 0.0 0.0 1.0
vn 0.0 0.0 1.0
vn 0.0 0.0 1.0
vn 0.0 0.0 1.0
vn 0.0 0.0 1.0
vn 0.0 0.0 1.0
vn 0.0 0.0 1.0
vn 0.0 -0.0 1.0
vn 0.0 0.0 1.0
vn 0.0 0.0 1.0
vn 0.0 0.0 1.0
vn 0.0 0.0 1.0
vn 0.0 0.0 1.0
vn 0.0 0.0 1.0
vn -0.0 0.0 1.0
vn -0.0 0.0 1.0
vn 0.0 0.0 1.0
vn 0.0 0.0 1.0
vn 0.0 -0.0 1.0
vn 0.0 0.0 1.0
vn 0.0 0.0 1.0
vn 0.0 0.0 1.0
vn 0.0 0.0 1.0
vn 0.0 0.0 1.0
vn 0.0 0.0 1.0
vn 0.0 -0.0 1.0
vn 0.0 -0.0 1.0
vn 0.0 -0.0 1.0
vn 0.0 -0.0 1.0
vn 0.0 0.0 1.0
vn 0.0 0.0 1.0
vn -0.0 0.0 1.0
vn 0.0 0.0 1.0
vn 0.0 -0.0 1.0
vn -0.0 0.0 1.0
vn -0.0 0.0 1.0
vn 0.0 0.0 1.0
vn 0.0 0.0 1.0
vn 0.0 0.0 1.0
vn 0.0 0.0 1.0
vn 0.0 0.0 1.0
vn 0.0 0.0 1.0
vn 0.0 0.0 1.0
vn 0.0 0.0 1.0
vn 0.0 0.0 1.0
vn 0.0 0.0 1.0
vn 0.0 0.0 1.0
vn 0.0 0.0 1.0
vn 0.0 0.0 1.0
vn 0.0 -0.0 1.0
vn 0.0 -0.0 1.0
vn 0.0 -0.0 1.0
vn 0.0 0.0 1.0
vn 0.0 0.0 1.0
vn 0.0 0.0 1.0
vn 0.0 0.0 1.0
vn 0.0 0.0 1.0
vn 0.0 0.0 1.0
vn 0.0 0.0 1.0
vn 0.0 0.0 1.0
vn 0.0 0.0 1.0
vn 0.0 0.0 1.0
vn 0.0 0.0 1.0
vn 0.0 0.0 1.0
vn -0.0 0.0 1.0
vn 0.0 0.0 1.0
vn 0.0 0.0 1.0
vn 0.0 0.0 1.0
vn 0.0 0.0 1.0
vn 0.0 0.0 1.0
vn 0.0 0.0 1.0
vn -0.0 -0.0 1.0
vn -0.0 0.0 1.0
vn 0.0 0.0 1.0
vn 0.0 -0.0 1.0
vn 0.0 0.0 1.0
vn 0.0 0.0 1.0
vn 0.0 0.0 1.0
vn 0.0 0.0 1.0
vn 0.0 0.0 1.0
vn 0.0 0.0 1.0
vn 0.0 0.0 1.0
vn 0.0 0.0 1.0
vn -0.0 0.0 1.0
vn 0.0 0.0 1.0
vn 0.0 0.0 1.0
vn 0.0 0.0 1.0
vn 0.0 0.0 1.0
vn 0.0 -0.0 1.0
vn 0.0 0.0 1.0
vn 0.0 -0.0 1.0
vn 0.0 0.0 1.0
vn 0.0 0.0 1.0
vn 0.0 0.0 1.0
vn 0.0 0.0 1.0
vn 0.0 0.0 1.0
vn 0.0 0.0 1.0
vn 0.0 0.0 1.0
vn -0.0 0.0 1.0
vn -0.0 0.0 1.0
vn 0.0 0.0 1.0
vn 0.0 0.0 1.0
vn 0.0 0.0 1.0
vn 0.0 0.0 1.0
vn -0.0 0.0 1.0
vn 0.0 0.0 1.0
vn -0.0 0.0 1.0
vn 0.0 0.0 1.0
vn 0.0 0.0 1.0
vn 0.0 0.0 1.0
vn 0.0 0.0 1.0
vn 0.0 -0.0 1.0
vn 0.0 -0.0 1.0
vn 0.0 0.0 1.0
vn 0.0 0.0 1.0
vn 0.0 0.0 1.0
vn 0.0 0.0 1.0
vn -0.0 0.0 1.0
vn 0.0 0.0 1.0
vn 0.0 0.0 1.0
vn 0.0 0.0 1.0
vn 0.0 0.0 1.0
vn 0.0 0.0 1.0
vn 0.0 0.0 1.0
vn 0.0 0.0 1.0
vn 0.0 0.0 1.0
vn 0.0 -0.0 1.0
vn 0.0 -0.0 1.0
vn 0.0 0.0 1.0
vn 0.0 0.0 1.0
vn -0.0 0.0 1.0
vn 0.0 0.0 1.0
vn 0.0 0.0 1.0
vn 0.0 -0.0 1.0
vn -0.0 0.0 1.0
vn 0.0 0.0 1.0
vn 0.0 0.0 1.0
vn 0.0 0.0 1.0
vn -0.0 0.0 1.0
vn 0.0 0.0 1.0
vn 0.0 0.0 1.0
vn 0.0 0.0 1.0
vn 0.0 0.0 1.0
vn -0.0 0.0 1.0
vn 0.0 0.0 1.0
vn 0.0 0.0 1.0
vn 0.0 -0.0 1.0
vn 0.0 -0.0 1.0
vn 0.0 0.0 1.0
vn 0.0 0.0 1.0
vn 0.0 0.0 1.0
vn 0.0 0.0 1.0
vn 0.0 0.0 1.0
vn 0.0 -0.0 1.0
vn 0.0 -0.0 1.0
vn -0.0 0.0 1.0
vn 0.0 -0.0 1.0
vn 0.0 0.0 1.0
vn 0.0 0.0 1.0
vn -0.0 0.0 1.0
vn -0.0 0.0 1.0
vn 0.0 0.0 1.0
vn 0.0 0.0 1.0
vn 0.0 0.0 1.0
vn -0.0 0.0 1.0
vn 0.0 -0.0 1.0
vn -0.0 0.0 1.0
vn -0.0 0.0 1.0
vn 0.0 -0.0 1.0
vn 0.0 0.0 1.0
vn 0.0 0.0 1.0
vn 0.0 0.0 1.0
vn 0.0 0.0 1.0
vn -0.0 0.0 1.0
vn 0.0 0.0 1.0
vn 0.0 0.0 1.0
vn -0.0 0.0 1.0
vn -0.0 -0.0 1.0
vn 0.0 0.0 1.0
vn 0.0 0.0 1.0
vn 0.0 -0.0 1.0
vn 0.0 0.0 1.0
vn 0.0 0.0 1.0
vn 0.0 0.0 1.0
vn 0.0 0.0 1.0
vn 0.0 0.0 1.0
vn -0.0 0.0 1.0
vn -0.0 -0.0 1.0
vn -0.0 0.0 1.0
vn 0.0 0.0 1.0
vn 0.0 0.0 1.0
vn 0.0 0.0 1.0
vn 0.0 0.0 1.0
vn 0.0 0.0 1.0
vn -0.0 0.0 1.0
vn -0.0 0.0 1.0
vn 0.0 0.0 1.0
vn 0.0 0.0 1.0
vn 0.0 0.0 1.0
vn 0.0 0.0 1.0
vn 0.0 -0.0 1.0
vn 0.0 0.0 1.0
vn 0.0 -0.0 1.0
vn 0.0 0.0 1.0
vn 0.0 -0.0 1.0
vn 0.0 0.0 1.0
vn 0.0 0.0 1.0
vn 0.0 0.0 1.0
vn 0.0 -0.0 1.0
vn 0.0 -0.0 1.0
vn 0.0 0.0 1.0
vn 0.0 -0.0 1.0
vn 0.0 0.0 1.0
vn 0.0 0.0 1.0
vn 0.0 0.0 1.0
vn -0.0 0.0 1.0
vn -0.0 0.0 1.0
vn 0.0 0.0 1.0
vn 0.0 0.0 1.0
vn 0.0 -0.0 1.0
vn 0.0 -0.0 1.0
vn 0.0 0.0 1.0
vn 0.0 -0.0 1.0
vn 0.0 0.0 1.0
vn 0.0 -0.0 1.0
vn 0.0 0.0 1.0
vn 0.0 0.0 1.0
vn 0.0 -0.0 1.0
vn 0.0 0.0 1.0
vn 0.0 -0.0 1.0
vn 0.0 -0.0 1.0
vn 0.0 0.0 1.0
vn 0.0 -0.0 1.0
vn 0.0 -0.0 1.0
vn 0.0 0.0 1.0
vn 0.0 0.0 1.0
vn 0.0 0.0 1.0
vn -0.0 0.0 1.0
vn 0.0 0.0 1.0
vn 0.0 -0.0 1.0
vn 0.0 -0.0 1.0
vn -0.0 0.0 1.0
vn 0.0 0.0 1.0
vn -0.0 0.0 1.0
vn -0.0 0.0 1.0
vn 0.0 0.0 1.0
vn 0.0 0.0 1.0
vn 0.0 0.0 1.0
vn 0.0 0.0 1.0
vn 0.0 0.0 1.0
vn 0.0 0.0 1.0
vn 0.0 0.0 1.0
vn 0.0 -0.0 1.0
vn 0.0 -0.0 1.0
vn 0.0 -0.0 1.0
vn 0.0 -0.0 1.0
vn 0.0 0.0 1.0
vn 0.0 0.0 1.0
vn -0.0 0.0 1.0
vn 0.0 0.0 1.0
vn -0.0 0.0 1.0
vn 0.0 0.0 1.0
vn -0.0 0.0 1.0
vn -0.0 0.0 1.0
vn 0.0 0.0 1.0
vn 0.0 0.0 1.0
vn 0.0 -0.0 1.0
vn -0.0 0.0 1.0
vn 0.0 0.0 1.0
vn 0.0 -0.0 1.0
vn 0.0 -0.0 1.0
vn 0.0 0.0 1.0
vn 0.0 0.0 1.0
vn 0.0 0.0 1.0
vn 0.0 0.0 1.0
vn 0.0 0.0 1.0
vn 0.0 -0.0 1.0
vn 0.0 -0.0 1.0
vn -0.0 0.0 1.0
vn -0.0 0.0 1.0
vn 0.0 0.0 1.0
vn 0.0 0.0 1.0
vn 0.0 0.0 1.0
vn 0.0 0.0 1.0
vn 0.0 0.0 1.0
vn 0.0 0.0 1.0
vn 0.0 0.0 1.0
vn 0.0 -0.0 1.0
vn 0.0 -0.0 1.0
vn 0.0 0.0 1.0
vn -0.0 0.0 1.0
vn 0.0 0.0 1.0
vn -0.0 0.0 1.0
vn -0.0 0.0 1.0
vn 0.0 0.0 1.0
vn 0.0 0.0 1.0
vn 0.0 0.0 1.0
vn 0.0 0.0 1.0
vn -0.0 0.0 1.0
vn 0.0 0.0 1.0
vn -0.0 0.0 1.0
vn 0.0 0.0 1.0
vn -0.0 0.0 1.0
vn -0.0 0.0 1.0
vn 0.0 0.0 1.0
vn 0.0 -0.0 1.0
vn 0.0 0.0 1.0
vn 0.0 -0.0 1.0
vn 0.0 0.0 1.0
vn 0.0 0.0 1.0
vn 0.0 0.0 1.0
vn 0.0 0.0 1.0
vn 0.0 0.0 1.0
vn 0.0 0.0 1.0
vn 0.0 0.0 1.0
vn 0.0 0.0 1.0
vn 0.0 0.0 1.0
vn 0.0 0.0 1.0
vn 0.0 0.0 1.0
vn 0.0 0.0 1.0
vn 0.0 0.0 1.0
vn 0.0 0.0 1.0
vn 0.0 0.0 1.0
vn 0.0 0.0 1.0
vn 0.0 0.0 1.0
vn 0.0 0.0 1.0
vn 0.0 0.0 1.0
vn 0.0 0.0 1.0
vn 0.0 0.0 1.0
vn 0.0 0.0 1.0
vn 0.0 0.0 1.0
vn 0.0 0.0 1.0
vn 0.0 0.0 1.0
vn 0.0 0.0 1.0
vn 0.0 0.0 1.0
vn 0.0 0.0 1.0
vn 0.0 0.0 1.0
vn 0.0 0.0 1.0
vn 0.0 0.0 1.0
vn 0.0 0.0 1.0
vn 0.0 0.0 1.0
vn -0.0 0.0 1.0
vn 0.0 0.0 1.0
vn -0.0 0.0 1.0
vn 0.0 0.0 1.0
vn -0.0 0.0 1.0
vn 0.0 0.0 1.0
vn -0.0 0.0 1.0
vn 0.0 0.0 1.0
vn -0.0 0.0 1.0
vn 0.0 -0.0 1.0
vn -0.0 0.0 1.0
vn 0.0 -0.0 1.0
vn -0.0 0.0 1.0
vn 0.0 0.0 1.0
vn -0.0 -0.0 1.0
vn 0.0 0.0 1.0
vn -0.0 -0.0 1.0
vn 0.0 0.0 1.0
vn -0.0 -0.0 1.0
vn 0.0 0.0 1.0
vn -0.0 -0.0 1.0
vn 0.0 0.0 1.0
vn 0.0 -0.0 1.0
vn 0.0 0.0 1.0
vn 0.0 -0.0 1.0
vn 0.0 0.0 1.0
vn 0.0 -0.0 1.0
vn 0.0 0.0 1.0
vn -0.510204 0.136709 0.849119
vn -0.373495 0.373495 0.849119
vn -0.136708 0.510204 0.849119
vn -0.136708 -0.510204 0.849119
vn -0.373495 -0.373495 0.849119
vn -0.510204 -0.136709 0.849119
vn -0.258817 0.965926 0.0
vn -0.258817 0.965926 0.0
vn -0.707107 0.707106 0.0
vn -0.707107 0.707106 0.0
vn -0.965926 0.258819 0.0
vn -0.965926 0.258819 0.0
vn -0.965926 -0.258819 0.0
vn -0.965926 -0.258819 -0.0
vn -0.707107 -0.707106 0.0
vn -0.707107 -0.707106 -0.0
vn -0.258817 -0.965926 0.0
vn -0.258817 -0.965926 -0.0
vn -0.510204 0.136708 0.849119
vn -0.373494 0.373496 0.849119
vn -0.136709 0.510204 0.849119
vn -0.13671 -0.510203 0.849119
vn -0.373495 -0.373495 0.849119
vn -0.510204 -0.136708 0.849119
vn -0.25882 0.965926 0.0
vn -0.25882 0.965926 0.0
vn -0.707105 0.707108 0.0
vn -0.707105 0.707108 0.0
vn -0.965926 0.258817 0.0
vn -0.965926 0.258817 0.0
vn -0.965926 -0.258817 0.0
vn -0.965926 -0.258817 -0.0
vn -0.707107 -0.707107 0.0
vn -0.707107 -0.707107 -0.0
vn -0.258822 -0.965925 0.0
vn -0.258822 -0.965925 -0.0
vn -0.510204 0.136709 0.849119
vn -0.373496 0.373494 0.849119
vn -0.136709 0.510203 0.849119
vn -0.136709 -0.510203 0.849119
vn -0.373496 -0.373494 0.849119
vn -0.510204 -0.136709 0.849119
vn -0.25882 0.965926 0.0
vn -0.25882 0.965926 0.0
vn -0.707108 0.707105 0.0
vn -0.707108 0.707105 0.0
vn -0.965926 0.25882 0.0
vn -0.965926 0.25882 0.0
vn -0.965926 -0.25882 0.0
vn -0.965926 -0.25882 -0.0
vn -0.707108 -0.707105 0.0
vn -0.707108 -0.707105 -0.0
vn -0.25882 -0.965926 0.0
vn -0.25882 -0.965926 -0.0
vn -0.510203 0.13671 0.849119
vn -0.373496 0.373494 0.849119
vn -0.136708 0.510204 0.849119
vn -0.136708 -0.510204 0.849119
vn -0.373496 -0.373494 0.849119
vn -0.510203 -0.13671 0.849119
vn -0.258818 0.965926 0.0
vn -0.258818 0.965926 0.0
vn -0.707109 0.707105 0.0
vn -0.707109 0.707105 0.0
vn -0.965925 0.258822 0.0
vn -0.965925 0.258822 0.0
vn -0.965925 -0.258822 0.0
vn -0.965925 -0.258822 -0.0
vn -0.707109 -0.707105 0.0
vn -0.707109 -0.707105 -0.0
vn -0.258818 -0.965926 0.0
vn -0.258818 -0.965926 -0.0
vn -0.116751 0.511517 0.851305
vn -0.327129 0.410203 0.851305
vn -0.472713 0.227647 0.851304
vn -0.524672 0.0 0.851304
vn -0.472714 -0.227647 0.851304
vn -0.116751 -0.511517 0.851305
vn -0.327122 -0.410208 0.851305
vn -0.327129 -0.410203 0.851305
vn -0.472713 -0.227647 0.851304
vn -0.524672 0.0 0.851304
vn -0.472714 0.227647 0.851304
vn -0.327122 0.410208 0.851305
vn -0.222522 0.974928 0.0
vn -0.258819 0.965924 -0.001926
vn -0.623479 0.781838 0.001609
vn -0.623492 0.781828 0.001609
vn -0.707105 0.707102 -0.003216
vn -0.900966 0.433882 0.002578
vn -0.900966 0.433882 0.002578
vn -0.965918 0.258818 -0.003863
vn -0.999996 0.0 0.002902
vn -0.999996 0.0 0.002902
vn -0.965918 -0.258818 -0.003863
vn -0.900966 -0.433882 0.002578
vn -0.900966 -0.433882 0.002578
vn -0.707105 -0.707102 -0.003216
vn -0.623492 -0.781828 0.001609
vn -0.623479 -0.781838 0.001609
vn -0.258819 -0.965924 -0.001926
vn -0.222522 -0.974928 0.0
vn -0.510204 0.136708 0.849119
vn -0.373495 0.373495 0.849119
vn -0.13671 0.510203 0.849119
vn -0.136709 -0.510204 0.849119
vn -0.373494 -0.373496 0.849119
vn -0.510204 -0.136708 0.849119
vn -0.258822 0.965925 0.0
vn -0.258822 0.965925 0.0
vn -0.707107 0.707107 0.0
vn -0.707107 0.707107 0.0
vn -0.965926 0.258817 0.0
vn -0.965926 0.258817 0.0
vn -0.965926 -0.258817 0.0
vn -0.965926 -0.258817 -0.0
vn -0.707105 -0.707108 0.0
vn -0.707105 -0.707108 -0.0
vn -0.25882 -0.965926 0.0
vn -0.25882 -0.965926 -0.0
vn -0.510204 0.136709 0.849119
vn -0.373495 0.373495 0.849119
vn -0.136708 0.510204 0.849119
vn -0.136708 -0.510204 0.849119
vn -0.373495 -0.373495 0.849119
vn -0.510204 -0.136709 0.849119
vn -0.258817 0.965926 0.0
vn -0.258817 0.965926 0.0
vn -0.707107 0.707106 0.0
vn -0.707107 0.707106 0.0
vn -0.965926 0.258819 0.0
vn -0.965926 0.258819 0.0
vn -0.965926 -0.258819 0.0
vn -0.965926 -0.258819 -0.0
vn -0.707107 -0.707106 0.0
vn -0.707107 -0.707106 -0.0
vn -0.258817 -0.965926 0.0
vn -0.258817 -0.965926 -0.0
vn -0.510203 0.136709 0.849119
vn -0.373496 0.373494 0.849119
vn -0.13671 0.510203 0.849119
vn -0.136709 -0.510204 0.849119
vn -0.373495 -0.373495 0.849119
vn -0.510203 -0.136709 0.849119
vn -0.258822 0.965925 0.0
vn -0.258822 0.965925 0.0
vn -0.707108 0.707105 0.0
vn -0.707108 0.707105 0.0
vn -0.965926 0.25882 0.0
vn -0.965926 0.25882 0.0
vn -0.965926 -0.25882 0.0
vn -0.965926 -0.25882 -0.0
vn -0.707107 -0.707107 0.0
vn -0.707107 -0.707107 -0.0
vn -0.258819 -0.965926 0.0
vn -0.258819 -0.965926 -0.0
vn -0.11675 0.511517 0.851305
vn -0.327126 0.410206 0.851305
vn -0.472712 0.227646 0.851305
vn -0.524671 0.0 0.851305
vn -0.472715 -0.227642 0.851305
vn -0.11675 -0.511517 0.851305
vn -0.327133 -0.410201 0.851304
vn -0.327126 -0.410206 0.851305
vn -0.472712 -0.227646 0.851305
vn -0.524671 0.0 0.851305
vn -0.472715 0.227642 0.851305
vn -0.327133 0.410201 0.851304
vn -0.222521 0.974928 0.0
vn -0.258818 0.965924 -0.001926
vn -0.623499 0.781823 0.001609
vn -0.623486 0.781832 0.001609
vn -0.707106 0.7071 -0.003216
vn -0.90097 0.433874 0.002578
vn -0.900966 0.433882 0.002578
vn -0.965918 0.258821 -0.003863
vn -0.999996 0.0 0.002902
vn -0.999996 0.0 0.002902
vn -0.965918 -0.258821 -0.003863
vn -0.900966 -0.433882 0.002578
vn -0.90097 -0.433874 0.002578
vn -0.707106 -0.7071 -0.003216
vn -0.623486 -0.781832 0.001609
vn -0.623499 -0.781823 0.001609
vn -0.258818 -0.965924 -0.001926
vn -0.222521 -0.974928 0.0
vn -0.510204 0.136708 0.849119
vn -0.373495 0.373495 0.849119
vn -0.136709 0.510204 0.849119
vn -0.136709 -0.510204 0.849119
vn -0.373495 -0.373495 0.849119
vn -0.510204 -0.136708 0.849119
vn -0.258819 0.965926 0.0
vn -0.258819 0.965926 0.0
vn -0.707106 0.707107 0.0
vn -0.707106 0.707107 0.0
vn -0.965926 0.258817 0.0
vn -0.965926 0.258817 -0.0
vn -0.965926 -0.258817 0.0
vn -0.965926 -0.258817 -0.0
vn -0.707106 -0.707107 0.0
vn -0.707106 -0.707107 -0.0
vn -0.258819 -0.965926 0.0
vn -0.258819 -0.965926 -0.0
vn -0.510203 0.13671 0.849119
vn -0.373496 0.373493 0.849119
vn -0.136708 0.510204 0.849119
vn -0.136708 -0.510204 0.849119
vn -0.373496 -0.373493 0.849119
vn -0.510203 -0.13671 0.849119
vn -0.258818 0.965926 0.0
vn -0.258818 0.965926 0.0
vn -0.70711 0.707104 0.0
vn -0.70711 0.707104 0.0
vn -0.965925 0.258822 0.0
vn -0.965925 0.258822 0.0
vn -0.965925 -0.258822 0.0
vn -0.965925 -0.258822 -0.0
vn -0.70711 -0.707104 0.0
vn -0.70711 -0.707104 -0.0
vn -0.258818 -0.965926 0.0
vn -0.258818 -0.965926 -0.0
vn -0.510203 0.136709 0.849119
vn -0.373495 0.373495 0.849119
vn -0.136709 0.510204 0.849119
vn -0.13671 -0.510203 0.849119
vn -0.373496 -0.373494 0.849119
vn -0.510203 -0.136709 0.849119
vn -0.258819 0.965926 0.0
vn -0.258819 0.965926 0.0
vn -0.707107 0.707107 0.0
vn -0.707107 0.707107 0.0
vn -0.965926 0.25882 0.0
vn -0.965926 0.25882 0.0
vn -0.965926 -0.25882 0.0
vn -0.965926 -0.25882 -0.0
vn -0.707108 -0.707105 0.0
vn -0.707108 -0.707105 -0.0
vn -0.258822 -0.965925 0.0
vn -0.258822 -0.965925 -0.0
vn 0.707107 -0.707107 0.0
vn 0.707107 -0.707107 0.0
vn 0.707107 -0.707107 0.0
vn 0.707107 -0.707107 0.0
vn -0.707107 0.707107 0.0
vn -0.707107 0.707107 0.0
vn -0.707107 0.707107 0.0
vn -0.707107 0.707107 0.0
vn 0.007827 -0.995998 0.089033
vn 0.007819 -0.995998 0.089035
vn 0.058637 -0.994308 0.088955
vn 0.058638 -0.994308 0.088954
vn 0.144214 -0.98554 0.088954
vn 0.144214 -0.98554 0.088955
vn 0.228715 -0.969421 0.088955
vn 0.228715 -0.969421 0.088955
vn 0.228715 -0.969421 0.088955
vn 0.311509 -0.94607 0.088955
vn 0.31151 -0.94607 0.088954
vn 0.391981 -0.915662 0.088954
vn 0.39198 -0.915663 0.088955
vn 0.391981 -0.915662 0.088955
vn 0.469528 -0.878425 0.088955
vn 0.469529 -0.878425 0.088954
vn 0.543573 -0.834635 0.088954
vn 0.543572 -0.834635 0.088955
vn 0.543572 -0.834636 0.088955
vn 0.613564 -0.784619 0.088955
vn 0.613563 -0.784619 0.088955
vn 0.678976 -0.728751 0.088955
vn 0.678977 -0.72875 0.088954
vn 0.739326 -0.667446 0.088954
vn 0.739325 -0.667447 0.088954
vn 0.739325 -0.667447 0.088954
vn 0.79416 -0.601163 0.088954
vn 0.79416 -0.601164 0.088955
vn 0.84307 -0.530396 0.088955
vn 0.84307 -0.530396 0.088955
vn 0.843069 -0.530397 0.088954
vn 0.885692 -0.455672 0.088954
vn 0.885692 -0.455672 0.088954
vn 0.921707 -0.377549 0.088954
vn 0.921707 -0.37755 0.088954
vn 0.921709 -0.377544 0.088955
vn 0.950846 -0.296612 0.088955
vn 0.950847 -0.296611 0.088954
vn 0.972894 -0.213459 0.088954
vn 0.972893 -0.21346 0.088955
vn 0.987683 -0.128719 0.088955
vn 0.987684 -0.128716 0.088955
vn 0.987684 -0.128715 0.088955
vn 0.995106 -0.043013 0.088955
vn 0.995107 -0.043012 0.088955
vn 0.995106 0.043013 0.088955
vn 0.995107 0.043012 0.088955
vn 0.995106 0.043013 0.088955
vn 0.987684 0.128716 0.088955
vn 0.987684 0.128716 0.088955
vn 0.972894 0.213459 0.088955
vn 0.972894 0.21346 0.088955
vn 0.972896 0.213448 0.088954
vn 0.950846 0.296612 0.088954
vn 0.950847 0.296611 0.088955
vn 0.921707 0.377549 0.088955
vn 0.921707 0.37755 0.088954
vn 0.885691 0.455674 0.088954
vn 0.885692 0.455672 0.088954
vn 0.885692 0.455672 0.088954
vn 0.84307 0.530396 0.088954
vn 0.84307 0.530396 0.088955
vn 0.79416 0.601163 0.088955
vn 0.79416 0.601164 0.088955
vn 0.794161 0.601162 0.088954
vn 0.739325 0.667447 0.088954
vn 0.739325 0.667447 0.088954
vn 0.678977 0.728751 0.088954
vn 0.678977 0.72875 0.088954
vn 0.67896 0.728767 0.088955
vn 0.613564 0.784619 0.088955
vn 0.613563 0.784619 0.088955
vn 0.543573 0.834635 0.088955
vn 0.543572 0.834635 0.088954
vn 0.469526 0.878426 0.088954
vn 0.469529 0.878425 0.088955
vn 0.469528 0.878425 0.088955
vn 0.391981 0.915662 0.088955
vn 0.39198 0.915663 0.088954
vn 0.311508 0.946071 0.088954
vn 0.31151 0.94607 0.088955
vn 0.311511 0.94607 0.088955
vn 0.007571 -0.964416 0.26428
vn 0.007575 -0.964417 0.264279
vn 0.056782 -0.962834 0.264057
vn 0.056781 -0.962834 0.264058
vn 0.139649 -0.954344 0.264058
vn 0.139649 -0.954344 0.264057
vn 0.221475 -0.938734 0.264057
vn 0.221474 -0.938734 0.264058
vn 0.301649 -0.916123 0.264058
vn 0.301649 -0.916123 0.264058
vn 0.379572 -0.886678 0.264058
vn 0.379573 -0.886678 0.264058
vn 0.454666 -0.850619 0.264058
vn 0.454665 -0.850619 0.264059
vn 0.526366 -0.808215 0.264059
vn 0.526367 -0.808215 0.264058
vn 0.594141 -0.759783 0.264058
vn 0.594142 -0.759782 0.264058
vn 0.657485 -0.705682 0.264058
vn 0.657483 -0.705683 0.264059
vn 0.715922 -0.646319 0.264059
vn 0.715923 -0.646319 0.264058
vn 0.769021 -0.582134 0.264059
vn 0.769021 -0.582134 0.264058
vn 0.816383 -0.513606 0.264058
vn 0.816383 -0.513607 0.264058
vn 0.857656 -0.441248 0.264058
vn 0.857656 -0.441248 0.264058
vn 0.892531 -0.365599 0.264058
vn 0.892531 -0.365598 0.264057
vn 0.920748 -0.287222 0.264057
vn 0.920748 -0.287222 0.264058
vn 0.942097 -0.206703 0.264058
vn 0.942098 -0.206703 0.264057
vn 0.956419 -0.124642 0.264057
vn 0.956419 -0.124642 0.264057
vn 0.963607 -0.041651 0.264057
vn 0.963607 -0.041651 0.264058
vn 0.963607 0.041651 0.264058
vn 0.963607 0.041652 0.264057
vn 0.956419 0.124642 0.264057
vn 0.956419 0.124642 0.264057
vn 0.942097 0.206703 0.264057
vn 0.942097 0.206702 0.264058
vn 0.920748 0.287222 0.264058
vn 0.920748 0.287222 0.264057
vn 0.892531 0.365599 0.264057
vn 0.892531 0.365598 0.264058
vn 0.857656 0.441248 0.264058
vn 0.857656 0.441248 0.264058
vn 0.816383 0.513606 0.264058
vn 0.816383 0.513607 0.264058
vn 0.769021 0.582134 0.264058
vn 0.769021 0.582134 0.264058
vn 0.715922 0.646319 0.264059
vn 0.715923 0.646319 0.264059
vn 0.657484 0.705682 0.264059
vn 0.657484 0.705683 0.264058
vn 0.594141 0.759783 0.264058
vn 0.594142 0.759782 0.264058
vn 0.526366 0.808216 0.264058
vn 0.526367 0.808215 0.264059
vn 0.454666 0.850619 0.264059
vn 0.454665 0.850619 0.264058
vn 0.379572 0.886678 0.264058
vn 0.379573 0.886678 0.264058
vn 0.301649 0.916123 0.264058
vn 0.301649 0.916123 0.264058
vn 0.221475 0.938734 0.264058
vn 0.221474 0.938735 0.264057
vn 0.139649 0.954344 0.264057
vn 0.04922 0.963275 0.263967
vn 0.049219 0.963275 0.263967
vn 0.049219 0.963275 0.263967
vn 0.139649 0.954344 0.264058
vn 0.228715 0.969421 0.088955
vn 0.228715 0.969421 0.088955
vn 0.144214 0.98554 0.088955
vn 0.144214 0.98554 0.088954
vn 0.050837 0.99474 0.088921
vn 0.050826 0.994741 0.088921
vn 0.050827 0.994741 0.088921
vn 0.625193 0.633596 0.45573
vn 0.963187 0.268831 0.0
vn 0.25703 0.966404 0.0
vn 0.25703 0.966404 -0.0
vn 0.703875 0.710323 0.0
vn 0.703166 0.711026 -0.000135
vn 0.963488 0.267751 -0.000152
vn 0.0 0.0 1.0
vn 0.0 0.0 1.0
vn 0.0 0.0 1.0
vn 0.0 0.0 1.0
vn 0.0 -0.0 1.0
vn 0.0 -0.0 1.0
vn 0.084821 0.694647 0.714333
vn 0.084742 0.695188 0.713816
vn 0.084263 0.698399 0.710731
vn -0.084821 0.694647 0.714333
vn -0.084265 0.698407 0.710723
vn -0.083896 0.695358 0.71375
vn -0.085917 0.703624 0.70536
vn -0.224009 0.672577 0.705308
vn -0.224009 0.672578 0.705308
vn -0.224009 0.672577 0.705308
vn -0.354046 0.614159 0.705308
vn -0.354047 0.614161 0.705307
vn -0.354046 0.61416 0.705308
vn -0.469766 0.530906 0.705308
vn -0.469766 0.530906 0.705307
vn -0.469766 0.530906 0.705307
vn -0.566489 0.426183 0.705308
vn -0.566489 0.426183 0.705308
vn -0.566489 0.426183 0.705307
vn -0.640303 0.304226 0.705307
vn -0.640302 0.304225 0.705309
vn -0.640304 0.304225 0.705307
vn -0.688225 0.169965 0.705307
vn -0.688224 0.169965 0.705309
vn -0.688223 0.169965 0.70531
vn -0.708313 0.028831 0.70531
vn -0.708314 0.028832 0.705308
vn -0.708315 0.028832 0.705308
vn -0.699761 -0.113468 0.705308
vn -0.699762 -0.113468 0.705308
vn -0.699761 -0.113467 0.705308
vn -0.66291 -0.251178 0.705308
vn -0.66291 -0.251178 0.705309
vn -0.66291 -0.251178 0.705308
vn -0.599252 -0.378731 0.705308
vn -0.599251 -0.378731 0.705309
vn -0.599252 -0.378732 0.705308
vn -0.511361 -0.49097 0.705308
vn -0.511362 -0.490971 0.705306
vn -0.511361 -0.490969 0.705308
vn -0.40279 -0.583353 0.705308
vn -0.40279 -0.583353 0.705308
vn -0.40279 -0.583352 0.705308
vn -0.277931 -0.652146 0.705309
vn -0.277932 -0.652147 0.705307
vn -0.277931 -0.652145 0.705309
vn -0.141833 -0.694566 0.705309
vn -0.141833 -0.694566 0.705309
vn 0.141833 -0.694566 0.705309
vn -0.141833 -0.694567 0.705309
vn 0.0 -0.7089 0.705309
vn 0.0 -0.7089 0.705309
vn 0.0 -0.7089 0.705309
vn 0.141833 -0.694567 0.705309
vn 0.40279 -0.583353 0.705308
vn 0.141833 -0.694566 0.705309
vn 0.277932 -0.652145 0.705309
vn 0.277932 -0.652147 0.705307
vn 0.277931 -0.652146 0.705309
vn 0.40279 -0.583352 0.705309
vn 0.599253 -0.378732 0.705306
vn 0.402791 -0.583353 0.705307
vn 0.511361 -0.49097 0.705307
vn 0.511362 -0.49097 0.705307
vn 0.511361 -0.49097 0.705308
vn 0.599252 -0.378731 0.705308
vn 0.699762 -0.113468 0.705308
vn 0.599254 -0.378733 0.705306
vn 0.662912 -0.251179 0.705306
vn 0.662912 -0.251179 0.705306
vn 0.66291 -0.251179 0.705308
vn 0.699761 -0.113467 0.705308
vn 0.688226 0.169965 0.705306
vn 0.699761 -0.113468 0.705308
vn 0.708315 0.028832 0.705308
vn 0.708314 0.028832 0.705308
vn 0.708315 0.028832 0.705307
vn 0.688225 0.169965 0.705307
vn 0.566489 0.426183 0.705308
vn 0.688225 0.169965 0.705307
vn 0.640303 0.304225 0.705307
vn 0.640304 0.304226 0.705307
vn 0.640303 0.304225 0.705307
vn 0.566489 0.426183 0.705307
vn 0.354047 0.614161 0.705306
vn 0.56649 0.426184 0.705306
vn 0.469767 0.530908 0.705306
vn 0.469767 0.530908 0.705306
vn 0.469766 0.530906 0.705307
vn 0.354046 0.61416 0.705307
vn 0.354047 0.61416 0.705307
vn 0.224009 0.672578 0.705308
vn 0.224009 0.672578 0.705308
vn 0.224009 0.672577 0.705308
vn 0.085917 0.703624 0.70536
vn -0.258819 -0.965926 0.0
vn -0.258819 -0.965926 0.0
vn -0.707107 -0.707107 0.0
vn -0.707107 -0.707107 0.0
vn -0.965926 -0.258818 0.0
vn -0.965926 -0.258818 -0.0
vn -0.965926 0.258818 0.0
vn -0.965926 0.258818 0.0
vn -0.707107 0.707107 0.0
vn -0.707107 0.707107 0.0
vn -0.258819 0.965926 0.0
vn -0.258819 0.965926 0.0
vn 0.0 0.0 1.0
vn 0.0 0.0 1.0
vn 0.0 0.0 1.0
vn 0.0 -0.0 1.0
vn 0.0 0.0 1.0
vn 0.0 0.0 1.0
vn 0.0 -0.0 1.0
vn 0.0 0.0 1.0
vn -0.0 -0.0 1.0
vn 0.0 -0.0 1.0
vn -0.0 0.0 1.0
vn 0.0 0.0 1.0
vn 0.0 0.0 1.0
vn 0.0 0.0 1.0
vn 0.0 0.0 1.0
vn -0.0 0.0 1.0
vn 0.0 -0.0 1.0
vn -0.0 0.0 1.0
vn -0.0 0.0 1.0
vn 0.0 0.0 1.0
vn 0.0 0.0 1.0
vn 0.914136 -0.405407 0.0
vn 0.874108 -0.485673 0.007568
vn 0.983859 0.178948 -0.000236
vn 0.831706 0.555216 0.0
vn 0.914135 0.405407 0.001637
vn 0.891086 0.453801 0.00558
vn 0.949837 0.312745 0.000358
vn 0.937816 -0.347131 0.00123
vn 0.975885 -0.218286 -0.000428
vn 0.975886 -0.21828 -0.000428
vn 0.983859 0.178947 -0.000236
vn 0.999993 0.0 0.003635
vn 0.998879 0.04686 0.006726
vn 0.997556 -0.069857 0.001639
vn 0.951905 -3.7e-05 0.306394
vn 0.819152 0.573577 0.0
vn 0.819151 0.573578 0.0
vn 0.819152 0.573576 -0.0
vn 0.819152 0.573577 -0.0
vn 0.819152 -0.573576 -0.0
vn 0.819152 -0.573577 0.0
vn 0.819152 -0.573576 -0.0
vn 0.819152 -0.573577 0.0
vn -0.25882 -0.965926 0.0
vn -0.25882 -0.965926 0.0
vn -0.707106 -0.707108 0.0
vn -0.707106 -0.707108 0.0
vn -0.965926 -0.258819 0.0
vn -0.965926 -0.258819 0.0
vn -0.965926 0.258819 0.0
vn -0.965926 0.258819 0.0
vn -0.707107 0.707107 0.0
vn -0.707107 0.707107 0.0
vn -0.25882 0.965926 0.0
vn -0.25882 0.965926 -0.0
vn -0.25882 -0.965926 0.0
vn -0.25882 -0.965926 0.0
vn -0.707107 -0.707107 0.0
vn -0.707107 -0.707107 0.0
vn -0.965926 -0.258819 0.0
vn -0.965926 -0.258819 0.0
vn -0.965926 0.258819 0.0
vn -0.965926 0.258819 0.0
vn -0.707106 0.707108 0.0
vn -0.707106 0.707108 0.0
vn -0.25882 0.965926 0.0
vn -0.25882 0.965926 -0.0
vn -0.258819 -0.965926 0.0
vn -0.258819 -0.965926 0.0
vn -0.707107 -0.707107 0.0
vn -0.707107 -0.707107 0.0
vn -0.965926 -0.258818 0.0
vn -0.965926 -0.258818 -0.0
vn -0.965926 0.258818 0.0
vn -0.965926 0.258818 0.0
vn -0.707107 0.707107 0.0
vn -0.707107 0.707107 0.0
vn -0.258819 0.965926 0.0
vn -0.258819 0.965926 0.0
vn 0.0 0.0 1.0
vn 0.0 0.0 1.0
vn 0.0 0.0 1.0
vn 0.0 0.0 1.0
vn 0.0 0.0 1.0
vn 0.0 0.0 1.0
vn 0.0 0.0 1.0
vn 0.0 -0.0 1.0
vn 0.0 0.0 1.0
vn 0.0 -0.0 1.0
vn 0.0 0.0 1.0
vn 0.0 0.0 1.0
vn 0.0 0.0 1.0
vn 0.0 -0.0 1.0
vn 0.0 0.0 1.0
vn 0.0 -0.0 1.0
vn 0.0 -0.0 1.0
vn 0.0 0.0 1.0
vn -0.0 0.0 1.0
vn 0.0 -0.0 1.0
vn -0.0 0.0 1.0
vn 0.0 0.0 1.0
vn -0.0 0.0 1.0
vn 0.405407 0.914136 0.0
vn 0.491605 0.87078 0.00814
vn -0.196263 0.980551 -0.000345
vn -0.561887 0.827214 0.0
vn -0.405407 0.914136 0.0011
vn -0.466025 0.884749 0.006316
vn -0.326861 0.945072 0.000683
vn 0.353883 0.935289 0.001302
vn 0.217038 0.976163 -0.00043
vn 0.0 1.0 -0.00042
vn 0.205122 0.978576 0.017717
vn 0.082323 0.996568 0.008703
vn 0.082321 0.996568 0.008703
vn 0.000446 0.951282 0.308322
vn -0.162237 0.986752 -0.000345
vn -0.06587 0.997826 0.002017
vn 0.008288 0.999952 0.005253
vn -0.573577 0.819152 0.0
vn -0.573576 0.819152 -0.0
vn -0.573576 0.819152 -0.0
vn -0.573577 0.819152 -0.0
vn 0.573576 0.819152 0.0
vn 0.573576 0.819152 -0.0
vn 0.573577 0.819152 0.0
vn 0.573576 0.819152 0.0
vn 0.0 0.0 1.0
vn 0.0 0.0 1.0
vn 0.0 0.0 1.0
vn 0.0 0.0 1.0
vn 0.0 0.0 1.0
vn 0.0 0.0 1.0
vn 0.0 0.0 1.0
vn 0.0 0.0 1.0
vn 0.0 0.0 1.0
vn 0.0 -0.0 1.0
vn 0.0 0.0 1.0
vn 0.0 -0.0 1.0
vn 0.0 -0.0 1.0
vn 0.0 -0.0 1.0
vn 0.0 0.0 1.0
vn -0.0 0.0 1.0
vn 0.0 0.0 1.0
vn -0.0 0.0 1.0
vn -0.0 0.0 1.0
vn 0.0 0.0 1.0
vn 0.0 0.0 1.0
vn -0.914136 0.405407 0.0
vn -0.874108 0.485673 0.007568
vn -0.983859 -0.178948 -0.000236
vn -0.831701 -0.555224 0.0
vn -0.914135 -0.405407 0.001638
vn -0.891087 -0.453798 0.00558
vn -0.949837 -0.312745 0.000358
vn -0.937816 0.347131 0.00123
vn -0.975885 0.218286 -0.000428
vn -0.975884 0.218287 -0.000428
vn -0.983858 -0.178951 -0.000236
vn -0.999993 0.0 0.003635
vn -0.998879 -0.046856 0.006726
vn -0.997556 0.069854 0.001639
vn -0.951907 3.6e-05 0.306387
vn -0.819152 -0.573576 0.0
vn -0.819151 -0.573578 0.0
vn -0.819152 -0.573577 0.0
vn -0.819152 -0.573577 -0.0
vn -0.819152 0.573576 0.0
vn -0.819152 0.573576 -0.0
vn -0.819152 0.573577 0.0
vn -0.819152 0.573576 0.0
vn 0.0 -0.0 1.0
vn -0.0 0.0 1.0
vn 0.0 -0.0 1.0
vn 0.0 -0.0 1.0
vn 0.0 0.0 1.0
vn 0.0 0.0 1.0
vn 0.0 -0.0 1.0
vn 0.0 0.0 1.0
vn 0.0 0.0 1.0
vn 0.0 0.0 1.0
vn 0.0 -0.0 1.0
vn 0.0 0.0 1.0
vn 0.0 -0.0 1.0
vn 0.0 0.0 1.0
vn 0.0 0.0 1.0
vn 0.0 0.0 1.0
vn 0.0 0.0 1.0
vn 0.0 0.0 1.0
vn 0.0 0.0 1.0
vn -0.0 0.0 1.0
vn 0.0 0.0 1.0
vn -0.0 0.0 1.0
vn 0.0 0.0 1.0
vn -0.0 0.0 1.0
vn 0.561887 -0.827214 0.0
vn 0.442289 -0.896872 0.000852
vn 0.470563 -0.882362 0.002759
vn 0.066284 -0.997801 0.0
vn 0.066293 -0.9978 0.0
vn 0.194057 -0.980985 0.003357
vn 0.152123 -0.988361 0.001135
vn 0.327932 -0.944701 -0.000438
vn 0.327928 -0.944703 -0.000438
vn 0.573577 -0.819152 0.0
vn 0.573576 -0.819152 -0.0
vn 0.573576 -0.819152 -0.0
vn 0.573576 -0.819152 -0.0
vn -0.573576 -0.819152 0.0
vn -0.573576 -0.819152 -0.0
vn -0.573577 -0.819152 0.0
vn -0.573576 -0.819152 -0.0
vn -0.560449 0.784959 0.264077
vn -0.041161 0.995184 0.088962
vn -0.039864 0.963677 0.264077
vn -0.039859 0.963677 0.264079
vn -0.039857 0.963678 0.264076
vn -0.119301 0.957095 0.264077
vn -0.119303 0.957094 0.264078
vn -0.19793 0.943974 0.264078
vn -0.197931 0.943974 0.264078
vn -0.19793 0.943974 0.264078
vn -0.275207 0.924405 0.264078
vn -0.275207 0.924405 0.264078
vn -0.350603 0.898521 0.264078
vn -0.350604 0.898521 0.264077
vn -0.350604 0.898521 0.264078
vn -0.423606 0.866499 0.264078
vn -0.423606 0.866499 0.264078
vn -0.493715 0.828559 0.264077
vn -0.493714 0.828559 0.264078
vn -0.493714 0.828559 0.264078
vn -0.682006 0.682006 0.264077
vn -0.623356 0.735996 0.264077
vn -0.623357 0.735995 0.264078
vn -0.623357 0.735995 0.264078
vn -0.560449 0.784958 0.264078
vn -0.784958 0.56045 0.264078
vn -0.735996 0.623356 0.264078
vn -0.735996 0.623357 0.264077
vn -0.735996 0.623357 0.264077
vn -0.682006 0.682006 0.264077
vn -0.866499 0.423606 0.264078
vn -0.82856 0.493712 0.264078
vn -0.828559 0.493714 0.264077
vn -0.828559 0.493714 0.264077
vn -0.784958 0.56045 0.264077
vn -0.924405 0.275207 0.264078
vn -0.898521 0.350604 0.264078
vn -0.898521 0.350604 0.264077
vn -0.898521 0.350604 0.264077
vn -0.866499 0.423606 0.264077
vn -0.957095 -0.119301 0.264077
vn -0.963678 -0.039858 0.264077
vn -0.963678 -0.039859 0.264077
vn -0.963677 0.039858 0.264077
vn -0.963678 0.039859 0.264077
vn -0.957095 0.119303 0.264077
vn -0.957094 0.119301 0.264078
vn -0.943974 0.197928 0.264079
vn -0.943974 0.197931 0.264078
vn -0.943974 0.197931 0.264077
vn -0.924405 0.275207 0.264077
vn -0.924405 -0.275207 0.264077
vn -0.943974 -0.197931 0.264077
vn -0.943974 -0.197931 0.264078
vn -0.943974 -0.197928 0.264079
vn -0.957094 -0.119303 0.264079
vn -0.8665 -0.423606 0.264077
vn -0.898521 -0.350604 0.264077
vn -0.898521 -0.350604 0.264077
vn -0.898521 -0.350604 0.264078
vn -0.924405 -0.275207 0.264078
vn -0.784958 -0.56045 0.264078
vn -0.828559 -0.493714 0.264077
vn -0.828559 -0.493714 0.264077
vn -0.82856 -0.493712 0.264078
vn -0.866499 -0.423606 0.264078
vn -0.682006 -0.682006 0.264077
vn -0.735996 -0.623357 0.264077
vn -0.735996 -0.623357 0.264077
vn -0.735996 -0.623356 0.264078
vn -0.784958 -0.56045 0.264078
vn -0.623357 -0.735995 0.264078
vn -0.623356 -0.735996 0.264077
vn -0.682006 -0.682006 0.264077
vn -0.623357 -0.735995 0.264078
vn -0.560449 -0.784959 0.264078
vn -0.560449 -0.784958 0.264077
vn -0.493714 -0.828559 0.264077
vn -0.493714 -0.828558 0.264078
vn -0.493714 -0.828559 0.264078
vn -0.423606 -0.866499 0.264078
vn -0.423606 -0.866499 0.264078
vn -0.350604 -0.898521 0.264078
vn -0.350604 -0.898521 0.264077
vn -0.350603 -0.898521 0.264078
vn -0.275207 -0.924405 0.264078
vn -0.275207 -0.924405 0.264078
vn -0.19793 -0.943974 0.264078
vn -0.197931 -0.943974 0.264078
vn -0.19793 -0.943974 0.264078
vn -0.119301 -0.957094 0.264078
vn -0.119303 -0.957095 0.264077
vn -0.041162 0.995184 0.088963
vn -0.123203 0.988386 0.088963
vn -0.123202 0.988386 0.088961
vn -0.204401 0.974836 0.088961
vn -0.204402 0.974836 0.088962
vn -0.284205 0.954627 0.088962
vn -0.284205 0.954627 0.088961
vn -0.362066 0.927898 0.088961
vn -0.362067 0.927897 0.088961
vn -0.437455 0.894829 0.088961
vn -0.437455 0.894829 0.088961
vn -0.509855 0.855648 0.088961
vn -0.509856 0.855647 0.088963
vn -0.578773 0.810622 0.088963
vn -0.578772 0.810622 0.088962
vn -0.643737 0.760059 0.088962
vn -0.643737 0.760058 0.088963
vn -0.704303 0.704303 0.088963
vn -0.704303 0.704303 0.088962
vn -0.760059 0.643737 0.088962
vn -0.760058 0.643737 0.088962
vn -0.810622 0.578773 0.088962
vn -0.810622 0.578773 0.088961
vn -0.855648 0.509856 0.088961
vn -0.855648 0.509855 0.088962
vn -0.894829 0.437455 0.088962
vn -0.894829 0.437455 0.088962
vn -0.927897 0.362066 0.088962
vn -0.927897 0.362067 0.088961
vn -0.954627 0.284205 0.088961
vn -0.954628 0.284204 0.088961
vn -0.974836 0.204402 0.088961
vn -0.974836 0.204403 0.088961
vn -0.988386 0.123203 0.088961
vn -0.988386 0.123202 0.088963
vn -0.995184 0.041161 0.088963
vn -0.995184 0.041162 0.088962
vn -0.995184 -0.041161 0.088962
vn -0.995184 -0.041162 0.088963
vn -0.988386 -0.123203 0.088963
vn -0.988386 -0.123202 0.088961
vn -0.974836 -0.204402 0.088961
vn -0.974836 -0.204403 0.088961
vn -0.954627 -0.284205 0.088961
vn -0.954628 -0.284204 0.088961
vn -0.927898 -0.362066 0.088961
vn -0.927897 -0.362067 0.088962
vn -0.894829 -0.437455 0.088962
vn -0.894829 -0.437455 0.088962
vn -0.855648 -0.509856 0.088962
vn -0.855648 -0.509855 0.088961
vn -0.810622 -0.578773 0.088961
vn -0.810622 -0.578773 0.088962
vn -0.760059 -0.643737 0.088962
vn -0.760058 -0.643737 0.088962
vn -0.704304 -0.704303 0.088962
vn -0.704303 -0.704303 0.088963
vn -0.643736 -0.760059 0.088963
vn -0.643737 -0.760058 0.088962
vn -0.578773 -0.810622 0.088962
vn -0.578772 -0.810622 0.088963
vn -0.509855 -0.855648 0.088963
vn -0.509856 -0.855648 0.088961
vn -0.437455 -0.894829 0.088961
vn -0.437455 -0.894829 0.088961
vn -0.362066 -0.927898 0.088961
vn -0.362067 -0.927898 0.088961
vn -0.284205 -0.954627 0.088961
vn -0.284205 -0.954627 0.088962
vn -0.204401 -0.974836 0.088962
vn -0.204402 -0.974836 0.088961
vn -0.123203 -0.988386 0.088961
vn -0.123202 -0.988386 0.088963
vn -0.041161 -0.995184 0.088963
vn -0.041162 -0.995184 0.088962
vn -0.039857 -0.963678 0.264076
vn -0.039859 -0.963677 0.264079
vn -0.039864 -0.963677 0.264077
vn -0.25882 -0.965926 0.0
vn -0.25882 -0.965926 0.0
vn -0.707106 -0.707108 0.0
vn -0.707106 -0.707108 0.0
vn -0.965926 -0.25882 0.0
vn -0.965926 -0.25882 0.0
vn -0.965926 0.258819 0.0
vn -0.965926 0.258819 0.0
vn -0.707106 0.707108 0.0
vn -0.707106 0.707108 0.0
vn -0.25882 0.965926 0.0
vn -0.25882 0.965926 0.0
vn 0.0 0.0 -1.0
vn -0.0 0.0 -1.0
vn 0.0 -0.0 -1.0
vn -0.0 0.0 -1.0
vn 0.0 0.0 -1.0
vn -0.0 0.0 -1.0
vn 0.0 0.0 -1.0
vn 0.0 -0.0 -1.0
vn 0.0 0.0 -1.0
vn 0.0 -0.0 -1.0
vn -0.846724 -0.532032 0.0
vn -0.846724 -0.532032 0.0
vn -0.993712 -0.111966 0.0
vn -0.993712 -0.111966 0.0
vn -0.943883 0.33028 0.0
vn -0.943883 0.33028 0.0
vn -0.707107 0.707107 0.0
vn -0.707107 0.707107 0.0
vn -0.33028 0.943883 0.0
vn -0.33028 0.943883 0.0
vn 0.111966 0.993712 0.0
vn 0.111966 0.993712 -0.0
vn 0.532032 0.846724 0.0
vn 0.532032 0.846724 -0.0
vn -0.707106 -0.707107 0.0
vn -0.707106 -0.707107 0.0
vn 0.85264 0.5225 0.0
vn 0.85264 0.5225 -0.0
vn 0.996917 0.078458 0.0
vn 0.996917 0.078458 -0.0
vn 0.92388 -0.382683 0.0
vn 0.92388 -0.382683 0.0
vn 0.649448 -0.760406 0.0
vn 0.649448 -0.760406 0.0
vn 0.233446 -0.97237 0.0
vn 0.233446 -0.97237 0.0
vn 0.707107 0.707106 -0.0
vn 0.707107 0.707106 -0.0
vn 0.0 0.0 -1.0
vn 0.0 0.0 -1.0
vn 0.0 -0.0 -1.0
vn 0.0 0.0 -1.0
vn 0.0 0.0 -1.0
vn 0.0 0.0 -1.0
vn 0.0 0.0 -1.0
vn 0.0 0.0 -1.0
vn -0.0 0.0 -1.0
vn -0.0 0.0 -1.0
vn 0.0 0.0 -1.0
vn -0.0 0.0 -1.0
vn 0.0 0.0 -1.0
vn 0.0 0.0 -1.0
vn 0.093915 -0.093915 -0.991141
vn 0.088383 -0.089298 -0.992076
vn 0.275654 -0.274694 -0.921172
vn 0.266216 -0.265924 -0.926506
vn 0.275318 -0.275026 -0.921174
vn 0.265651 -0.266539 -0.926492
vn 0.437341 -0.436457 -0.786281
vn 0.429084 -0.429866 -0.794419
vn 0.436509 -0.437291 -0.78628
vn 0.547221 -0.546601 -0.633859
vn 0.560778 -0.557733 -0.611933
vn 0.629306 -0.63254 -0.451516
vn 0.653069 -0.650451 -0.387832
vn 0.632181 -0.629575 -0.451643
vn 0.653357 -0.650152 -0.387849
vn 0.691064 -0.694276 -0.201023
vn 0.702483 -0.699291 -0.132325
vn 0.706694 -0.706695 -0.034145
vn -0.526802 0.523325 -0.669784
vn -0.526803 0.523326 -0.669782
vn -0.559927 0.563462 -0.607448
vn -0.59622 0.596474 -0.537346
vn -0.655553 0.654745 -0.376243
vn -0.430889 0.434208 -0.791074
vn -0.384175 0.380368 -0.841267
vn -0.272217 0.276011 -0.9218
vn -0.212099 0.21214 -0.953945
vn -0.27416 0.274234 -0.921755
vn -0.214027 0.210182 -0.953948
vn -0.091602 0.095434 -0.991212
vn -0.058926 0.061949 -0.996338
vn -0.092595 0.094474 -0.991212
vn -0.060434 0.060434 -0.996341
vn -0.651476 0.651757 -0.38832
vn -0.651477 0.651758 -0.388316
vn -0.654727 0.655543 -0.376293
vn -0.701284 0.700476 -0.132417
vn -0.701505 0.701505 -0.125627
vn 0.0 0.0 -1.0
vn 0.0 0.0 -1.0
vn -0.0 0.0 -1.0
vn 0.0 0.0 -1.0
vn -0.0 0.0 -1.0
vn -0.0 0.0 -1.0
vn 0.0 0.0 -1.0
vn -0.0 0.0 -1.0
vn 0.0 0.0 -1.0
vn 0.0 0.0 -1.0
vn 0.0 0.0 -1.0
vn 0.0 0.0 -1.0
vn 0.0 0.0 -1.0
vn 0.0 0.0 -1.0
vn -0.0 0.0 -1.0
vn 0.0 0.0 -1.0
vn 0.0 0.0 -1.0
vn 0.0 -0.0 -1.0
vn -0.0 0.0 -1.0
vn 0.0 -0.0 -1.0
vn 0.0 0.0 -1.0
vn 0.0 -0.0 -1.0
vn -0.707105 -0.707109 0.0
vn -0.707107 -0.707107 0.0
vn -0.707107 -0.707107 0.0
vn -0.707107 0.707107 0.0
vn -0.707107 0.707107 1e-06
vn -0.707105 0.707109 0.0
vn -0.707107 -0.707107 0.0
vn -0.707107 -0.707107 0.0
vn -0.707107 -0.707107 0.0
vn 0.0 -0.0 -1.0
vn 0.0 0.0 -1.0
vn 0.0 -0.0 -1.0
vn 0.0 0.0 -1.0
vn 0.0 -0.0 -1.0
vn 0.0 0.0 -1.0
vn 0.0 0.0 -1.0
vn 0.0 0.0 -1.0
vn 0.0 0.0 -1.0
vn 0.0 0.0 -1.0
vn 0.0 0.0 -1.0
vn -0.0 0.0 -1.0
vn 0.0 0.0 -1.0
vn 0.0 0.0 -1.0
vn -0.0 0.0 -1.0
vn 0.0 0.0 -1.0
vn -0.0 -0.0 -1.0
vn 0.0 0.0 -1.0
vn 0.0 -0.0 -1.0
vn -0.0 0.0 -1.0
vn 0.0 -0.0 -1.0
vn 0.0 -0.0 -1.0
vn 0.707106 -0.707108 0.0
vn 0.707107 -0.707107 -0.0
vn 0.707107 -0.707107 0.0
vn -0.555571 -0.831469 0.0
vn -0.555571 -0.831469 -0.0
vn -0.19509 -0.980785 0.0
vn -0.19509 -0.980785 -0.0
vn 0.19509 -0.980785 0.0
vn 0.19509 -0.980785 0.0
vn 0.555571 -0.831469 0.0
vn 0.555571 -0.831469 0.0
vn 0.555571 -0.831469 0.0
vn -0.831471 0.555569 0.0
vn -0.83147 0.55557 0.0
vn -0.83147 -0.555569 0.0
vn -0.83147 -0.555569 0.0
vn -0.980785 -0.19509 0.0
vn -0.980785 -0.19509 0.0
vn -0.980785 0.19509 0.0
vn -0.980785 0.19509 0.0
vn -0.831469 0.555571 0.0
vn -0.510203 -0.136707 -0.849119
vn -0.373494 -0.373494 -0.849119
vn -0.136707 -0.510203 -0.849119
vn -0.136707 0.510203 -0.849119
vn -0.373494 0.373494 -0.849119
vn -0.510203 0.136707 -0.849119
vn -0.258817 -0.965926 0.0
vn -0.258817 -0.965926 0.0
vn -0.707107 -0.707107 0.0
vn -0.707107 -0.707107 0.0
vn -0.965926 -0.258817 0.0
vn -0.965926 -0.258817 0.0
vn -0.965926 0.258817 0.0
vn -0.965926 0.258817 0.0
vn -0.707107 0.707107 0.0
vn -0.707107 0.707107 0.0
vn -0.258817 0.965926 0.0
vn -0.258817 0.965926 0.0
vn -0.510202 -0.13671 -0.84912
vn -0.373495 -0.373493 -0.84912
vn -0.136708 -0.510203 -0.84912
vn -0.136707 0.510203 -0.849119
vn -0.373496 0.373493 -0.84912
vn -0.510202 0.13671 -0.84912
vn -0.258818 -0.965926 0.0
vn -0.258818 -0.965926 0.0
vn -0.707108 -0.707105 0.0
vn -0.707108 -0.707105 0.0
vn -0.965925 -0.258822 0.0
vn -0.965925 -0.258822 0.0
vn -0.965925 0.258822 0.0
vn -0.965925 0.258822 0.0
vn -0.70711 0.707104 0.0
vn -0.70711 0.707104 0.0
vn -0.258816 0.965927 0.0
vn -0.258816 0.965927 0.0
f 1500//1 1510//1 1509//1 
f 1494//2 1500//2 1509//2 
f 1496//3 1500//3 1494//3 
f 1487//4 1496//4 1494//4 
f 1482//5 1487//5 1494//5 
f 1485//6 1487//6 1482//6 
f 1476//7 1485//7 1482//7 
f 1475//8 1476//8 1482//8 
f 1477//9 1476//9 1475//9 
f 1478//10 1477//10 1475//10 
f 1483//11 1478//11 1475//11 
f 1486//12 1478//12 1483//12 
f 1488//13 1486//13 1483//13 
f 1495//14 1488//14 1483//14 
f 1497//15 1488//15 1495//15 
f 1501//16 1497//16 1495//16 
f 1512//17 1501//17 1495//17 
f 1513//18 1501//18 1512//18 
f 1500//19 1511//19 1510//19 
f 1511//20 1496//20 1487//20 
f 1511//21 1485//21 1476//21 
f 1511//22 1477//22 1478//22 
f 1511//23 1486//23 1488//23 
f 1513//24 1511//24 1501//24 
f 1511//25 1497//25 1501//25 
f 1511//26 1488//26 1497//26 
f 1511//27 1478//27 1486//27 
f 1511//28 1476//28 1477//28 
f 1511//29 1487//29 1485//29 
f 1511//30 1500//30 1496//30 
f 1102//31 1112//31 1111//31 
f 1101//32 1102//32 1111//32 
f 1092//33 1102//33 1101//33 
f 1091//34 1092//34 1101//34 
f 1086//35 1092//35 1091//35 
f 1085//36 1086//36 1091//36 
f 1094//37 1086//37 1085//37 
f 1093//38 1094//38 1085//38 
f 1104//39 1094//39 1093//39 
f 1103//40 1104//40 1093//40 
f 1115//41 1104//41 1103//41 
f 1114//42 1115//42 1103//42 
f 1086//43 1113//43 1092//43 
f 1113//44 1102//44 1092//44 
f 1113//45 1112//45 1102//45 
f 1115//46 1113//46 1104//46 
f 1113//47 1094//47 1104//47 
f 1113//48 1086//48 1094//48 
f 1490//49 1459//49 1458//49 
f 1489//50 1490//50 1458//50 
f 1508//51 1490//51 1489//51 
f 1507//52 1508//52 1489//52 
f 338//53 380//53 379//53 
f 337//54 338//54 379//54 
f 316//55 338//55 337//55 
f 315//56 316//56 337//56 
f 302//57 316//57 315//57 
f 301//58 302//58 315//58 
f 318//59 302//59 301//59 
f 317//60 318//60 301//60 
f 340//61 318//61 317//61 
f 339//62 340//62 317//62 
f 382//63 340//63 339//63 
f 381//64 382//64 339//64 
f 827//65 790//65 788//65 
f 832//66 792//66 790//66 
f 834//67 792//67 832//67 
f 900//68 834//68 832//68 
f 902//69 834//69 900//69 
f 905//70 902//70 900//70 
f 945//71 905//71 900//71 
f 947//72 905//72 945//72 
f 986//73 947//73 945//73 
f 988//74 947//74 986//74 
f 997//75 988//75 986//75 
f 1067//76 997//76 986//76 
f 1069//77 997//77 1067//77 
f 1142//78 1069//78 1067//78 
f 1151//79 1142//79 1067//79 
f 1153//80 1142//80 1151//80 
f 1229//81 1153//81 1151//81 
f 1233//82 1153//82 1229//82 
f 1463//83 1474//83 1479//83 
f 1388//84 1474//84 1463//84 
f 1439//85 1388//85 1463//85 
f 1434//86 1388//86 1439//86 
f 1388//87 1434//87 1421//87 
f 1401//88 1388//88 1421//88 
f 1400//89 1388//89 1401//89 
f 1299//90 1233//90 1229//90 
f 1334//91 1299//91 1229//91 
f 1336//92 1299//92 1334//92 
f 1388//93 1336//93 1334//93 
f 1390//94 1336//94 1388//94 
f 1400//95 1390//95 1388//95 
f 1391//96 1390//96 1400//96 
f 1556//97 1563//97 1545//97 
f 1539//98 1556//98 1545//98 
f 1535//99 1556//99 1539//99 
f 1556//100 1535//100 1514//100 
f 1505//101 1556//101 1514//101 
f 1474//102 1556//102 1505//102 
f 1491//103 1474//103 1505//103 
f 1479//104 1474//104 1491//104 
f 1570//105 1563//105 1556//105 
f 1601//106 1570//106 1556//106 
f 1603//107 1570//107 1601//107 
f 1617//108 1603//108 1601//108 
f 1619//109 1603//109 1617//109 
f 1622//110 1619//110 1617//110 
f 1631//111 1622//111 1617//111 
f 1637//112 1622//112 1631//112 
f 1646//113 1637//113 1631//113 
f 1648//114 1637//114 1646//114 
f 1651//115 1648//115 1646//115 
f 1658//116 1651//116 1646//116 
f 1664//117 1651//117 1658//117 
f 1668//118 1664//118 1658//118 
f 1671//119 1664//119 1668//119 
f 1674//120 1671//120 1668//120 
f 1677//121 1674//121 1668//121 
f 1680//122 1674//122 1677//122 
f 1678//123 1680//123 1677//123 
f 1683//124 1680//124 1678//124 
f 1681//125 1683//125 1678//125 
f 1676//126 1681//126 1678//126 
f 1679//127 1681//127 1676//127 
f 1672//128 1679//128 1676//128 
f 1667//129 1672//129 1676//129 
f 1670//130 1672//130 1667//130 
f 1657//131 1670//131 1667//131 
f 1663//132 1670//132 1657//132 
f 1649//133 1663//133 1657//133 
f 1645//134 1649//134 1657//134 
f 1647//135 1649//135 1645//135 
f 1630//136 1647//136 1645//136 
f 1636//137 1647//137 1630//137 
f 1620//138 1636//138 1630//138 
f 1616//139 1620//139 1630//139 
f 1618//140 1620//140 1616//140 
f 1600//141 1618//141 1616//141 
f 1602//142 1618//142 1600//142 
f 1568//143 1602//143 1600//143 
f 1555//144 1568//144 1600//144 
f 1562//145 1568//145 1555//145 
f 1473//146 1562//146 1555//146 
f 1484//147 1562//147 1473//147 
f 1408//148 1484//148 1473//148 
f 1387//149 1408//149 1473//149 
f 1389//150 1408//150 1387//150 
f 1333//151 1389//151 1387//151 
f 1335//152 1389//152 1333//152 
f 1274//153 1335//153 1333//153 
f 1228//154 1274//154 1333//154 
f 1232//155 1274//155 1228//155 
f 1150//156 1232//156 1228//156 
f 1152//157 1232//157 1150//157 
f 1089//158 1152//158 1150//158 
f 1066//159 1089//159 1150//159 
f 1068//160 1089//160 1066//160 
f 985//161 1068//161 1066//161 
f 987//162 1068//162 985//162 
f 960//163 987//163 985//163 
f 944//164 960//164 985//164 
f 946//165 960//165 944//165 
f 899//166 946//166 944//166 
f 901//167 946//167 899//167 
f 880//168 901//168 899//168 
f 831//169 880//169 899//169 
f 833//170 880//170 831//170 
f 789//171 833//171 831//171 
f 791//172 833//172 789//172 
f 832//173 790//173 827//173 
f 898//174 832//174 827//174 
f 900//175 832//175 898//175 
f 943//176 900//176 898//176 
f 945//177 900//177 943//177 
f 976//178 945//178 943//178 
f 986//179 945//179 976//179 
f 1064//180 986//180 976//180 
f 1067//181 986//181 1064//181 
f 1145//182 1067//182 1064//182 
f 1151//183 1067//183 1145//183 
f 1213//184 1151//184 1145//184 
f 1229//185 1151//185 1213//185 
f 1323//186 1229//186 1213//186 
f 1334//187 1229//187 1323//187 
f 1377//188 1334//188 1323//188 
f 1388//189 1334//189 1377//189 
f 1452//190 1388//190 1377//190 
f 1474//191 1388//191 1452//191 
f 1542//192 1474//192 1452//192 
f 1556//193 1474//193 1542//193 
f 1584//194 1556//194 1542//194 
f 1601//195 1556//195 1584//195 
f 1609//196 1601//196 1584//196 
f 1617//197 1601//197 1609//197 
f 1629//198 1617//198 1609//198 
f 1631//199 1617//199 1629//199 
f 1643//200 1631//200 1629//200 
f 1646//201 1631//201 1643//201 
f 1654//202 1646//202 1643//202 
f 1658//203 1646//203 1654//203 
f 1662//204 1658//204 1654//204 
f 1668//205 1658//205 1662//205 
f 1666//206 1668//206 1662//206 
f 1677//207 1668//207 1666//207 
f 1669//208 1677//208 1666//208 
f 1678//209 1677//209 1669//209 
f 1665//210 1678//210 1669//210 
f 1676//211 1678//211 1665//211 
f 1661//212 1676//212 1665//212 
f 1667//213 1676//213 1661//213 
f 1653//214 1667//214 1661//214 
f 1657//215 1667//215 1653//215 
f 1642//216 1657//216 1653//216 
f 1645//217 1657//217 1642//217 
f 1628//218 1645//218 1642//218 
f 1630//219 1645//219 1628//219 
f 1608//220 1630//220 1628//220 
f 1616//221 1630//221 1608//221 
f 1583//222 1616//222 1608//222 
f 1600//223 1616//223 1583//223 
f 1541//224 1600//224 1583//224 
f 1555//225 1600//225 1541//225 
f 1451//226 1555//226 1541//226 
f 1473//227 1555//227 1451//227 
f 1376//228 1473//228 1451//228 
f 1387//229 1473//229 1376//229 
f 1322//230 1387//230 1376//230 
f 1333//231 1387//231 1322//231 
f 1212//232 1333//232 1322//232 
f 1228//233 1333//233 1212//233 
f 1144//234 1228//234 1212//234 
f 1150//235 1228//235 1144//235 
f 1063//236 1150//236 1144//236 
f 1066//237 1150//237 1063//237 
f 975//238 1066//238 1063//238 
f 985//239 1066//239 975//239 
f 942//240 985//240 975//240 
f 944//241 985//241 942//241 
f 897//242 944//242 942//242 
f 899//243 944//243 897//243 
f 826//244 899//244 897//244 
f 831//245 899//245 826//245 
f 787//246 831//246 826//246 
f 789//247 831//247 787//247 
f 884//248 865//248 883//248 
f 820//249 863//249 843//249 
f 865//250 884//250 875//250 
f 864//251 865//251 875//251 
f 801//252 865//252 864//252 
f 863//253 801//253 864//253 
f 801//254 863//254 820//254 
f 804//255 801//255 820//255 
f 777//256 801//256 804//256 
f 61//257 72//257 71//257 
f 60//258 61//258 71//258 
f 55//259 61//259 60//259 
f 54//260 55//260 60//260 
f 52//261 55//261 54//261 
f 53//262 52//262 54//262 
f 57//263 52//263 53//263 
f 56//264 57//264 53//264 
f 63//265 57//265 56//265 
f 62//266 63//266 56//266 
f 74//267 63//267 62//267 
f 73//268 74//268 62//268 
f 704//269 799//269 802//269 
f 703//270 704//270 802//270 
f 690//271 704//271 703//271 
f 689//272 690//272 703//272 
f 684//273 690//273 689//273 
f 683//274 684//274 689//274 
f 692//275 684//275 683//275 
f 691//276 692//276 683//276 
f 706//277 692//277 691//277 
f 705//278 706//278 691//278 
f 800//279 706//279 705//279 
f 803//280 800//280 705//280 
f 708//281 784//281 796//281 
f 707//282 708//282 796//282 
f 694//283 708//283 707//283 
f 693//284 694//284 707//284 
f 686//285 694//285 693//285 
f 685//286 686//286 693//286 
f 696//287 686//287 685//287 
f 695//288 696//288 685//288 
f 710//289 696//289 695//289 
f 709//290 710//290 695//290 
f 785//291 710//291 709//291 
f 797//292 785//292 709//292 
f 1605//293 1612//293 1611//293 
f 1604//294 1605//294 1611//294 
f 1593//295 1605//295 1604//295 
f 1592//296 1593//296 1604//296 
f 1585//297 1593//297 1592//297 
f 1586//298 1585//298 1592//298 
f 1595//299 1585//299 1586//299 
f 1594//300 1595//300 1586//300 
f 1607//301 1595//301 1594//301 
f 1606//302 1607//302 1594//302 
f 1614//303 1607//303 1606//303 
f 1613//304 1614//304 1606//304 
f 753//305 805//305 763//305 
f 822//306 806//306 821//306 
f 805//307 753//307 806//307 
f 822//308 805//308 806//308 
f 823//309 805//309 822//309 
f 830//310 823//310 822//310 
f 829//311 823//311 830//311 
f 739//312 766//312 772//312 
f 738//313 739//313 772//313 
f 674//314 739//314 738//314 
f 671//315 674//315 738//315 
f 612//316 589//316 603//316 
f 614//317 612//317 603//317 
f 652//318 612//318 614//318 
f 654//319 652//319 614//319 
f 671//320 652//320 654//320 
f 673//321 671//321 654//321 
f 674//322 671//322 673//322 
f 515//323 486//323 496//323 
f 525//324 515//324 496//324 
f 589//325 515//325 525//325 
f 591//326 589//326 525//326 
f 603//327 589//327 591//327 
f 436//328 364//328 439//328 
f 441//329 436//329 439//329 
f 452//330 436//330 441//330 
f 455//331 452//331 441//331 
f 486//332 452//332 455//332 
f 488//333 486//333 455//333 
f 496//334 486//334 488//334 
f 296//335 259//335 283//335 
f 300//336 296//336 283//336 
f 364//337 296//337 300//337 
f 366//338 364//338 300//338 
f 439//339 364//339 366//339 
f 227//340 207//340 214//340 
f 235//341 227//341 214//341 
f 259//342 227//342 235//342 
f 261//343 259//343 235//343 
f 283//344 259//344 261//344 
f 166//345 157//345 167//345 
f 171//346 166//346 167//346 
f 187//347 166//347 171//347 
f 196//348 187//348 171//348 
f 207//349 187//349 196//349 
f 209//350 207//350 196//350 
f 214//351 207//351 209//351 
f 143//352 141//352 150//352 
f 152//353 143//353 150//353 
f 157//354 143//354 152//354 
f 162//355 157//355 152//355 
f 167//356 157//356 162//356 
f 142//357 156//357 159//357 
f 151//358 142//358 159//358 
f 141//359 142//359 151//359 
f 148//360 141//360 151//360 
f 150//361 141//361 148//361 
f 186//362 206//362 197//362 
f 195//363 186//363 197//363 
f 165//364 186//364 195//364 
f 170//365 165//365 195//365 
f 156//366 165//366 170//366 
f 161//367 156//367 170//367 
f 159//368 156//368 161//368 
f 226//369 258//369 245//369 
f 234//370 226//370 245//370 
f 206//371 226//371 234//371 
f 208//372 206//372 234//372 
f 197//373 206//373 208//373 
f 295//374 363//374 355//374 
f 299//375 295//375 355//375 
f 258//376 295//376 299//376 
f 260//377 258//377 299//377 
f 245//378 258//378 260//378 
f 451//379 485//379 459//379 
f 454//380 451//380 459//380 
f 435//381 451//381 454//381 
f 440//382 435//382 454//382 
f 363//383 435//383 440//383 
f 365//384 363//384 440//384 
f 355//385 363//385 365//385 
f 514//386 588//386 557//386 
f 524//387 514//387 557//387 
f 485//388 514//388 524//388 
f 487//389 485//389 524//389 
f 459//390 485//390 487//390 
f 738//391 772//391 776//391 
f 736//392 738//392 776//392 
f 671//393 738//393 736//393 
f 669//394 671//394 736//394 
f 652//395 671//395 669//395 
f 650//396 652//396 669//396 
f 612//397 652//397 650//397 
f 610//398 612//398 650//398 
f 589//399 612//399 610//399 
f 580//400 589//400 610//400 
f 515//401 589//401 580//401 
f 509//402 515//402 580//402 
f 486//403 515//403 509//403 
f 484//404 486//404 509//404 
f 452//405 486//405 484//405 
f 450//406 452//406 484//406 
f 436//407 452//407 450//407 
f 428//408 436//408 450//408 
f 364//409 436//409 428//409 
f 345//410 364//410 428//410 
f 296//411 364//411 345//411 
f 282//412 296//412 345//412 
f 259//413 296//413 282//413 
f 252//414 259//414 282//414 
f 227//415 259//415 252//415 
f 218//416 227//416 252//416 
f 207//417 227//417 218//417 
f 199//418 207//418 218//418 
f 187//419 207//419 199//419 
f 169//420 187//420 199//420 
f 166//421 187//421 169//421 
f 155//422 166//422 169//422 
f 157//423 166//423 155//423 
f 140//424 157//424 155//424 
f 143//425 157//425 140//425 
f 136//426 143//426 140//426 
f 141//427 143//427 136//427 
f 132//428 141//428 136//428 
f 142//429 141//429 132//429 
f 135//430 142//430 132//430 
f 156//431 142//431 135//431 
f 139//432 156//432 135//432 
f 165//433 156//433 139//433 
f 154//434 165//434 139//434 
f 186//435 165//435 154//435 
f 168//436 186//436 154//436 
f 206//437 186//437 168//437 
f 198//438 206//438 168//438 
f 226//439 206//439 198//439 
f 217//440 226//440 198//440 
f 258//441 226//441 217//441 
f 251//442 258//442 217//442 
f 295//443 258//443 251//443 
f 281//444 295//444 251//444 
f 363//445 295//445 281//445 
f 344//446 363//446 281//446 
f 435//447 363//447 344//447 
f 427//448 435//448 344//448 
f 451//449 435//449 427//449 
f 449//450 451//450 427//450 
f 485//451 451//451 449//451 
f 483//452 485//452 449//452 
f 514//453 485//453 483//453 
f 508//454 514//454 483//454 
f 588//455 514//455 508//455 
f 579//456 588//456 508//456 
f 611//457 588//457 579//457 
f 609//458 611//458 579//458 
f 651//459 611//459 609//459 
f 649//460 651//460 609//460 
f 670//461 651//461 649//461 
f 611//462 651//462 638//462 
f 613//463 611//463 638//463 
f 588//464 611//464 613//464 
f 590//465 588//465 613//465 
f 557//466 588//466 590//466 
f 737//467 775//467 771//467 
f 670//468 737//468 771//468 
f 668//469 737//469 670//469 
f 649//470 668//470 670//470 
f 670//471 771//471 765//471 
f 672//472 670//472 765//472 
f 651//473 670//473 672//473 
f 653//474 651//474 672//474 
f 638//475 651//475 653//475 
f 1007//476 1020//476 1021//476 
f 1008//477 1007//477 1021//477 
f 995//478 1007//478 1008//478 
f 996//479 995//479 1008//479 
f 983//480 995//480 996//480 
f 984//481 983//481 996//481 
f 993//482 983//482 984//482 
f 994//483 993//483 984//483 
f 1005//484 993//484 994//484 
f 1006//485 1005//485 994//485 
f 1017//486 1005//486 1006//486 
f 1018//487 1017//487 1006//487 
f 983//488 1019//488 995//488 
f 1019//489 1007//489 995//489 
f 1019//490 1020//490 1007//490 
f 1017//491 1019//491 1005//491 
f 1019//492 993//492 1005//492 
f 1019//493 983//493 993//493 
f 1207//494 1222//494 1223//494 
f 1202//495 1207//495 1223//495 
f 1204//496 1207//496 1202//496 
f 1192//497 1204//497 1202//497 
f 1187//498 1192//498 1202//498 
f 1189//499 1192//499 1187//499 
f 1181//500 1189//500 1187//500 
f 1178//501 1181//501 1187//501 
f 1180//502 1181//502 1178//502 
f 1179//503 1180//503 1178//503 
f 1186//504 1179//504 1178//504 
f 1188//505 1179//505 1186//505 
f 1191//506 1188//506 1186//506 
f 1201//507 1191//507 1186//507 
f 1203//508 1191//508 1201//508 
f 1206//509 1203//509 1201//509 
f 1220//510 1206//510 1201//510 
f 1219//511 1206//511 1220//511 
f 1207//512 1221//512 1222//512 
f 1221//513 1204//513 1192//513 
f 1221//514 1189//514 1181//514 
f 1221//515 1180//515 1179//515 
f 1221//516 1188//516 1191//516 
f 1219//517 1221//517 1206//517 
f 1221//518 1203//518 1206//518 
f 1221//519 1191//519 1203//519 
f 1221//520 1179//520 1188//520 
f 1221//521 1181//521 1180//521 
f 1221//522 1192//522 1189//522 
f 1221//523 1207//523 1204//523 
f 1319//524 1329//524 1330//524 
f 1320//525 1319//525 1330//525 
f 1307//526 1319//526 1320//526 
f 1308//527 1307//527 1320//527 
f 1304//528 1307//528 1308//528 
f 1303//529 1304//529 1308//529 
f 1305//530 1304//530 1303//530 
f 1306//531 1305//531 1303//531 
f 1317//532 1305//532 1306//532 
f 1318//533 1317//533 1306//533 
f 1326//534 1317//534 1318//534 
f 1327//535 1326//535 1318//535 
f 1304//536 1328//536 1307//536 
f 1328//537 1319//537 1307//537 
f 1328//538 1329//538 1319//538 
f 1326//539 1328//539 1317//539 
f 1328//540 1305//540 1317//540 
f 1328//541 1304//541 1305//541 
f 1199//542 1217//542 1218//542 
f 1200//543 1199//543 1218//543 
f 1184//544 1199//544 1200//544 
f 1185//545 1184//545 1200//545 
f 1176//546 1184//546 1185//546 
f 1177//547 1176//547 1185//547 
f 1182//548 1176//548 1177//548 
f 1183//549 1182//549 1177//549 
f 1197//550 1182//550 1183//550 
f 1198//551 1197//551 1183//551 
f 1214//552 1197//552 1198//552 
f 1215//553 1214//553 1198//553 
f 1176//554 1216//554 1184//554 
f 1216//555 1199//555 1184//555 
f 1216//556 1217//556 1199//556 
f 1214//557 1216//557 1197//557 
f 1216//558 1182//558 1197//558 
f 1216//559 1176//559 1182//559 
f 1003//560 1015//560 1016//560 
f 1004//561 1003//561 1016//561 
f 991//562 1003//562 1004//562 
f 992//563 991//563 1004//563 
f 981//564 991//564 992//564 
f 982//565 981//565 992//565 
f 989//566 981//566 982//566 
f 990//567 989//567 982//567 
f 1001//568 989//568 990//568 
f 1002//569 1001//569 990//569 
f 1012//570 1001//570 1002//570 
f 1013//571 1012//571 1002//571 
f 981//572 1014//572 991//572 
f 1014//573 1003//573 991//573 
f 1014//574 1015//574 1003//574 
f 1012//575 1014//575 1001//575 
f 1014//576 989//576 1001//576 
f 1014//577 981//577 989//577 
f 742//578 768//578 757//578 
f 743//579 742//579 757//579 
f 718//580 742//580 743//580 
f 719//581 718//581 743//581 
f 711//582 718//582 719//582 
f 712//583 711//583 719//583 
f 716//584 711//584 712//584 
f 717//585 716//585 712//585 
f 740//586 716//586 717//586 
f 741//587 740//587 717//587 
f 767//588 740//588 741//588 
f 756//589 767//589 741//589 
f 711//590 773//590 718//590 
f 773//591 742//591 718//591 
f 773//592 768//592 742//592 
f 767//593 773//593 740//593 
f 773//594 716//594 740//594 
f 773//595 711//595 716//595 
f 528//596 539//596 540//596 
f 529//597 528//597 540//597 
f 518//598 528//598 529//598 
f 519//599 518//599 529//599 
f 510//600 518//600 519//600 
f 511//601 510//601 519//601 
f 516//602 510//602 511//602 
f 517//603 516//603 511//603 
f 526//604 516//604 517//604 
f 527//605 526//605 517//605 
f 536//606 526//606 527//606 
f 537//607 536//607 527//607 
f 510//608 538//608 518//608 
f 538//609 528//609 518//609 
f 538//610 539//610 528//610 
f 536//611 538//611 526//611 
f 538//612 516//612 526//612 
f 538//613 510//613 516//613 
f 349//614 370//614 371//614 
f 350//615 349//615 371//615 
f 331//616 349//616 350//616 
f 332//617 331//617 350//617 
f 321//618 331//618 332//618 
f 322//619 321//619 332//619 
f 329//620 321//620 322//620 
f 330//621 329//621 322//621 
f 347//622 329//622 330//622 
f 348//623 347//623 330//623 
f 367//624 347//624 348//624 
f 368//625 367//625 348//625 
f 321//626 369//626 331//626 
f 369//627 349//627 331//627 
f 369//628 370//628 349//628 
f 367//629 369//629 347//629 
f 369//630 329//630 347//630 
f 369//631 321//631 329//631 
f 256//632 265//632 266//632 
f 257//633 256//633 266//633 
f 248//634 256//634 257//634 
f 249//635 248//635 257//635 
f 240//636 248//636 249//636 
f 239//637 240//637 249//637 
f 246//638 240//638 239//638 
f 247//639 246//639 239//639 
f 254//640 246//640 247//640 
f 255//641 254//641 247//641 
f 262//642 254//642 255//642 
f 263//643 262//643 255//643 
f 240//644 264//644 248//644 
f 264//645 256//645 248//645 
f 264//646 265//646 256//646 
f 262//647 264//647 254//647 
f 264//648 246//648 254//648 
f 264//649 240//649 246//649 
f 357//650 375//650 376//650 
f 352//651 357//651 376//651 
f 354//652 357//652 352//652 
f 343//653 354//653 352//653 
f 334//654 343//654 352//654 
f 336//655 343//655 334//655 
f 328//656 336//656 334//656 
f 323//657 328//657 334//657 
f 327//658 328//658 323//658 
f 326//659 327//659 323//659 
f 333//660 326//660 323//660 
f 335//661 326//661 333//661 
f 342//662 335//662 333//662 
f 351//663 342//663 333//663 
f 353//664 342//664 351//664 
f 356//665 353//665 351//665 
f 373//666 356//666 351//666 
f 372//667 356//667 373//667 
f 357//668 374//668 375//668 
f 374//669 354//669 343//669 
f 374//670 336//670 328//670 
f 374//671 327//671 326//671 
f 374//672 335//672 342//672 
f 372//673 374//673 356//673 
f 374//674 353//674 356//674 
f 374//675 342//675 353//675 
f 374//676 326//676 335//676 
f 374//677 328//677 327//677 
f 374//678 343//678 336//678 
f 374//679 357//679 354//679 
f 532//680 544//680 545//680 
f 533//681 532//681 545//681 
f 522//682 532//682 533//682 
f 523//683 522//683 533//683 
f 512//684 522//684 523//684 
f 513//685 512//685 523//685 
f 520//686 512//686 513//686 
f 521//687 520//687 513//687 
f 530//688 520//688 521//688 
f 531//689 530//689 521//689 
f 541//690 530//690 531//690 
f 542//691 541//691 531//691 
f 512//692 543//692 522//692 
f 543//693 532//693 522//693 
f 543//694 544//694 532//694 
f 541//695 543//695 530//695 
f 543//696 520//696 530//696 
f 543//697 512//697 520//697 
f 746//698 770//698 761//698 
f 747//699 746//699 761//699 
f 722//700 746//700 747//700 
f 723//701 722//701 747//701 
f 713//702 722//702 723//702 
f 714//703 713//703 723//703 
f 720//704 713//704 714//704 
f 721//705 720//705 714//705 
f 744//706 720//706 721//706 
f 745//707 744//707 721//707 
f 769//708 744//708 745//708 
f 760//709 769//709 745//709 
f 713//710 774//710 722//710 
f 774//711 746//711 722//711 
f 774//712 770//712 746//712 
f 769//713 774//713 744//713 
f 774//714 720//714 744//714 
f 774//715 713//715 720//715 
f 1098//716 1097//716 1095//716 
f 1065//717 1098//717 1095//717 
f 978//718 1098//718 1065//718 
f 1105//719 1097//719 1098//719 
f 1194//720 1105//720 1098//720 
f 1193//721 1105//721 1194//721 
f 1194//722 1314//722 1281//722 
f 1266//723 1194//723 1281//723 
f 1193//724 1194//724 1266//724 
f 1314//725 1366//725 1365//725 
f 1313//726 1314//726 1365//726 
f 1281//727 1314//727 1313//727 
f 1395//728 1368//728 1375//728 
f 1394//729 1395//729 1375//729 
f 1393//730 1395//730 1394//730 
f 1392//731 1393//731 1394//731 
f 1366//732 1393//732 1392//732 
f 1374//733 1366//733 1392//733 
f 1365//734 1366//734 1374//734 
f 1267//735 1196//735 1195//735 
f 1316//736 1196//736 1267//736 
f 1316//737 1267//737 1286//737 
f 1315//738 1316//738 1286//738 
f 1368//739 1316//739 1315//739 
f 1367//740 1368//740 1315//740 
f 1375//741 1368//741 1367//741 
f 1110//742 1195//742 1196//742 
f 1100//743 1110//743 1196//743 
f 1099//744 1110//744 1100//744 
f 1096//745 1099//745 1100//745 
f 980//746 1096//746 1100//746 
f 979//747 1096//747 980//747 
f 931//748 979//748 980//748 
f 921//749 931//749 980//749 
f 920//750 931//750 921//750 
f 762//751 920//751 921//751 
f 752//752 762//752 921//752 
f 647//753 762//753 752//753 
f 648//754 647//754 752//754 
f 637//755 647//755 648//755 
f 578//756 637//756 648//756 
f 577//757 637//757 578//757 
f 480//758 577//758 578//758 
f 478//759 480//759 578//759 
f 477//760 480//760 478//760 
f 472//761 477//761 478//761 
f 400//762 472//762 478//762 
f 399//763 472//763 400//763 
f 310//764 274//764 289//764 
f 400//765 274//765 310//765 
f 325//766 400//766 310//766 
f 399//767 400//767 325//767 
f 274//768 222//768 221//768 
f 273//769 274//769 221//769 
f 289//770 274//770 273//770 
f 203//771 220//771 210//771 
f 202//772 203//772 210//772 
f 205//773 203//773 202//773 
f 204//774 205//774 202//774 
f 222//775 205//775 204//775 
f 211//776 222//776 204//776 
f 221//777 222//777 211//777 
f 272//778 398//778 324//778 
f 305//779 272//779 324//779 
f 272//780 305//780 286//780 
f 271//781 272//781 286//781 
f 220//782 272//782 271//782 
f 219//783 220//783 271//783 
f 210//784 220//784 219//784 
f 476//785 479//785 475//785 
f 467//786 476//786 475//786 
f 398//787 476//787 467//787 
f 397//788 398//788 467//788 
f 324//789 398//789 397//789 
f 576//790 646//790 631//790 
f 575//791 576//791 631//791 
f 476//792 576//792 575//792 
f 489//793 476//793 575//793 
f 479//794 476//794 489//794 
f 978//795 1065//795 977//795 
f 925//796 978//796 977//796 
f 919//797 978//797 925//797 
f 918//798 919//798 925//798 
f 751//799 919//799 918//799 
f 755//800 751//800 918//800 
f 646//801 751//801 755//801 
f 645//802 646//802 755//802 
f 631//803 646//803 645//803 
f 781//804 759//804 661//804 
f 658//805 781//805 661//805 
f 658//806 661//806 659//806 
f 635//807 658//807 659//807 
f 600//808 658//808 635//808 
f 601//809 600//809 635//809 
f 494//810 600//810 601//810 
f 495//811 494//811 601//811 
f 494//812 495//812 482//812 
f 470//813 494//813 482//813 
f 447//814 494//814 470//814 
f 448//815 447//815 470//815 
f 385//816 447//816 448//816 
f 385//817 448//817 386//817 
f 320//818 385//818 386//818 
f 313//819 385//819 320//819 
f 313//820 320//820 314//820 
f 308//821 313//821 314//821 
f 294//822 313//822 308//822 
f 294//823 308//823 293//823 
f 307//824 294//824 293//824 
f 311//825 294//825 307//825 
f 311//826 307//826 312//826 
f 319//827 311//827 312//827 
f 383//828 311//828 319//828 
f 384//829 383//829 319//829 
f 445//830 383//830 384//830 
f 446//831 445//831 384//831 
f 445//832 446//832 469//832 
f 481//833 445//833 469//833 
f 492//834 445//834 481//834 
f 493//835 492//835 481//835 
f 598//836 492//836 493//836 
f 598//837 493//837 599//837 
f 634//838 598//838 599//838 
f 656//839 598//839 634//839 
f 660//840 758//840 780//840 
f 656//841 660//841 780//841 
f 657//842 660//842 656//842 
f 634//843 657//843 656//843 
f 642//844 795//844 782//844 
f 643//845 642//845 782//845 
f 585//846 642//846 643//846 
f 562//847 585//847 643//847 
f 244//848 191//848 225//848 
f 243//849 244//849 225//849 
f 361//850 244//850 243//850 
f 360//851 361//851 243//851 
f 466//852 361//852 360//852 
f 465//853 466//853 360//853 
f 562//854 466//854 465//854 
f 561//855 562//855 465//855 
f 585//856 562//856 561//856 
f 191//857 147//857 182//857 
f 190//858 191//858 182//858 
f 225//859 191//859 190//859 
f 181//860 189//860 188//860 
f 145//861 189//861 181//861 
f 145//862 181//862 178//862 
f 144//863 145//863 178//863 
f 137//864 145//864 144//864 
f 138//865 137//865 144//865 
f 147//866 137//866 138//866 
f 146//867 147//867 138//867 
f 182//868 147//868 146//868 
f 241//869 188//869 189//869 
f 242//870 241//870 189//870 
f 358//871 241//871 242//871 
f 359//872 358//872 242//872 
f 463//873 358//873 359//873 
f 464//874 463//874 359//874 
f 559//875 463//875 464//875 
f 560//876 559//876 464//876 
f 584//877 559//877 560//877 
f 641//878 779//878 794//878 
f 640//879 641//879 794//879 
f 560//880 641//880 640//880 
f 602//881 560//881 640//881 
f 584//882 560//882 602//882 
f 1390//883 1391//883 1384//883 
f 1336//884 1390//884 1384//884 
f 1336//885 1384//885 1383//885 
f 1380//886 1336//886 1383//886 
f 1299//887 1336//887 1380//887 
f 1379//888 1299//888 1380//888 
f 902//889 905//889 906//889 
f 798//890 902//890 906//890 
f 834//891 902//891 798//891 
f 792//892 834//892 798//892 
f 906//893 905//893 947//893 
f 988//894 906//894 947//894 
f 998//895 906//895 988//895 
f 997//896 998//896 988//896 
f 1076//897 998//897 997//897 
f 1069//898 1076//898 997//898 
f 1143//899 1076//899 1069//899 
f 1142//900 1143//900 1069//900 
f 1143//901 1142//901 1153//901 
f 1233//902 1143//902 1153//902 
f 1302//903 1143//903 1233//903 
f 1299//904 1302//904 1233//904 
f 1363//905 1302//905 1299//905 
f 1379//906 1363//906 1299//906 
f 1378//907 1363//907 1379//907 
f 662//908 793//908 791//908 
f 619//909 793//909 662//909 
f 620//910 619//910 662//910 
f 581//911 619//911 620//911 
f 592//912 581//912 620//912 
f 547//913 581//913 592//913 
f 501//914 547//914 592//914 
f 500//915 547//915 501//915 
f 457//916 500//916 501//916 
f 421//917 500//917 457//917 
f 421//918 457//918 422//918 
f 291//919 421//919 422//919 
f 228//920 421//920 291//920 
f 229//921 228//921 291//921 
f 179//922 228//922 229//922 
f 173//923 179//923 229//923 
f 129//924 179//924 173//924 
f 126//925 129//925 173//925 
f 125//926 129//926 126//926 
f 100//927 125//927 126//927 
f 78//928 125//928 100//928 
f 78//929 100//929 79//929 
f 64//930 78//930 79//930 
f 46//931 78//931 64//931 
f 47//932 46//932 64//932 
f 28//933 46//933 47//933 
f 35//934 28//934 47//934 
f 20//935 28//935 35//935 
f 17//936 20//936 35//936 
f 16//937 20//937 17//937 
f 9//938 16//938 17//938 
f 2//939 16//939 9//939 
f 2//940 9//940 3//940 
f 1//941 2//941 3//941 
f 4//942 2//942 1//942 
f 4//943 1//943 5//943 
f 10//944 4//944 5//944 
f 18//945 4//945 10//945 
f 19//946 18//946 10//946 
f 30//947 18//947 19//947 
f 36//948 30//948 19//948 
f 39//949 30//949 36//949 
f 49//950 39//950 36//950 
f 48//951 39//951 49//951 
f 65//952 48//952 49//952 
f 80//953 48//953 65//953 
f 80//954 65//954 81//954 
f 101//955 80//955 81//955 
f 127//956 80//956 101//956 
f 128//957 127//957 101//957 
f 184//958 127//958 128//958 
f 174//959 184//959 128//959 
f 224//960 184//960 174//960 
f 231//961 224//961 174//961 
f 230//962 224//962 231//962 
f 292//963 230//963 231//963 
f 423//964 230//964 292//964 
f 423//965 292//965 424//965 
f 458//966 423//966 424//966 
f 502//967 423//967 458//967 
f 503//968 502//968 458//968 
f 587//969 502//969 503//969 
f 593//970 587//970 503//970 
f 621//971 587//971 593//971 
f 663//972 792//972 798//972 
f 621//973 663//973 798//973 
f 622//974 663//974 621//974 
f 593//975 622//975 621//975 
f 1538//976 1529//976 1498//976 
f 1480//977 1538//977 1498//977 
f 1546//978 1538//978 1480//978 
f 1551//979 1546//979 1480//979 
f 1498//980 1529//980 1527//980 
f 1523//981 1498//981 1527//981 
f 1504//982 1498//982 1523//982 
f 1480//983 1615//983 1596//983 
f 1587//984 1480//984 1596//984 
f 1551//985 1480//985 1587//985 
f 1615//986 1480//986 1453//986 
f 1431//987 1615//987 1453//987 
f 1640//988 1615//988 1431//988 
f 1669//989 1656//989 1659//989 
f 1643//990 1610//990 1641//990 
f 1656//991 1669//991 1666//991 
f 1662//992 1656//992 1666//992 
f 1641//993 1656//993 1662//993 
f 1654//994 1641//994 1662//994 
f 1643//995 1641//995 1654//995 
f 1504//996 1523//996 1522//996 
f 1521//997 1504//997 1522//997 
f 1499//998 1504//998 1521//998 
f 1499//999 1521//999 1524//999 
f 1528//1000 1499//1000 1524//1000 
f 1481//1001 1499//1001 1528//1001 
f 1481//1002 1528//1002 1534//1002 
f 1540//1003 1481//1003 1534//1003 
f 1553//1004 1481//1004 1540//1004 
f 917//1005 922//1005 886//1005 
f 874//1006 862//1006 896//1006 
f 917//1007 874//1007 896//1007 
f 882//1008 874//1008 917//1008 
f 886//1009 882//1009 917//1009 
f 819//1010 778//1010 776//1010 
f 817//1011 819//1011 776//1011 
f 828//1012 819//1012 817//1012 
f 896//1013 828//1013 817//1013 
f 860//1014 828//1014 896//1014 
f 862//1015 860//1015 896//1015 
f 917//1016 953//1016 956//1016 
f 934//1017 917//1017 956//1017 
f 922//1018 917//1018 934//1018 
f 943//1019 898//1019 825//1019 
f 941//1020 943//1020 825//1020 
f 976//1021 943//1021 941//1021 
f 1023//1022 976//1022 941//1022 
f 1064//1023 976//1023 1023//1023 
f 825//1024 898//1024 827//1024 
f 788//1025 825//1025 827//1025 
f 786//1026 825//1026 788//1026 
f 826//1027 940//1027 824//1027 
f 783//1028 826//1028 824//1028 
f 787//1029 826//1029 783//1029 
f 940//1030 826//1030 897//1030 
f 942//1031 940//1031 897//1031 
f 1022//1032 940//1032 942//1032 
f 975//1033 1022//1033 942//1033 
f 1063//1034 1022//1034 975//1034 
f 916//1035 864//1035 875//1035 
f 884//1036 916//1036 875//1036 
f 916//1037 884//1037 911//1037 
f 935//1038 916//1038 911//1038 
f 952//1039 916//1039 935//1039 
f 777//1040 818//1040 775//1040 
f 818//1041 777//1041 804//1041 
f 820//1042 818//1042 804//1042 
f 895//1043 818//1043 820//1043 
f 843//1044 895//1044 820//1044 
f 916//1045 895//1045 843//1045 
f 863//1046 916//1046 843//1046 
f 864//1047 916//1047 863//1047 
f 952//1048 935//1048 954//1048 
f 1022//1049 952//1049 954//1049 
f 973//1050 952//1050 1022//1050 
f 1063//1051 973//1051 1022//1051 
f 1052//1052 973//1052 1063//1052 
f 1144//1053 1052//1053 1063//1053 
f 1081//1054 1052//1054 1144//1054 
f 1212//1055 1081//1055 1144//1055 
f 1140//1056 1081//1056 1212//1056 
f 1322//1057 1140//1057 1212//1057 
f 1172//1058 1140//1058 1322//1058 
f 1376//1059 1172//1059 1322//1059 
f 1246//1060 1172//1060 1376//1060 
f 1451//1061 1246//1061 1376//1061 
f 1300//1062 1246//1062 1451//1062 
f 1541//1063 1300//1063 1451//1063 
f 1344//1064 1300//1064 1541//1064 
f 1583//1065 1344//1065 1541//1065 
f 1369//1066 1344//1066 1583//1066 
f 1608//1067 1369//1067 1583//1067 
f 1398//1068 1369//1068 1608//1068 
f 1628//1069 1398//1069 1608//1069 
f 1431//1070 1398//1070 1628//1070 
f 1642//1071 1431//1071 1628//1071 
f 1640//1072 1431//1072 1642//1072 
f 1653//1073 1640//1073 1642//1073 
f 1655//1074 1640//1074 1653//1074 
f 1661//1075 1655//1075 1653//1075 
f 1659//1076 1655//1076 1661//1076 
f 1665//1077 1659//1077 1661//1077 
f 1669//1078 1659//1078 1665//1078 
f 1481//1079 1553//1079 1581//1079 
f 1597//1080 1481//1080 1581//1080 
f 1454//1081 1481//1081 1597//1081 
f 1610//1082 1454//1082 1597//1082 
f 1432//1083 1454//1083 1610//1083 
f 1643//1084 1432//1084 1610//1084 
f 1399//1085 1432//1085 1643//1085 
f 1629//1086 1399//1086 1643//1086 
f 1370//1087 1399//1087 1629//1087 
f 1609//1088 1370//1088 1629//1088 
f 1345//1089 1370//1089 1609//1089 
f 1584//1090 1345//1090 1609//1090 
f 1301//1091 1345//1091 1584//1091 
f 1542//1092 1301//1092 1584//1092 
f 1247//1093 1301//1093 1542//1093 
f 1452//1094 1247//1094 1542//1094 
f 1173//1095 1247//1095 1452//1095 
f 1377//1096 1173//1096 1452//1096 
f 1141//1097 1173//1097 1377//1097 
f 1323//1098 1141//1098 1377//1098 
f 1082//1099 1141//1099 1323//1099 
f 1213//1100 1082//1100 1323//1100 
f 1053//1101 1082//1101 1213//1101 
f 1145//1102 1053//1102 1213//1102 
f 974//1103 1053//1103 1145//1103 
f 1064//1104 974//1104 1145//1104 
f 953//1105 974//1105 1064//1105 
f 1023//1106 953//1106 1064//1106 
f 956//1107 953//1107 1023//1107 
f 889//1108 829//1108 830//1108 
f 674//1109 675//1109 725//1109 
f 724//1110 674//1110 725//1110 
f 739//1111 674//1111 724//1111 
f 764//1112 739//1112 724//1112 
f 766//1113 739//1113 764//1113 
f 890//1114 766//1114 764//1114 
f 676//1115 639//1115 653//1115 
f 672//1116 676//1116 653//1116 
f 754//1117 676//1117 672//1117 
f 605//1118 558//1118 590//1118 
f 613//1119 605//1119 590//1119 
f 639//1120 605//1120 613//1120 
f 638//1121 639//1121 613//1121 
f 653//1122 639//1122 638//1122 
f 558//1123 498//1123 524//1123 
f 557//1124 558//1124 524//1124 
f 590//1125 558//1125 557//1125 
f 365//1126 443//1126 362//1126 
f 443//1127 365//1127 440//1127 
f 454//1128 443//1128 440//1128 
f 462//1129 443//1129 454//1129 
f 459//1130 462//1130 454//1130 
f 498//1131 462//1131 459//1131 
f 487//1132 498//1132 459//1132 
f 524//1133 498//1133 487//1133 
f 284//1134 253//1134 260//1134 
f 299//1135 284//1135 260//1135 
f 362//1136 284//1136 299//1136 
f 355//1137 362//1137 299//1137 
f 365//1138 362//1138 355//1138 
f 253//1139 215//1139 234//1139 
f 245//1140 253//1140 234//1140 
f 260//1141 253//1141 245//1141 
f 161//1142 172//1142 163//1142 
f 172//1143 161//1143 170//1143 
f 195//1144 172//1144 170//1144 
f 200//1145 172//1145 195//1145 
f 197//1146 200//1146 195//1146 
f 215//1147 200//1147 197//1147 
f 208//1148 215//1148 197//1148 
f 234//1149 215//1149 208//1149 
f 149//1150 153//1150 148//1150 
f 151//1151 149//1151 148//1151 
f 163//1152 149//1152 151//1152 
f 159//1153 163//1153 151//1153 
f 161//1154 163//1154 159//1154 
f 153//1155 158//1155 152//1155 
f 150//1156 153//1156 152//1156 
f 148//1157 153//1157 150//1157 
f 209//1158 194//1158 216//1158 
f 194//1159 209//1159 196//1159 
f 171//1160 194//1160 196//1160 
f 175//1161 194//1161 171//1161 
f 167//1162 175//1162 171//1162 
f 158//1163 175//1163 167//1163 
f 162//1164 158//1164 167//1164 
f 152//1165 158//1165 162//1165 
f 238//1166 285//1166 261//1166 
f 235//1167 238//1167 261//1167 
f 216//1168 238//1168 235//1168 
f 214//1169 216//1169 235//1169 
f 209//1170 216//1170 214//1170 
f 285//1171 341//1171 300//1171 
f 283//1172 285//1172 300//1172 
f 261//1173 285//1173 283//1173 
f 488//1174 453//1174 497//1174 
f 453//1175 488//1175 455//1175 
f 441//1176 453//1176 455//1176 
f 442//1177 453//1177 441//1177 
f 439//1178 442//1178 441//1178 
f 341//1179 442//1179 439//1179 
f 366//1180 341//1180 439//1180 
f 300//1181 341//1181 366//1181 
f 604//1182 614//1182 603//1182 
f 591//1183 604//1183 603//1183 
f 546//1184 604//1184 591//1184 
f 525//1185 546//1185 591//1185 
f 497//1186 546//1186 525//1186 
f 496//1187 497//1187 525//1187 
f 488//1188 497//1188 496//1188 
f 629//1189 675//1189 674//1189 
f 673//1190 629//1190 674//1190 
f 604//1191 629//1191 673//1191 
f 654//1192 604//1192 673//1192 
f 614//1193 604//1193 654//1193 
f 949//1194 933//1194 958//1194 
f 890//1195 764//1195 829//1195 
f 889//1196 890//1196 829//1196 
f 892//1197 890//1197 889//1197 
f 933//1198 892//1198 889//1198 
f 913//1199 892//1199 933//1199 
f 949//1200 913//1200 933//1200 
f 958//1201 1011//1201 970//1201 
f 959//1202 958//1202 970//1202 
f 949//1203 958//1203 959//1203 
f 1165//1204 1127//1204 1163//1204 
f 1127//1205 1165//1205 1126//1205 
f 1078//1206 1127//1206 1126//1206 
f 1056//1207 1127//1207 1078//1207 
f 1058//1208 1056//1208 1078//1208 
f 1011//1209 1056//1209 1058//1209 
f 1037//1210 1011//1210 1058//1210 
f 970//1211 1011//1211 1037//1211 
f 1250//1212 1296//1212 1289//1212 
f 1225//1213 1250//1213 1289//1213 
f 1163//1214 1250//1214 1225//1214 
f 1166//1215 1163//1215 1225//1215 
f 1165//1216 1163//1216 1166//1216 
f 1296//1217 1354//1217 1332//1217 
f 1298//1218 1296//1218 1332//1218 
f 1289//1219 1296//1219 1298//1219 
f 1430//1220 1405//1220 1425//1220 
f 1405//1221 1430//1221 1404//1221 
f 1382//1222 1405//1222 1404//1222 
f 1371//1223 1405//1223 1382//1223 
f 1373//1224 1371//1224 1382//1224 
f 1354//1225 1371//1225 1373//1225 
f 1360//1226 1354//1226 1373//1226 
f 1332//1227 1354//1227 1360//1227 
f 1448//1228 1455//1228 1457//1228 
f 1443//1229 1448//1229 1457//1229 
f 1425//1230 1448//1230 1443//1230 
f 1433//1231 1425//1231 1443//1231 
f 1430//1232 1425//1232 1433//1232 
f 1455//1233 1461//1233 1462//1233 
f 1460//1234 1455//1234 1462//1234 
f 1457//1235 1455//1235 1460//1235 
f 1403//1236 1428//1236 1397//1236 
f 1428//1237 1403//1237 1429//1237 
f 1442//1238 1428//1238 1429//1238 
f 1441//1239 1428//1239 1442//1239 
f 1445//1240 1441//1240 1442//1240 
f 1461//1241 1441//1241 1445//1241 
f 1456//1242 1461//1242 1445//1242 
f 1462//1243 1461//1243 1456//1243 
f 1372//1244 1343//1244 1359//1244 
f 1381//1245 1372//1245 1359//1245 
f 1397//1246 1372//1246 1381//1246 
f 1402//1247 1397//1247 1381//1247 
f 1403//1248 1397//1248 1402//1248 
f 1343//1249 1297//1249 1331//1249 
f 1351//1250 1343//1250 1331//1250 
f 1359//1251 1343//1251 1351//1251 
f 1125//1252 1162//1252 1116//1252 
f 1162//1253 1125//1253 1164//1253 
f 1224//1254 1162//1254 1164//1254 
f 1230//1255 1162//1255 1224//1255 
f 1236//1256 1230//1256 1224//1256 
f 1297//1257 1230//1257 1236//1257 
f 1288//1258 1297//1258 1236//1258 
f 1331//1259 1297//1259 1288//1259 
f 1055//1260 999//1260 1036//1260 
f 1077//1261 1055//1261 1036//1261 
f 1116//1262 1055//1262 1077//1262 
f 1117//1263 1116//1263 1077//1263 
f 1125//1264 1116//1264 1117//1264 
f 999//1265 957//1265 969//1265 
f 1000//1266 999//1266 969//1266 
f 1036//1267 999//1267 1000//1267 
f 754//1268 672//1268 765//1268 
f 815//1269 754//1269 765//1269 
f 888//1270 754//1270 815//1270 
f 888//1271 815//1271 891//1271 
f 912//1272 888//1272 891//1272 
f 923//1273 888//1273 912//1273 
f 924//1274 923//1274 912//1274 
f 957//1275 923//1275 924//1275 
f 948//1276 957//1276 924//1276 
f 969//1277 957//1277 948//1277 
f 535//1278 507//1278 491//1278 
f 728//1279 786//1279 788//1279 
f 737//1280 777//1280 775//1280 
f 44//1281 40//1281 42//1281 
f 114//1282 116//1282 136//1282 
f 140//1283 114//1283 136//1283 
f 110//1284 114//1284 140//1284 
f 109//1285 110//1285 140//1285 
f 136//1286 116//1286 118//1286 
f 122//1287 136//1287 118//1287 
f 132//1288 136//1288 122//1288 
f 34//1289 32//1289 45//1289 
f 140//1290 70//1290 91//1290 
f 96//1291 140//1291 91//1291 
f 109//1292 140//1292 96//1292 
f 70//1293 140//1293 155//1293 
f 169//1294 70//1294 155//1294 
f 45//1295 70//1295 169//1295 
f 22//1296 15//1296 25//1296 
f 32//1297 22//1297 25//1297 
f 24//1298 22//1298 32//1298 
f 34//1299 24//1299 32//1299 
f 25//1300 15//1300 13//1300 
f 14//1301 25//1301 13//1301 
f 31//1302 25//1302 14//1302 
f 75//1303 44//1303 42//1303 
f 31//1304 14//1304 21//1304 
f 23//1305 31//1305 21//1305 
f 44//1306 31//1306 23//1306 
f 33//1307 44//1307 23//1307 
f 40//1308 44//1308 33//1308 
f 132//1309 122//1309 123//1309 
f 124//1310 132//1310 123//1310 
f 135//1311 132//1311 124//1311 
f 135//1312 124//1312 121//1312 
f 117//1313 135//1313 121//1313 
f 139//1314 135//1314 117//1314 
f 139//1315 117//1315 115//1315 
f 113//1316 139//1316 115//1316 
f 107//1317 139//1317 113//1317 
f 139//1318 107//1318 99//1318 
f 90//1319 139//1319 99//1319 
f 154//1320 139//1320 90//1320 
f 75//1321 154//1321 90//1321 
f 168//1322 154//1322 75//1322 
f 42//1323 168//1323 75//1323 
f 198//1324 168//1324 42//1324 
f 649//1325 679//1325 682//1325 
f 644//1326 679//1326 649//1326 
f 649//1327 682//1327 688//1327 
f 698//1328 649//1328 688//1328 
f 668//1329 649//1329 698//1329 
f 668//1330 698//1330 700//1330 
f 726//1331 668//1331 700//1331 
f 737//1332 668//1332 726//1332 
f 735//1333 737//1333 726//1333 
f 777//1334 737//1334 735//1334 
f 534//1335 490//1335 506//1335 
f 596//1336 534//1336 506//1336 
f 617//1337 534//1337 596//1337 
f 649//1338 609//1338 606//1338 
f 628//1339 649//1339 606//1339 
f 644//1340 649//1340 628//1340 
f 625//1341 666//1341 729//1341 
f 617//1342 625//1342 729//1342 
f 615//1343 625//1343 617//1343 
f 596//1344 615//1344 617//1344 
f 729//1345 666//1345 727//1345 
f 787//1346 729//1346 727//1346 
f 783//1347 729//1347 787//1347 
f 730//1348 786//1348 728//1348 
f 667//1349 730//1349 728//1349 
f 618//1350 730//1350 667//1350 
f 618//1351 667//1351 626//1351 
f 616//1352 618//1352 626//1352 
f 535//1353 618//1353 616//1353 
f 597//1354 535//1354 616//1354 
f 507//1355 535//1355 597//1355 
f 702//1356 650//1356 669//1356 
f 650//1357 702//1357 699//1357 
f 687//1358 650//1358 699//1358 
f 681//1359 650//1359 687//1359 
f 650//1360 681//1360 655//1360 
f 627//1361 650//1361 655//1361 
f 610//1362 650//1362 627//1362 
f 778//1363 736//1363 776//1363 
f 736//1364 778//1364 750//1364 
f 734//1365 736//1365 750//1365 
f 669//1366 736//1366 734//1366 
f 715//1367 669//1367 734//1367 
f 702//1368 669//1368 715//1368 
f 509//1369 430//1369 484//1369 
f 610//1370 627//1370 608//1370 
f 535//1371 610//1371 608//1371 
f 580//1372 610//1372 535//1372 
f 491//1373 580//1373 535//1373 
f 509//1374 580//1374 491//1374 
f 474//1375 509//1375 491//1375 
f 430//1376 509//1376 474//1376 
f 484//1377 430//1377 378//1377 
f 304//1378 484//1378 378//1378 
f 450//1379 484//1379 304//1379 
f 237//1380 450//1380 304//1380 
f 428//1381 450//1381 237//1381 
f 428//1382 237//1382 213//1382 
f 193//1383 428//1383 213//1383 
f 345//1384 428//1384 193//1384 
f 134//1385 345//1385 193//1385 
f 282//1386 345//1386 134//1386 
f 282//1387 134//1387 112//1387 
f 105//1388 282//1388 112//1388 
f 252//1389 282//1389 105//1389 
f 89//1390 252//1390 105//1390 
f 218//1391 252//1391 89//1391 
f 218//1392 89//1392 77//1392 
f 69//1393 218//1393 77//1393 
f 199//1394 218//1394 69//1394 
f 59//1395 199//1395 69//1395 
f 169//1396 199//1396 59//1396 
f 43//1397 169//1397 59//1397 
f 45//1398 169//1398 43//1398 
f 41//1399 45//1399 43//1399 
f 34//1400 45//1400 41//1400 
f 281//1401 251//1401 104//1401 
f 111//1402 281//1402 104//1402 
f 344//1403 281//1403 111//1403 
f 198//1404 42//1404 58//1404 
f 68//1405 198//1405 58//1405 
f 217//1406 198//1406 68//1406 
f 76//1407 217//1407 68//1407 
f 251//1408 217//1408 76//1408 
f 88//1409 251//1409 76//1409 
f 104//1410 251//1410 88//1410 
f 303//1411 483//1411 449//1411 
f 344//1412 111//1412 133//1412 
f 192//1413 344//1413 133//1413 
f 427//1414 344//1414 192//1414 
f 212//1415 427//1415 192//1415 
f 449//1416 427//1416 212//1416 
f 236//1417 449//1417 212//1417 
f 303//1418 449//1418 236//1418 
f 483//1419 303//1419 377//1419 
f 429//1420 483//1420 377//1420 
f 508//1421 483//1421 429//1421 
f 473//1422 508//1422 429//1422 
f 579//1423 508//1423 473//1423 
f 490//1424 579//1424 473//1424 
f 609//1425 579//1425 490//1425 
f 534//1426 609//1426 490//1426 
f 606//1427 609//1427 534//1427 
f 1570//1428 1576//1428 1571//1428 
f 1560//1429 1570//1429 1571//1429 
f 1561//1430 1570//1430 1560//1430 
f 1570//1431 1561//1431 1559//1431 
f 1554//1432 1570//1432 1559//1432 
f 1563//1433 1570//1433 1554//1433 
f 1547//1434 1563//1434 1554//1434 
f 1545//1435 1563//1435 1547//1435 
f 833//1436 791//1436 793//1436 
f 881//1437 833//1437 793//1437 
f 1576//1438 1570//1438 1603//1438 
f 1619//1439 1576//1439 1603//1439 
f 1623//1440 1576//1440 1619//1440 
f 1648//1441 1651//1441 1652//1441 
f 1644//1442 1648//1442 1652//1442 
f 1637//1443 1648//1443 1644//1443 
f 1623//1444 1637//1444 1644//1444 
f 1622//1445 1637//1445 1623//1445 
f 1619//1446 1622//1446 1623//1446 
f 1671//1447 1674//1447 1675//1447 
f 1652//1448 1671//1448 1675//1448 
f 1664//1449 1671//1449 1652//1449 
f 1651//1450 1664//1450 1652//1450 
f 1675//1451 1674//1451 1680//1451 
f 1683//1452 1675//1452 1680//1452 
f 1682//1453 1675//1453 1683//1453 
f 1663//1454 1649//1454 1650//1454 
f 1660//1455 1663//1455 1650//1455 
f 1682//1456 1683//1456 1681//1456 
f 1679//1457 1682//1457 1681//1457 
f 1673//1458 1682//1458 1679//1458 
f 1672//1459 1673//1459 1679//1459 
f 1660//1460 1673//1460 1672//1460 
f 1670//1461 1660//1461 1672//1461 
f 1663//1462 1660//1462 1670//1462 
f 1636//1463 1620//1463 1621//1463 
f 1650//1464 1636//1464 1621//1464 
f 1647//1465 1636//1465 1650//1465 
f 1649//1466 1647//1466 1650//1466 
f 1484//1467 1408//1467 1409//1467 
f 1506//1468 1484//1468 1409//1468 
f 1562//1469 1484//1469 1506//1469 
f 1569//1470 1562//1470 1506//1470 
f 1568//1471 1562//1471 1569//1471 
f 1572//1472 1568//1472 1569//1472 
f 1602//1473 1568//1473 1572//1473 
f 1621//1474 1602//1474 1572//1474 
f 1618//1475 1602//1475 1621//1475 
f 1620//1476 1618//1476 1621//1476 
f 1335//1477 1274//1477 1275//1477 
f 1409//1478 1335//1478 1275//1478 
f 1389//1479 1335//1479 1409//1479 
f 1408//1480 1389//1480 1409//1480 
f 1275//1481 1274//1481 1232//1481 
f 1152//1482 1275//1482 1232//1482 
f 1090//1483 1275//1483 1152//1483 
f 1089//1484 1090//1484 1152//1484 
f 1072//1485 1090//1485 1089//1485 
f 1068//1486 1072//1486 1089//1486 
f 1009//1487 1072//1487 1068//1487 
f 987//1488 1009//1488 1068//1488 
f 961//1489 1009//1489 987//1489 
f 960//1490 961//1490 987//1490 
f 961//1491 960//1491 946//1491 
f 901//1492 961//1492 946//1492 
f 881//1493 961//1493 901//1493 
f 880//1494 881//1494 901//1494 
f 833//1495 881//1495 880//1495 
f 586//1496 642//1496 585//1496 
f 1573//1497 1621//1497 1572//1497 
f 28//1498 20//1498 29//1498 
f 29//1499 18//1499 30//1499 
f 183//1500 127//1500 184//1500 
f 586//1501 707//1501 796//1501 
f 1057//1502 586//1502 796//1502 
f 1057//1503 796//1503 856//1503 
f 870//1504 1057//1504 856//1504 
f 1070//1505 1057//1505 870//1505 
f 878//1506 1070//1506 870//1506 
f 1075//1507 998//1507 1076//1507 
f 709//1508 587//1508 621//1508 
f 586//1509 695//1509 685//1509 
f 693//1510 586//1510 685//1510 
f 707//1511 586//1511 693//1511 
f 797//1512 709//1512 621//1512 
f 798//1513 797//1513 621//1513 
f 858//1514 797//1514 798//1514 
f 906//1515 858//1515 798//1515 
f 872//1516 858//1516 906//1516 
f 998//1517 872//1517 906//1517 
f 878//1518 872//1518 998//1518 
f 1075//1519 878//1519 998//1519 
f 1070//1520 878//1520 1075//1520 
f 1302//1521 1175//1521 1170//1521 
f 1143//1522 1302//1522 1170//1522 
f 1143//1523 1170//1523 1156//1523 
f 1123//1524 1143//1524 1156//1524 
f 1076//1525 1143//1525 1123//1525 
f 1087//1526 1076//1526 1123//1526 
f 1075//1527 1076//1527 1087//1527 
f 1175//1528 1302//1528 1363//1528 
f 1378//1529 1175//1529 1363//1529 
f 1310//1530 1175//1530 1378//1530 
f 586//1531 230//1531 423//1531 
f 587//1532 709//1532 695//1532 
f 586//1533 587//1533 695//1533 
f 502//1534 587//1534 586//1534 
f 423//1535 502//1535 586//1535 
f 586//1536 433//1536 419//1536 
f 586//1537 419//1537 381//1537 
f 224//1538 586//1538 381//1538 
f 230//1539 586//1539 224//1539 
f 224//1540 381//1540 339//1540 
f 317//1541 224//1541 339//1541 
f 184//1542 224//1542 317//1542 
f 301//1543 184//1543 317//1543 
f 183//1544 184//1544 301//1544 
f 315//1545 183//1545 301//1545 
f 337//1546 183//1546 315//1546 
f 183//1547 39//1547 48//1547 
f 80//1548 183//1548 48//1548 
f 127//1549 183//1549 80//1549 
f 29//1550 54//1550 60//1550 
f 53//1551 54//1551 29//1551 
f 30//1552 53//1552 29//1552 
f 56//1553 53//1553 30//1553 
f 94//1554 84//1554 182//1554 
f 146//1555 94//1555 182//1555 
f 98//1556 94//1556 146//1556 
f 138//1557 98//1557 146//1557 
f 92//1558 98//1558 138//1558 
f 144//1559 92//1559 138//1559 
f 82//1560 92//1560 144//1560 
f 178//1561 82//1561 144//1561 
f 71//1562 82//1562 178//1562 
f 183//1563 190//1563 182//1563 
f 84//1564 183//1564 182//1564 
f 39//1565 183//1565 84//1565 
f 73//1566 39//1566 84//1566 
f 30//1567 39//1567 73//1567 
f 62//1568 30//1568 73//1568 
f 56//1569 30//1569 62//1569 
f 29//1570 20//1570 16//1570 
f 2//1571 29//1571 16//1571 
f 18//1572 29//1572 2//1572 
f 4//1573 18//1573 2//1573 
f 181//1574 129//1574 125//1574 
f 78//1575 181//1575 125//1575 
f 29//1576 60//1576 71//1576 
f 178//1577 29//1577 71//1577 
f 28//1578 29//1578 178//1578 
f 181//1579 28//1579 178//1579 
f 46//1580 28//1580 181//1580 
f 78//1581 46//1581 181//1581 
f 583//1582 547//1582 500//1582 
f 583//1583 500//1583 421//1583 
f 228//1584 583//1584 421//1584 
f 180//1585 583//1585 228//1585 
f 179//1586 180//1586 228//1586 
f 129//1587 180//1587 179//1587 
f 1009//1588 961//1588 881//1588 
f 793//1589 1009//1589 881//1589 
f 619//1590 1009//1590 793//1590 
f 582//1591 802//1591 1009//1591 
f 619//1592 582//1592 1009//1592 
f 581//1593 582//1593 619//1593 
f 582//1594 691//1594 683//1594 
f 582//1595 683//1595 689//1595 
f 703//1596 582//1596 689//1596 
f 802//1597 582//1597 703//1597 
f 876//1598 868//1598 1073//1598 
f 1072//1599 876//1599 1073//1599 
f 866//1600 876//1600 1072//1600 
f 1009//1601 866//1601 1072//1601 
f 852//1602 866//1602 1009//1602 
f 802//1603 852//1603 1009//1603 
f 582//1604 581//1604 547//1604 
f 583//1605 582//1605 547//1605 
f 691//1606 582//1606 583//1606 
f 602//1607 691//1607 583//1607 
f 705//1608 691//1608 602//1608 
f 640//1609 705//1609 602//1609 
f 803//1610 705//1610 640//1610 
f 794//1611 803//1611 640//1611 
f 854//1612 803//1612 794//1612 
f 1409//1613 1073//1613 1506//1613 
f 1073//1614 1409//1614 1275//1614 
f 1090//1615 1073//1615 1275//1615 
f 1072//1616 1073//1616 1090//1616 
f 1569//1617 1506//1617 1519//1617 
f 1543//1618 1569//1618 1519//1618 
f 1572//1619 1569//1619 1543//1619 
f 1130//1620 1073//1620 1074//1620 
f 1073//1621 1130//1621 1423//1621 
f 1470//1622 1073//1622 1423//1622 
f 1506//1623 1073//1623 1470//1623 
f 1502//1624 1506//1624 1470//1624 
f 1519//1625 1506//1625 1502//1625 
f 1572//1626 1543//1626 1557//1626 
f 1566//1627 1572//1627 1557//1627 
f 1573//1628 1572//1628 1566//1628 
f 1564//1629 1573//1629 1566//1629 
f 1548//1630 1573//1630 1564//1630 
f 1573//1631 1548//1631 1507//1631 
f 1489//1632 1573//1632 1507//1632 
f 1422//1633 1573//1633 1489//1633 
f 1458//1634 1422//1634 1489//1634 
f 1414//1635 1422//1635 1458//1635 
f 1435//1636 1414//1636 1458//1636 
f 1355//1637 1414//1637 1435//1637 
f 1418//1638 1355//1638 1435//1638 
f 1252//1639 1355//1639 1418//1639 
f 1406//1640 1252//1640 1418//1640 
f 1130//1641 1252//1641 1406//1641 
f 1410//1642 1130//1642 1406//1642 
f 1423//1643 1130//1643 1410//1643 
f 1573//1644 1673//1644 1660//1644 
f 1650//1645 1573//1645 1660//1645 
f 1621//1646 1573//1646 1650//1646 
f 1573//1647 1604//1647 1611//1647 
f 1624//1648 1573//1648 1611//1648 
f 1673//1649 1573//1649 1624//1649 
f 1632//1650 1673//1650 1624//1650 
f 1682//1651 1673//1651 1632//1651 
f 1639//1652 1682//1652 1632//1652 
f 1675//1653 1682//1653 1639//1653 
f 1634//1654 1675//1654 1639//1654 
f 1626//1655 1675//1655 1634//1655 
f 1613//1656 1606//1656 1574//1656 
f 1577//1657 1613//1657 1574//1657 
f 1582//1658 1613//1658 1577//1658 
f 1675//1659 1626//1659 1613//1659 
f 1582//1660 1675//1660 1613//1660 
f 1652//1661 1675//1661 1582//1661 
f 1644//1662 1652//1662 1582//1662 
f 1574//1663 1606//1663 1594//1663 
f 1586//1664 1574//1664 1594//1664 
f 1573//1665 1574//1665 1586//1665 
f 1592//1666 1573//1666 1586//1666 
f 1604//1667 1573//1667 1592//1667 
f 1644//1668 1582//1668 1588//1668 
f 1598//1669 1644//1669 1588//1669 
f 1623//1670 1644//1670 1598//1670 
f 1623//1671 1598//1671 1590//1671 
f 1579//1672 1623//1672 1590//1672 
f 1576//1673 1623//1673 1579//1673 
f 1575//1674 1576//1674 1579//1674 
f 1571//1675 1576//1675 1575//1675 
f 1446//1676 1571//1676 1575//1676 
f 1560//1677 1571//1677 1446//1677 
f 1573//1678 1422//1678 1466//1678 
f 1493//1679 1573//1679 1466//1679 
f 1574//1680 1573//1680 1493//1680 
f 1468//1681 1574//1681 1493//1681 
f 1426//1682 1574//1682 1468//1682 
f 854//1683 794//1683 848//1683 
f 936//1684 854//1684 848//1684 
f 868//1685 854//1685 936//1685 
f 962//1686 868//1686 936//1686 
f 1073//1687 868//1687 962//1687 
f 1024//1688 1073//1688 962//1688 
f 1074//1689 1073//1689 1024//1689 
f 180//1690 241//1690 358//1690 
f 180//1691 129//1691 181//1691 
f 188//1692 180//1692 181//1692 
f 241//1693 180//1693 188//1693 
f 180//1694 358//1694 463//1694 
f 559//1695 180//1695 463//1695 
f 583//1696 180//1696 559//1696 
f 584//1697 583//1697 559//1697 
f 602//1698 583//1698 584//1698 
f 437//1699 433//1699 586//1699 
f 585//1700 437//1700 586//1700 
f 431//1701 437//1701 585//1701 
f 561//1702 431//1702 585//1702 
f 417//1703 431//1703 561//1703 
f 465//1704 417//1704 561//1704 
f 379//1705 417//1705 465//1705 
f 360//1706 379//1706 465//1706 
f 337//1707 379//1707 360//1707 
f 243//1708 337//1708 360//1708 
f 183//1709 337//1709 243//1709 
f 225//1710 183//1710 243//1710 
f 190//1711 183//1711 225//1711 
f 1057//1712 963//1712 938//1712 
f 850//1713 1057//1713 938//1713 
f 586//1714 1057//1714 850//1714 
f 795//1715 586//1715 850//1715 
f 642//1716 586//1716 795//1716 
f 1468//1717 1427//1717 1426//1717 
f 1417//1718 1358//1718 1357//1718 
f 1416//1719 1417//1719 1357//1719 
f 1469//1720 1417//1720 1416//1720 
f 1251//1721 1358//1721 1254//1721 
f 1358//1722 1251//1722 1273//1722 
f 1276//1723 1358//1723 1273//1723 
f 1287//1724 1358//1724 1276//1724 
f 1358//1725 1287//1725 1295//1725 
f 1309//1726 1358//1726 1295//1726 
f 1358//1727 1309//1727 1312//1727 
f 1321//1728 1358//1728 1312//1728 
f 1357//1729 1358//1729 1321//1729 
f 1325//1730 1357//1730 1321//1730 
f 1324//1731 1357//1731 1325//1731 
f 1155//1732 1132//1732 1154//1732 
f 1159//1733 1160//1733 1133//1733 
f 1158//1734 1159//1734 1133//1734 
f 1133//1735 1160//1735 1167//1735 
f 1174//1736 1133//1736 1167//1736 
f 1133//1737 1174//1737 1190//1737 
f 1205//1738 1133//1738 1190//1738 
f 1254//1739 1133//1739 1205//1739 
f 1231//1740 1254//1740 1205//1740 
f 1251//1741 1254//1741 1231//1741 
f 1132//1742 1155//1742 1158//1742 
f 1133//1743 1132//1743 1158//1743 
f 1026//1744 1132//1744 1133//1744 
f 1027//1745 1026//1745 1133//1745 
f 964//1746 1026//1746 1027//1746 
f 939//1747 964//1747 1027//1747 
f 848//1748 794//1748 779//1748 
f 849//1749 848//1749 779//1749 
f 936//1750 848//1750 849//1750 
f 937//1751 936//1751 849//1751 
f 962//1752 936//1752 937//1752 
f 1025//1753 962//1753 937//1753 
f 1025//1754 1131//1754 1074//1754 
f 1024//1755 1025//1755 1074//1755 
f 962//1756 1025//1756 1024//1756 
f 1415//1757 1467//1757 1422//1757 
f 1414//1758 1415//1758 1422//1758 
f 1356//1759 1415//1759 1414//1759 
f 1355//1760 1356//1760 1414//1760 
f 1253//1761 1356//1761 1355//1761 
f 1252//1762 1253//1762 1355//1762 
f 1131//1763 1253//1763 1252//1763 
f 1130//1764 1131//1764 1252//1764 
f 1074//1765 1131//1765 1130//1765 
f 1469//1766 1416//1766 1427//1766 
f 1468//1767 1469//1767 1427//1767 
f 1492//1768 1469//1768 1468//1768 
f 1493//1769 1492//1769 1468//1769 
f 1467//1770 1492//1770 1493//1770 
f 1466//1771 1467//1771 1493//1771 
f 1422//1772 1467//1772 1466//1772 
f 938//1773 963//1773 964//1773 
f 939//1774 938//1774 964//1774 
f 850//1775 938//1775 939//1775 
f 851//1776 850//1776 939//1776 
f 795//1777 850//1777 851//1777 
f 782//1778 795//1778 851//1778 
f 1146//1779 1208//1779 1356//1779 
f 1253//1780 1146//1780 1356//1780 
f 1059//1781 1146//1781 1253//1781 
f 1131//1782 1059//1782 1253//1782 
f 965//1783 1059//1783 1131//1783 
f 1025//1784 965//1784 1131//1784 
f 907//1785 965//1785 1025//1785 
f 1210//1786 1148//1786 1358//1786 
f 1417//1787 1210//1787 1358//1787 
f 1279//1788 1210//1788 1417//1788 
f 1469//1789 1279//1789 1417//1789 
f 1293//1790 1279//1790 1469//1790 
f 1492//1791 1293//1791 1469//1791 
f 1277//1792 1293//1792 1492//1792 
f 1467//1793 1277//1793 1492//1793 
f 1208//1794 1277//1794 1467//1794 
f 1415//1795 1208//1795 1467//1795 
f 1356//1796 1208//1796 1415//1796 
f 909//1797 781//1797 851//1797 
f 939//1798 909//1798 851//1798 
f 967//1799 909//1799 939//1799 
f 1027//1800 967//1800 939//1800 
f 1061//1801 967//1801 1027//1801 
f 1133//1802 1061//1802 1027//1802 
f 1148//1803 1061//1803 1133//1803 
f 1254//1804 1148//1804 1133//1804 
f 1358//1805 1148//1805 1254//1805 
f 494//1806 447//1806 361//1806 
f 466//1807 494//1807 361//1807 
f 600//1808 494//1808 466//1808 
f 562//1809 600//1809 466//1809 
f 658//1810 600//1810 562//1810 
f 643//1811 658//1811 562//1811 
f 781//1812 658//1812 643//1812 
f 782//1813 781//1813 643//1813 
f 851//1814 781//1814 782//1814 
f 907//1815 1025//1815 937//1815 
f 849//1816 907//1816 937//1816 
f 780//1817 907//1817 849//1817 
f 779//1818 780//1818 849//1818 
f 656//1819 780//1819 779//1819 
f 641//1820 656//1820 779//1820 
f 598//1821 656//1821 641//1821 
f 560//1822 598//1822 641//1822 
f 492//1823 598//1823 560//1823 
f 492//1824 560//1824 464//1824 
f 359//1825 492//1825 464//1825 
f 445//1826 492//1826 359//1826 
f 242//1827 445//1827 359//1827 
f 383//1828 445//1828 242//1828 
f 189//1829 383//1829 242//1829 
f 311//1830 383//1830 189//1830 
f 145//1831 311//1831 189//1831 
f 294//1832 311//1832 145//1832 
f 137//1833 294//1833 145//1833 
f 313//1834 294//1834 137//1834 
f 147//1835 313//1835 137//1835 
f 385//1836 313//1836 147//1836 
f 191//1837 385//1837 147//1837 
f 447//1838 385//1838 191//1838 
f 244//1839 447//1839 191//1839 
f 361//1840 447//1840 244//1840 
f 780//1841 758//1841 903//1841 
f 907//1842 780//1842 903//1842 
f 907//1843 903//1843 908//1843 
f 928//1844 907//1844 908//1844 
f 965//1845 907//1845 928//1845 
f 966//1846 965//1846 928//1846 
f 1059//1847 965//1847 966//1847 
f 1060//1848 1059//1848 966//1848 
f 1059//1849 1060//1849 1083//1849 
f 1107//1850 1059//1850 1083//1850 
f 1146//1851 1059//1851 1107//1851 
f 1147//1852 1146//1852 1107//1852 
f 1208//1853 1146//1853 1147//1853 
f 1208//1854 1147//1854 1209//1854 
f 1271//1855 1208//1855 1209//1855 
f 1277//1856 1208//1856 1271//1856 
f 1277//1857 1271//1857 1278//1857 
f 1283//1858 1277//1858 1278//1858 
f 1293//1859 1277//1859 1283//1859 
f 1293//1860 1283//1860 1292//1860 
f 1284//1861 1293//1861 1292//1861 
f 1279//1862 1293//1862 1284//1862 
f 1279//1863 1284//1863 1280//1863 
f 1272//1864 1279//1864 1280//1864 
f 1210//1865 1279//1865 1272//1865 
f 1211//1866 1210//1866 1272//1866 
f 1148//1867 1210//1867 1211//1867 
f 1149//1868 1148//1868 1211//1868 
f 1148//1869 1149//1869 1108//1869 
f 1084//1870 1148//1870 1108//1870 
f 1061//1871 1148//1871 1084//1871 
f 1062//1872 1061//1872 1084//1872 
f 967//1873 1061//1873 1062//1873 
f 967//1874 1062//1874 968//1874 
f 929//1875 967//1875 968//1875 
f 909//1876 967//1876 929//1876 
f 904//1877 759//1877 781//1877 
f 909//1878 904//1878 781//1878 
f 910//1879 904//1879 909//1879 
f 929//1880 910//1880 909//1880 
f 636//1881 577//1881 480//1881 
f 471//1882 399//1882 325//1882 
f 288//1883 221//1883 211//1883 
f 632//1884 743//1884 757//1884 
f 1106//1885 1193//1885 1266//1885 
f 930//1886 1021//1886 1096//1886 
f 1285//1887 1320//1887 1330//1887 
f 636//1888 721//1888 714//1888 
f 723//1889 636//1889 714//1889 
f 762//1890 747//1890 761//1890 
f 814//1891 762//1891 761//1891 
f 920//1892 762//1892 814//1892 
f 760//1893 745//1893 661//1893 
f 759//1894 760//1894 661//1894 
f 812//1895 760//1895 759//1895 
f 904//1896 812//1896 759//1896 
f 840//1897 812//1897 904//1897 
f 847//1898 840//1898 904//1898 
f 847//1899 904//1899 930//1899 
f 920//1900 847//1900 930//1900 
f 842//1901 847//1901 920//1901 
f 814//1902 842//1902 920//1902 
f 661//1903 745//1903 721//1903 
f 636//1904 661//1904 721//1904 
f 659//1905 661//1905 636//1905 
f 635//1906 659//1906 636//1906 
f 480//1907 523//1907 533//1907 
f 545//1908 480//1908 533//1908 
f 636//1909 480//1909 545//1909 
f 472//1910 521//1910 513//1910 
f 636//1911 545//1911 556//1911 
f 570//1912 636//1912 556//1912 
f 635//1913 636//1913 570//1913 
f 574//1914 635//1914 570//1914 
f 601//1915 635//1915 574//1915 
f 554//1916 542//1916 495//1916 
f 601//1917 554//1917 495//1917 
f 568//1918 554//1918 601//1918 
f 574//1919 568//1919 601//1919 
f 513//1920 523//1920 480//1920 
f 477//1921 513//1921 480//1921 
f 472//1922 513//1922 477//1922 
f 471//1923 448//1923 470//1923 
f 482//1924 471//1924 470//1924 
f 495//1925 471//1925 482//1925 
f 309//1926 373//1926 351//1926 
f 333//1927 309//1927 351//1927 
f 323//1928 309//1928 333//1928 
f 310//1929 323//1929 334//1929 
f 352//1930 310//1930 334//1930 
f 325//1931 310//1931 352//1931 
f 376//1932 325//1932 352//1932 
f 471//1933 325//1933 376//1933 
f 448//1934 408//1934 386//1934 
f 471//1935 376//1935 396//1935 
f 410//1936 471//1936 396//1936 
f 448//1937 471//1937 410//1937 
f 416//1938 448//1938 410//1938 
f 408//1939 448//1939 416//1939 
f 373//1940 309//1940 320//1940 
f 386//1941 373//1941 320//1941 
f 394//1942 373//1942 386//1942 
f 408//1943 394//1943 386//1943 
f 287//1944 307//1944 293//1944 
f 288//1945 287//1945 293//1945 
f 308//1946 288//1946 293//1946 
f 309//1947 288//1947 308//1947 
f 314//1948 309//1948 308//1948 
f 320//1949 309//1949 314//1949 
f 312//1950 306//1950 319//1950 
f 391//1951 446//1951 405//1951 
f 319//1952 306//1952 350//1952 
f 371//1953 319//1953 350//1953 
f 384//1954 319//1954 371//1954 
f 384//1955 371//1955 392//1955 
f 406//1956 384//1956 392//1956 
f 446//1957 384//1957 406//1957 
f 414//1958 446//1958 406//1958 
f 405//1959 446//1959 414//1959 
f 368//1960 348//1960 305//1960 
f 324//1961 368//1961 305//1961 
f 391//1962 368//1962 324//1962 
f 468//1963 391//1963 324//1963 
f 446//1964 391//1964 468//1964 
f 305//1965 348//1965 330//1965 
f 322//1966 305//1966 330//1966 
f 306//1967 305//1967 322//1967 
f 332//1968 306//1968 322//1968 
f 350//1969 306//1969 332//1969 
f 468//1970 493//1970 481//1970 
f 469//1971 468//1971 481//1971 
f 446//1972 468//1972 469//1972 
f 493//1973 552//1973 599//1973 
f 599//1974 552//1974 566//1974 
f 572//1975 599//1975 566//1975 
f 634//1976 599//1976 572//1976 
f 633//1977 634//1977 572//1977 
f 657//1978 634//1978 633//1978 
f 468//1979 511//1979 519//1979 
f 529//1980 468//1980 519//1980 
f 493//1981 468//1981 529//1981 
f 540//1982 493//1982 529//1982 
f 552//1983 493//1983 540//1983 
f 633//1984 572//1984 564//1984 
f 550//1985 633//1985 564//1985 
f 537//1986 633//1986 550//1986 
f 926//1987 903//1987 758//1987 
f 660//1988 657//1988 633//1988 
f 632//1989 660//1989 633//1989 
f 758//1990 660//1990 632//1990 
f 908//1991 927//1991 928//1991 
f 1105//1992 1041//1992 1049//1992 
f 928//1993 927//1993 990//1993 
f 982//1994 928//1994 990//1994 
f 966//1995 928//1995 982//1995 
f 1004//1996 1016//1996 1060//1996 
f 966//1997 1004//1997 1060//1997 
f 992//1998 1004//1998 966//1998 
f 982//1999 992//1999 966//1999 
f 1049//2000 1039//2000 1095//2000 
f 1097//2001 1049//2001 1095//2001 
f 1105//2002 1049//2002 1097//2002 
f 1095//2003 1039//2003 1029//2003 
f 1013//2004 1095//2004 1029//2004 
f 927//2005 1095//2005 1013//2005 
f 1002//2006 927//2006 1013//2006 
f 990//2007 927//2007 1002//2007 
f 1106//2008 1147//2008 1107//2008 
f 1083//2009 1106//2009 1107//2009 
f 1060//2010 1106//2010 1083//2010 
f 1281//2011 1257//2011 1239//2011 
f 1282//2012 1218//2012 1240//2012 
f 1258//2013 1282//2013 1240//2013 
f 1268//2014 1282//2014 1258//2014 
f 1147//2015 1185//2015 1209//2015 
f 1218//2016 1282//2016 1271//2016 
f 1209//2017 1218//2017 1271//2017 
f 1200//2018 1218//2018 1209//2018 
f 1185//2019 1200//2019 1209//2019 
f 1266//2020 1281//2020 1239//2020 
f 1215//2021 1266//2021 1239//2021 
f 1106//2022 1266//2022 1215//2022 
f 1106//2023 1215//2023 1198//2023 
f 1183//2024 1106//2024 1198//2024 
f 1147//2025 1106//2025 1183//2025 
f 1177//2026 1147//2026 1183//2026 
f 1185//2027 1147//2027 1177//2027 
f 1282//2028 1340//2028 1327//2028 
f 1282//2029 1327//2029 1283//2029 
f 1278//2030 1282//2030 1283//2030 
f 1271//2031 1282//2031 1278//2031 
f 1342//2032 1394//2032 1375//2032 
f 1303//2033 1308//2033 1284//2033 
f 1292//2034 1303//2034 1284//2034 
f 1306//2035 1303//2035 1292//2035 
f 1283//2036 1306//2036 1292//2036 
f 1318//2037 1306//2037 1283//2037 
f 1327//2038 1318//2038 1283//2038 
f 1394//2039 1342//2039 1350//2039 
f 1353//2040 1394//2040 1350//2040 
f 1392//2041 1394//2041 1353//2041 
f 1348//2042 1392//2042 1353//2042 
f 1374//2043 1392//2043 1348//2043 
f 1284//2044 1308//2044 1320//2044 
f 1285//2045 1284//2045 1320//2045 
f 1280//2046 1284//2046 1285//2046 
f 1272//2047 1280//2047 1285//2047 
f 1286//2048 1244//2048 1262//2048 
f 1202//2049 1149//2049 1187//2049 
f 1285//2050 1270//2050 1260//2050 
f 1242//2051 1285//2051 1260//2051 
f 1272//2052 1285//2052 1242//2052 
f 1220//2053 1272//2053 1242//2053 
f 1211//2054 1272//2054 1220//2054 
f 1211//2055 1220//2055 1201//2055 
f 1186//2056 1211//2056 1201//2056 
f 1149//2057 1211//2057 1186//2057 
f 1178//2058 1149//2058 1186//2058 
f 1187//2059 1149//2059 1178//2059 
f 1223//2060 1244//2060 1286//2060 
f 1267//2061 1223//2061 1286//2061 
f 1202//2062 1223//2062 1267//2062 
f 1109//2063 1202//2063 1267//2063 
f 1149//2064 1202//2064 1109//2064 
f 1062//2065 1006//2065 968//2065 
f 1109//2066 1062//2066 1084//2066 
f 1108//2067 1109//2067 1084//2067 
f 1149//2068 1109//2068 1108//2068 
f 930//2069 984//2069 996//2069 
f 1008//2070 930//2070 996//2070 
f 1021//2071 930//2071 1008//2071 
f 1109//2072 1051//2072 1043//2072 
f 1033//2073 1109//2073 1043//2073 
f 1062//2074 1109//2074 1033//2074 
f 1018//2075 1062//2075 1033//2075 
f 1006//2076 1062//2076 1018//2076 
f 968//2077 1006//2077 994//2077 
f 984//2078 968//2078 994//2078 
f 929//2079 968//2079 984//2079 
f 930//2080 929//2080 984//2080 
f 910//2081 929//2081 930//2081 
f 904//2082 910//2082 930//2082 
f 930//2083 1096//2083 979//2083 
f 931//2084 930//2084 979//2084 
f 920//2085 930//2085 931//2085 
f 1096//2086 1021//2086 1035//2086 
f 1045//2087 1096//2087 1035//2087 
f 1099//2088 1096//2088 1045//2088 
f 1051//2089 1099//2089 1045//2089 
f 1110//2090 1099//2090 1051//2090 
f 1109//2091 1110//2091 1051//2091 
f 1195//2092 1110//2092 1109//2092 
f 1267//2093 1195//2093 1109//2093 
f 1375//2094 1367//2094 1285//2094 
f 1330//2095 1375//2095 1285//2095 
f 1342//2096 1375//2096 1330//2096 
f 1286//2097 1262//2097 1270//2097 
f 1285//2098 1286//2098 1270//2098 
f 1315//2099 1286//2099 1285//2099 
f 1367//2100 1315//2100 1285//2100 
f 1281//2101 1313//2101 1282//2101 
f 1268//2102 1281//2102 1282//2102 
f 1257//2103 1281//2103 1268//2103 
f 1374//2104 1348//2104 1340//2104 
f 1282//2105 1374//2105 1340//2105 
f 1365//2106 1374//2106 1282//2106 
f 1313//2107 1365//2107 1282//2107 
f 1060//2108 1016//2108 1031//2108 
f 1041//2109 1060//2109 1031//2109 
f 1106//2110 1060//2110 1041//2110 
f 1105//2111 1106//2111 1041//2111 
f 1193//2112 1106//2112 1105//2112 
f 927//2113 908//2113 903//2113 
f 926//2114 927//2114 903//2114 
f 1095//2115 927//2115 926//2115 
f 1065//2116 1095//2116 926//2116 
f 755//2117 756//2117 741//2117 
f 926//2118 758//2118 632//2118 
f 757//2119 926//2119 632//2119 
f 810//2120 926//2120 757//2120 
f 926//2121 918//2121 925//2121 
f 977//2122 926//2122 925//2122 
f 1065//2123 926//2123 977//2123 
f 645//2124 755//2124 741//2124 
f 926//2125 810//2125 838//2125 
f 845//2126 926//2126 838//2126 
f 918//2127 926//2127 845//2127 
f 836//2128 918//2128 845//2128 
f 755//2129 918//2129 836//2129 
f 808//2130 755//2130 836//2130 
f 756//2131 755//2131 808//2131 
f 645//2132 632//2132 631//2132 
f 645//2133 741//2133 717//2133 
f 712//2134 645//2134 717//2134 
f 632//2135 645//2135 712//2135 
f 719//2136 632//2136 712//2136 
f 743//2137 632//2137 719//2137 
f 633//2138 537//2138 479//2138 
f 489//2139 633//2139 479//2139 
f 632//2140 633//2140 489//2140 
f 575//2141 632//2141 489//2141 
f 631//2142 632//2142 575//2142 
f 479//2143 537//2143 527//2143 
f 517//2144 479//2144 527//2144 
f 475//2145 479//2145 517//2145 
f 511//2146 475//2146 517//2146 
f 467//2147 475//2147 511//2147 
f 468//2148 467//2148 511//2148 
f 397//2149 467//2149 468//2149 
f 324//2150 397//2150 468//2150 
f 306//2151 312//2151 307//2151 
f 287//2152 306//2152 307//2152 
f 305//2153 306//2153 287//2153 
f 286//2154 305//2154 287//2154 
f 287//2155 210//2155 219//2155 
f 271//2156 287//2156 219//2156 
f 286//2157 287//2157 271//2157 
f 255//2158 202//2158 210//2158 
f 263//2159 255//2159 210//2159 
f 287//2160 263//2160 210//2160 
f 268//2161 263//2161 287//2161 
f 288//2162 270//2162 278//2162 
f 279//2163 288//2163 278//2163 
f 287//2164 288//2164 279//2164 
f 276//2165 287//2165 279//2165 
f 268//2166 287//2166 276//2166 
f 202//2167 255//2167 247//2167 
f 239//2168 202//2168 247//2168 
f 204//2169 202//2169 239//2169 
f 249//2170 204//2170 239//2170 
f 211//2171 204//2171 249//2171 
f 257//2172 211//2172 249//2172 
f 288//2173 211//2173 257//2173 
f 266//2174 288//2174 257//2174 
f 270//2175 288//2175 266//2175 
f 309//2176 323//2176 310//2176 
f 289//2177 309//2177 310//2177 
f 288//2178 309//2178 289//2178 
f 273//2179 288//2179 289//2179 
f 221//2180 288//2180 273//2180 
f 495//2181 542//2181 531//2181 
f 521//2182 495//2182 531//2182 
f 471//2183 495//2183 521//2183 
f 472//2184 471//2184 521//2184 
f 399//2185 471//2185 472//2185 
f 723//2186 747//2186 762//2186 
f 647//2187 723//2187 762//2187 
f 636//2188 723//2188 647//2188 
f 637//2189 636//2189 647//2189 
f 577//2190 636//2190 637//2190 
f 749//2191 733//2191 578//2191 
f 648//2192 749//2192 578//2192 
f 753//2193 749//2193 648//2193 
f 752//2194 753//2194 648//2194 
f 806//2195 753//2195 752//2195 
f 921//2196 806//2196 752//2196 
f 821//2197 806//2197 921//2197 
f 919//2198 751//2198 887//2198 
f 955//2199 919//2199 887//2199 
f 978//2200 919//2200 955//2200 
f 1054//2201 978//2201 955//2201 
f 1098//2202 978//2202 1054//2202 
f 1161//2203 1098//2203 1054//2203 
f 1194//2204 1098//2204 1161//2204 
f 1294//2205 1194//2205 1161//2205 
f 1314//2206 1194//2206 1294//2206 
f 1364//2207 1314//2207 1294//2207 
f 1366//2208 1314//2208 1364//2208 
f 1420//2209 1366//2209 1364//2209 
f 1393//2210 1366//2210 1420//2210 
f 1444//2211 1393//2211 1420//2211 
f 1395//2212 1393//2212 1444//2212 
f 1440//2213 1395//2213 1444//2213 
f 1368//2214 1395//2214 1440//2214 
f 1396//2215 1368//2215 1440//2215 
f 1316//2216 1368//2216 1396//2216 
f 1346//2217 1316//2217 1396//2217 
f 1196//2218 1316//2218 1346//2218 
f 1245//2219 1196//2219 1346//2219 
f 1100//2220 1196//2220 1245//2220 
f 1118//2221 1100//2221 1245//2221 
f 980//2222 1100//2222 1118//2222 
f 1010//2223 980//2223 1118//2223 
f 921//2224 980//2224 1010//2224 
f 932//2225 921//2225 1010//2225 
f 821//2226 921//2226 932//2226 
f 578//2227 733//2227 630//2227 
f 548//2228 578//2228 630//2228 
f 478//2229 578//2229 548//2229 
f 456//2230 478//2230 548//2230 
f 400//2231 478//2231 456//2231 
f 346//2232 400//2232 456//2232 
f 274//2233 400//2233 346//2233 
f 250//2234 274//2234 346//2234 
f 222//2235 274//2235 250//2235 
f 201//2236 222//2236 250//2236 
f 205//2237 222//2237 201//2237 
f 164//2238 205//2238 201//2238 
f 203//2239 205//2239 164//2239 
f 160//2240 203//2240 164//2240 
f 220//2241 203//2241 160//2241 
f 185//2242 220//2242 160//2242 
f 272//2243 220//2243 185//2243 
f 223//2244 272//2244 185//2244 
f 398//2245 272//2245 223//2245 
f 290//2246 398//2246 223//2246 
f 476//2247 398//2247 290//2247 
f 444//2248 476//2248 290//2248 
f 576//2249 476//2249 444//2249 
f 499//2250 576//2250 444//2250 
f 646//2251 576//2251 499//2251 
f 607//2252 646//2252 499//2252 
f 751//2253 646//2253 607//2253 
f 677//2254 751//2254 607//2254 
f 887//2255 751//2255 677//2255 
f 846//2256 774//2256 839//2256 
f 774//2257 811//2257 839//2257 
f 774//2258 769//2258 811//2258 
f 770//2259 774//2259 813//2259 
f 774//2260 841//2260 813//2260 
f 774//2261 846//2261 841//2261 
f 811//2262 769//2262 760//2262 
f 812//2263 811//2263 760//2263 
f 839//2264 811//2264 812//2264 
f 840//2265 839//2265 812//2265 
f 846//2266 839//2266 840//2266 
f 847//2267 846//2267 840//2267 
f 841//2268 846//2268 847//2268 
f 842//2269 841//2269 847//2269 
f 813//2270 841//2270 842//2270 
f 814//2271 813//2271 842//2271 
f 770//2272 813//2272 814//2272 
f 761//2273 770//2273 814//2273 
f 573//2274 543//2274 567//2274 
f 543//2275 553//2275 567//2275 
f 543//2276 541//2276 553//2276 
f 544//2277 543//2277 555//2277 
f 543//2278 569//2278 555//2278 
f 543//2279 573//2279 569//2279 
f 553//2280 541//2280 542//2280 
f 554//2281 553//2281 542//2281 
f 567//2282 553//2282 554//2282 
f 568//2283 567//2283 554//2283 
f 573//2284 567//2284 568//2284 
f 574//2285 573//2285 568//2285 
f 569//2286 573//2286 574//2286 
f 570//2287 569//2287 574//2287 
f 555//2288 569//2288 570//2288 
f 556//2289 555//2289 570//2289 
f 544//2290 555//2290 556//2290 
f 545//2291 544//2291 556//2291 
f 415//2292 374//2292 407//2292 
f 374//2293 393//2293 407//2293 
f 374//2294 372//2294 393//2294 
f 375//2295 374//2295 395//2295 
f 374//2296 409//2296 395//2296 
f 374//2297 415//2297 409//2297 
f 393//2298 372//2298 373//2298 
f 394//2299 393//2299 373//2299 
f 407//2300 393//2300 394//2300 
f 408//2301 407//2301 394//2301 
f 415//2302 407//2302 408//2302 
f 416//2303 415//2303 408//2303 
f 409//2304 415//2304 416//2304 
f 410//2305 409//2305 416//2305 
f 395//2306 409//2306 410//2306 
f 396//2307 395//2307 410//2307 
f 375//2308 395//2308 396//2308 
f 376//2309 375//2309 396//2309 
f 280//2310 264//2310 275//2310 
f 264//2311 267//2311 275//2311 
f 264//2312 262//2312 267//2312 
f 265//2313 264//2313 269//2313 
f 264//2314 277//2314 269//2314 
f 264//2315 280//2315 277//2315 
f 267//2316 262//2316 263//2316 
f 268//2317 267//2317 263//2317 
f 275//2318 267//2318 268//2318 
f 276//2319 275//2319 268//2319 
f 280//2320 275//2320 276//2320 
f 279//2321 280//2321 276//2321 
f 277//2322 280//2322 279//2322 
f 278//2323 277//2323 279//2323 
f 269//2324 277//2324 278//2324 
f 270//2325 269//2325 278//2325 
f 265//2326 269//2326 270//2326 
f 266//2327 265//2327 270//2327 
f 387//2328 369//2328 367//2328 
f 369//2329 389//2329 401//2329 
f 369//2330 403//2330 411//2330 
f 369//2331 412//2331 413//2331 
f 369//2332 404//2332 402//2332 
f 370//2333 369//2333 388//2333 
f 369//2334 390//2334 388//2334 
f 369//2335 402//2335 390//2335 
f 369//2336 413//2336 404//2336 
f 369//2337 411//2337 412//2337 
f 369//2338 401//2338 403//2338 
f 369//2339 387//2339 389//2339 
f 387//2340 367//2340 368//2340 
f 391//2341 387//2341 368//2341 
f 389//2342 387//2342 391//2342 
f 401//2343 389//2343 391//2343 
f 405//2344 401//2344 391//2344 
f 403//2345 401//2345 405//2345 
f 411//2346 403//2346 405//2346 
f 414//2347 411//2347 405//2347 
f 412//2348 411//2348 414//2348 
f 413//2349 412//2349 414//2349 
f 406//2350 413//2350 414//2350 
f 404//2351 413//2351 406//2351 
f 402//2352 404//2352 406//2352 
f 392//2353 402//2353 406//2353 
f 390//2354 402//2354 392//2354 
f 388//2355 390//2355 392//2355 
f 371//2356 388//2356 392//2356 
f 370//2357 388//2357 371//2357 
f 571//2358 538//2358 563//2358 
f 538//2359 549//2359 563//2359 
f 538//2360 536//2360 549//2360 
f 539//2361 538//2361 551//2361 
f 538//2362 565//2362 551//2362 
f 538//2363 571//2363 565//2363 
f 549//2364 536//2364 537//2364 
f 550//2365 549//2365 537//2365 
f 563//2366 549//2366 550//2366 
f 564//2367 563//2367 550//2367 
f 571//2368 563//2368 564//2368 
f 572//2369 571//2369 564//2369 
f 565//2370 571//2370 572//2370 
f 566//2371 565//2371 572//2371 
f 551//2372 565//2372 566//2372 
f 552//2373 551//2373 566//2373 
f 539//2374 551//2374 552//2374 
f 540//2375 539//2375 552//2375 
f 844//2376 773//2376 835//2376 
f 773//2377 807//2377 835//2377 
f 773//2378 767//2378 807//2378 
f 768//2379 773//2379 809//2379 
f 773//2380 837//2380 809//2380 
f 773//2381 844//2381 837//2381 
f 807//2382 767//2382 756//2382 
f 808//2383 807//2383 756//2383 
f 835//2384 807//2384 808//2384 
f 836//2385 835//2385 808//2385 
f 844//2386 835//2386 836//2386 
f 845//2387 844//2387 836//2387 
f 837//2388 844//2388 845//2388 
f 838//2389 837//2389 845//2389 
f 809//2390 837//2390 838//2390 
f 810//2391 809//2391 838//2391 
f 768//2392 809//2392 810//2392 
f 757//2393 768//2393 810//2393 
f 1048//2394 1014//2394 1038//2394 
f 1014//2395 1028//2395 1038//2395 
f 1014//2396 1012//2396 1028//2396 
f 1015//2397 1014//2397 1030//2397 
f 1014//2398 1040//2398 1030//2398 
f 1014//2399 1048//2399 1040//2399 
f 1028//2400 1012//2400 1013//2400 
f 1029//2401 1028//2401 1013//2401 
f 1038//2402 1028//2402 1029//2402 
f 1039//2403 1038//2403 1029//2403 
f 1048//2404 1038//2404 1039//2404 
f 1049//2405 1048//2405 1039//2405 
f 1040//2406 1048//2406 1049//2406 
f 1041//2407 1040//2407 1049//2407 
f 1030//2408 1040//2408 1041//2408 
f 1031//2409 1030//2409 1041//2409 
f 1015//2410 1030//2410 1031//2410 
f 1016//2411 1015//2411 1031//2411 
f 1234//2412 1216//2412 1214//2412 
f 1216//2413 1237//2413 1248//2413 
f 1216//2414 1255//2414 1263//2414 
f 1216//2415 1264//2415 1265//2415 
f 1216//2416 1256//2416 1249//2416 
f 1217//2417 1216//2417 1235//2417 
f 1216//2418 1238//2418 1235//2418 
f 1216//2419 1249//2419 1238//2419 
f 1216//2420 1265//2420 1256//2420 
f 1216//2421 1263//2421 1264//2421 
f 1216//2422 1248//2422 1255//2422 
f 1216//2423 1234//2423 1237//2423 
f 1234//2424 1214//2424 1215//2424 
f 1239//2425 1234//2425 1215//2425 
f 1237//2426 1234//2426 1239//2426 
f 1248//2427 1237//2427 1239//2427 
f 1257//2428 1248//2428 1239//2428 
f 1255//2429 1248//2429 1257//2429 
f 1263//2430 1255//2430 1257//2430 
f 1268//2431 1263//2431 1257//2431 
f 1264//2432 1263//2432 1268//2432 
f 1265//2433 1264//2433 1268//2433 
f 1258//2434 1265//2434 1268//2434 
f 1256//2435 1265//2435 1258//2435 
f 1249//2436 1256//2436 1258//2436 
f 1240//2437 1249//2437 1258//2437 
f 1238//2438 1249//2438 1240//2438 
f 1235//2439 1238//2439 1240//2439 
f 1218//2440 1235//2440 1240//2440 
f 1217//2441 1235//2441 1218//2441 
f 1352//2442 1328//2442 1347//2442 
f 1328//2443 1339//2443 1347//2443 
f 1328//2444 1326//2444 1339//2444 
f 1329//2445 1328//2445 1341//2445 
f 1328//2446 1349//2446 1341//2446 
f 1328//2447 1352//2447 1349//2447 
f 1339//2448 1326//2448 1327//2448 
f 1340//2449 1339//2449 1327//2449 
f 1347//2450 1339//2450 1340//2450 
f 1348//2451 1347//2451 1340//2451 
f 1352//2452 1347//2452 1348//2452 
f 1353//2453 1352//2453 1348//2453 
f 1349//2454 1352//2454 1353//2454 
f 1350//2455 1349//2455 1353//2455 
f 1341//2456 1349//2456 1350//2456 
f 1342//2457 1341//2457 1350//2457 
f 1329//2458 1341//2458 1342//2458 
f 1330//2459 1329//2459 1342//2459 
f 1269//2460 1221//2460 1259//2460 
f 1221//2461 1241//2461 1259//2461 
f 1221//2462 1219//2462 1241//2462 
f 1222//2463 1221//2463 1243//2463 
f 1221//2464 1261//2464 1243//2464 
f 1221//2465 1269//2465 1261//2465 
f 1241//2466 1219//2466 1220//2466 
f 1242//2467 1241//2467 1220//2467 
f 1259//2468 1241//2468 1242//2468 
f 1260//2469 1259//2469 1242//2469 
f 1269//2470 1259//2470 1260//2470 
f 1270//2471 1269//2471 1260//2471 
f 1261//2472 1269//2472 1270//2472 
f 1262//2473 1261//2473 1270//2473 
f 1243//2474 1261//2474 1262//2474 
f 1244//2475 1243//2475 1262//2475 
f 1222//2476 1243//2476 1244//2476 
f 1223//2477 1222//2477 1244//2477 
f 1050//2478 1019//2478 1042//2478 
f 1019//2479 1032//2479 1042//2479 
f 1019//2480 1017//2480 1032//2480 
f 1020//2481 1019//2481 1034//2481 
f 1019//2482 1044//2482 1034//2482 
f 1019//2483 1050//2483 1044//2483 
f 1032//2484 1017//2484 1018//2484 
f 1033//2485 1032//2485 1018//2485 
f 1042//2486 1032//2486 1033//2486 
f 1043//2487 1042//2487 1033//2487 
f 1050//2488 1042//2488 1043//2488 
f 1051//2489 1050//2489 1043//2489 
f 1044//2490 1050//2490 1051//2490 
f 1045//2491 1044//2491 1051//2491 
f 1034//2492 1044//2492 1045//2492 
f 1035//2493 1034//2493 1045//2493 
f 1020//2494 1034//2494 1035//2494 
f 1021//2495 1020//2495 1035//2495 
f 1311//2496 1310//2496 1378//2496 
f 1379//2497 1311//2497 1378//2497 
f 1154//2498 1311//2498 1379//2498 
f 1155//2499 1154//2499 1379//2499 
f 1447//2500 1324//2500 1325//2500 
f 1561//2501 1447//2501 1325//2501 
f 1446//2502 1447//2502 1561//2502 
f 1560//2503 1446//2503 1561//2503 
f 815//2504 765//2504 771//2504 
f 816//2505 815//2505 771//2505 
f 891//2506 815//2506 816//2506 
f 893//2507 891//2507 816//2507 
f 912//2508 891//2508 893//2508 
f 914//2509 912//2509 893//2509 
f 924//2510 912//2510 914//2510 
f 950//2511 924//2511 914//2511 
f 948//2512 924//2512 950//2512 
f 969//2513 948//2513 950//2513 
f 971//2514 969//2514 950//2514 
f 1000//2515 969//2515 971//2515 
f 1046//2516 1000//2516 971//2516 
f 1036//2517 1000//2517 1046//2517 
f 1077//2518 1036//2518 1046//2518 
f 1079//2519 1077//2519 1046//2519 
f 1117//2520 1077//2520 1079//2520 
f 1128//2521 1117//2521 1079//2521 
f 1125//2522 1117//2522 1128//2522 
f 1164//2523 1125//2523 1128//2523 
f 1168//2524 1164//2524 1128//2524 
f 1224//2525 1164//2525 1168//2525 
f 1226//2526 1224//2526 1168//2526 
f 1236//2527 1224//2527 1226//2527 
f 1290//2528 1236//2528 1226//2528 
f 1288//2529 1236//2529 1290//2529 
f 1331//2530 1288//2530 1290//2530 
f 1337//2531 1331//2531 1290//2531 
f 1351//2532 1331//2532 1337//2532 
f 1361//2533 1351//2533 1337//2533 
f 1359//2534 1351//2534 1361//2534 
f 1381//2535 1359//2535 1361//2535 
f 1385//2536 1381//2536 1361//2536 
f 1402//2537 1381//2537 1385//2537 
f 1412//2538 1402//2538 1385//2538 
f 1403//2539 1402//2539 1412//2539 
f 1429//2540 1403//2540 1412//2540 
f 1437//2541 1429//2541 1412//2541 
f 1442//2542 1429//2542 1437//2542 
f 1449//2543 1442//2543 1437//2543 
f 1445//2544 1442//2544 1449//2544 
f 1464//2545 1445//2545 1449//2545 
f 1456//2546 1445//2546 1464//2546 
f 1462//2547 1456//2547 1464//2547 
f 1472//2548 1462//2548 1464//2548 
f 1460//2549 1462//2549 1472//2549 
f 1465//2550 1460//2550 1472//2550 
f 1457//2551 1460//2551 1465//2551 
f 1443//2552 1457//2552 1465//2552 
f 1450//2553 1443//2553 1465//2553 
f 1433//2554 1443//2554 1450//2554 
f 1438//2555 1433//2555 1450//2555 
f 1430//2556 1433//2556 1438//2556 
f 1404//2557 1430//2557 1438//2557 
f 1413//2558 1404//2558 1438//2558 
f 1382//2559 1404//2559 1413//2559 
f 1386//2560 1382//2560 1413//2560 
f 1373//2561 1382//2561 1386//2561 
f 1362//2562 1373//2562 1386//2562 
f 1360//2563 1373//2563 1362//2563 
f 1332//2564 1360//2564 1362//2564 
f 1338//2565 1332//2565 1362//2565 
f 1298//2566 1332//2566 1338//2566 
f 1291//2567 1298//2567 1338//2567 
f 1289//2568 1298//2568 1291//2568 
f 1225//2569 1289//2569 1291//2569 
f 1227//2570 1225//2570 1291//2570 
f 1166//2571 1225//2571 1227//2571 
f 1169//2572 1166//2572 1227//2572 
f 1165//2573 1166//2573 1169//2573 
f 1126//2574 1165//2574 1169//2574 
f 1129//2575 1126//2575 1169//2575 
f 1078//2576 1126//2576 1129//2576 
f 1080//2577 1078//2577 1129//2577 
f 1058//2578 1078//2578 1080//2578 
f 1047//2579 1058//2579 1080//2579 
f 1037//2580 1058//2580 1047//2580 
f 970//2581 1037//2581 1047//2581 
f 972//2582 970//2582 1047//2582 
f 959//2583 970//2583 972//2583 
f 951//2584 959//2584 972//2584 
f 949//2585 959//2585 951//2585 
f 816//2586 771//2586 775//2586 
f 818//2587 816//2587 775//2587 
f 893//2588 816//2588 818//2588 
f 895//2589 893//2589 818//2589 
f 914//2590 893//2590 895//2590 
f 916//2591 914//2591 895//2591 
f 950//2592 914//2592 916//2592 
f 952//2593 950//2593 916//2593 
f 971//2594 950//2594 952//2594 
f 973//2595 971//2595 952//2595 
f 1046//2596 971//2596 973//2596 
f 1052//2597 1046//2597 973//2597 
f 1079//2598 1046//2598 1052//2598 
f 1081//2599 1079//2599 1052//2599 
f 1128//2600 1079//2600 1081//2600 
f 1140//2601 1128//2601 1081//2601 
f 1168//2602 1128//2602 1140//2602 
f 1172//2603 1168//2603 1140//2603 
f 1226//2604 1168//2604 1172//2604 
f 1246//2605 1226//2605 1172//2605 
f 1290//2606 1226//2606 1246//2606 
f 1300//2607 1290//2607 1246//2607 
f 1337//2608 1290//2608 1300//2608 
f 1344//2609 1337//2609 1300//2609 
f 1361//2610 1337//2610 1344//2610 
f 1369//2611 1361//2611 1344//2611 
f 1385//2612 1361//2612 1369//2612 
f 1398//2613 1385//2613 1369//2613 
f 1412//2614 1385//2614 1398//2614 
f 1431//2615 1412//2615 1398//2615 
f 1437//2616 1412//2616 1431//2616 
f 1453//2617 1437//2617 1431//2617 
f 1449//2618 1437//2618 1453//2618 
f 1480//2619 1449//2619 1453//2619 
f 1464//2620 1449//2620 1480//2620 
f 1498//2621 1464//2621 1480//2621 
f 1472//2622 1464//2622 1498//2622 
f 1504//2623 1472//2623 1498//2623 
f 1465//2624 1472//2624 1504//2624 
f 1499//2625 1465//2625 1504//2625 
f 1450//2626 1465//2626 1499//2626 
f 1481//2627 1450//2627 1499//2627 
f 1438//2628 1450//2628 1481//2628 
f 1454//2629 1438//2629 1481//2629 
f 1413//2630 1438//2630 1454//2630 
f 1432//2631 1413//2631 1454//2631 
f 1386//2632 1413//2632 1432//2632 
f 1399//2633 1386//2633 1432//2633 
f 1362//2634 1386//2634 1399//2634 
f 1370//2635 1362//2635 1399//2635 
f 1338//2636 1362//2636 1370//2636 
f 1345//2637 1338//2637 1370//2637 
f 1291//2638 1338//2638 1345//2638 
f 1301//2639 1291//2639 1345//2639 
f 1227//2640 1291//2640 1301//2640 
f 1247//2641 1227//2641 1301//2641 
f 1169//2642 1227//2642 1247//2642 
f 1173//2643 1169//2643 1247//2643 
f 1129//2644 1169//2644 1173//2644 
f 1141//2645 1129//2645 1173//2645 
f 1080//2646 1129//2646 1141//2646 
f 1082//2647 1080//2647 1141//2647 
f 1047//2648 1080//2648 1082//2648 
f 1053//2649 1047//2649 1082//2649 
f 972//2650 1047//2650 1053//2650 
f 974//2651 972//2651 1053//2651 
f 951//2652 972//2652 974//2652 
f 953//2653 951//2653 974//2653 
f 915//2654 951//2654 953//2654 
f 917//2655 915//2655 953//2655 
f 894//2656 915//2656 917//2656 
f 817//2657 776//2657 772//2657 
f 894//2658 817//2658 772//2658 
f 896//2659 817//2659 894//2659 
f 917//2660 896//2660 894//2660 
f 913//2661 949//2661 951//2661 
f 915//2662 913//2662 951//2662 
f 892//2663 913//2663 915//2663 
f 894//2664 892//2664 915//2664 
f 890//2665 892//2665 894//2665 
f 772//2666 890//2666 894//2666 
f 766//2667 890//2667 772//2667 
f 749//2668 732//2668 733//2668 
f 732//2669 724//2669 725//2669 
f 749//2670 753//2670 763//2670 
f 748//2671 749//2671 763//2671 
f 732//2672 749//2672 748//2672 
f 731//2673 732//2673 748//2673 
f 724//2674 732//2674 731//2674 
f 805//2675 823//2675 829//2675 
f 764//2676 805//2676 829//2676 
f 763//2677 805//2677 764//2677 
f 764//2678 724//2678 731//2678 
f 748//2679 764//2679 731//2679 
f 763//2680 764//2680 748//2680 
f 889//2681 830//2681 822//2681 
f 821//2682 889//2682 822//2682 
f 932//2683 889//2683 821//2683 
f 732//2684 725//2684 675//2684 
f 630//2685 732//2685 675//2685 
f 733//2686 732//2686 630//2686 
f 630//2687 675//2687 629//2687 
f 604//2688 630//2688 629//2688 
f 548//2689 630//2689 604//2689 
f 548//2690 604//2690 546//2690 
f 497//2691 548//2691 546//2691 
f 456//2692 548//2692 497//2692 
f 456//2693 497//2693 453//2693 
f 442//2694 456//2694 453//2694 
f 346//2695 456//2695 442//2695 
f 346//2696 442//2696 341//2696 
f 285//2697 346//2697 341//2697 
f 250//2698 346//2698 285//2698 
f 250//2699 285//2699 238//2699 
f 216//2700 250//2700 238//2700 
f 201//2701 250//2701 216//2701 
f 201//2702 216//2702 194//2702 
f 175//2703 201//2703 194//2703 
f 164//2704 201//2704 175//2704 
f 164//2705 175//2705 158//2705 
f 153//2706 164//2706 158//2706 
f 160//2707 164//2707 153//2707 
f 160//2708 153//2708 149//2708 
f 163//2709 160//2709 149//2709 
f 185//2710 160//2710 163//2710 
f 185//2711 163//2711 172//2711 
f 200//2712 185//2712 172//2712 
f 223//2713 185//2713 200//2713 
f 223//2714 200//2714 215//2714 
f 253//2715 223//2715 215//2715 
f 290//2716 223//2716 253//2716 
f 290//2717 253//2717 284//2717 
f 362//2718 290//2718 284//2718 
f 444//2719 290//2719 362//2719 
f 444//2720 362//2720 443//2720 
f 462//2721 444//2721 443//2721 
f 499//2722 444//2722 462//2722 
f 499//2723 462//2723 498//2723 
f 558//2724 499//2724 498//2724 
f 607//2725 499//2725 558//2725 
f 607//2726 558//2726 605//2726 
f 639//2727 607//2727 605//2727 
f 677//2728 607//2728 639//2728 
f 887//2729 923//2729 955//2729 
f 677//2730 639//2730 676//2730 
f 754//2731 677//2731 676//2731 
f 887//2732 677//2732 754//2732 
f 888//2733 887//2733 754//2733 
f 923//2734 887//2734 888//2734 
f 1054//2735 1116//2735 1161//2735 
f 955//2736 923//2736 957//2736 
f 999//2737 955//2737 957//2737 
f 1054//2738 955//2738 999//2738 
f 1055//2739 1054//2739 999//2739 
f 1116//2740 1054//2740 1055//2740 
f 1294//2741 1343//2741 1364//2741 
f 1161//2742 1116//2742 1162//2742 
f 1230//2743 1161//2743 1162//2743 
f 1294//2744 1161//2744 1230//2744 
f 1297//2745 1294//2745 1230//2745 
f 1343//2746 1294//2746 1297//2746 
f 1420//2747 1441//2747 1444//2747 
f 1364//2748 1343//2748 1372//2748 
f 1397//2749 1364//2749 1372//2749 
f 1420//2750 1364//2750 1397//2750 
f 1428//2751 1420//2751 1397//2751 
f 1441//2752 1420//2752 1428//2752 
f 1440//2753 1425//2753 1396//2753 
f 1444//2754 1441//2754 1461//2754 
f 1455//2755 1444//2755 1461//2755 
f 1440//2756 1444//2756 1455//2756 
f 1448//2757 1440//2757 1455//2757 
f 1425//2758 1440//2758 1448//2758 
f 1346//2759 1296//2759 1245//2759 
f 1396//2760 1425//2760 1405//2760 
f 1371//2761 1396//2761 1405//2761 
f 1346//2762 1396//2762 1371//2762 
f 1354//2763 1346//2763 1371//2763 
f 1296//2764 1346//2764 1354//2764 
f 1118//2765 1056//2765 1010//2765 
f 1245//2766 1296//2766 1250//2766 
f 1163//2767 1245//2767 1250//2767 
f 1118//2768 1245//2768 1163//2768 
f 1127//2769 1118//2769 1163//2769 
f 1056//2770 1118//2770 1127//2770 
f 1010//2771 1056//2771 1011//2771 
f 958//2772 1010//2772 1011//2772 
f 932//2773 1010//2773 958//2773 
f 933//2774 932//2774 958//2774 
f 889//2775 932//2775 933//2775 
f 1627//2776 1614//2776 1613//2776 
f 1626//2777 1627//2777 1613//2777 
f 1635//2778 1627//2778 1626//2778 
f 1634//2779 1635//2779 1626//2779 
f 1638//2780 1635//2780 1634//2780 
f 1639//2781 1638//2781 1634//2781 
f 1633//2782 1638//2782 1639//2782 
f 1632//2783 1633//2783 1639//2783 
f 1625//2784 1633//2784 1632//2784 
f 1624//2785 1625//2785 1632//2785 
f 1612//2786 1625//2786 1624//2786 
f 1611//2787 1612//2787 1624//2787 
f 1552//2788 1585//2788 1595//2788 
f 1607//2789 1552//2789 1595//2789 
f 1641//2790 1552//2790 1607//2790 
f 1614//2791 1641//2791 1607//2791 
f 1656//2792 1641//2792 1614//2792 
f 1656//2793 1614//2793 1627//2793 
f 1635//2794 1656//2794 1627//2794 
f 1659//2795 1656//2795 1635//2795 
f 1638//2796 1659//2796 1635//2796 
f 1655//2797 1659//2797 1638//2797 
f 1525//2798 1550//2798 1593//2798 
f 1585//2799 1525//2799 1593//2799 
f 1526//2800 1525//2800 1585//2800 
f 1552//2801 1526//2801 1585//2801 
f 1655//2802 1638//2802 1633//2802 
f 1625//2803 1655//2803 1633//2803 
f 1640//2804 1655//2804 1625//2804 
f 1612//2805 1640//2805 1625//2805 
f 1550//2806 1640//2806 1612//2806 
f 1605//2807 1550//2807 1612//2807 
f 1593//2808 1550//2808 1605//2808 
f 1526//2809 1552//2809 1553//2809 
f 1540//2810 1526//2810 1553//2810 
f 1529//2811 1525//2811 1527//2811 
f 1546//2812 1551//2812 1550//2812 
f 1525//2813 1546//2813 1550//2813 
f 1538//2814 1546//2814 1525//2814 
f 1529//2815 1538//2815 1525//2815 
f 1526//2816 1540//2816 1534//2816 
f 1528//2817 1526//2817 1534//2817 
f 1524//2818 1526//2818 1528//2818 
f 1523//2819 1527//2819 1525//2819 
f 1526//2820 1523//2820 1525//2820 
f 1522//2821 1523//2821 1526//2821 
f 1524//2822 1522//2822 1526//2822 
f 1521//2823 1522//2823 1524//2823 
f 1587//2824 1550//2824 1551//2824 
f 1550//2825 1587//2825 1596//2825 
f 1615//2826 1550//2826 1596//2826 
f 1640//2827 1550//2827 1615//2827 
f 1610//2828 1552//2828 1641//2828 
f 1552//2829 1610//2829 1597//2829 
f 1581//2830 1552//2830 1597//2830 
f 1553//2831 1552//2831 1581//2831 
f 859//2832 785//2832 797//2832 
f 858//2833 859//2833 797//2833 
f 873//2834 859//2834 858//2834 
f 872//2835 873//2835 858//2835 
f 879//2836 873//2836 872//2836 
f 878//2837 879//2837 872//2837 
f 871//2838 879//2838 878//2838 
f 870//2839 871//2839 878//2839 
f 857//2840 871//2840 870//2840 
f 856//2841 857//2841 870//2841 
f 784//2842 857//2842 856//2842 
f 796//2843 784//2843 856//2843 
f 855//2844 800//2844 803//2844 
f 854//2845 855//2845 803//2845 
f 869//2846 855//2846 854//2846 
f 868//2847 869//2847 854//2847 
f 877//2848 869//2848 868//2848 
f 876//2849 877//2849 868//2849 
f 867//2850 877//2850 876//2850 
f 866//2851 867//2851 876//2851 
f 853//2852 867//2852 866//2852 
f 852//2853 853//2853 866//2853 
f 799//2854 853//2854 852//2854 
f 802//2855 799//2855 852//2855 
f 85//2856 74//2856 73//2856 
f 84//2857 85//2857 73//2857 
f 95//2858 85//2858 84//2858 
f 94//2859 95//2859 84//2859 
f 97//2860 95//2860 94//2860 
f 98//2861 97//2861 94//2861 
f 93//2862 97//2862 98//2862 
f 92//2863 93//2863 98//2863 
f 83//2864 93//2864 92//2864 
f 82//2865 83//2865 92//2865 
f 72//2866 83//2866 82//2866 
f 71//2867 72//2867 82//2867 
f 680//2868 784//2868 708//2868 
f 694//2869 680//2869 708//2869 
f 535//2870 680//2870 694//2870 
f 686//2871 535//2871 694//2871 
f 618//2872 535//2872 686//2872 
f 696//2873 618//2873 686//2873 
f 730//2874 618//2874 696//2874 
f 710//2875 730//2875 696//2875 
f 786//2876 730//2876 710//2876 
f 785//2877 786//2877 710//2877 
f 825//2878 786//2878 785//2878 
f 859//2879 825//2879 785//2879 
f 941//2880 825//2880 859//2880 
f 873//2881 941//2881 859//2881 
f 1023//2882 941//2882 873//2882 
f 879//2883 1023//2883 873//2883 
f 885//2884 1023//2884 879//2884 
f 885//2885 879//2885 871//2885 
f 857//2886 885//2886 871//2886 
f 861//2887 885//2887 857//2887 
f 784//2888 861//2888 857//2888 
f 701//2889 861//2889 784//2889 
f 680//2890 701//2890 784//2890 
f 701//2891 680//2891 681//2891 
f 687//2892 701//2892 681//2892 
f 862//2893 861//2893 860//2893 
f 882//2894 886//2894 885//2894 
f 861//2895 882//2895 885//2895 
f 874//2896 882//2896 861//2896 
f 862//2897 874//2897 861//2897 
f 701//2898 687//2898 699//2898 
f 702//2899 701//2899 699//2899 
f 861//2900 701//2900 702//2900 
f 861//2901 702//2901 715//2901 
f 734//2902 861//2902 715//2902 
f 750//2903 861//2903 734//2903 
f 819//2904 828//2904 860//2904 
f 861//2905 819//2905 860//2905 
f 778//2906 819//2906 861//2906 
f 750//2907 778//2907 861//2907 
f 922//2908 885//2908 886//2908 
f 885//2909 922//2909 934//2909 
f 956//2910 885//2910 934//2910 
f 1023//2911 885//2911 956//2911 
f 608//2912 680//2912 535//2912 
f 680//2913 608//2913 627//2913 
f 655//2914 680//2914 627//2914 
f 681//2915 680//2915 655//2915 
f 25//2916 31//2916 55//2916 
f 52//2917 25//2917 55//2917 
f 32//2918 25//2918 52//2918 
f 32//2919 52//2919 57//2919 
f 63//2920 32//2920 57//2920 
f 45//2921 32//2921 63//2921 
f 74//2922 45//2922 63//2922 
f 108//2923 45//2923 74//2923 
f 108//2924 74//2924 85//2924 
f 95//2925 108//2925 85//2925 
f 120//2926 108//2926 95//2926 
f 97//2927 120//2927 95//2927 
f 119//2928 120//2928 97//2928 
f 106//2929 119//2929 97//2929 
f 106//2930 97//2930 93//2930 
f 83//2931 106//2931 93//2931 
f 44//2932 106//2932 83//2932 
f 72//2933 44//2933 83//2933 
f 31//2934 44//2934 72//2934 
f 61//2935 31//2935 72//2935 
f 55//2936 31//2936 61//2936 
f 119//2937 106//2937 107//2937 
f 113//2938 119//2938 107//2938 
f 116//2939 120//2939 118//2939 
f 110//2940 109//2940 108//2940 
f 120//2941 110//2941 108//2941 
f 114//2942 110//2942 120//2942 
f 116//2943 114//2943 120//2943 
f 119//2944 113//2944 115//2944 
f 117//2945 119//2945 115//2945 
f 121//2946 119//2946 117//2946 
f 122//2947 118//2947 120//2947 
f 119//2948 122//2948 120//2948 
f 123//2949 122//2949 119//2949 
f 121//2950 123//2950 119//2950 
f 124//2951 123//2951 121//2951 
f 96//2952 108//2952 109//2952 
f 108//2953 96//2953 91//2953 
f 70//2954 108//2954 91//2954 
f 45//2955 108//2955 70//2955 
f 75//2956 106//2956 44//2956 
f 106//2957 75//2957 90//2957 
f 99//2958 106//2958 90//2958 
f 107//2959 106//2959 99//2959 
f 706//2960 800//2960 697//2960 
f 678//2961 706//2961 697//2961 
f 692//2962 706//2962 678//2962 
f 684//2963 692//2963 678//2963 
f 534//2964 684//2964 678//2964 
f 690//2965 684//2965 534//2965 
f 617//2966 690//2966 534//2966 
f 704//2967 690//2967 617//2967 
f 729//2968 704//2968 617//2968 
f 799//2969 704//2969 729//2969 
f 783//2970 799//2970 729//2970 
f 853//2971 799//2971 783//2971 
f 824//2972 853//2972 783//2972 
f 867//2973 853//2973 824//2973 
f 940//2974 867//2974 824//2974 
f 877//2975 867//2975 940//2975 
f 1022//2976 877//2976 940//2976 
f 869//2977 877//2977 1022//2977 
f 883//2978 869//2978 1022//2978 
f 855//2979 869//2979 883//2979 
f 865//2980 855//2980 883//2980 
f 800//2981 855//2981 865//2981 
f 801//2982 800//2982 865//2982 
f 697//2983 800//2983 801//2983 
f 682//2984 679//2984 678//2984 
f 697//2985 682//2985 678//2985 
f 688//2986 682//2986 697//2986 
f 735//2987 801//2987 777//2987 
f 801//2988 735//2988 726//2988 
f 700//2989 801//2989 726//2989 
f 697//2990 801//2990 700//2990 
f 698//2991 697//2991 700//2991 
f 688//2992 697//2992 698//2992 
f 644//2993 678//2993 679//2993 
f 678//2994 644//2994 628//2994 
f 606//2995 678//2995 628//2995 
f 534//2996 678//2996 606//2996 
f 954//2997 883//2997 1022//2997 
f 883//2998 954//2998 935//2998 
f 911//2999 883//2999 935//2999 
f 884//3000 883//3000 911//3000 
f 233//3001 304//3001 298//3001 
f 663//3002 790//3002 792//3002 
f 728//3003 788//3003 790//3003 
f 665//3004 728//3004 790//3004 
f 667//3005 728//3005 665//3005 
f 624//3006 667//3006 665//3006 
f 626//3007 667//3007 624//3007 
f 616//3008 626//3008 624//3008 
f 595//3009 616//3009 624//3009 
f 597//3010 616//3010 595//3010 
f 505//3011 597//3011 595//3011 
f 507//3012 597//3012 505//3012 
f 491//3013 507//3013 505//3013 
f 461//3014 491//3014 505//3014 
f 474//3015 491//3015 461//3015 
f 426//3016 474//3016 461//3016 
f 430//3017 474//3017 426//3017 
f 426//3018 298//3018 304//3018 
f 378//3019 426//3019 304//3019 
f 430//3020 426//3020 378//3020 
f 177//3021 131//3021 193//3021 
f 213//3022 177//3022 193//3022 
f 233//3023 177//3023 213//3023 
f 237//3024 233//3024 213//3024 
f 304//3025 233//3025 237//3025 
f 103//3026 87//3026 105//3026 
f 112//3027 103//3027 105//3027 
f 131//3028 103//3028 112//3028 
f 134//3029 131//3029 112//3029 
f 193//3030 131//3030 134//3030 
f 67//3031 51//3031 69//3031 
f 77//3032 67//3032 69//3032 
f 87//3033 67//3033 77//3033 
f 89//3034 87//3034 77//3034 
f 105//3035 87//3035 89//3035 
f 38//3036 27//3036 41//3036 
f 43//3037 38//3037 41//3037 
f 51//3038 38//3038 43//3038 
f 59//3039 51//3039 43//3039 
f 69//3040 51//3040 59//3040 
f 7//3041 11//3041 14//3041 
f 13//3042 7//3042 14//3042 
f 6//3043 7//3043 13//3043 
f 15//3044 6//3044 13//3044 
f 8//3045 6//3045 15//3045 
f 22//3046 8//3046 15//3046 
f 12//3047 8//3047 22//3047 
f 24//3048 12//3048 22//3048 
f 27//3049 12//3049 24//3049 
f 34//3050 27//3050 24//3050 
f 41//3051 27//3051 34//3051 
f 26//3052 37//3052 33//3052 
f 23//3053 26//3053 33//3053 
f 11//3054 26//3054 23//3054 
f 21//3055 11//3055 23//3055 
f 14//3056 11//3056 21//3056 
f 50//3057 66//3057 58//3057 
f 42//3058 50//3058 58//3058 
f 37//3059 50//3059 42//3059 
f 40//3060 37//3060 42//3060 
f 33//3061 37//3061 40//3061 
f 86//3062 102//3062 88//3062 
f 76//3063 86//3063 88//3063 
f 66//3064 86//3064 76//3064 
f 68//3065 66//3065 76//3065 
f 58//3066 66//3066 68//3066 
f 130//3067 176//3067 133//3067 
f 111//3068 130//3068 133//3068 
f 102//3069 130//3069 111//3069 
f 104//3070 102//3070 111//3070 
f 88//3071 102//3071 104//3071 
f 176//3072 236//3072 212//3072 
f 192//3073 176//3073 212//3073 
f 133//3074 176//3074 192//3074 
f 236//3075 176//3075 232//3075 
f 297//3076 236//3076 232//3076 
f 303//3077 236//3077 297//3077 
f 377//3078 303//3078 297//3078 
f 425//3079 377//3079 297//3079 
f 429//3080 377//3080 425//3080 
f 460//3081 429//3081 425//3081 
f 473//3082 429//3082 460//3082 
f 490//3083 473//3083 460//3083 
f 504//3084 490//3084 460//3084 
f 506//3085 490//3085 504//3085 
f 594//3086 506//3086 504//3086 
f 596//3087 506//3087 594//3087 
f 615//3088 596//3088 594//3088 
f 623//3089 615//3089 594//3089 
f 625//3090 615//3090 623//3090 
f 664//3091 625//3091 623//3091 
f 666//3092 625//3092 664//3092 
f 665//3093 790//3093 663//3093 
f 622//3094 665//3094 663//3094 
f 624//3095 665//3095 622//3095 
f 593//3096 624//3096 622//3096 
f 595//3097 624//3097 593//3097 
f 503//3098 595//3098 593//3098 
f 505//3099 595//3099 503//3099 
f 458//3100 505//3100 503//3100 
f 461//3101 505//3101 458//3101 
f 424//3102 461//3102 458//3102 
f 426//3103 461//3103 424//3103 
f 292//3104 426//3104 424//3104 
f 298//3105 426//3105 292//3105 
f 231//3106 298//3106 292//3106 
f 233//3107 298//3107 231//3107 
f 174//3108 233//3108 231//3108 
f 177//3109 233//3109 174//3109 
f 128//3110 177//3110 174//3110 
f 131//3111 177//3111 128//3111 
f 101//3112 131//3112 128//3112 
f 103//3113 131//3113 101//3113 
f 81//3114 103//3114 101//3114 
f 87//3115 103//3115 81//3115 
f 65//3116 87//3116 81//3116 
f 67//3117 87//3117 65//3117 
f 49//3118 67//3118 65//3118 
f 51//3119 67//3119 49//3119 
f 36//3120 51//3120 49//3120 
f 38//3121 51//3121 36//3121 
f 19//3122 38//3122 36//3122 
f 27//3123 38//3123 19//3123 
f 10//3124 27//3124 19//3124 
f 12//3125 27//3125 10//3125 
f 5//3126 12//3126 10//3126 
f 8//3127 12//3127 5//3127 
f 1//3128 8//3128 5//3128 
f 6//3129 8//3129 1//3129 
f 3//3130 6//3130 1//3130 
f 7//3131 6//3131 3//3131 
f 9//3132 7//3132 3//3132 
f 11//3133 7//3133 9//3133 
f 17//3134 11//3134 9//3134 
f 26//3135 11//3135 17//3135 
f 35//3136 26//3136 17//3136 
f 37//3137 26//3137 35//3137 
f 47//3138 37//3138 35//3138 
f 50//3139 37//3139 47//3139 
f 64//3140 50//3140 47//3140 
f 66//3141 50//3141 64//3141 
f 79//3142 66//3142 64//3142 
f 86//3143 66//3143 79//3143 
f 100//3144 86//3144 79//3144 
f 102//3145 86//3145 100//3145 
f 126//3146 102//3146 100//3146 
f 130//3147 102//3147 126//3147 
f 173//3148 130//3148 126//3148 
f 176//3149 130//3149 173//3149 
f 229//3150 176//3150 173//3150 
f 232//3151 176//3151 229//3151 
f 291//3152 232//3152 229//3152 
f 297//3153 232//3153 291//3153 
f 422//3154 297//3154 291//3154 
f 425//3155 297//3155 422//3155 
f 457//3156 425//3156 422//3156 
f 460//3157 425//3157 457//3157 
f 501//3158 460//3158 457//3158 
f 504//3159 460//3159 501//3159 
f 592//3160 504//3160 501//3160 
f 594//3161 504//3161 592//3161 
f 620//3162 594//3162 592//3162 
f 623//3163 594//3163 620//3163 
f 662//3164 623//3164 620//3164 
f 664//3165 623//3165 662//3165 
f 791//3166 664//3166 662//3166 
f 789//3167 664//3167 791//3167 
f 727//3168 666//3168 664//3168 
f 789//3169 727//3169 664//3169 
f 787//3170 727//3170 789//3170 
f 420//3171 382//3171 381//3171 
f 419//3172 420//3172 381//3172 
f 434//3173 420//3173 419//3173 
f 433//3174 434//3174 419//3174 
f 438//3175 434//3175 433//3175 
f 437//3176 438//3176 433//3176 
f 432//3177 438//3177 437//3177 
f 431//3178 432//3178 437//3178 
f 418//3179 432//3179 431//3179 
f 417//3180 418//3180 431//3180 
f 380//3181 418//3181 417//3181 
f 379//3182 380//3182 417//3182 
f 434//3183 382//3183 420//3183 
f 438//3184 316//3184 434//3184 
f 318//3185 316//3185 302//3185 
f 418//3186 380//3186 338//3186 
f 316//3187 418//3187 338//3187 
f 432//3188 418//3188 316//3188 
f 438//3189 432//3189 316//3189 
f 382//3190 434//3190 316//3190 
f 318//3191 382//3191 316//3191 
f 340//3192 382//3192 318//3192 
f 1565//3193 1549//3193 1548//3193 
f 1564//3194 1565//3194 1548//3194 
f 1567//3195 1565//3195 1564//3195 
f 1566//3196 1567//3196 1564//3196 
f 1558//3197 1567//3197 1566//3197 
f 1557//3198 1558//3198 1566//3198 
f 1544//3199 1558//3199 1557//3199 
f 1543//3200 1544//3200 1557//3200 
f 1520//3201 1544//3201 1543//3201 
f 1519//3202 1520//3202 1543//3202 
f 1503//3203 1520//3203 1519//3203 
f 1502//3204 1503//3204 1519//3204 
f 1471//3205 1503//3205 1502//3205 
f 1470//3206 1471//3206 1502//3206 
f 1548//3207 1549//3207 1508//3207 
f 1507//3208 1548//3208 1508//3208 
f 1411//3209 1424//3209 1423//3209 
f 1410//3210 1411//3210 1423//3210 
f 1407//3211 1411//3211 1410//3211 
f 1406//3212 1407//3212 1410//3212 
f 1419//3213 1407//3213 1406//3213 
f 1418//3214 1419//3214 1406//3214 
f 1436//3215 1419//3215 1418//3215 
f 1435//3216 1436//3216 1418//3216 
f 1459//3217 1436//3217 1435//3217 
f 1458//3218 1459//3218 1435//3218 
f 1423//3219 1424//3219 1471//3219 
f 1470//3220 1423//3220 1471//3220 
f 1508//3221 1471//3221 1424//3221 
f 1459//3222 1419//3222 1436//3222 
f 1565//3223 1567//3223 1558//3223 
f 1544//3224 1565//3224 1558//3224 
f 1520//3225 1565//3225 1544//3225 
f 1411//3226 1407//3226 1419//3226 
f 1459//3227 1411//3227 1419//3227 
f 1424//3228 1411//3228 1459//3228 
f 1490//3229 1424//3229 1459//3229 
f 1508//3230 1424//3230 1490//3230 
f 1471//3231 1508//3231 1549//3231 
f 1565//3232 1471//3232 1549//3232 
f 1503//3233 1471//3233 1565//3233 
f 1520//3234 1503//3234 1565//3234 
f 1439//3235 1463//3235 1231//3235 
f 1205//3236 1439//3236 1231//3236 
f 1434//3237 1439//3237 1205//3237 
f 1190//3238 1434//3238 1205//3238 
f 1421//3239 1434//3239 1190//3239 
f 1174//3240 1421//3240 1190//3240 
f 1401//3241 1421//3241 1174//3241 
f 1167//3242 1401//3242 1174//3242 
f 1400//3243 1401//3243 1167//3243 
f 1391//3244 1400//3244 1167//3244 
f 1160//3245 1391//3245 1167//3245 
f 1384//3246 1391//3246 1160//3246 
f 1159//3247 1384//3247 1160//3247 
f 1383//3248 1384//3248 1159//3248 
f 1158//3249 1383//3249 1159//3249 
f 1380//3250 1383//3250 1158//3250 
f 1155//3251 1380//3251 1158//3251 
f 1379//3252 1380//3252 1155//3252 
f 1295//3253 1535//3253 1539//3253 
f 1545//3254 1295//3254 1539//3254 
f 1309//3255 1295//3255 1545//3255 
f 1547//3256 1309//3256 1545//3256 
f 1312//3257 1309//3257 1547//3257 
f 1287//3258 1535//3258 1295//3258 
f 1514//3259 1535//3259 1287//3259 
f 1276//3260 1514//3260 1287//3260 
f 1505//3261 1514//3261 1276//3261 
f 1273//3262 1505//3262 1276//3262 
f 1491//3263 1505//3263 1273//3263 
f 1251//3264 1491//3264 1273//3264 
f 1479//3265 1491//3265 1251//3265 
f 1231//3266 1479//3266 1251//3266 
f 1463//3267 1479//3267 1231//3267 
f 1312//3268 1547//3268 1554//3268 
f 1559//3269 1312//3269 1554//3269 
f 1321//3270 1312//3270 1559//3270 
f 1561//3271 1321//3271 1559//3271 
f 1325//3272 1321//3272 1561//3272 
f 1517//3273 1447//3273 1580//3273 
f 1416//3274 1357//3274 1482//3274 
f 1494//3275 1416//3275 1482//3275 
f 1427//3276 1416//3276 1494//3276 
f 1509//3277 1427//3277 1494//3277 
f 1578//3278 1427//3278 1509//3278 
f 1532//3279 1517//3279 1580//3279 
f 1591//3280 1532//3280 1580//3280 
f 1536//3281 1532//3281 1591//3281 
f 1447//3282 1517//3282 1512//3282 
f 1495//3283 1447//3283 1512//3283 
f 1324//3284 1447//3284 1495//3284 
f 1483//3285 1324//3285 1495//3285 
f 1357//3286 1324//3286 1483//3286 
f 1475//3287 1357//3287 1483//3287 
f 1482//3288 1357//3288 1475//3288 
f 1578//3289 1509//3289 1515//3289 
f 1530//3290 1578//3290 1515//3290 
f 1589//3291 1578//3291 1530//3291 
f 1536//3292 1589//3292 1530//3292 
f 1599//3293 1589//3293 1536//3293 
f 1591//3294 1599//3294 1536//3294 
f 1575//3295 1579//3295 1580//3295 
f 1447//3296 1575//3296 1580//3296 
f 1446//3297 1575//3297 1447//3297 
f 1574//3298 1426//3298 1427//3298 
f 1578//3299 1574//3299 1427//3299 
f 1577//3300 1574//3300 1578//3300 
f 1175//3301 1310//3301 1311//3301 
f 1171//3302 1175//3302 1311//3302 
f 1170//3303 1175//3303 1171//3303 
f 1171//3304 1311//3304 1138//3304 
f 1136//3305 1171//3305 1138//3305 
f 1157//3306 1171//3306 1136//3306 
f 1121//3307 1157//3307 1136//3307 
f 1124//3308 1157//3308 1121//3308 
f 1114//3309 1124//3309 1121//3309 
f 1088//3310 1124//3310 1114//3310 
f 1103//3311 1088//3311 1114//3311 
f 1071//3312 1088//3312 1103//3312 
f 1093//3313 1071//3313 1103//3313 
f 964//3314 1071//3314 1093//3314 
f 1085//3315 964//3315 1093//3315 
f 1026//3316 964//3316 1085//3316 
f 1026//3317 1085//3317 1091//3317 
f 1101//3318 1026//3318 1091//3318 
f 1132//3319 1026//3319 1101//3319 
f 1111//3320 1132//3320 1101//3320 
f 1154//3321 1132//3321 1111//3321 
f 1119//3322 1154//3322 1111//3322 
f 1311//3323 1154//3323 1119//3323 
f 1134//3324 1311//3324 1119//3324 
f 1138//3325 1311//3325 1134//3325 
f 1057//3326 1070//3326 1071//3326 
f 964//3327 1057//3327 1071//3327 
f 963//3328 1057//3328 964//3328 
f 1156//3329 1170//3329 1171//3329 
f 1157//3330 1156//3330 1171//3330 
f 1123//3331 1156//3331 1157//3331 
f 1124//3332 1123//3332 1157//3332 
f 1087//3333 1123//3333 1124//3333 
f 1088//3334 1087//3334 1124//3334 
f 1075//3335 1087//3335 1088//3335 
f 1071//3336 1075//3336 1088//3336 
f 1070//3337 1075//3337 1071//3337 
f 1582//3338 1577//3338 1578//3338 
f 1589//3339 1582//3339 1578//3339 
f 1591//3340 1580//3340 1579//3340 
f 1590//3341 1591//3341 1579//3341 
f 1599//3342 1591//3342 1590//3342 
f 1598//3343 1599//3343 1590//3343 
f 1589//3344 1599//3344 1598//3344 
f 1588//3345 1589//3345 1598//3345 
f 1582//3346 1589//3346 1588//3346 
f 1139//3347 1113//3347 1137//3347 
f 1113//3348 1122//3348 1137//3348 
f 1113//3349 1115//3349 1122//3349 
f 1112//3350 1113//3350 1120//3350 
f 1113//3351 1135//3351 1120//3351 
f 1113//3352 1139//3352 1135//3352 
f 1122//3353 1115//3353 1114//3353 
f 1121//3354 1122//3354 1114//3354 
f 1137//3355 1122//3355 1121//3355 
f 1136//3356 1137//3356 1121//3356 
f 1139//3357 1137//3357 1136//3357 
f 1138//3358 1139//3358 1136//3358 
f 1135//3359 1139//3359 1138//3359 
f 1134//3360 1135//3360 1138//3360 
f 1120//3361 1135//3361 1134//3361 
f 1119//3362 1120//3362 1134//3362 
f 1112//3363 1120//3363 1119//3363 
f 1111//3364 1112//3364 1119//3364 
f 1537//3365 1511//3365 1533//3365 
f 1511//3366 1518//3366 1533//3366 
f 1511//3367 1513//3367 1518//3367 
f 1510//3368 1511//3368 1516//3368 
f 1511//3369 1531//3369 1516//3369 
f 1511//3370 1537//3370 1531//3370 
f 1518//3371 1513//3371 1512//3371 
f 1517//3372 1518//3372 1512//3372 
f 1533//3373 1518//3373 1517//3373 
f 1532//3374 1533//3374 1517//3374 
f 1537//3375 1533//3375 1532//3375 
f 1536//3376 1537//3376 1532//3376 
f 1531//3377 1537//3377 1536//3377 
f 1530//3378 1531//3378 1536//3378 
f 1516//3379 1531//3379 1530//3379 
f 1515//3380 1516//3380 1530//3380 
f 1510//3381 1516//3381 1515//3381 
f 1509//3382 1510//3382 1515//3382 
