# FreeCAD v1.0 build2 Arch module
# https://www.freecad.org
mtllib wrist3_link.mtl
o wrist3_link
usemtl color_cccccc
v -0.039997 -0.00049 0.072629
v -0.039997 0.000495 0.08737
v -0.039994 5e-06 0.072643
v -0.039994 -0.0 0.087357
v -0.03999 -0.000894 0.087333
v -0.03999 0.000897 0.072667
v -0.03999 -0.000898 0.0532
v -0.03999 -0.000898 0.0672
v -0.039986 -0.001047 0.0713
v -0.039965 -0.001583 0.072805
v -0.039964 0.001591 0.087193
v -0.039963 -0.001587 0.087183
v -0.039963 0.001588 0.072818
v -0.039956 -0.001867 0.072851
v -0.039956 0.001874 0.087147
v -0.039937 0.002243 0.0713
v -0.039937 0.002243 0.07296
v -0.039937 -0.002249 0.087039
v -0.039936 0.002255 0.072963
v -0.039933 0.002243 0.087014
v -0.039923 0.002479 0.0935
v -0.039918 0.002243 0.0935
v -0.03989 -0.000913 0.0673
v -0.03989 -0.000913 0.0713
v -0.039878 0.003104 0.086701
v -0.039878 -0.003104 0.073299
v -0.039875 -0.003096 0.086681
v -0.039875 0.003103 0.073322
v -0.039873 -0.003184 0.073328
v -0.039873 0.003184 0.086672
v -0.039844 -0.003529 0.086498
v -0.039844 0.003531 0.073504
v -0.039824 0.000561 0.072772
v -0.039824 -0.00057 0.087228
v -0.039823 0.002473 0.0713
v -0.039823 6e-06 0.072779
v -0.039823 -2e-06 0.08722
v -0.039821 0.000753 0.087211
v -0.039821 -0.000763 0.07279
v -0.039798 0.001378 0.072914
v -0.039798 -0.001378 0.087086
v -0.039797 -0.001376 0.072917
v -0.039797 0.001376 0.087083
v -0.039792 0.001554 0.072944
v -0.039792 -0.001553 0.087056
v -0.039791 -0.001544 0.072952
v -0.039791 0.001551 0.087047
v -0.039787 -0.004126 0.0935
v -0.039781 0.001909 0.073006
v -0.03978 -0.001917 0.086992
v -0.039768 0.002153 0.086923
v -0.039767 -0.002164 0.073081
v -0.039765 -0.00433 0.0713
v -0.039764 -0.00433 0.074009
v -0.039761 -0.00433 0.085964
v -0.039759 -0.004382 0.07404
v -0.039758 0.00439 0.085955
v -0.039749 -0.004327 0.0935
v -0.039749 -0.004466 0.074114
v -0.039748 0.004472 0.085882
v -0.039747 -0.00447 0.085871
v -0.039747 0.004472 0.074131
v -0.039725 -0.004684 0.085728
v -0.039724 0.004688 0.074275
v -0.039705 -0.00303 0.086564
v -0.039705 0.003037 0.073438
v -0.039705 0.003025 0.086559
v -0.039705 -0.003025 0.073441
v -0.03969 0.003259 0.073524
v -0.039689 -0.003264 0.086474
v -0.039677 0.003409 0.086398
v -0.039676 -0.003414 0.073604
v -0.039668 -0.004292 0.0713
v -0.03963 0.00543 0.085033
v -0.03963 -0.00543 0.074967
v -0.039623 0.003938 0.073938
v -0.039623 -0.003937 0.086062
v -0.039622 -0.003933 0.073944
v -0.039622 0.003933 0.086056
v -0.039618 0.005518 0.0713
v -0.039602 -0.005618 0.075211
v -0.039601 0.005622 0.084784
v -0.0396 -0.005637 0.084794
v -0.0396 0.005638 0.075208
v -0.039597 0.005666 0.0532
v -0.039597 0.005666 0.0672
v -0.039595 -0.005679 0.084752
v -0.039594 0.005684 0.075252
v -0.03959 0.004267 0.074139
v -0.03959 -0.004274 0.085856
v -0.039578 -0.004364 0.074227
v -0.039577 -0.004371 0.08577
v -0.039577 0.004373 0.074232
v -0.039577 0.004369 0.08577
v -0.039564 0.004499 0.085685
v -0.039563 -0.004505 0.07432
v -0.039505 -0.006276 0.076061
v -0.039504 0.006279 0.083934
v -0.039472 -0.006475 0.083605
v -0.039472 0.006477 0.076397
v -0.03947 0.005842 0.0673
v -0.03947 0.005842 0.0713
v -0.039465 -0.006512 0.076525
v -0.039465 0.006512 0.083475
v -0.039463 -0.00653 0.083482
v -0.039463 0.006533 0.076525
v -0.039462 0.005288 0.075041
v -0.039462 -0.005293 0.084954
v -0.039437 0.005468 0.084761
v -0.039436 -0.005475 0.075248
v -0.039431 -0.005504 0.075289
v -0.039431 -0.005494 0.084695
v -0.039431 0.005495 0.075307
v -0.039431 0.005507 0.084706
v -0.039424 0.002448 0.094
v -0.0394 -0.006903 0.077295
v -0.039399 0.006906 0.082698
v -0.039376 -0.007039 0.082332
v -0.039375 0.007041 0.077673
v -0.039368 -0.00591 0.075862
v -0.039368 0.005911 0.084138
v -0.039367 -0.005921 0.084144
v -0.039367 0.005921 0.075855
v -0.039363 -0.007106 0.077992
v -0.039363 0.007108 0.082001
v -0.039362 0.007116 0.077998
v -0.039362 -0.007116 0.082
v -0.039338 0.006113 0.076102
v -0.039338 -0.006119 0.083889
v -0.03933 -0.007288 0.078621
v -0.03933 0.00729 0.081372
v -0.039318 -0.007352 0.080986
v -0.039318 0.007354 0.079025
v -0.039314 -0.007378 0.079561
v -0.039314 0.007378 0.080434
v -0.039311 -0.00739 0.080426
v -0.039311 0.00739 0.079567
v -0.039309 0.006292 0.083602
v -0.039308 -0.006299 0.07641
v -0.039306 -0.007419 0.079992
v -0.039306 0.007419 0.08
v -0.039303 -0.007436 0.0532
v -0.039303 -0.007436 0.0672
v -0.039296 -0.006364 0.083408
v -0.039295 0.006367 0.076599
v -0.039295 0.006375 0.083417
v -0.039295 -0.006375 0.076582
v -0.039289 -0.004075 0.094
v -0.039275 -0.007583 0.0713
v -0.039233 0.006734 0.077314
v -0.039233 -0.006736 0.08268
v -0.039207 0.006876 0.082298
v -0.039206 -0.006882 0.077721
v -0.039194 0.006946 0.078039
v -0.039194 -0.006947 0.081959
v -0.039193 -0.006952 0.078026
v -0.039193 0.006953 0.081967
v -0.039178 0.007032 0.081623
v -0.039178 -0.007032 0.078376
v -0.039176 0.007045 0.078375
v -0.039176 -0.007045 0.081625
v -0.039162 -0.007119 0.08137
v -0.039162 0.007119 0.07863
v -0.039162 -0.007641 0.0673
v -0.039162 -0.007641 0.0713
v -0.039149 0.007187 0.08095
v -0.039149 -0.00719 0.079068
v -0.039145 0.00721 0.079577
v -0.039145 -0.00721 0.080416
v -0.039143 0.007222 0.080427
v -0.039143 -0.007222 0.079567
v -0.039137 -0.00725 0.08
v -0.039137 -0.00725 0.079992
v -0.039137 0.00725 0.08
v -0.039046 0.005045 0.094
v -0.03903 0.008755 0.0713
v -0.039014 0.005259 0.094
v -0.039009 0.008752 0.0935
v -0.038971 0.009016 0.0935
v -0.038832 0.009168 0.0713
v -0.03859 -0.007789 0.094
v -0.038565 -0.010619 0.0935
v -0.038518 -0.010786 0.0713
v -0.038505 -0.010781 0.0935
v -0.038484 0.008903 0.094
v -0.038372 -0.010935 0.0713
v -0.038179 0.011933 0.0713
v -0.038134 0.012076 0.0532
v -0.038134 0.012076 0.0672
v -0.038083 -0.010486 0.094
v -0.038043 -0.000743 0.0712
v -0.038 -0.000604 0.076961
v -0.038 -0.000604 0.077747
v -0.038 -0.000604 0.082253
v -0.038 -0.000604 0.083039
v -0.038 -0.000453 0.079886
v -0.038 -0.000453 0.080114
v -0.038 -0.000314 0.077089
v -0.038 -0.000314 0.077619
v -0.038 -0.000314 0.082381
v -0.038 -0.000314 0.082911
v -0.038 -0.000242 0.082777
v -0.038 0.000453 0.079886
v -0.038 0.000453 0.080114
v -0.038 0.00133 0.078009
v -0.038 0.001402 0.077613
v -0.038 0.001402 0.078143
v -0.038 0.001402 0.081857
v -0.038 0.001402 0.082387
v -0.038 0.001692 0.077485
v -0.038 0.001692 0.078271
v -0.038 0.001692 0.081729
v -0.038 0.001692 0.082515
v -0.038 0.002073 0.077782
v -0.038 0.002073 0.077974
v -0.038 0.002073 0.082026
v -0.038 0.002073 0.082218
v -0.038 0.002834 0.082777
v -0.038 0.003333 0.078009
v -0.038 -0.003879 0.079023
v -0.038 -0.003879 0.079374
v -0.038 -0.003879 0.07957
v -0.038 -0.003879 0.08043
v -0.038 -0.003879 0.080977
v -0.038 -0.003517 0.07835
v -0.038 -0.003517 0.08165
v -0.038 -0.003333 0.078009
v -0.038 -0.002952 0.077301
v -0.038 -0.002952 0.082699
v -0.038 -0.002834 0.082777
v -0.038 -0.002827 0.078726
v -0.038 -0.002827 0.078919
v -0.038 -0.002827 0.081081
v -0.038 -0.002827 0.081274
v -0.038 -0.002735 0.078557
v -0.038 -0.002735 0.079088
v -0.038 -0.002735 0.080912
v -0.038 -0.002735 0.081443
v -0.038 -0.002575 0.078451
v -0.038 -0.002575 0.079194
v -0.038 -0.002575 0.080806
v -0.038 -0.002575 0.081549
v -0.038 -0.002445 0.078429
v -0.038 -0.002445 0.079216
v -0.038 -0.002445 0.080784
v -0.038 -0.002445 0.081571
v -0.038 -0.002315 0.078451
v -0.038 -0.002315 0.079194
v -0.038 -0.002315 0.080806
v -0.038 -0.002315 0.081549
v -0.038 -0.002155 0.078557
v -0.038 -0.002155 0.079088
v -0.038 -0.002155 0.080912
v -0.038 -0.002155 0.081443
v -0.038 -0.002064 0.078726
v -0.038 -0.002064 0.078919
v -0.038 -0.002064 0.081081
v -0.038 -0.002064 0.081274
v -0.038 -0.001525 0.076359
v -0.038 -0.001525 0.078009
v -0.038 -0.001525 0.07835
v -0.038 -0.001525 0.079374
v -0.038 -0.001525 0.07957
v -0.038 -0.001525 0.08043
v -0.038 -0.001525 0.08165
v -0.038 -0.001525 0.082777
v -0.038 -0.001525 0.083641
v -0.038 -0.001321 0.076224
v -0.038 -0.001321 0.083776
v -0.038 -0.000985 0.077258
v -0.038 -0.000985 0.07745
v -0.038 -0.000985 0.08255
v -0.038 -0.000985 0.082742
v -0.038 -0.000966 0.082777
v -0.038 -0.000894 0.077089
v -0.038 -0.000894 0.077619
v -0.038 -0.000894 0.082381
v -0.038 -0.000894 0.082911
v -0.038 -0.000734 0.076983
v -0.038 -0.000734 0.077725
v -0.038 -0.000734 0.082275
v -0.038 -0.000734 0.083017
v -0.038 -0.000732 0.076124
v -0.038 -0.000732 0.078009
v -0.038 -0.000732 0.07835
v -0.038 -0.000732 0.079374
v -0.038 -0.000732 0.07957
v -0.038 -0.000732 0.08043
v -0.038 -0.000732 0.08165
v -0.038 -0.000732 0.083876
v -0.038 -0.000474 0.076983
v -0.038 -0.000474 0.077725
v -0.038 -0.000474 0.082275
v -0.038 -0.000474 0.083017
v -0.038 -0.000345 0.079685
v -0.038 -0.000345 0.080315
v -0.038 -0.000223 0.077258
v -0.038 -0.000223 0.07745
v -0.038 -0.000223 0.08255
v -0.038 -0.000223 0.082742
v -0.038 -0.000171 0.07957
v -0.038 -0.000171 0.08043
v -0.038 -0.000154 0.079559
v -0.038 -0.000154 0.080441
v -0.038 -0.0 0.0532
v -0.038 -0.0 0.076
v -0.038 -0.0 0.079533
v -0.038 -0.0 0.080467
v -0.038 -0.0 0.084
v -0.038 0.000128 0.076022
v -0.038 0.000128 0.078009
v -0.038 0.000128 0.07835
v -0.038 0.000128 0.079374
v -0.038 0.000128 0.079554
v -0.038 0.000128 0.080446
v -0.038 0.000128 0.08165
v -0.038 0.000128 0.082777
v -0.038 0.000128 0.083978
v -0.038 0.000154 0.079559
v -0.038 0.000154 0.080441
v -0.038 0.000171 0.07957
v -0.038 0.000171 0.08043
v -0.038 0.000345 0.079685
v -0.038 0.000345 0.080315
v -0.038 0.001311 0.077782
v -0.038 0.001311 0.077974
v -0.038 0.001311 0.082026
v -0.038 0.001311 0.082218
v -0.038 0.001321 0.076224
v -0.038 0.001321 0.083776
v -0.038 0.001562 0.077507
v -0.038 0.001562 0.078249
v -0.038 0.001562 0.081751
v -0.038 0.001562 0.082493
v -0.038 0.001822 0.077507
v -0.038 0.001822 0.078249
v -0.038 0.001822 0.081751
v -0.038 0.001822 0.082493
v -0.038 0.001982 0.077613
v -0.038 0.001982 0.078143
v -0.038 0.001982 0.081857
v -0.038 0.001982 0.082387
v -0.038 0.002055 0.078009
v -0.038 0.002203 0.076807
v -0.038 0.002203 0.078009
v -0.038 0.002203 0.07835
v -0.038 0.002203 0.079374
v -0.038 0.002203 0.07957
v -0.038 0.002203 0.08043
v -0.038 0.002203 0.08165
v -0.038 0.002203 0.082777
v -0.038 0.002203 0.083193
v -0.038 0.002333 0.079904
v -0.038 0.002333 0.080096
v -0.038 0.002424 0.079735
v -0.038 0.002424 0.080265
v -0.038 0.002584 0.079629
v -0.038 0.002584 0.080371
v -0.038 0.002714 0.079607
v -0.038 0.002714 0.080393
v -0.038 0.002844 0.079629
v -0.038 0.002844 0.080371
v -0.038 0.002952 0.077301
v -0.038 0.002952 0.082699
v -0.038 0.003004 0.079735
v -0.038 0.003004 0.080265
v -0.038 0.003095 0.079904
v -0.038 0.003095 0.080096
v -0.038 0.003517 0.07835
v -0.038 0.003517 0.08165
v -0.038 0.003554 0.078418
v -0.038 0.003554 0.079374
v -0.038 0.003554 0.07957
v -0.038 0.003554 0.08043
v -0.038 0.003554 0.081582
v -0.038 0.003879 0.079023
v -0.038 0.003879 0.079374
v -0.038 0.003879 0.07957
v -0.038 0.003879 0.08043
v -0.038 0.003879 0.080977
v -0.037981 0.001194 0.0672
v -0.037981 0.001194 0.0712
v -0.037963 0.002575 0.0673
v -0.037963 0.002575 0.0712
v -0.037943 -0.002088 0.0712
v -0.037915 0.012428 0.0673
v -0.037915 0.012428 0.0713
v -0.037833 -0.004056 0.0673
v -0.037833 -0.004056 0.0712
v -0.037737 0.004466 0.0712
v -0.037621 -0.005354 0.0672
v -0.037621 -0.005354 0.0712
v -0.037594 0.005874 0.0712
v -0.037553 -0.013774 0.0532
v -0.037553 -0.013774 0.0672
v -0.037502 -0.013915 0.0713
v -0.0375 -0.0 0.079533
v -0.0375 -0.0 0.080467
v -0.0375 -0.0 0.084
v -0.0375 -0.0 0.0537
v -0.0375 -0.0 0.057
v -0.0375 -0.0 0.076
v -0.0375 7.6e-05 0.079981
v -0.0375 -0.000134 0.080448
v -0.0375 0.000134 0.079552
v -0.0375 -0.000152 0.080437
v -0.0375 0.000152 0.079563
v -0.0375 -0.000152 0.07957
v -0.0375 0.000152 0.08043
v -0.037499 -0.000218 0.077425
v -0.037499 -0.000218 0.082717
v -0.037499 0.000218 0.080413
v -0.037499 -0.000218 0.079587
v -0.037499 -0.000226 0.077258
v -0.037499 -0.000226 0.08255
v -0.037499 -0.000227 0.077242
v -0.037499 -0.000227 0.082533
v -0.037499 -0.000227 0.077448
v -0.037499 -0.000227 0.08274
v -0.037499 -0.000281 0.077578
v -0.037499 -0.000281 0.08287
v -0.037499 -0.000317 0.077091
v -0.037499 -0.000317 0.082383
v -0.037499 -0.000326 0.077076
v -0.037499 -0.000326 0.082368
v -0.037499 -0.00032 0.077613
v -0.037499 -0.00032 0.082904
v -0.037499 0.000328 0.079667
v -0.037499 -0.000328 0.080333
v -0.037499 -0.000329 0.083986
v -0.037499 0.000329 0.076014
v -0.037498 -0.000341 0.080313
v -0.037498 0.000341 0.079687
v -0.037498 -0.000338 0.079693
v -0.037498 0.000338 0.080307
v -0.037498 -0.000373 0.08724
v -0.037498 0.000378 0.07276
v -0.037498 -0.000383 0.079732
v -0.037498 0.000383 0.080267
v -0.037498 -0.000398 0.082956
v -0.037498 -0.00042 0.077701
v -0.037498 -0.00042 0.082993
v -0.037497 -0.000446 0.080139
v -0.037497 0.000446 0.079862
v -0.037497 -0.000448 0.080114
v -0.037497 0.000448 0.079886
v -0.037497 -0.000448 0.079888
v -0.037497 0.000448 0.080112
v -0.037497 -0.00046 0.079917
v -0.037497 0.00046 0.080082
v -0.037497 -0.000476 0.076986
v -0.037497 -0.000476 0.082278
v -0.037497 -0.000477 0.077715
v -0.037497 -0.000477 0.083007
v -0.037497 -0.000489 0.076978
v -0.037497 -0.000489 0.08227
v -0.037495 -0.000604 0.076961
v -0.037495 -0.000604 0.077747
v -0.037495 -0.000604 0.082253
v -0.037495 -0.000604 0.083039
v -0.037493 -0.000719 0.07773
v -0.037493 -0.000719 0.083022
v -0.037493 -0.000732 0.077722
v -0.037493 -0.000732 0.083014
v -0.037493 -0.000731 0.076993
v -0.037493 -0.000731 0.082285
v -0.037492 -0.000788 0.077007
v -0.037492 -0.000788 0.082299
v -0.037491 -0.00081 0.082336
v -0.037491 -0.000811 0.077305
v -0.03749 -0.000882 0.077632
v -0.03749 -0.000882 0.082924
v -0.037489 -0.000888 0.077096
v -0.037489 -0.000888 0.082387
v -0.037489 -0.000891 0.077617
v -0.037489 -0.000891 0.082909
v -0.037489 -0.000927 0.07713
v -0.037489 -0.000927 0.082422
v -0.037487 -0.00098 0.077467
v -0.037487 -0.00098 0.082759
v -0.037487 -0.000981 0.07726
v -0.037487 -0.000981 0.082552
v -0.037487 -0.000981 0.07745
v -0.037487 -0.000981 0.082742
v -0.037487 -0.00099 0.077283
v -0.037487 -0.00099 0.082574
v -0.037487 0.000993 0.087182
v -0.037487 -0.000995 0.072819
v -0.037486 -0.00103 0.076135
v -0.037486 0.00103 0.083865
v -0.037481 -0.006261 0.0687
v -0.037477 0.001306 0.077806
v -0.037477 0.001306 0.08205
v -0.037477 0.001315 0.077974
v -0.037477 0.001315 0.082218
v -0.037477 0.001315 0.077784
v -0.037477 0.001315 0.082028
v -0.037477 0.001316 0.077991
v -0.037477 0.001316 0.082235
v -0.037477 0.001321 0.076225
v -0.037477 -0.001321 0.083775
v -0.037477 0.001325 0.076226
v -0.037476 -0.001328 0.083773
v -0.037476 -0.006288 0.068367
v -0.037475 0.001369 0.077654
v -0.037475 0.001369 0.081898
v -0.037474 0.00131 0.08375
v -0.037474 -0.00131 0.076251
v -0.037474 0.001405 0.078141
v -0.037474 0.001405 0.082385
v -0.037474 0.001408 0.07762
v -0.037474 0.001408 0.081863
v -0.037473 0.001414 0.078156
v -0.037473 0.001414 0.0824
v -0.037471 0.001486 0.077568
v -0.037471 0.001486 0.081812
v -0.03747 -0.001377 0.072909
v -0.03747 0.00138 0.072908
v -0.03747 -0.00138 0.087092
v -0.03747 0.001377 0.087091
v -0.03747 0.001508 0.077531
v -0.03747 0.001508 0.081775
v -0.037467 0.001564 0.078246
v -0.037467 0.001564 0.08249
v -0.037467 0.001565 0.077517
v -0.037467 0.001565 0.081761
v -0.037467 0.001577 0.078254
v -0.037467 0.001577 0.082498
v -0.037462 0.001692 0.077485
v -0.037462 0.001692 0.078271
v -0.037462 0.001692 0.081729
v -0.037462 0.001692 0.082515
v -0.037461 -0.00638 0.069359
v -0.03746 -0.001734 0.08704
v -0.03746 0.001734 0.07296
v -0.037459 -0.006389 0.06941
v -0.037457 -0.006402 0.068051
v -0.037456 0.001807 0.077502
v -0.037456 0.001807 0.081746
v -0.037456 0.00182 0.07751
v -0.037456 0.00182 0.081754
v -0.037456 0.00182 0.078239
v -0.037456 0.00182 0.082483
v -0.037453 0.001877 0.078225
v -0.037453 0.001877 0.082469
v -0.037448 0.00197 0.0776
v -0.037448 0.00197 0.081844
v -0.037448 0.001973 0.082112
v -0.037448 0.001976 0.078137
v -0.037448 0.001976 0.08238
v -0.037448 0.001978 0.077876
v -0.037448 0.001979 0.077615
v -0.037448 0.001979 0.081859
v -0.037447 0.001993 0.083468
v -0.037447 -0.001995 0.076533
v -0.037446 0.002015 0.078102
v -0.037446 0.002015 0.082346
v -0.037443 -0.002059 0.078894
v -0.037443 -0.002059 0.081249
v -0.037443 -0.002068 0.078727
v -0.037443 -0.002068 0.081082
v -0.037443 -0.002068 0.078917
v -0.037443 -0.002068 0.081272
v -0.037443 -0.002069 0.07871
v -0.037443 -0.002069 0.081065
v -0.037443 0.002069 0.077766
v -0.037443 0.002069 0.082009
v -0.037443 0.002069 0.077972
v -0.037443 0.002069 0.082216
v -0.037443 0.00207 0.077782
v -0.037443 0.00207 0.082026
v -0.037442 0.002078 0.077949
v -0.037442 0.002078 0.082193
v -0.03744 -0.002114 0.078904
v -0.03744 -0.002122 0.079046
v -0.03744 -0.002122 0.081401
v -0.037438 -0.002158 0.078559
v -0.037438 -0.002158 0.080914
v -0.037438 -0.002161 0.079081
v -0.037438 -0.002161 0.081436
v -0.037437 -0.002167 0.078545
v -0.037437 -0.002167 0.0809
v -0.037436 -0.002193 0.08131
v -0.037434 -0.006532 0.067688
v -0.037434 0.002224 0.076675
v -0.037434 -0.002227 0.083323
v -0.037432 -0.002261 0.079169
v -0.037432 -0.002261 0.081525
v -0.037428 -0.002317 0.078454
v -0.037428 -0.002317 0.080809
v -0.037428 -0.002318 0.079184
v -0.037428 -0.002318 0.081539
v -0.037428 -0.002324 0.073132
v -0.037428 0.002328 0.086866
v -0.037428 0.002328 0.079928
v -0.037428 -0.00233 0.078447
v -0.037428 -0.00233 0.080802
v -0.037427 0.002337 0.080096
v -0.037427 0.002337 0.079906
v -0.037427 0.002338 0.080113
v -0.037424 0.002391 0.079776
v -0.037423 0.006599 0.0532
v -0.037423 -0.006599 0.0532
v -0.037421 0.002427 0.080263
v -0.037421 0.00243 0.079741
v -0.037421 0.002436 0.080278
v -0.03742 -0.002445 0.078429
v -0.03742 -0.002445 0.079216
v -0.03742 -0.002445 0.080784
v -0.03742 -0.002445 0.081571
v -0.037416 0.002508 0.07969
v -0.037415 0.002529 0.079653
v -0.037413 -0.00256 0.079198
v -0.037413 -0.00256 0.081553
v -0.037412 -0.002573 0.07919
v -0.037412 -0.002573 0.081546
v -0.037412 -0.002573 0.078461
v -0.037412 -0.002573 0.080816
v -0.037411 0.002586 0.080368
v -0.037411 0.002587 0.079639
v -0.03741 0.002599 0.080376
v -0.037408 -0.00263 0.078476
v -0.037408 -0.00263 0.080831
v -0.037403 -0.002697 0.08095
v -0.037402 0.002714 0.079607
v -0.037402 0.002714 0.080393
v -0.037401 -0.002705 0.077075
v -0.037401 0.002705 0.082925
v -0.037401 -0.002723 0.0791
v -0.037401 -0.002723 0.081455
v -0.037401 0.002705 0.077084
v -0.037401 -0.002705 0.082916
v -0.0374 -0.002729 0.078564
v -0.0374 -0.002729 0.080919
v -0.0374 -0.002732 0.079086
v -0.0374 -0.002732 0.081441
v -0.037398 0.002705 0.0733
v -0.037398 -0.002705 0.0867
v -0.037398 0.002705 0.086697
v -0.037398 -0.002705 0.073303
v -0.037398 -0.002768 0.078598
v -0.037398 -0.002768 0.080954
v -0.037394 -0.006758 0.070028
v -0.037394 -0.002817 0.07716
v -0.037394 0.002818 0.082839
v -0.037394 -0.002822 0.078935
v -0.037394 -0.002822 0.081291
v -0.037394 -0.002822 0.078728
v -0.037394 -0.002822 0.081083
v -0.037394 -0.002823 0.078918
v -0.037394 -0.002823 0.081273
v -0.037393 0.002829 0.079624
v -0.037393 -0.002831 0.07875
v -0.037393 -0.002831 0.081105
v -0.037392 0.002842 0.079632
v -0.037392 0.002841 0.080361
v -0.037388 0.002899 0.080347
v -0.037386 0.00292 0.077266
v -0.037386 -0.002923 0.082731
v -0.037384 -0.002936 0.077314
v -0.037384 0.002936 0.082686
v -0.037384 0.002948 0.077305
v -0.037384 -0.002948 0.082696
v -0.037382 0.002971 0.080217
v -0.03738 0.002992 0.079722
v -0.03738 0.002998 0.080258
v -0.03738 0.003001 0.079737
v -0.037377 0.003037 0.080223
v -0.037377 0.003038 0.073417
v -0.037377 -0.003039 0.086582
v -0.037372 0.003091 0.079887
v -0.037372 0.003091 0.080094
v -0.037372 0.003091 0.079904
v -0.037372 0.0031 0.080072
v -0.037367 -0.006906 0.067227
v -0.037364 -0.006918 0.070155
v -0.037363 -0.006928 0.0672
v -0.037341 -0.003453 0.077981
v -0.037341 0.003454 0.082017
v -0.037336 -0.007338 0.0712
v -0.037335 0.003512 0.078086
v -0.037335 -0.003515 0.081909
v -0.037329 0.003575 0.086308
v -0.037329 -0.003575 0.073692
v -0.037307 -0.014149 0.0673
v -0.037307 -0.014149 0.0713
v -0.037302 -0.003848 0.078907
v -0.037302 0.003849 0.081087
v -0.0373 -0.003866 0.079025
v -0.0373 0.003866 0.080975
v -0.037299 -0.003873 0.080975
v -0.037299 0.003873 0.079025
v -0.037298 0.003889 0.079066
v -0.037298 -0.00389 0.08093
v -0.03729 -0.003932 0.073943
v -0.03729 0.003932 0.086057
v -0.037289 -0.003936 0.086059
v -0.037289 0.003936 0.073941
v -0.037288 -0.007321 0.070474
v -0.037286 -0.003999 0.079908
v -0.037286 0.003999 0.080089
v -0.037261 -0.004229 0.085889
v -0.03726 0.004233 0.074114
v -0.037246 -0.007533 0.066829
v -0.03721 0.007706 0.0672
v -0.03721 0.007706 0.0712
v -0.037204 -0.004701 0.074481
v -0.037204 0.004701 0.085519
v -0.0372 -0.007752 0.066788
v -0.037199 -0.007755 0.07061
v -0.037149 -0.007998 0.070686
v -0.037128 0.005269 0.07502
v -0.037128 -0.005272 0.084977
v -0.037099 -0.008225 0.0672
v -0.037099 -0.008225 0.0667
v -0.03707 -0.005659 0.075468
v -0.03707 0.005661 0.084529
v -0.037069 0.01503 0.0713
v -0.037046 0.015023 0.0935
v -0.037029 -0.005914 0.075858
v -0.037029 0.005914 0.084142
v -0.037028 0.00592 0.075856
v -0.037028 -0.005921 0.084144
v -0.037019 -0.00858 0.0712
v -0.037013 -0.008605 0.070662
v -0.037 -0.00666 0.0789
v -0.037 -0.00666 0.0811
v -0.037 -0.006103 0.077117
v -0.037 -0.006103 0.082883
v -0.037 0.006103 0.077117
v -0.037 0.006103 0.082883
v -0.037 0.00666 0.0789
v -0.037 0.00666 0.0811
v -0.036998 -0.006114 0.083897
v -0.036998 0.006118 0.076109
v -0.036992 -0.006152 0.0687
v -0.036991 -0.008695 0.070625
v -0.03699 -0.008696 0.066788
v -0.036979 -0.006231 0.06926
v -0.036972 -0.006272 0.068041
v -0.036971 -0.006277 0.069353
v -0.03697 -0.006281 0.06799
v -0.036955 0.015307 0.0713
v -0.036955 0.015307 0.0935
v -0.036951 0.006397 0.077845
v -0.036951 -0.006397 0.082155
v -0.036947 0.006417 0.083374
v -0.036947 -0.006417 0.076626
v -0.036941 -0.00891 0.066828
v -0.036939 0.009128 0.0673
v -0.036939 0.009128 0.0712
v -0.03693 0.006512 0.0537
v -0.03693 0.006512 0.057
v -0.03693 -0.006512 0.0537
v -0.03693 -0.006512 0.057
v -0.036925 0.006544 0.081653
v -0.036925 -0.006544 0.078347
v -0.036923 -0.006552 0.069907
v -0.03691 0.006629 0.081096
v -0.03691 -0.006629 0.078904
v -0.036906 -0.006649 0.081098
v -0.036906 0.006649 0.078902
v -0.036906 -0.00665 0.067372
v -0.036901 0.00668 0.07903
v -0.036901 -0.00668 0.08097
v -0.03689 0.006738 0.077323
v -0.03689 -0.006738 0.082676
v -0.036889 0.006741 0.080357
v -0.036889 -0.006741 0.079643
v -0.036876 -0.00681 0.067245
v -0.036875 -0.006815 0.070152
v -0.036855 -0.009259 0.070395
v -0.036853 0.006935 0.082114
v -0.036852 -0.00694 0.077903
v -0.03684 0.015583 0.0713
v -0.036834 0.007035 0.081625
v -0.036834 -0.007035 0.078375
v -0.036832 0.007044 0.078375
v -0.036832 -0.007044 0.081625
v -0.036826 -0.007076 0.070395
v -0.036819 0.015573 0.0935
v -0.036818 -0.007121 0.081361
v -0.036818 0.007121 0.078639
v -0.0368 0.00721 0.080762
v -0.0368 -0.007211 0.079252
v -0.0368 -0.007212 0.066926
v -0.036792 0.00725 0.08
v -0.036792 -0.00725 0.08
v -0.03679 -0.009511 0.0672
v -0.036788 -0.009515 0.070152
v -0.036784 -0.009535 0.067226
v -0.036732 -0.009735 0.06744
v -0.036724 0.015599 0.0713
v -0.036723 0.0144 0.094
v -0.036721 -0.009775 0.069906
v -0.036712 -0.007644 0.070625
v -0.036711 -0.007647 0.06679
v -0.036706 0.014452 0.094
v -0.036693 -0.007736 0.070662
v -0.036673 -0.01572 0.0713
v -0.036661 -0.00789 0.066714
v -0.036648 -0.010044 0.069353
v -0.036646 -0.010052 0.068042
v -0.036642 -0.010069 0.068074
v -0.036636 -0.010089 0.06926
v -0.036615 -0.010166 0.0687
v -0.036598 -0.008176 0.068371
v -0.03656 -0.008345 0.070686
v -0.036554 -0.010564 0.0673
v -0.036554 -0.010564 0.0712
v -0.036525 -0.008496 0.066738
v -0.036503 -0.008584 0.070611
v -0.036503 -0.008587 0.066775
v -0.036493 0.015116 0.094
v -0.036399 -0.009019 0.070473
v -0.036366 -0.009151 0.067005
v -0.0363 -0.009407 0.067248
v -0.036299 -0.009412 0.070155
v -0.036291 -0.016821 0.0935
v -0.036258 -0.00957 0.070028
v -0.036233 -0.009667 0.067494
v -0.036231 -0.01695 0.0713
v -0.036221 -0.016944 0.0935
v -0.036161 -0.009932 0.06941
v -0.03616 -0.009935 0.068047
v -0.036158 -0.009941 0.069359
v -0.036147 -0.00998 0.06814
v -0.03614 -0.011743 0.0672
v -0.03614 -0.011743 0.0712
v -0.036126 -0.010058 0.0687
v -0.036003 0.012313 0.0712
v -0.035973 -0.017262 0.0713
v -0.035837 -0.016611 0.094
v -0.035708 0.012997 0.0532
v -0.035708 -0.012997 0.0532
v -0.03564 0.01816 0.0532
v -0.03564 0.01816 0.0672
v -0.035494 -0.01371 0.0712
v -0.035434 0.018558 0.0713
v -0.035332 0.013989 0.0672
v -0.035332 0.013989 0.0712
v -0.035269 0.018657 0.0673
v -0.035269 0.018657 0.0713
v -0.035238 -0.012826 0.0537
v -0.035238 -0.012826 0.057
v -0.035238 0.012826 0.0537
v -0.035238 0.012826 0.057
v -0.035107 0.014542 0.0672
v -0.035107 0.014542 0.0712
v -0.0351 0.01313 0.0906
v -0.0351 0.01313 0.094
v -0.0351 -0.013466 0.0906
v -0.0351 -0.013466 0.094
v -0.034992 -0.014817 0.0712
v -0.034992 0.014817 0.0712
v -0.034876 0.014446 0.0906
v -0.034876 0.014446 0.094
v -0.034876 -0.01215 0.0906
v -0.034876 -0.01215 0.094
v -0.034875 0.015092 0.0672
v -0.034875 0.015092 0.0712
v -0.034848 0.013492 0.0906
v -0.034848 0.013492 0.093287
v -0.034811 0.01349 0.093436
v -0.034809 -0.012798 0.0906
v -0.034809 -0.012798 0.093287
v -0.034793 0.015404 0.0673
v -0.034793 0.015404 0.0712
v -0.03479 -0.01974 0.0532
v -0.03479 -0.01974 0.0672
v -0.034772 -0.012805 0.093436
v -0.034758 -0.014021 0.093287
v -0.03473 0.011847 0.0906
v -0.03473 0.011847 0.094
v -0.03473 -0.014749 0.0906
v -0.03473 -0.014749 0.094
v -0.034722 -0.014011 0.093436
v -0.034716 -0.01987 0.0713
v -0.034711 0.013483 0.093546
v -0.034697 -0.014217 0.0906
v -0.034674 -0.012823 0.093546
v -0.034663 -0.014199 0.093287
v -0.034661 0.012283 0.0906
v -0.034661 0.012283 0.093287
v -0.034641 -0.02 0.0532
v -0.034641 -0.02 0.0672
v -0.034626 0.012297 0.093436
v -0.034625 -0.013985 0.093546
v -0.034574 0.013473 0.093598
v -0.034539 -0.012848 0.093598
v -0.034536 0.01347 0.0936
v -0.034533 0.012334 0.093546
v -0.034502 -0.012855 0.0936
v -0.034493 -0.013949 0.093598
v -0.034492 0.014663 0.0906
v -0.034492 0.014663 0.093287
v -0.03446 0.014645 0.093436
v -0.034457 -0.013939 0.0936
v -0.034406 0.012384 0.093598
v -0.034379 -0.020251 0.0673
v -0.034379 -0.020251 0.0713
v -0.034373 0.014595 0.093546
v -0.03437 0.012398 0.0936
v -0.034324 -0.011674 0.0906
v -0.034324 -0.011674 0.093287
v -0.034294 -0.011696 0.093436
v -0.034254 0.014527 0.093598
v -0.034221 0.014508 0.0936
v -0.034213 -0.011756 0.093546
v -0.034182 -0.015101 0.093287
v -0.034164 -0.016751 0.0673
v -0.034164 -0.016751 0.0712
v -0.034154 -0.015076 0.093436
v -0.034103 -0.011836 0.093598
v -0.034078 -0.015011 0.093546
v -0.034072 -0.011859 0.0936
v -0.033998 0.019963 0.094
v -0.033975 -0.014921 0.093598
v -0.033967 0.011275 0.0906
v -0.033967 0.011275 0.093287
v -0.033946 -0.014896 0.0936
v -0.033942 0.011302 0.093436
v -0.033932 0.021181 0.0935
v -0.033931 0.015678 0.0906
v -0.033931 0.015678 0.094
v -0.033931 -0.010918 0.0906
v -0.033931 -0.010918 0.094
v -0.033922 -0.019982 0.094
v -0.03389 -0.01539 0.0906
v -0.033874 0.011376 0.093546
v -0.033854 -0.015341 0.093287
v -0.033841 0.010852 0.0906
v -0.033841 0.010852 0.094
v -0.033841 -0.015745 0.0906
v -0.033841 -0.015745 0.094
v -0.033802 -0.013394 0.0897
v -0.033802 -0.013394 0.0906
v -0.033802 0.013203 0.0897
v -0.033802 0.013203 0.0906
v -0.033789 0.021408 0.0713
v -0.033781 0.011477 0.093598
v -0.033772 0.021395 0.0935
v -0.033755 0.011505 0.0936
v -0.033675 -0.012648 0.0897
v -0.033675 -0.012648 0.0906
v -0.033675 0.013949 0.0897
v -0.033675 0.013949 0.0906
v -0.033663 0.015564 0.0906
v -0.033663 0.015564 0.093287
v -0.033642 0.015533 0.093436
v -0.033593 -0.014121 0.0897
v -0.033593 -0.014121 0.0906
v -0.033593 0.012476 0.0897
v -0.033593 0.012476 0.0906
v -0.033585 0.015451 0.093546
v -0.033583 -0.017781 0.0672
v -0.033583 -0.017781 0.0712
v -0.03356 0.021581 0.0713
v -0.033544 0.013184 0.0923
v -0.033544 0.013184 0.0936
v -0.033524 -0.013036 0.0923
v -0.033524 -0.013036 0.0936
v -0.033508 0.015338 0.093598
v -0.033508 0.020916 0.094
v -0.033486 0.015307 0.0936
v -0.0334 -0.010872 0.0906
v -0.0334 -0.010872 0.093287
v -0.033382 -0.010905 0.093436
v -0.033352 0.013387 0.0897
v -0.033352 0.013387 0.0906
v -0.033352 0.013387 0.0923
v -0.033335 -0.010994 0.093546
v -0.033334 -0.013071 0.0897
v -0.033334 -0.013071 0.0906
v -0.033334 -0.013071 0.0923
v -0.033316 -0.004682 0.094
v -0.033316 0.008616 0.094
v -0.033311 -0.013627 0.0923
v -0.033283 -0.013716 0.0897
v -0.033283 -0.013716 0.0906
v -0.033283 -0.013716 0.0923
v -0.033271 -0.011114 0.093598
v -0.033267 0.012837 0.0897
v -0.033267 0.012837 0.0906
v -0.033267 0.012837 0.0923
v -0.033253 -0.011148 0.0936
v -0.033233 0.013836 0.0923
v -0.033194 -0.015823 0.093287
v -0.03319 0.013919 0.0897
v -0.03319 0.013919 0.0906
v -0.03319 0.013919 0.0923
v -0.033179 -0.015789 0.093436
v -0.03314 0.014647 0.0897
v -0.03314 0.014647 0.0906
v -0.03314 -0.01195 0.0897
v -0.03314 -0.01195 0.0906
v -0.03314 -0.015697 0.093546
v -0.033135 0.01259 0.0923
v -0.033089 -0.014685 0.0897
v -0.033089 -0.014685 0.0906
v -0.033089 0.011912 0.0897
v -0.033089 0.011912 0.0906
v -0.033085 -0.015571 0.093598
v -0.033079 0.018702 0.0687
v -0.03307 -0.015536 0.0936
v -0.033056 -0.012487 0.0897
v -0.033056 -0.012487 0.0906
v -0.033056 -0.012487 0.0923
v -0.033049 -0.014118 0.0923
v -0.033042 -0.014396 0.0923
v -0.033042 -0.014396 0.0936
v -0.03304 0.018772 0.06926
v -0.033029 0.01879 0.068074
v -0.033027 -0.022565 0.0935
v -0.033021 0.018805 0.068042
v -0.033016 0.018812 0.069353
v -0.032965 -0.022656 0.0713
v -0.032958 -0.022651 0.0935
v -0.032951 0.012378 0.0897
v -0.032951 0.012378 0.0906
v -0.032951 0.012378 0.0923
v -0.032923 0.014487 0.0923
v -0.032923 0.014487 0.0936
v -0.032916 -0.014249 0.0897
v -0.032916 -0.014249 0.0906
v -0.032909 -0.019 0.0532
v -0.032909 0.019 0.0532
v -0.032905 0.010667 0.0906
v -0.032905 0.010667 0.093287
v -0.032894 0.010703 0.093436
v -0.032878 0.019054 0.069906
v -0.032865 0.010799 0.093546
v -0.032857 0.01909 0.06744
v -0.032825 0.01093 0.093598
v -0.032814 0.010966 0.0936
v -0.032813 0.014328 0.0897
v -0.032813 0.014328 0.0906
v -0.032813 0.014328 0.0923
v -0.032753 0.019268 0.067226
v -0.032742 0.019285 0.070152
v -0.03274 0.019289 0.0672
v -0.032726 0.011995 0.0923
v -0.032726 0.011995 0.0936
v -0.032657 0.018433 0.0687
v -0.032617 0.018503 0.06814
v -0.032615 -0.022283 0.094
v -0.032607 -0.016256 0.0906
v -0.032607 -0.016256 0.094
v -0.032607 0.010341 0.0906
v -0.032607 0.010341 0.094
v -0.032607 0.019513 0.070395
v -0.032605 -0.016002 0.0906
v -0.0326 -0.014446 0.0923
v -0.032597 0.018539 0.069359
v -0.032594 0.018543 0.068047
v -0.032592 0.018547 0.06941
v -0.032592 -0.015935 0.093287
v -0.032587 -0.011938 0.0923
v -0.032587 -0.011938 0.0936
v -0.032574 -0.019665 0.0712
v -0.032526 0.016016 0.093287
v -0.032523 -0.01212 0.0897
v -0.032523 -0.01212 0.0906
v -0.032523 -0.01212 0.0923
v -0.03252 0.015979 0.093436
v -0.032505 0.01588 0.093546
v -0.032496 -0.010324 0.0906
v -0.032496 -0.010324 0.094
v -0.032496 0.016273 0.0906
v -0.032496 0.016273 0.094
v -0.032484 0.015745 0.093598
v -0.032478 0.015707 0.0936
v -0.032476 0.01875 0.0537
v -0.032476 0.01875 0.057
v -0.032476 -0.01875 0.0537
v -0.032476 -0.01875 0.057
v -0.032468 0.012102 0.0897
v -0.032468 0.012102 0.0906
v -0.032468 0.012102 0.0923
v -0.032456 0.018785 0.067494
v -0.032421 0.01982 0.066828
v -0.032405 0.018872 0.070028
v -0.03239 0.011622 0.0897
v -0.03239 0.011622 0.0906
v -0.03239 -0.014974 0.0897
v -0.03239 -0.014974 0.0906
v -0.032332 -0.014527 0.0897
v -0.032332 -0.014527 0.0906
v -0.032332 -0.014527 0.0923
v -0.032327 0.014984 0.0897
v -0.032327 0.014984 0.0906
v -0.032327 -0.011613 0.0897
v -0.032327 -0.011613 0.0906
v -0.032324 0.016002 0.093287
v -0.032323 0.019011 0.070155
v -0.032322 0.01604 0.0906
v -0.03232 0.019016 0.067248
v -0.032305 0.020008 0.070625
v -0.032305 0.020007 0.066788
v -0.032256 0.020088 0.070662
v -0.032219 -0.010551 0.0906
v -0.032219 -0.010551 0.093287
v -0.032217 -0.010588 0.093436
v -0.032213 -0.010688 0.093546
v -0.032208 -0.010825 0.093598
v -0.032206 -0.010863 0.0936
v -0.032203 0.014544 0.0897
v -0.032203 0.014544 0.0906
v -0.032203 0.014544 0.0923
v -0.032185 0.019245 0.067005
v -0.032184 0.023753 0.0532
v -0.032184 0.023753 0.0672
v -0.032115 0.019361 0.070473
v -0.032105 0.013298 0.091578
v -0.032105 -0.013298 0.091578
v -0.032053 -0.014547 0.0923
v -0.032049 0.020417 0.0667
v -0.032049 0.020417 0.0672
v -0.032006 0.012052 0.0923
v -0.032004 -0.015734 0.0936
v -0.032002 -0.015772 0.093598
v -0.031996 -0.015908 0.093546
v -0.031992 -0.016009 0.093436
v -0.031991 -0.016046 0.093287
v -0.031924 0.020613 0.070686
v -0.031924 -0.020613 0.0712
v -0.031915 0.024112 0.0713
v -0.031913 0.012063 0.0897
v -0.031913 0.012063 0.0906
v -0.031913 0.012063 0.0923
v -0.031883 0.019739 0.066775
v -0.031881 0.019742 0.070611
v -0.031878 -0.012069 0.0897
v -0.031878 -0.012069 0.0906
v -0.031878 -0.012069 0.0923
v -0.031835 0.019819 0.066738
v -0.031787 0.02082 0.07061
v -0.031785 0.020823 0.066788
v -0.031761 0.020863 0.0712
v -0.031759 0.020862 0.070595
v -0.031753 0.01995 0.070686
v -0.031732 0.010889 0.0936
v -0.031726 0.010852 0.093598
v -0.031705 0.010717 0.093546
v -0.031689 0.010618 0.093436
v -0.031687 -0.014476 0.0897
v -0.031687 -0.014476 0.0906
v -0.031684 0.010581 0.0906
v -0.031684 0.010581 0.093287
v -0.031663 0.02101 0.066829
v -0.03166 0.020098 0.068371
v -0.031634 0.011665 0.0897
v -0.031634 0.011665 0.0906
v -0.031634 -0.014932 0.0897
v -0.031634 -0.014932 0.0906
v -0.031622 -0.014659 0.0923
v -0.031622 -0.014659 0.0936
v -0.031609 0.024349 0.0673
v -0.031609 0.024349 0.0713
v -0.031595 0.0202 0.069029
v -0.031589 0.021212 0.0673
v -0.031589 0.021212 0.0712
v -0.031567 0.014427 0.0897
v -0.031567 0.014427 0.0906
v -0.031567 0.014427 0.0923
v -0.031543 0.02119 0.070474
v -0.031516 -0.014401 0.0923
v -0.031502 0.020344 0.066714
v -0.031492 0.000728 0.094
v -0.031492 0.000728 0.0995
v -0.031484 0.014601 0.0923
v -0.031484 0.014601 0.0936
v -0.031454 0.014869 0.0897
v -0.031454 0.014869 0.0906
v -0.031454 -0.011728 0.0897
v -0.031454 -0.011728 0.0906
v -0.031417 0.020476 0.070662
v -0.031396 0.012268 0.0897
v -0.031396 0.012268 0.0906
v -0.031396 0.012268 0.0923
v -0.031396 0.01563 0.0936
v -0.031385 0.015667 0.093598
v -0.031366 0.020551 0.06679
v -0.031364 0.020554 0.070625
v -0.031345 0.015798 0.093546
v -0.031319 0.021521 0.0672
v -0.031316 0.015894 0.093436
v -0.031312 0.021528 0.070155
v -0.031306 0.021539 0.067227
v -0.031305 0.015929 0.093287
v -0.031293 -0.012347 0.0897
v -0.031293 -0.012347 0.0906
v -0.031293 -0.012347 0.0923
v -0.031287 0.012109 0.0923
v -0.031287 0.012109 0.0936
v -0.031274 0.010415 0.0906
v -0.031274 0.010415 0.094
v -0.031274 -0.016181 0.0906
v -0.031274 -0.016181 0.094
v -0.03122 0.021663 0.070028
v -0.031202 -0.003437 0.094
v -0.031202 -0.015831 0.093287
v -0.031186 -0.01589 0.0906
v -0.031168 -0.0122 0.0923
v -0.031168 -0.0122 0.0936
v -0.031154 -0.01411 0.0897
v -0.031154 -0.01411 0.0906
v -0.031154 -0.01411 0.0923
v -0.031139 -0.01106 0.0936
v -0.031124 -0.011025 0.093598
v -0.031121 0.020921 0.066926
v -0.031096 -0.014036 0.0923
v -0.031089 -0.005071 0.094
v -0.031089 -0.005071 0.0995
v -0.031089 0.021851 0.067688
v -0.031075 0.014007 0.0897
v -0.031075 0.014007 0.0906
v -0.031075 0.014007 0.0923
v -0.03107 -0.010899 0.093546
v -0.031044 0.021037 0.070395
v -0.03103 -0.010807 0.093436
v -0.031027 0.004731 0.094
v -0.031016 -0.010773 0.0906
v -0.031016 -0.010773 0.093287
v -0.031013 0.021959 0.068051
v -0.031005 0.02197 0.06941
v -0.031 0.021977 0.069359
v -0.030992 0.000716 0.1
v -0.030991 -0.025289 0.0713
v -0.030976 0.012761 0.0897
v -0.030976 0.012761 0.0906
v -0.030976 0.012761 0.0923
v -0.030972 0.012031 0.0897
v -0.030972 0.012031 0.0906
v -0.030972 -0.014566 0.0897
v -0.030972 -0.014566 0.0906
v -0.030957 -0.015449 0.0936
v -0.030957 0.01607 0.0906
v -0.030957 0.01607 0.094
v -0.030957 -0.010527 0.0906
v -0.030957 -0.010527 0.094
v -0.030952 0.015728 0.093287
v -0.030946 0.022053 0.068367
v -0.030939 -0.015482 0.093598
v -0.03093 0.022076 0.0687
v -0.030927 -0.012881 0.0897
v -0.030927 -0.012881 0.0906
v -0.030927 -0.012881 0.0923
v -0.030922 0.015781 0.0906
v -0.030893 0.021255 0.070152
v -0.03089 0.02126 0.067245
v -0.030877 -0.025429 0.0532
v -0.030877 -0.025429 0.0672
v -0.030876 -0.013526 0.0897
v -0.030876 -0.013526 0.0906
v -0.030876 -0.013526 0.0923
v -0.030875 -0.015603 0.093546
v -0.030859 0.013397 0.0897
v -0.030859 0.013397 0.0906
v -0.030859 0.013397 0.0923
v -0.030843 0.001998 0.1
v -0.030827 -0.015691 0.093436
v -0.030822 0.006502 0.094
v -0.030822 0.006502 0.0995
v -0.03081 -0.015724 0.093287
v -0.030798 0.021394 0.067372
v -0.030756 0.014333 0.0897
v -0.030756 0.014333 0.0906
v -0.030756 -0.012263 0.0897
v -0.030756 -0.012263 0.0906
v -0.030741 0.021476 0.069907
v -0.030737 -0.022429 0.0673
v -0.030737 -0.022429 0.0712
v -0.030723 0.01129 0.0936
v -0.030722 -0.003171 0.1
v -0.030702 0.011259 0.093598
v -0.030686 -0.013561 0.0923
v -0.030686 -0.013561 0.0936
v -0.030666 0.013412 0.0923
v -0.030666 0.013412 0.0936
v -0.030624 0.011146 0.093546
v -0.030596 -0.004991 0.1
v -0.030583 0.021701 0.06799
v -0.030581 0.021703 0.069353
v -0.030578 0.021708 0.068041
v -0.030567 0.011063 0.093436
v -0.030554 0.021742 0.06926
v -0.030546 0.011033 0.0906
v -0.030546 0.011033 0.093287
v -0.030534 0.012648 0.0897
v -0.030534 0.012648 0.0906
v -0.030534 -0.013949 0.0897
v -0.030534 -0.013949 0.0906
v -0.030508 0.021807 0.0687
v -0.030489 0.005049 0.1
v -0.030462 -0.02577 0.0673
v -0.030462 -0.02577 0.0713
v -0.030454 0.015092 0.0936
v -0.030428 0.01512 0.093598
v -0.030419 0.01352 0.0897
v -0.030419 0.01352 0.0906
v -0.030419 -0.013076 0.0897
v -0.030419 -0.013076 0.0906
v -0.030336 0.015221 0.093546
v -0.030332 0.006399 0.1
v -0.030268 0.015294 0.093436
v -0.030264 -0.011701 0.0936
v -0.030243 0.015322 0.093287
v -0.030235 -0.011676 0.093598
v -0.030138 -0.014738 0.0936
v -0.030132 -0.011586 0.093546
v -0.030107 -0.01476 0.093598
v -0.030106 0.011061 0.0906
v -0.030106 0.011061 0.094
v -0.030106 -0.015535 0.0906
v -0.030106 -0.015535 0.094
v -0.030056 -0.01152 0.093436
v -0.030038 -0.015055 0.093287
v -0.030028 -0.011496 0.0906
v -0.030028 -0.011496 0.093287
v -0.030026 -0.02329 0.0672
v -0.030026 -0.02329 0.0712
v -0.030019 0.025595 0.094
v -0.030013 -0.015083 0.0906
v -0.029996 -0.014841 0.093546
v -0.029989 0.012088 0.0936
v -0.029983 0.026477 0.0935
v -0.029956 0.012069 0.093598
v -0.029916 -0.0149 0.093436
v -0.029896 0.014818 0.093287
v -0.029885 -0.014922 0.093287
v -0.02984 0.014198 0.0936
v -0.029839 0.014857 0.0906
v -0.029837 0.012001 0.093546
v -0.029826 0.026654 0.0713
v -0.029813 0.02664 0.0935
v -0.029804 0.014212 0.093598
v -0.029753 -0.012658 0.0936
v -0.02975 0.011952 0.093436
v -0.029725 0.015125 0.0906
v -0.029725 0.015125 0.094
v -0.029725 -0.011472 0.0906
v -0.029725 -0.011472 0.094
v -0.029718 0.011933 0.093287
v -0.029716 -0.012648 0.093598
v -0.029708 -0.013742 0.0936
v -0.029677 0.014263 0.093546
v -0.029673 0.013126 0.0936
v -0.02967 -0.013748 0.093598
v -0.029659 0.012126 0.093287
v -0.029635 0.013123 0.093598
v -0.029628 -0.010698 0.094
v -0.029628 -0.010698 0.0995
v -0.029622 0.012115 0.0906
v -0.029608 0.026146 0.094
v -0.029584 -0.012612 0.093546
v -0.029584 0.0143 0.093436
v -0.029549 0.014314 0.093287
v -0.029536 -0.013773 0.093546
v -0.029499 0.013114 0.093546
v -0.029488 -0.012585 0.093436
v -0.029465 0.010885 0.094
v -0.029451 -0.012576 0.0906
v -0.029451 -0.012576 0.093287
v -0.029437 -0.013792 0.093436
v -0.02943 0.026942 0.0713
v -0.029424 0.013506 0.093287
v -0.029401 -0.013798 0.0906
v -0.029401 -0.013798 0.093287
v -0.029399 0.013107 0.093436
v -0.029363 0.013515 0.0906
v -0.029362 0.013104 0.093287
v -0.029333 0.01215 0.0906
v -0.029333 0.01215 0.094
v -0.029333 -0.014446 0.0906
v -0.029333 -0.014446 0.094
v -0.029158 -0.010528 0.1
v -0.02913 0.01369 0.0906
v -0.02913 0.01369 0.094
v -0.02913 -0.012907 0.0906
v -0.02913 -0.012907 0.094
v -0.02911 0.024426 0.0532
v -0.02911 -0.024426 0.0532
v -0.029102 0.012055 0.094
v -0.029102 0.012055 0.0995
v -0.029061 -0.011906 0.094
v -0.028863 -0.027694 0.0935
v -0.028808 -0.02775 0.0713
v -0.028804 -0.027746 0.0935
v -0.028727 0.024105 0.0537
v -0.028727 0.024105 0.057
v -0.028727 -0.024105 0.0537
v -0.028727 -0.024105 0.057
v -0.028665 -0.025023 0.0712
v -0.028657 0.011808 0.1
v -0.02864 0.011863 0.1
v -0.028581 0.023154 0.094
v -0.028502 -0.027348 0.094
v -0.028167 -0.02826 0.0713
v -0.027904 -0.025794 0.0712
v -0.027858 0.028704 0.0532
v -0.027858 0.028704 0.0672
v -0.027701 0.026013 0.0672
v -0.027701 0.026013 0.0712
v -0.027534 0.029015 0.0713
v -0.027426 0.026375 0.0673
v -0.027426 0.026375 0.0712
v -0.027158 -0.01596 0.094
v -0.027158 -0.01596 0.0995
v -0.027139 -0.015986 0.094
v -0.027039 0.029341 0.0673
v -0.027039 0.029341 0.0713
v -0.026869 0.020247 0.094
v -0.026727 -0.015706 0.1
v -0.026708 -0.015732 0.1
v -0.02643 -0.030024 0.0713
v -0.026392 0.017197 0.094
v -0.026392 0.017197 0.0995
v -0.026375 -0.027426 0.0673
v -0.026375 -0.027426 0.0712
v -0.02627 -0.030164 0.0532
v -0.02627 -0.030164 0.0672
v -0.026173 0.007591 0.1
v -0.025973 0.016924 0.1
v -0.025669 -0.030547 0.0673
v -0.025669 -0.030547 0.0713
v -0.025635 0.018152 0.094
v -0.025574 -0.028106 0.0672
v -0.025574 -0.028106 0.0712
v -0.025524 -0.029977 0.094
v -0.025354 0.017705 0.1
v -0.025216 0.031051 0.0935
v -0.025056 0.03118 0.0713
v -0.025047 0.031166 0.0935
v -0.02493 0.005481 0.1
v -0.0249 0.030663 0.094
v -0.024484 -0.019676 0.094
v -0.024454 0.031528 0.0713
v -0.024426 0.02911 0.0532
v -0.024426 -0.02911 0.0532
v -0.024105 0.028727 0.0537
v -0.024105 0.028727 0.057
v -0.024105 -0.028727 0.0537
v -0.024105 -0.028727 0.057
v -0.023911 -0.032067 0.0935
v -0.023884 -0.02962 0.0712
v -0.023873 -0.032095 0.0713
v -0.023871 -0.032092 0.0935
v -0.023763 -0.020678 0.094
v -0.023763 -0.020678 0.0995
v -0.023612 -0.031666 0.094
v -0.023386 -0.02035 0.1
v -0.023054 -0.030208 0.0712
v -0.022986 -0.032614 0.0713
v -0.022816 0.030388 0.0672
v -0.022816 0.030388 0.0712
v -0.022782 0.021753 0.094
v -0.022782 0.021753 0.0995
v -0.022779 0.03288 0.0532
v -0.022779 0.03288 0.0672
v -0.022639 0.00159 0.1
v -0.022429 0.030737 0.0673
v -0.022429 0.030737 0.0712
v -0.022421 0.021408 0.1
v -0.022409 0.033134 0.0713
v -0.022076 -0.03093 0.0687
v -0.022053 -0.030946 0.068367
v -0.021977 -0.031 0.069359
v -0.02197 -0.031005 0.06941
v -0.021959 -0.031013 0.068051
v -0.021851 -0.031089 0.067688
v -0.021807 -0.030508 0.0687
v -0.021742 -0.030554 0.06926
v -0.021708 -0.030578 0.068041
v -0.021703 -0.030581 0.069353
v -0.021701 -0.030583 0.06799
v -0.021692 0.033489 0.0673
v -0.021692 0.033489 0.0713
v -0.021663 -0.03122 0.070028
v -0.021539 -0.031306 0.067227
v -0.021528 -0.031312 0.070155
v -0.021521 -0.031319 0.0672
v -0.021485 -0.030735 0.067643
v -0.021476 -0.030741 0.069907
v -0.021394 -0.030798 0.067372
v -0.02126 -0.03089 0.067245
v -0.021255 -0.030893 0.070152
v -0.021212 -0.031589 0.0673
v -0.021212 -0.031589 0.0712
v -0.02119 -0.031543 0.070474
v -0.021154 -0.033948 0.0713
v -0.021142 0.010554 0.1
v -0.021037 -0.031044 0.070395
v -0.02101 -0.031663 0.066829
v -0.020947 -0.034077 0.0532
v -0.020947 -0.034077 0.0672
v -0.020921 -0.031121 0.066926
v -0.020827 0.017355 0.1
v -0.020823 -0.031785 0.066788
v -0.02082 -0.031787 0.07061
v -0.020613 -0.031924 0.070686
v -0.020603 0.018671 0.1
v -0.020554 -0.031364 0.070625
v -0.020551 -0.031366 0.06679
v -0.020497 -0.018223 0.1
v -0.020476 -0.031417 0.070662
v -0.020457 0.016072 0.1
v -0.020417 -0.032049 0.0672
v -0.020417 -0.032049 0.0667
v -0.020361 -0.032084 0.0712
v -0.020361 -0.032083 0.070675
v -0.020344 -0.031502 0.066714
v -0.020327 0.017383 0.0897
v -0.020327 0.017383 0.0995
v -0.020294 -0.016683 0.1
v -0.020247 -0.026869 0.094
v -0.020141 0.018479 0.0897
v -0.020141 0.018479 0.0995
v -0.020137 -0.034446 0.0673
v -0.020137 -0.034446 0.0713
v -0.020088 -0.032256 0.070662
v -0.020024 0.033995 0.094
v -0.020019 0.016313 0.0897
v -0.020019 0.016313 0.0995
v -0.020008 -0.032305 0.070625
v -0.020007 -0.032305 0.066788
v -0.020001 -0.018158 0.0897
v -0.020001 -0.018158 0.0995
v -0.01995 -0.031753 0.070686
v -0.019903 -0.019658 0.1
v -0.019899 0.008444 0.1
v -0.019832 -0.016875 0.0897
v -0.019832 -0.016875 0.0995
v -0.01982 -0.032421 0.066828
v -0.019819 -0.031835 0.066738
v -0.019761 0.034778 0.0935
v -0.019742 -0.031881 0.070611
v -0.019739 -0.031883 0.066775
v -0.019658 0.019903 0.1
v -0.01961 0.034863 0.0713
v -0.019604 0.034851 0.0935
v -0.01958 0.024541 0.094
v -0.019567 0.015076 0.1
v -0.019559 -0.024692 0.094
v -0.019559 -0.024692 0.0995
v -0.019514 0.034343 0.094
v -0.019513 -0.032607 0.070395
v -0.019506 -0.019353 0.0897
v -0.019506 -0.019353 0.0995
v -0.019361 -0.032115 0.070473
v -0.019353 0.019506 0.0897
v -0.019353 0.019506 0.0995
v -0.019349 -0.015451 0.1
v -0.019289 -0.03274 0.0672
v -0.019285 -0.032742 0.070152
v -0.019278 0.015484 0.0897
v -0.019278 0.015484 0.0995
v -0.019268 -0.032753 0.067226
v -0.019248 -0.0243 0.1
v -0.019245 -0.032185 0.067005
v -0.01909 -0.032857 0.06744
v -0.019054 -0.032878 0.069906
v -0.019045 -0.015848 0.0897
v -0.019045 -0.015848 0.0995
v -0.019016 -0.03232 0.067248
v -0.019011 -0.032323 0.070155
v -0.019 0.032909 0.0532
v -0.019 -0.032909 0.0532
v -0.018872 -0.032405 0.070028
v -0.018812 -0.033016 0.069353
v -0.018805 -0.033021 0.068042
v -0.01879 -0.033029 0.068074
v -0.018785 -0.032456 0.067494
v -0.018776 -0.032461 0.069757
v -0.018773 0.035207 0.0713
v -0.018772 -0.03304 0.06926
v -0.01875 0.032476 0.0537
v -0.01875 0.032476 0.057
v -0.01875 -0.032476 0.0537
v -0.01875 -0.032476 0.057
v -0.018702 -0.033079 0.0687
v -0.018671 -0.020603 0.1
v -0.018547 -0.032592 0.06941
v -0.018543 -0.032594 0.068047
v -0.018539 -0.032597 0.069359
v -0.018503 -0.032617 0.06814
v -0.018479 -0.020141 0.0897
v -0.018479 -0.020141 0.0995
v -0.018433 -0.032657 0.0687
v -0.018397 0.025569 0.094
v -0.018397 0.025569 0.0995
v -0.018378 -0.033318 0.0712
v -0.018334 0.014565 0.1
v -0.018307 -0.035565 0.0935
v -0.018293 -0.035572 0.0713
v -0.018292 -0.035571 0.0935
v -0.01825 0.015058 0.0897
v -0.01825 0.015058 0.0995
v -0.018223 0.020497 0.1
v -0.018158 0.020001 0.0897
v -0.018158 0.020001 0.0995
v -0.018131 -0.025622 0.094
v -0.018105 0.025163 0.1
v -0.018078 -0.03512 0.094
v -0.017914 -0.014857 0.1
v -0.017849 -0.015353 0.0897
v -0.017849 -0.015353 0.0995
v -0.017608 0.004554 0.1
v -0.017517 -0.033722 0.0712
v -0.017488 0.029688 0.094
v -0.017252 0.033858 0.0672
v -0.017252 0.033858 0.0712
v -0.017196 -0.02031 0.0897
v -0.017196 -0.02031 0.0995
v -0.017143 -0.036029 0.0713
v -0.017139 0.01512 0.0897
v -0.017139 0.01512 0.0995
v -0.017131 -0.020806 0.1
v -0.017085 0.036168 0.0532
v -0.017085 0.036168 0.0672
v -0.017001 0.01464 0.1
v -0.016875 0.019832 0.0897
v -0.016875 0.019832 0.0995
v -0.016751 0.034164 0.0673
v -0.016751 0.034164 0.0712
v -0.016683 0.020294 0.1
v -0.016678 0.036357 0.0713
v -0.016566 -0.015522 0.0897
v -0.016566 -0.015522 0.0995
v -0.016375 -0.01506 0.1
v -0.016294 -0.032273 0.0906
v -0.016294 -0.032273 0.094
v -0.016273 0.031713 0.0906
v -0.016273 0.031713 0.094
v -0.016165 0.015659 0.0897
v -0.016165 0.015659 0.0995
v -0.016112 -0.00949 0.1
v -0.016111 -0.002121 0.1
v -0.016111 0.002013 0.1
v -0.016111 0.002121 0.1
v -0.01607 0.033253 0.0906
v -0.01607 0.033253 0.094
v -0.01607 -0.030957 0.0906
v -0.01607 -0.030957 0.094
v -0.016046 0.031991 0.0906
v -0.016046 0.031991 0.093287
v -0.01604 -0.032322 0.0906
v -0.016016 -0.032526 0.093287
v -0.016009 0.031992 0.093436
v -0.016002 -0.032324 0.093287
v -0.016001 -0.019815 0.0897
v -0.016001 -0.019815 0.0995
v -0.015979 -0.03252 0.093436
v -0.015929 -0.031305 0.093287
v -0.015924 -0.033556 0.0906
v -0.015924 -0.033556 0.094
v -0.015919 0.027026 0.094
v -0.015908 0.031996 0.093546
v -0.015894 -0.031316 0.093436
v -0.01588 -0.032505 0.093546
v -0.015848 0.019045 0.0897
v -0.015848 0.019045 0.0995
v -0.015837 0.030661 0.094
v -0.015832 0.015286 0.1
v -0.015823 0.033194 0.0906
v -0.015823 0.033194 0.093287
v -0.015798 -0.031345 0.093546
v -0.015789 0.033179 0.093436
v -0.015781 -0.030922 0.0906
v -0.015772 0.032002 0.093598
v -0.015745 -0.032484 0.093598
v -0.015734 0.032004 0.0936
v -0.015728 -0.030952 0.093287
v -0.015724 0.03081 0.0906
v -0.015724 0.03081 0.093287
v -0.01572 0.036673 0.0673
v -0.01572 0.036673 0.0713
v -0.015707 -0.032478 0.0936
v -0.015697 0.03314 0.093546
v -0.015696 -0.020211 0.1
v -0.015691 0.030827 0.093436
v -0.015678 0.030279 0.0906
v -0.015678 0.030279 0.094
v -0.015667 -0.031385 0.093598
v -0.015667 0.026597 0.1
v -0.01563 -0.031396 0.0936
v -0.015615 -0.002056 0.0938
v -0.015615 -0.002056 0.0995
v -0.015615 0.002056 0.0938
v -0.015615 0.002056 0.0995
v -0.015603 0.030875 0.093546
v -0.015571 0.033085 0.093598
v -0.015564 -0.033663 0.0906
v -0.015564 -0.033663 0.093287
v -0.015539 -0.016309 0.0897
v -0.015539 -0.016309 0.0995
v -0.015536 0.03307 0.0936
v -0.015533 -0.033642 0.093436
v -0.015522 0.016566 0.0897
v -0.015522 0.016566 0.0995
v -0.015482 0.030939 0.093598
v -0.015451 0.019349 0.1
v -0.015451 -0.033585 0.093546
v -0.015449 0.030957 0.0936
v -0.015404 -0.034793 0.0673
v -0.015404 -0.034793 0.0712
v -0.015353 0.017849 0.0897
v -0.015353 0.017849 0.0995
v -0.015338 -0.033508 0.093598
v -0.015322 -0.030243 0.093287
v -0.015307 -0.036955 0.0713
v -0.015307 -0.033486 0.0936
v -0.015294 -0.030268 0.093436
v -0.015221 -0.030336 0.093546
v -0.015213 -0.018788 0.0897
v -0.015213 -0.018788 0.0995
v -0.015143 -0.016005 0.1
v -0.015125 0.034485 0.0906
v -0.015125 0.034485 0.094
v -0.015125 -0.029725 0.0906
v -0.015125 -0.029725 0.094
v -0.01512 -0.030428 0.093598
v -0.015101 0.034182 0.0906
v -0.015101 0.034182 0.093287
v -0.015092 -0.030454 0.0936
v -0.015076 0.034154 0.093436
v -0.01506 0.016375 0.1
v -0.015056 0.006057 0.1
v -0.015052 -0.03706 0.0532
v -0.015052 -0.03706 0.0672
v -0.015044 -0.017505 0.0897
v -0.015044 -0.017505 0.0995
v -0.015034 -0.034551 0.0906
v -0.015034 -0.034551 0.094
v -0.015013 0.006219 0.1
v -0.015013 -0.006219 0.1
v -0.015011 0.034078 0.093546
v -0.014996 -0.0322 0.0897
v -0.014996 -0.0322 0.0906
v -0.014984 0.031883 0.0897
v -0.014984 0.031883 0.0906
v -0.014922 0.029885 0.0906
v -0.014922 0.029885 0.093287
v -0.014921 0.033975 0.093598
v -0.0149 0.029916 0.093436
v -0.014896 0.033946 0.0936
v -0.014869 0.032755 0.0897
v -0.014869 0.032755 0.0906
v -0.014869 -0.031454 0.0897
v -0.014869 -0.031454 0.0906
v -0.014857 0.017914 0.1
v -0.014857 -0.029839 0.0906
v -0.014841 0.029996 0.093546
v -0.014818 -0.029896 0.093287
v -0.014786 -0.032927 0.0897
v -0.014786 -0.032927 0.0906
v -0.01476 0.030107 0.093598
v -0.014751 -0.018979 0.1
v -0.014738 0.030138 0.0936
v -0.014688 -0.027866 0.094
v -0.014688 -0.027866 0.0995
v -0.014663 -0.034492 0.093287
v -0.014659 0.031622 0.0923
v -0.014659 0.031622 0.0936
v -0.014647 0.03107 0.0897
v -0.014647 0.03107 0.0906
v -0.014645 -0.03446 0.093436
v -0.014601 -0.031484 0.0923
v -0.014601 -0.031484 0.0936
v -0.014595 -0.034373 0.093546
v -0.014551 0.006027 0.0938
v -0.014551 0.006027 0.0995
v -0.014551 -0.006027 0.0938
v -0.014551 -0.006027 0.0995
v -0.014548 -0.01744 0.1
v -0.014547 0.032053 0.0897
v -0.014547 0.032053 0.0906
v -0.014547 0.032053 0.0923
v -0.014544 -0.032203 0.0897
v -0.014544 -0.032203 0.0906
v -0.014544 -0.032203 0.0923
v -0.014542 -0.035107 0.0672
v -0.014542 -0.035107 0.0712
v -0.014527 0.032332 0.0923
v -0.014527 -0.034254 0.093598
v -0.014518 -0.036595 0.094
v -0.014508 -0.034221 0.0936
v -0.014487 -0.032923 0.0923
v -0.014487 -0.032923 0.0936
v -0.014481 -0.034587 0.0906
v -0.01447 -0.034551 0.093287
v -0.014455 -0.027423 0.1
v -0.014446 0.029333 0.0906
v -0.014446 0.029333 0.094
v -0.014446 0.0326 0.0897
v -0.014446 0.0326 0.0906
v -0.014446 0.0326 0.0923
v -0.014427 -0.031567 0.0897
v -0.014427 -0.031567 0.0906
v -0.014427 -0.031567 0.0923
v -0.014401 0.031516 0.0897
v -0.014401 0.031516 0.0906
v -0.014401 0.031516 0.0923
v -0.014396 0.033042 0.0923
v -0.014396 0.033042 0.0936
v -0.014333 0.033454 0.0897
v -0.014333 0.033454 0.0906
v -0.014333 -0.030756 0.0897
v -0.014333 -0.030756 0.0906
v -0.014328 -0.032813 0.0897
v -0.014328 -0.032813 0.0906
v -0.014328 -0.032813 0.0923
v -0.014321 -0.036676 0.094
v -0.014314 -0.029549 0.093287
v -0.0143 -0.029584 0.093436
v -0.014282 -0.033491 0.0897
v -0.014282 -0.033491 0.0906
v -0.014266 0.035221 0.0712
v -0.014263 -0.029677 0.093546
v -0.014212 -0.029804 0.093598
v -0.014198 -0.02984 0.0936
v -0.014118 0.033049 0.0897
v -0.014118 0.033049 0.0906
v -0.014118 0.033049 0.0923
v -0.01411 0.031154 0.0923
v -0.014036 0.031096 0.0897
v -0.014036 0.031096 0.0906
v -0.014036 0.031096 0.0923
v -0.014026 -0.037353 0.0673
v -0.014026 -0.037353 0.0713
v -0.014021 0.034758 0.0906
v -0.014021 0.034758 0.093287
v -0.014011 0.034722 0.093436
v -0.014007 -0.031075 0.0897
v -0.014007 -0.031075 0.0906
v -0.014007 -0.031075 0.0923
v -0.013985 0.034625 0.093546
v -0.013949 0.034493 0.093598
v -0.013949 0.030534 0.0897
v -0.013949 0.030534 0.0906
v -0.013939 0.034457 0.0936
v -0.013882 -0.008177 0.1
v -0.013836 -0.033233 0.0897
v -0.013836 -0.033233 0.0906
v -0.013836 -0.033233 0.0923
v -0.013801 -0.035062 0.0906
v -0.013801 -0.035062 0.094
v -0.013798 0.029401 0.0906
v -0.013798 0.029401 0.093287
v -0.013792 0.029437 0.093436
v -0.013773 0.029536 0.093546
v -0.013767 0.037556 0.0935
v -0.013748 0.02967 0.093598
v -0.013742 0.029708 0.0936
v -0.013716 0.033283 0.0923
v -0.01371 0.035494 0.0712
v -0.01369 0.035079 0.0906
v -0.01369 0.035079 0.094
v -0.01369 -0.02913 0.0906
v -0.01369 -0.02913 0.094
v -0.013634 0.037605 0.0713
v -0.013631 0.037594 0.0935
v -0.013627 0.033311 0.0897
v -0.013627 0.033311 0.0906
v -0.013627 0.033311 0.0923
v -0.013595 0.037087 0.094
v -0.013583 -0.033781 0.0897
v -0.013583 -0.033781 0.0906
v -0.013561 0.030686 0.0923
v -0.013561 0.030686 0.0936
v -0.013526 0.030876 0.0897
v -0.013526 0.030876 0.0906
v -0.013526 0.030876 0.0923
v -0.01352 0.03379 0.0897
v -0.01352 0.03379 0.0906
v -0.01352 -0.030419 0.0897
v -0.01352 -0.030419 0.0906
v -0.013515 -0.029363 0.0906
v -0.013506 -0.029424 0.093287
v -0.013492 -0.034848 0.093287
v -0.01349 -0.034811 0.093436
v -0.013483 -0.034711 0.093546
v -0.013473 -0.034574 0.093598
v -0.01347 -0.034536 0.0936
v -0.013412 -0.030666 0.0923
v -0.013412 -0.030666 0.0936
v -0.013397 -0.030859 0.0897
v -0.013397 -0.030859 0.0906
v -0.013397 -0.030859 0.0923
v -0.013386 0.028514 0.094
v -0.013386 0.028514 0.0995
v -0.013298 0.032105 0.091578
v -0.013298 -0.032105 0.091578
v -0.0132 -0.033351 0.0897
v -0.0132 -0.033351 0.0906
v -0.0132 -0.033351 0.0923
v -0.013184 -0.033544 0.0923
v -0.013184 -0.033544 0.0936
v -0.013173 0.028062 0.1
v -0.013126 -0.029673 0.0936
v -0.013123 -0.029635 0.093598
v -0.013114 -0.029499 0.093546
v -0.013107 -0.029399 0.093436
v -0.013104 -0.029362 0.093287
v -0.013091 -0.034786 0.093287
v -0.013081 -0.034846 0.0906
v -0.013076 0.030419 0.0897
v -0.013076 0.030419 0.0906
v -0.013071 0.033334 0.0897
v -0.013071 0.033334 0.0906
v -0.013071 0.033334 0.0923
v -0.013036 0.033524 0.0923
v -0.013036 0.033524 0.0936
v -0.012997 0.035708 0.0532
v -0.012997 -0.035708 0.0532
v -0.012907 0.02913 0.0906
v -0.012907 0.02913 0.094
v -0.012892 0.009892 0.1
v -0.012892 -0.009892 0.1
v -0.012881 0.030927 0.0897
v -0.012881 0.030927 0.0906
v -0.012881 0.030927 0.0923
v -0.012855 0.034502 0.0936
v -0.012848 0.034539 0.093598
v -0.012828 -0.033738 0.0897
v -0.012828 -0.033738 0.0906
v -0.012826 0.035238 0.0537
v -0.012826 0.035238 0.057
v -0.012826 -0.035238 0.0537
v -0.012826 -0.035238 0.057
v -0.012823 0.034674 0.093546
v -0.012805 0.034772 0.093436
v -0.012798 0.034809 0.0906
v -0.012798 0.034809 0.093287
v -0.012761 -0.030976 0.0897
v -0.012761 -0.030976 0.0906
v -0.012761 -0.030976 0.0923
v -0.012658 0.029753 0.0936
v -0.012648 0.033675 0.0897
v -0.012648 0.033675 0.0906
v -0.012648 -0.030534 0.0897
v -0.012648 -0.030534 0.0906
v -0.012648 0.029716 0.093598
v -0.012612 0.029584 0.093546
v -0.01259 -0.033135 0.0897
v -0.01259 -0.033135 0.0906
v -0.01259 -0.033135 0.0923
v -0.012585 0.029488 0.093436
v -0.012576 0.029451 0.093287
v -0.012553 0.037874 0.0713
v -0.012495 0.009588 0.0938
v -0.012495 0.009588 0.0995
v -0.012495 -0.009588 0.0938
v -0.012495 -0.009588 0.0995
v -0.012487 0.033056 0.0897
v -0.012487 0.033056 0.0906
v -0.012487 0.033056 0.0923
v -0.012468 -0.034988 0.0906
v -0.012468 -0.034988 0.094
v -0.012398 -0.03437 0.0936
v -0.012397 0.029547 0.093287
v -0.012384 -0.034406 0.093598
v -0.012379 0.029513 0.0906
v -0.012347 0.031293 0.0897
v -0.012347 0.031293 0.0906
v -0.012347 0.031293 0.0923
v -0.012334 -0.034533 0.093546
v -0.012313 -0.036003 0.0712
v -0.012297 -0.034626 0.093436
v -0.012283 -0.034661 0.093287
v -0.012268 -0.031396 0.0897
v -0.012268 -0.031396 0.0906
v -0.012268 -0.031396 0.0923
v -0.012263 0.030756 0.0897
v -0.012263 0.030756 0.0906
v -0.012218 -0.038088 0.0713
v -0.012218 -0.038087 0.0935
v -0.012203 -0.038093 0.0935
v -0.0122 0.031168 0.0923
v -0.0122 0.031168 0.0936
v -0.01217 -0.032643 0.0897
v -0.01217 -0.032643 0.0906
v -0.01217 -0.032643 0.0923
v -0.012165 -0.033372 0.0897
v -0.012165 -0.033372 0.0906
v -0.01215 0.034876 0.0906
v -0.01215 0.034876 0.094
v -0.01215 -0.029333 0.0906
v -0.01215 -0.029333 0.094
v -0.012126 -0.029659 0.093287
v -0.01212 0.032523 0.0897
v -0.01212 0.032523 0.0906
v -0.01212 0.032523 0.0923
v -0.012115 -0.029622 0.0906
v -0.012109 -0.031287 0.0923
v -0.012109 -0.031287 0.0936
v -0.012088 -0.029989 0.0936
v -0.012069 -0.029956 0.093598
v -0.012069 0.031878 0.0897
v -0.012069 0.031878 0.0906
v -0.012069 0.031878 0.0923
v -0.012052 -0.032006 0.0897
v -0.012052 -0.032006 0.0906
v -0.012052 -0.032006 0.0923
v -0.012051 -0.037617 0.094
v -0.012001 -0.029837 0.093546
v -0.011995 -0.032726 0.0923
v -0.011995 -0.032726 0.0936
v -0.011958 0.02903 0.094
v -0.011952 -0.02975 0.093436
v -0.01195 0.03314 0.0897
v -0.01195 0.03314 0.0906
v -0.01195 -0.03107 0.0897
v -0.01195 -0.03107 0.0906
v -0.011938 0.032587 0.0923
v -0.011938 0.032587 0.0936
v -0.011933 -0.029718 0.093287
v -0.011859 0.034072 0.0936
v -0.011836 0.034103 0.093598
v -0.011779 -0.034314 0.093287
v -0.011756 0.034213 0.093546
v -0.01174 -0.034371 0.0906
v -0.011728 0.031454 0.0897
v -0.011728 0.031454 0.0906
v -0.011728 -0.032755 0.0897
v -0.011728 -0.032755 0.0906
v -0.011701 0.030264 0.0936
v -0.011696 0.034294 0.093436
v -0.011676 0.030235 0.093598
v -0.011674 0.034324 0.093287
v -0.011671 -0.028577 0.1
v -0.011613 0.032327 0.0897
v -0.011613 0.032327 0.0906
v -0.011613 -0.031883 0.0897
v -0.011613 -0.031883 0.0906
v -0.011586 0.030132 0.093546
v -0.011542 0.034172 0.093287
v -0.01152 0.030056 0.093436
v -0.011513 0.034197 0.0906
v -0.011505 -0.033755 0.0936
v -0.011496 0.030028 0.093287
v -0.011477 -0.033781 0.093598
v -0.011472 0.029725 0.0906
v -0.011472 0.029725 0.094
v -0.011458 -0.036231 0.0712
v -0.011376 -0.033874 0.093546
v -0.011302 -0.033942 0.093436
v -0.011299 -0.034342 0.0906
v -0.011299 -0.034342 0.094
v -0.01129 -0.030723 0.0936
v -0.011275 -0.033967 0.093287
v -0.011259 -0.030702 0.093598
v -0.011256 0.030356 0.093287
v -0.011206 0.03032 0.0906
v -0.011174 0.03632 0.0672
v -0.011174 0.03632 0.0712
v -0.011148 0.033253 0.0936
v -0.011146 -0.030624 0.093546
v -0.011114 0.033271 0.093598
v -0.011063 -0.030567 0.093436
v -0.01106 0.031139 0.0936
v -0.011033 -0.030546 0.0906
v -0.011033 -0.030546 0.093287
v -0.011025 0.031124 0.093598
v -0.010994 0.033335 0.093546
v -0.010966 -0.032814 0.0936
v -0.01093 0.038478 0.0532
v -0.01093 0.038478 0.0672
v -0.01093 -0.032825 0.093598
v -0.010918 0.033931 0.0906
v -0.010918 0.033931 0.094
v -0.010918 -0.030279 0.0906
v -0.010918 -0.030279 0.094
v -0.010905 0.033382 0.093436
v -0.010903 -0.029434 0.094
v -0.010899 0.03107 0.093546
v -0.010889 -0.031732 0.0936
v -0.010872 0.0334 0.093287
v -0.010869 -0.033257 0.093287
v -0.010863 0.032206 0.0936
v -0.010852 -0.031726 0.093598
v -0.010825 0.032208 0.093598
v -0.010816 -0.033288 0.0906
v -0.010808 -0.038408 0.0713
v -0.010807 0.03103 0.093436
v -0.010799 -0.032865 0.093546
v -0.010794 0.033631 0.094
v -0.010773 0.031016 0.093287
v -0.010765 0.033008 0.093287
v -0.010717 -0.031705 0.093546
v -0.010706 0.033024 0.0906
v -0.010703 -0.032894 0.093436
v -0.010688 0.032213 0.093546
v -0.010667 -0.032905 0.093287
v -0.010662 0.031617 0.093287
v -0.010618 -0.031689 0.093436
v -0.010595 -0.031885 0.093287
v -0.010594 0.031605 0.0906
v -0.010588 0.032217 0.093436
v -0.010581 -0.031684 0.093287
v -0.010564 0.036554 0.0673
v -0.010564 0.036554 0.0712
v -0.010557 -0.031888 0.0906
v -0.010551 0.032219 0.093287
v -0.010527 0.030957 0.0906
v -0.010527 0.030957 0.094
v -0.010527 -0.033253 0.0906
v -0.010527 -0.033253 0.094
v -0.010497 0.038598 0.0713
v -0.010324 0.032496 0.0906
v -0.010324 0.032496 0.094
v -0.010324 -0.031713 0.0906
v -0.010324 -0.031713 0.094
v -0.010166 0.036615 0.0687
v -0.010089 0.036636 0.06926
v -0.010069 0.036642 0.068074
v -0.010062 0.017081 0.1
v -0.010058 0.036126 0.0687
v -0.010052 0.036646 0.068042
v -0.010044 0.036648 0.069353
v -0.00998 0.036147 0.06814
v -0.009941 0.036158 0.069359
v -0.009935 0.03616 0.068047
v -0.009932 0.036161 0.06941
v -0.009892 0.012892 0.1
v -0.009892 -0.012892 0.1
v -0.009775 0.036721 0.069906
v -0.009735 0.036732 0.06744
v -0.009667 0.036233 0.067494
v -0.009588 0.012495 0.0938
v -0.009588 0.012495 0.0995
v -0.009588 -0.012495 0.0938
v -0.009588 -0.012495 0.0995
v -0.00957 0.036258 0.070028
v -0.009535 0.036784 0.067226
v -0.009515 0.036788 0.070152
v -0.009511 0.03679 0.0672
v -0.009412 0.036299 0.070155
v -0.009407 0.0363 0.067248
v -0.009318 -0.03009 0.094
v -0.009318 -0.03009 0.0995
v -0.009296 0.038802 0.0673
v -0.009296 0.038802 0.0713
v -0.009259 0.036855 0.070395
v -0.00917 -0.029613 0.1
v -0.009151 0.036366 0.067005
v -0.009128 -0.036939 0.0673
v -0.009128 -0.036939 0.0712
v -0.009047 -0.038964 0.0713
v -0.009019 0.036399 0.070473
v -0.00891 0.036941 0.066828
v -0.008819 0.014971 0.1
v -0.008747 -0.039032 0.0532
v -0.008747 -0.039032 0.0672
v -0.008696 0.03699 0.066788
v -0.008695 0.036991 0.070625
v -0.008616 -0.033316 0.094
v -0.008605 0.037013 0.070662
v -0.008587 0.036503 0.066775
v -0.008584 0.036503 0.070611
v -0.008496 0.036525 0.066738
v -0.008345 0.03656 0.070686
v -0.008289 -0.037085 0.0672
v -0.008289 -0.037085 0.0712
v -0.008225 0.037099 0.0667
v -0.008225 0.037099 0.0672
v -0.008177 0.013882 0.1
v -0.008119 0.036611 0.070154
v -0.007998 0.037149 0.070686
v -0.007998 0.037149 0.0712
v -0.007918 0.030489 0.094
v -0.007918 0.030489 0.0995
v -0.007918 0.039209 0.079991
v -0.007914 0.039209 0.080181
v -0.007909 0.03921 0.080368
v -0.00789 0.036661 0.066714
v -0.007837 0.038672 0.094
v -0.007835 0.039225 0.079091
v -0.007793 0.030005 0.1
v -0.007788 0.039235 0.078585
v -0.007785 0.039235 0.081259
v -0.007755 0.037199 0.07061
v -0.007752 0.0372 0.066788
v -0.007736 0.036693 0.070662
v -0.007713 0.039249 0.081769
v -0.007647 0.036711 0.06679
v -0.007644 0.036712 0.070625
v -0.007634 0.039264 0.078039
v -0.007534 0.039283 0.082308
v -0.007533 0.037246 0.066829
v -0.007512 -0.039187 0.0673
v -0.007512 -0.039187 0.0713
v -0.0075 0.036963 0.08
v -0.0075 0.038791 0.08
v -0.0075 0.038791 0.079992
v -0.007495 0.038792 0.07973
v -0.007484 0.038794 0.080172
v -0.00742 0.038807 0.079131
v -0.007419 -0.039306 0.08
v -0.007403 0.039309 0.077221
v -0.007398 0.03931 0.0935
v -0.00739 -0.039311 0.079567
v -0.007387 0.038814 0.081208
v -0.007378 -0.039314 0.080434
v -0.00737 0.038818 0.081391
v -0.007354 -0.039318 0.079025
v -0.007338 0.037336 0.0712
v -0.007332 0.038826 0.07842
v -0.007321 0.037288 0.070474
v -0.007308 0.036963 0.078313
v -0.007308 0.036963 0.081687
v -0.007307 0.039326 0.077025
v -0.007305 0.038819 0.094
v -0.007299 0.038832 0.078316
v -0.00729 -0.03933 0.081372
v -0.007289 0.03933 0.0713
v -0.007289 0.03933 0.083041
v -0.007289 0.039329 0.07699
v -0.007289 0.039321 0.0935
v -0.007286 0.038835 0.081681
v -0.007264 0.039335 0.083118
v -0.00725 -0.036792 0.08
v -0.00725 -0.039137 0.08
v -0.007237 0.038845 0.078122
v -0.007222 -0.039143 0.080427
v -0.007212 0.0368 0.066926
v -0.00721 -0.0368 0.080762
v -0.00721 -0.039145 0.079577
v -0.007187 -0.039149 0.08095
v -0.007146 0.039356 0.083331
v -0.007134 0.038865 0.08221
v -0.007121 -0.036818 0.078639
v -0.007119 -0.039162 0.07863
v -0.007116 -0.039362 0.077998
v -0.007108 -0.039363 0.082001
v -0.007076 0.036826 0.070395
v -0.007045 -0.039176 0.078375
v -0.007044 -0.036832 0.078375
v -0.007041 -0.039375 0.077673
v -0.007034 -0.036834 0.081625
v -0.007032 -0.039178 0.081623
v -0.006978 0.038897 0.082749
v -0.006953 -0.039193 0.081967
v -0.006946 -0.039194 0.078039
v -0.006935 -0.036853 0.082114
v -0.006929 0.038906 0.077147
v -0.006928 0.037363 0.0672
v -0.006925 0.036963 0.080584
v -0.006918 0.037364 0.070155
v -0.006907 0.038911 0.077076
v -0.006906 0.037367 0.067227
v -0.006906 -0.039399 0.082698
v -0.006876 -0.039207 0.082298
v -0.006831 0.039412 0.076058
v -0.006815 0.036875 0.070152
v -0.00681 0.036876 0.067245
v -0.006775 0.039422 0.075946
v -0.006758 0.037394 0.070028
v -0.006758 0.038938 0.083185
v -0.006741 -0.036889 0.080357
v -0.006738 -0.03689 0.077323
v -0.006734 -0.039233 0.077314
v -0.00668 -0.036901 0.07903
v -0.00666 -0.037 0.0789
v -0.00666 -0.037 0.0811
v -0.00665 0.036906 0.067372
v -0.006649 -0.036906 0.078902
v -0.00664 0.036963 0.077947
v -0.006629 -0.03691 0.081096
v -0.006621 -0.025602 0.1
v -0.006619 0.039448 0.084285
v -0.006599 0.037423 0.0532
v -0.006599 -0.037423 0.0532
v -0.006572 0.039456 0.084369
v -0.006552 0.036923 0.069907
v -0.006544 -0.036925 0.081653
v -0.006541 0.036925 0.067643
v -0.006533 -0.039463 0.076525
v -0.006532 0.037434 0.067688
v -0.006512 -0.039465 0.083475
v -0.006512 0.03693 0.0537
v -0.006512 0.03693 0.057
v -0.006512 -0.03693 0.0537
v -0.006512 -0.03693 0.057
v -0.006477 -0.039472 0.076397
v -0.006455 -0.037448 0.0642
v -0.006455 -0.037448 0.0659
v -0.006451 0.038994 0.076237
v -0.006417 -0.036947 0.083374
v -0.006402 0.037457 0.068051
v -0.006397 -0.036951 0.077845
v -0.006395 0.036223 0.094
v -0.006389 0.037459 0.06941
v -0.00638 0.037461 0.069359
v -0.006375 -0.039295 0.083417
v -0.006367 -0.039295 0.076599
v -0.006358 0.039013 0.083979
v -0.006323 0.036963 0.075966
v -0.006323 0.036963 0.077115
v -0.006323 0.036963 0.082885
v -0.006323 0.036963 0.084034
v -0.006292 -0.039309 0.083602
v -0.006288 0.037476 0.068367
v -0.006281 0.03697 0.06799
v -0.006279 -0.039504 0.083934
v -0.006277 0.036971 0.069353
v -0.006272 0.036972 0.068041
v -0.006266 0.039028 0.084099
v -0.006261 0.037481 0.0687
v -0.006231 0.036979 0.06926
v -0.006219 0.015013 0.1
v -0.006219 -0.015013 0.1
v -0.006213 0.039038 0.075799
v -0.006206 0.039514 0.075181
v -0.006187 0.036986 0.076866
v -0.006173 0.036987 0.083119
v -0.006162 -0.037497 0.0642
v -0.006162 -0.037497 0.0657
v -0.006152 0.036992 0.0687
v -0.006137 0.03905 0.075704
v -0.006131 0.036994 0.075707
v -0.006125 0.036995 0.084288
v -0.006124 0.039051 0.084287
v -0.006118 -0.036998 0.076109
v -0.006113 -0.039338 0.076102
v -0.006103 -0.037 0.077117
v -0.006103 -0.037 0.082883
v -0.006057 -0.015056 0.1
v -0.006027 0.014551 0.0938
v -0.006027 0.014551 0.0995
v -0.006027 -0.014551 0.0938
v -0.006027 -0.014551 0.0995
v -0.005979 0.038463 0.080504
v -0.005972 0.039451 0.0713
v -0.005943 0.039554 0.085133
v -0.005925 0.039559 0.074804
v -0.005921 -0.039367 0.075855
v -0.00592 -0.037028 0.075856
v -0.005914 -0.037029 0.084142
v -0.005911 -0.037031 0.0642
v -0.005911 -0.037031 0.0659
v -0.005911 -0.039368 0.084138
v -0.005882 0.039092 0.075384
v -0.005874 -0.037594 0.0712
v -0.005814 -0.039575 0.0713
v -0.005814 -0.039574 0.07544
v -0.005813 -0.039573 0.084537
v -0.005813 -0.039571 0.0935
v -0.005811 -0.037492 0.0642
v -0.005811 -0.037492 0.0657
v -0.005767 -0.039582 0.0935
v -0.005732 0.038463 0.078228
v -0.005707 0.037063 0.075133
v -0.005695 -0.039087 0.094
v -0.005684 -0.039594 0.075252
v -0.005669 0.037069 0.083903
v -0.005661 -0.03707 0.084529
v -0.005654 0.039598 0.085484
v -0.00564 0.039132 0.084924
v -0.005638 -0.0396 0.075208
v -0.005622 -0.039601 0.084784
v -0.005536 0.039149 0.08506
v -0.005507 -0.039431 0.084706
v -0.005495 -0.039431 0.075307
v -0.005483 -0.037366 0.0642
v -0.005483 -0.037366 0.0657
v -0.005474 0.039158 0.074873
v -0.005468 -0.039437 0.084761
v -0.005462 0.0371 0.08514
v -0.00543 -0.03963 0.085033
v -0.005411 0.037108 0.075786
v -0.005355 0.038463 0.082707
v -0.0053 0.037122 0.075682
v -0.005288 -0.039462 0.075041
v -0.005269 -0.037128 0.07502
v -0.005219 -0.037135 0.0642
v -0.005219 -0.037135 0.0657
v -0.005198 -0.039118 0.094
v -0.005171 -0.03912 0.094
v -0.00517 0.039661 0.085891
v -0.005059 -0.037662 0.0712
v -0.004964 0.038463 0.080581
v -0.004964 0.039863 0.080581
v -0.004896 0.039238 0.085641
v -0.004875 0.039702 0.073828
v -0.00487 0.039702 0.073823
v -0.004769 -0.03105 0.094
v -0.004768 0.037195 0.084853
v -0.004763 0.0377 0.0672
v -0.004763 0.0377 0.0712
v -0.004724 0.039863 0.07837
v -0.004724 0.038463 0.07837
v -0.004702 0.037204 0.074156
v -0.004701 -0.037204 0.085519
v -0.004688 -0.039724 0.074275
v -0.004682 0.033316 0.094
v -0.004651 0.038463 0.076209
v -0.00461 0.039278 0.0741
v -0.004559 0.039739 0.086405
v -0.004507 0.039293 0.085995
v -0.004499 -0.039564 0.085685
v -0.004489 0.039295 0.073992
v -0.004479 0.039748 0.0532
v -0.004479 0.039748 0.0672
v -0.004472 -0.039747 0.074131
v -0.004472 -0.039748 0.085882
v -0.004459 0.037234 0.074895
v -0.004447 0.037231 0.085079
v -0.004405 0.03724 0.08607
v -0.00439 -0.039758 0.085955
v -0.004373 -0.039577 0.074232
v -0.004369 -0.039577 0.08577
v -0.004317 0.039763 0.086543
v -0.004267 -0.03959 0.074139
v -0.004233 -0.03726 0.074114
v -0.00422 0.038463 0.082677
v -0.00422 0.039863 0.082677
v -0.004161 -0.039682 0.0713
v -0.004082 0.039339 0.086255
v -0.004072 0.037274 0.086268
v -0.00407 0.03934 0.073734
v -0.004069 0.03934 0.086264
v -0.004067 0.037274 0.073737
v -0.004056 0.037833 0.0673
v -0.004056 0.037833 0.0712
v -0.004032 0.039796 0.0713
v -0.003999 -0.037286 0.080089
v -0.003955 0.0398 0.073242
v -0.003951 0.038463 0.084516
v -0.003938 -0.039623 0.073938
v -0.003936 -0.037289 0.073941
v -0.003933 -0.039622 0.086056
v -0.003932 -0.03729 0.086057
v -0.003889 -0.037298 0.079066
v -0.003879 -0.038 0.079023
v -0.003879 -0.038 0.079619
v -0.003879 -0.038 0.080977
v -0.003873 -0.037299 0.079025
v -0.003866 -0.0373 0.080975
v -0.003849 -0.037302 0.081087
v -0.003744 0.039376 0.073533
v -0.003653 0.039833 0.07305
v -0.00363 -0.03129 0.094
v -0.00363 -0.03129 0.0995
v -0.003616 0.037325 0.085665
v -0.003575 -0.037329 0.086308
v -0.003573 -0.030793 0.1
v -0.003563 -0.030794 0.1
v -0.003549 0.039863 0.076481
v -0.003549 0.038463 0.076481
v -0.003533 0.037333 0.073384
v -0.003531 -0.039844 0.073504
v -0.003512 -0.037335 0.078086
v -0.003508 0.030703 0.1
v -0.003454 -0.037341 0.082017
v -0.003447 0.031218 0.094
v -0.003409 -0.039677 0.086398
v -0.003371 0.039857 0.087081
v -0.003355 0.03735 0.074194
v -0.003347 0.039419 0.073288
v -0.003341 0.024588 0.1
v -0.003309 0.039863 0.087117
v -0.003302 0.039423 0.086734
v -0.003259 -0.03969 0.073524
v -0.003224 0.037359 0.074143
v -0.003198 0.037363 0.086784
v -0.003193 0.024607 0.094
v -0.003193 0.024607 0.09985
v -0.003192 0.039431 0.086775
v -0.003184 -0.039873 0.086672
v -0.003128 0.026205 0.1
v -0.003104 -0.039878 0.086701
v -0.003103 -0.039875 0.073322
v -0.003089 -0.037373 0.080069
v -0.003085 -0.038 0.079909
v -0.003085 -0.038 0.080091
v -0.003081 -0.037373 0.079909
v -0.003081 -0.037373 0.08009
v -0.00308 -0.037373 0.079893
v -0.003038 -0.037377 0.073417
v -0.003037 -0.039705 0.073438
v -0.00303 -0.037377 0.080212
v -0.003025 -0.039705 0.086559
v -0.002998 -0.038 0.079748
v -0.002998 -0.038 0.080252
v -0.002995 -0.03738 0.07975
v -0.002992 -0.03738 0.080245
v -0.00299 0.026147 0.094
v -0.00299 0.026147 0.09985
v -0.002987 -0.037381 0.079736
v -0.002971 0.039884 0.072774
v -0.002952 -0.038 0.077301
v -0.002952 -0.038 0.082699
v -0.002948 -0.037384 0.077305
v -0.002936 -0.037384 0.082686
v -0.00292 -0.037386 0.077266
v -0.002898 -0.037388 0.08033
v -0.002892 0.038463 0.074743
v -0.002846 -0.038 0.079647
v -0.002846 -0.038 0.080353
v -0.002844 -0.037392 0.07965
v -0.002844 -0.037392 0.080343
v -0.002832 -0.037393 0.079643
v -0.002818 -0.037394 0.082839
v -0.002815 0.039459 0.07308
v -0.002723 -0.038 0.079626
v -0.002723 -0.038 0.080374
v -0.002723 -0.037401 0.079626
v -0.002723 -0.037401 0.080374
v -0.002717 0.023081 0.1
v -0.002705 -0.037401 0.082925
v -0.002705 -0.037401 0.077084
v -0.002705 -0.037398 0.0733
v -0.002705 -0.037398 0.086697
v -0.002641 0.038463 0.084243
v -0.002641 0.039863 0.084243
v -0.002613 -0.037409 0.080357
v -0.002605 0.039815 0.0673
v -0.002605 0.039815 0.0713
v -0.002602 -0.03741 0.079657
v -0.002601 -0.03741 0.08035
v -0.002599 -0.038 0.079647
v -0.002599 -0.038 0.080353
v -0.002598 0.023173 0.094
v -0.002598 0.023173 0.09985
v -0.002575 -0.037963 0.0673
v -0.002575 -0.037963 0.0712
v -0.002547 -0.037413 0.079671
v -0.002541 -0.039919 0.0713
v -0.002483 -0.037418 0.079784
v -0.002473 -0.039823 0.0713
v -0.002458 -0.037419 0.080264
v -0.002453 -0.03742 0.079754
v -0.00245 -0.03742 0.08025
v -0.002447 -0.038 0.079748
v -0.002447 -0.038 0.080252
v -0.00242 0.037422 0.086204
v -0.002416 -0.037422 0.079787
v -0.002365 -0.037425 0.080107
v -0.002364 -0.037425 0.07991
v -0.002364 -0.037425 0.080091
v -0.00236 -0.038 0.079909
v -0.00236 -0.038 0.080091
v -0.002357 0.039926 0.08745
v -0.002356 -0.037426 0.079931
v -0.002328 0.037426 0.086227
v -0.002328 0.037426 0.072878
v -0.002328 -0.037428 0.086866
v -0.002328 0.037423 0.073792
v -0.002328 0.037422 0.087099
v -0.002317 0.027348 0.1
v -0.002312 0.039933 0.072508
v -0.002255 -0.039936 0.072963
v -0.002249 0.037432 0.072845
v -0.002232 0.0395 0.087135
v -0.002224 -0.037434 0.076675
v -0.002217 0.027236 0.094
v -0.002217 0.027236 0.09985
v -0.002204 -0.039939 0.0532
v -0.002204 -0.039939 0.0672
v -0.002181 0.031424 0.094
v -0.002181 0.031424 0.0995
v -0.002181 0.037433 0.086264
v -0.002153 -0.039768 0.086923
v -0.002147 0.030926 0.1
v -0.002121 0.016111 0.1
v -0.002121 -0.016111 0.1
v -0.002092 0.039513 0.072798
v -0.002056 0.015615 0.0938
v -0.002056 0.015615 0.0995
v -0.002056 -0.015615 0.0938
v -0.002056 -0.015615 0.0995
v -0.002024 0.027343 0.094
v -0.002024 0.027343 0.09985
v -0.002012 0.037446 0.073668
v -0.001993 -0.037447 0.083468
v -0.001971 0.038463 0.085667
v -0.001955 0.039952 0.087591
v -0.001938 0.039522 0.087245
v -0.001933 0.039948 0.07243
v -0.001909 -0.039781 0.073006
v -0.001879 0.037453 0.087261
v -0.001874 -0.039956 0.087147
v -0.001833 0.039523 0.072748
v -0.00179 -0.037958 0.0672
v -0.00179 -0.037958 0.0712
v -0.001734 -0.03746 0.07296
v -0.001725 0.027675 0.1
v -0.001671 0.038463 0.07529
v -0.001671 0.039863 0.07529
v -0.001591 -0.039964 0.087193
v -0.00159 -0.022639 0.1
v -0.001588 -0.039963 0.072818
v -0.001554 -0.039792 0.072944
v -0.001551 -0.039791 0.087047
v -0.001492 0.037971 0.0712
v -0.001483 0.022134 0.1
v -0.001427 0.037467 0.087334
v -0.001426 0.039539 0.087332
v -0.001425 0.039539 0.072669
v -0.001425 0.037467 0.072668
v -0.001424 0.022089 0.1
v -0.00138 -0.03747 0.072908
v -0.001378 -0.039798 0.072914
v -0.001377 -0.03747 0.087091
v -0.001376 -0.039797 0.087083
v -0.001366 0.022227 0.094
v -0.001366 0.022227 0.09985
v -0.001325 -0.037477 0.076226
v -0.001321 -0.038 0.076224
v -0.001321 -0.038 0.083776
v -0.001321 -0.037477 0.076225
v -0.00131 -0.037474 0.08375
v -0.001301 0.039973 0.087695
v -0.001231 0.039546 0.087365
v -0.001136 0.037483 0.086523
v -0.00109 0.028026 0.1
v -0.001049 0.027882 0.094
v -0.001049 0.027882 0.09985
v -0.00103 -0.037486 0.083865
v -0.001 0.039988 0.0532
v -0.001 0.039988 0.0552
v -0.001 0.0395 0.0532
v -0.001 0.0395 0.0552
v -0.000993 -0.037487 0.087182
v -0.000958 0.039989 0.055486
v -0.000944 0.0395 0.05553
v -0.000935 0.039989 0.055525
v -0.000897 -0.03999 0.072667
v -0.000895 0.03999 0.072217
v -0.000888 0.037489 0.072552
v -0.000863 0.03999 0.072216
v -0.000851 0.039488 0.094
v -0.000827 0.039991 0.0935
v -0.000816 0.039492 0.094
v -0.000816 0.039563 0.072552
v -0.000784 0.03749 0.073441
v -0.000781 -0.039892 0.0673
v -0.000781 -0.039892 0.0713
v -0.000753 -0.039821 0.087211
v -0.000748 0.039987 0.0935
v -0.000748 0.039993 0.0713
v -0.000748 0.039991 0.072213
v -0.000748 0.03999 0.087782
v -0.000743 0.038043 0.0712
v -0.000727 0.039566 0.072535
v -0.000712 0.039994 0.055902
v -0.000712 0.038463 0.074042
v -0.000712 0.037493 0.086576
v -0.000675 0.037494 0.073421
v -0.000675 0.0395 0.055938
v -0.000669 0.039994 0.055929
v -0.000646 0.038463 0.085965
v -0.000606 0.027907 0.094
v -0.000606 0.027907 0.09985
v -0.000561 -0.039824 0.072772
v -0.000552 0.039569 0.08748
v -0.000538 0.039996 0.087815
v -0.000538 0.038463 0.084969
v -0.000538 0.039863 0.084969
v -0.000506 0.037497 0.087483
v -0.000495 -0.039997 0.08737
v -0.000382 -0.037498 0.08007
v -0.000381 -0.038 0.076065
v -0.000381 -0.038 0.079619
v -0.000381 -0.038 0.083935
v -0.000378 -0.037498 0.07276
v -0.000377 -0.038 0.079905
v -0.000377 -0.038 0.080095
v -0.000373 -0.037498 0.079905
v -0.000372 -0.037498 0.080093
v -0.000372 -0.037498 0.079889
v -0.000367 -0.037498 0.077345
v -0.000367 -0.037498 0.08279
v -0.000362 -0.038 0.077186
v -0.000362 -0.038 0.077369
v -0.000362 -0.038 0.082631
v -0.000362 -0.038 0.082814
v -0.000359 -0.037498 0.077186
v -0.000359 -0.037498 0.082631
v -0.000358 -0.037498 0.077367
v -0.000358 -0.037498 0.082812
v -0.000358 -0.037498 0.077171
v -0.000358 -0.037498 0.082616
v -0.000329 -0.037498 0.076014
v -0.000319 -0.037499 0.080221
v -0.000307 -0.037499 0.07749
v -0.000307 -0.037499 0.082935
v -0.000305 0.039999 0.056153
v -0.000287 -0.038 0.079738
v -0.000287 -0.038 0.080262
v -0.000283 -0.037499 0.07974
v -0.000281 -0.037499 0.080255
v -0.000276 -0.038 0.077025
v -0.000276 -0.038 0.077529
v -0.000276 -0.038 0.082471
v -0.000276 -0.038 0.082975
v -0.000275 -0.037499 0.079726
v -0.000273 -0.037499 0.077027
v -0.000273 -0.037499 0.082472
v -0.00027 -0.037499 0.077523
v -0.00027 -0.037499 0.082968
v -0.000264 -0.037499 0.077014
v -0.000264 -0.037499 0.082459
v -0.000254 -0.037499 0.080214
v -0.000244 0.0395 0.05617
v -0.000243 0.039999 0.056157
v -0.00024 -0.037499 0.082849
v -0.000224 0.039995 0.087808
v -0.000218 0.024999 0.092197
v -0.000212 0.039568 0.087473
v -0.000182 -0.0375 0.080343
v -0.000175 -0.0375 0.077607
v -0.000175 -0.0375 0.083052
v -0.000128 -0.038 0.079633
v -0.000128 -0.038 0.080367
v -0.000126 -0.0375 0.079636
v -0.000126 -0.0375 0.080357
v -0.000123 -0.038 0.076925
v -0.000123 -0.038 0.07763
v -0.000123 -0.038 0.08237
v -0.000123 -0.038 0.083075
v -0.000122 -0.0375 0.076928
v -0.000122 -0.0375 0.082373
v -0.000121 -0.0375 0.077621
v -0.000121 -0.0375 0.083066
v -0.000114 -0.0375 0.079629
v -0.00011 -0.0375 0.076921
v -0.00011 -0.0375 0.082366
v -7.7e-05 -0.038 0.0657
v -7.7e-05 -0.038 0.0659
v -4.4e-05 -0.038 0.079619
v -2.2e-05 -0.0375 0.0657
v -2.2e-05 -0.0375 0.0659
v -6e-06 -0.039823 0.072779
v -5e-06 -0.039994 0.072643
v -0.0 0.038 0.0532
v -0.0 0.0375 0.0537
v -0.0 0.0375 0.057
v 0.0 -0.0375 0.0537
v 0.0 -0.0375 0.057
v 0.0 -0.0375 0.076
v 0.0 -0.0375 0.076904
v 0.0 -0.0375 0.077651
v 0.0 -0.0375 0.079612
v 0.0 -0.0375 0.080388
v 0.0 -0.0375 0.082349
v 0.0 -0.0375 0.083096
v 0.0 -0.0375 0.084
v 0.0 -0.038 0.0532
v 0.0 -0.038 0.076
v 0.0 -0.038 0.076904
v 0.0 -0.038 0.077651
v 0.0 -0.038 0.079612
v 0.0 -0.038 0.080388
v 0.0 -0.038 0.082349
v 0.0 -0.038 0.083096
v 0.0 -0.038 0.084
v 0.0 -0.039994 0.087357
v 2e-06 -0.039823 0.08722
v 4.4e-05 -0.038 0.079619
v 0.000109 -0.0375 0.077635
v 0.000109 -0.0375 0.08308
v 0.000113 -0.0375 0.080371
v 0.000121 -0.0375 0.076934
v 0.000121 -0.0375 0.082379
v 0.000122 -0.0375 0.077627
v 0.000122 -0.0375 0.083072
v 0.000123 -0.038 0.076925
v 0.000123 -0.038 0.07763
v 0.000123 -0.038 0.08237
v 0.000123 -0.038 0.083075
v 0.000126 -0.0375 0.079643
v 0.000126 -0.0375 0.080364
v 0.000128 -0.038 0.079633
v 0.000128 -0.038 0.080367
v 0.000173 0.022025 0.094
v 0.000173 0.022025 0.09985
v 0.000175 -0.0375 0.076948
v 0.000175 -0.0375 0.082393
v 0.000175 0.04 0.056185
v 0.000182 -0.0375 0.079657
v 0.000193 0.021876 0.1
v 0.000218 0.039568 0.072525
v 0.00023 0.039995 0.072192
v 0.00024 0.039999 0.056158
v 0.000244 0.0395 0.05617
v 0.000254 -0.037499 0.079786
v 0.000264 -0.037499 0.077542
v 0.000264 -0.037499 0.082987
v 0.00027 -0.037499 0.077032
v 0.00027 -0.037499 0.082477
v 0.000273 -0.037499 0.077528
v 0.000273 -0.037499 0.082973
v 0.000275 -0.037499 0.080275
v 0.000276 -0.038 0.077025
v 0.000276 -0.038 0.077529
v 0.000276 -0.038 0.082471
v 0.000276 -0.038 0.082975
v 0.000281 -0.037499 0.079745
v 0.000283 -0.037499 0.08026
v 0.000284 0.027957 0.094
v 0.000284 0.027957 0.09985
v 0.000287 -0.038 0.079738
v 0.000287 -0.038 0.080262
v 0.000307 -0.037499 0.077064
v 0.000307 -0.037499 0.082509
v 0.000309 0.028105 0.1
v 0.000319 -0.037499 0.079778
v 0.000329 0.030868 0.1
v 0.000329 -0.037499 0.083986
v 0.000358 -0.037498 0.077385
v 0.000358 -0.037498 0.08283
v 0.000358 -0.037498 0.077188
v 0.000358 -0.037498 0.082633
v 0.000359 -0.037498 0.077369
v 0.000359 -0.037498 0.082814
v 0.000362 -0.038 0.077186
v 0.000362 -0.038 0.077369
v 0.000362 -0.038 0.082631
v 0.000362 -0.038 0.082814
v 0.000367 -0.037498 0.077209
v 0.000367 -0.037498 0.082655
v 0.000372 -0.037498 0.080112
v 0.000372 -0.037498 0.079907
v 0.000373 -0.037498 0.080095
v 0.000373 -0.037498 0.08724
v 0.000377 -0.038 0.079905
v 0.000377 -0.038 0.080095
v 0.000382 -0.037498 0.079929
v 0.00049 -0.039997 0.072629
v 0.000506 0.037497 0.072517
v 0.000538 0.038463 0.075031
v 0.000538 0.039863 0.075031
v 0.000543 0.039996 0.072185
v 0.000568 0.039569 0.072522
v 0.00057 -0.039824 0.087228
v 0.000573 0.039996 0.05602
v 0.000646 0.038463 0.074035
v 0.000658 0.039994 0.055923
v 0.000675 0.0395 0.055938
v 0.000675 0.037494 0.086579
v 0.000712 0.037493 0.073424
v 0.000712 0.038463 0.085958
v 0.000743 -0.038043 0.0712
v 0.000748 -0.039989 0.072671
v 0.000748 -0.039991 0.087337
v 0.000748 -0.039993 0.0713
v 0.000748 -0.039987 0.0935
v 0.000763 -0.039821 0.07279
v 0.000781 0.039892 0.0713
v 0.000784 0.03749 0.086559
v 0.000816 -0.039492 0.094
v 0.000817 0.039564 0.087453
v 0.000827 -0.039991 0.0935
v 0.000843 0.039564 0.087453
v 0.000862 0.03999 0.087783
v 0.000887 0.03999 0.055662
v 0.000888 0.037489 0.087448
v 0.000894 -0.03999 0.087333
v 0.000901 0.027701 0.094
v 0.000901 0.027701 0.09985
v 0.000905 0.03999 0.087782
v 0.000921 0.039989 0.055525
v 0.000944 0.0395 0.05553
v 0.000995 -0.037487 0.072819
v 0.001 0.0395 0.0532
v 0.001 0.0395 0.0552
v 0.001 0.039988 0.0532
v 0.001 0.039988 0.0552
v 0.00103 -0.037486 0.076135
v 0.001139 0.037483 0.073478
v 0.001236 0.039546 0.072636
v 0.001305 0.039972 0.072306
v 0.00131 -0.037474 0.076251
v 0.001321 -0.037477 0.083775
v 0.001321 -0.038 0.076224
v 0.001321 -0.038 0.083776
v 0.001328 -0.037476 0.083773
v 0.001376 -0.039797 0.072917
v 0.001377 -0.03747 0.072909
v 0.001378 -0.039798 0.087086
v 0.00138 -0.03747 0.087092
v 0.001397 0.022375 0.1
v 0.001425 0.037467 0.087332
v 0.001425 0.039539 0.087331
v 0.001426 0.039539 0.072668
v 0.001427 0.037467 0.072666
v 0.001492 -0.037971 0.0712
v 0.001518 0.027446 0.094
v 0.001518 0.027446 0.09985
v 0.001544 -0.039791 0.072952
v 0.001553 -0.039792 0.087056
v 0.001583 -0.039965 0.072805
v 0.001587 -0.039963 0.087183
v 0.001605 0.027568 0.1
v 0.001608 0.022619 0.094
v 0.001608 0.022619 0.09985
v 0.001671 0.038463 0.08471
v 0.001671 0.039863 0.08471
v 0.001699 0.0225 0.1
v 0.001734 -0.03746 0.08704
v 0.00179 0.037958 0.0672
v 0.00179 0.037958 0.0712
v 0.001841 0.039522 0.087245
v 0.001867 -0.039956 0.072851
v 0.001879 0.037453 0.072739
v 0.001917 -0.03978 0.086992
v 0.001944 0.039948 0.087568
v 0.001952 0.039521 0.072758
v 0.001961 0.039952 0.07241
v 0.001971 0.038463 0.074333
v 0.001995 -0.037447 0.076533
v 0.002004 0.021346 0.1
v 0.002013 0.016111 0.1
v 0.002013 0.037446 0.086332
v 0.002056 0.015615 0.0938
v 0.002056 0.015615 0.0995
v 0.002056 -0.015615 0.0938
v 0.002056 -0.015615 0.0995
v 0.002093 0.039945 0.0532
v 0.002093 0.039945 0.0672
v 0.002112 0.026781 0.094
v 0.002112 0.026781 0.09985
v 0.002121 0.016111 0.1
v 0.002121 -0.016111 0.1
v 0.002147 -0.030926 0.1
v 0.002164 -0.039767 0.073081
v 0.002181 0.037433 0.073737
v 0.002181 -0.031424 0.094
v 0.002181 -0.031424 0.0995
v 0.002198 0.039507 0.087171
v 0.002227 -0.037434 0.083323
v 0.002237 0.0395 0.072866
v 0.002249 -0.039937 0.087039
v 0.002249 0.037432 0.087155
v 0.002318 0.039933 0.08749
v 0.002324 -0.037428 0.073132
v 0.002328 0.037423 0.086209
v 0.002328 0.037422 0.072901
v 0.002328 0.037426 0.087122
v 0.002328 0.037426 0.073773
v 0.002356 -0.037426 0.080068
v 0.00236 -0.038 0.079909
v 0.00236 -0.038 0.080091
v 0.002361 0.039925 0.072551
v 0.002364 -0.037425 0.079909
v 0.002364 -0.037425 0.08009
v 0.002365 -0.037425 0.079893
v 0.002408 0.02645 0.094
v 0.002408 0.02645 0.09985
v 0.002415 -0.037422 0.080212
v 0.002423 0.037422 0.073797
v 0.002447 -0.038 0.079748
v 0.002447 -0.038 0.080252
v 0.00245 -0.03742 0.07975
v 0.002453 -0.03742 0.080246
v 0.002458 -0.037419 0.079736
v 0.002527 -0.037415 0.080294
v 0.002539 0.026523 0.1
v 0.002541 0.039919 0.0713
v 0.002547 -0.037413 0.08033
v 0.002553 0.023851 0.094
v 0.002553 0.023851 0.09985
v 0.002575 0.037963 0.0673
v 0.002575 0.037963 0.0712
v 0.002599 -0.038 0.079647
v 0.002599 -0.038 0.080353
v 0.002601 -0.03741 0.07965
v 0.002602 -0.03741 0.080343
v 0.002613 -0.037409 0.079643
v 0.002641 0.038463 0.075757
v 0.002641 0.039863 0.075757
v 0.002692 0.023794 0.1
v 0.002705 -0.037398 0.073303
v 0.002705 -0.037398 0.0867
v 0.002705 -0.037401 0.082916
v 0.002705 -0.037401 0.077075
v 0.002716 0.025379 0.094
v 0.002716 0.025379 0.09985
v 0.002723 -0.037401 0.079626
v 0.002723 -0.037401 0.080374
v 0.002723 -0.038 0.079626
v 0.002723 -0.038 0.080374
v 0.002777 0.025167 0.094
v 0.002777 0.025167 0.09985
v 0.002817 -0.037394 0.07716
v 0.002819 0.039458 0.086916
v 0.002832 -0.037393 0.080357
v 0.002843 0.024683 0.1
v 0.002844 -0.037392 0.079657
v 0.002844 -0.037392 0.08035
v 0.002846 -0.038 0.079647
v 0.002846 -0.038 0.080353
v 0.002892 0.038463 0.085257
v 0.002898 -0.037388 0.079671
v 0.002923 -0.037386 0.082731
v 0.002927 0.025176 0.1
v 0.002936 -0.037384 0.077314
v 0.002948 -0.037384 0.082696
v 0.002952 -0.038 0.077301
v 0.002952 -0.038 0.082699
v 0.002976 0.039883 0.087224
v 0.002987 -0.037381 0.080264
v 0.00299 -0.037381 0.080009
v 0.002993 -0.03738 0.079754
v 0.002995 -0.03738 0.08025
v 0.002998 -0.038 0.079748
v 0.002998 -0.038 0.080252
v 0.003025 -0.039705 0.073441
v 0.00303 -0.039705 0.086564
v 0.00303 -0.037377 0.079787
v 0.003039 -0.037377 0.086582
v 0.00308 -0.037373 0.080107
v 0.003081 -0.037373 0.07991
v 0.003081 -0.037373 0.080091
v 0.003085 -0.038 0.079909
v 0.003085 -0.038 0.080091
v 0.003089 -0.037373 0.079931
v 0.003096 -0.039875 0.086681
v 0.003104 -0.039878 0.073299
v 0.003184 -0.039873 0.073328
v 0.003191 -0.030755 0.1
v 0.003198 0.037363 0.073216
v 0.003203 0.03943 0.073231
v 0.003224 0.037359 0.085857
v 0.003264 -0.039689 0.086474
v 0.003317 0.039862 0.072887
v 0.003321 0.039421 0.073275
v 0.003357 0.037349 0.085805
v 0.003383 0.039856 0.072924
v 0.003414 -0.039676 0.073604
v 0.003447 -0.031218 0.094
v 0.003453 -0.037341 0.077981
v 0.003477 0.039407 0.086645
v 0.003515 -0.037335 0.081909
v 0.003529 -0.039844 0.086498
v 0.003533 0.037333 0.086616
v 0.003549 0.039863 0.083519
v 0.003549 0.038463 0.083519
v 0.003563 0.030794 0.1
v 0.003573 0.030793 0.1
v 0.003575 -0.037329 0.073692
v 0.00363 0.03129 0.094
v 0.00363 0.03129 0.0995
v 0.003657 0.039832 0.086948
v 0.003669 0.03732 0.074365
v 0.003681 0.025177 0.1
v 0.003758 0.039375 0.086465
v 0.003848 -0.037302 0.078907
v 0.003866 -0.0373 0.079025
v 0.003873 -0.037299 0.080975
v 0.003879 -0.038 0.079023
v 0.003879 -0.038 0.079619
v 0.003879 -0.038 0.080977
v 0.00389 -0.037298 0.08093
v 0.003932 -0.03729 0.073943
v 0.003933 -0.039622 0.073944
v 0.003936 -0.037289 0.086059
v 0.003937 -0.039623 0.086062
v 0.003951 0.038463 0.075484
v 0.003966 0.039799 0.086751
v 0.003999 -0.037286 0.079908
v 0.004056 -0.037833 0.0673
v 0.004056 -0.037833 0.0712
v 0.004067 0.037274 0.086263
v 0.004068 0.03934 0.073737
v 0.004069 0.03934 0.086265
v 0.004072 0.037274 0.073732
v 0.00409 0.039338 0.07375
v 0.004161 0.039682 0.0673
v 0.004161 0.039682 0.0713
v 0.00422 0.039863 0.077323
v 0.00422 0.038463 0.077323
v 0.004229 -0.037261 0.085889
v 0.004274 -0.03959 0.085856
v 0.004295 0.017456 0.1
v 0.004326 0.039762 0.073462
v 0.004364 -0.039578 0.074227
v 0.004371 -0.039577 0.08577
v 0.004382 -0.039759 0.07404
v 0.0044 -0.039757 0.0532
v 0.0044 -0.039757 0.0672
v 0.004405 0.03724 0.07393
v 0.004417 0.037238 0.085138
v 0.004445 0.037232 0.074923
v 0.004466 -0.039749 0.074114
v 0.00447 -0.039747 0.085871
v 0.004505 -0.039563 0.07432
v 0.004525 0.03929 0.074018
v 0.00456 0.039739 0.073596
v 0.004603 0.03928 0.085921
v 0.004628 0.039277 0.085898
v 0.004651 0.038463 0.083791
v 0.004682 -0.033316 0.094
v 0.004684 -0.039725 0.085728
v 0.004701 -0.037204 0.074481
v 0.004702 0.037204 0.085844
v 0.004724 0.038463 0.08163
v 0.004724 0.039863 0.08163
v 0.004763 -0.0377 0.0672
v 0.004763 -0.0377 0.0712
v 0.004769 0.03105 0.094
v 0.004818 0.037189 0.075191
v 0.004878 0.039702 0.086171
v 0.004887 0.0397 0.086162
v 0.004913 0.039236 0.074374
v 0.004924 0.023066 0.1
v 0.004964 0.039863 0.079419
v 0.004964 0.038463 0.079419
v 0.005059 0.037662 0.0712
v 0.005171 0.03912 0.094
v 0.005188 0.039658 0.074125
v 0.005198 0.039118 0.094
v 0.005219 -0.037135 0.0642
v 0.005219 -0.037135 0.0657
v 0.005272 -0.037128 0.084977
v 0.005293 -0.039462 0.084954
v 0.005301 0.037122 0.084318
v 0.005355 0.038463 0.077293
v 0.005406 0.037108 0.08422
v 0.00543 -0.03963 0.074967
v 0.005462 0.0371 0.07486
v 0.005475 -0.039436 0.075248
v 0.005483 -0.037366 0.0642
v 0.005483 -0.037366 0.0657
v 0.005494 -0.039431 0.084695
v 0.005504 -0.039431 0.075289
v 0.005553 0.039146 0.074959
v 0.005588 0.039141 0.085002
v 0.005618 -0.039602 0.075211
v 0.005637 -0.0396 0.084794
v 0.005643 0.015167 0.1
v 0.005645 0.039131 0.075081
v 0.005659 -0.03707 0.075468
v 0.005663 0.039597 0.074525
v 0.005669 0.037069 0.076097
v 0.005679 -0.039595 0.084752
v 0.005695 0.039087 0.094
v 0.005707 0.037063 0.084867
v 0.005732 0.038463 0.081772
v 0.005767 0.039582 0.0935
v 0.005793 -0.030331 0.1
v 0.005811 -0.037492 0.0642
v 0.005811 -0.037492 0.0657
v 0.005813 0.039571 0.0935
v 0.005813 0.039574 0.074708
v 0.005814 0.039574 0.0853
v 0.005814 0.039575 0.0713
v 0.005868 -0.037038 0.0642
v 0.005868 -0.037038 0.0659
v 0.005874 0.039093 0.084613
v 0.005874 0.037594 0.0712
v 0.00591 -0.039368 0.075862
v 0.005914 -0.037029 0.075858
v 0.005921 -0.039367 0.084144
v 0.005921 -0.037028 0.084144
v 0.005927 0.039558 0.085194
v 0.005948 0.039553 0.074872
v 0.005972 -0.039451 0.0673
v 0.005972 -0.039451 0.0713
v 0.005979 0.038463 0.079496
v 0.006027 0.014551 0.0938
v 0.006027 0.014551 0.0995
v 0.006027 -0.014551 0.0938
v 0.006027 -0.014551 0.0995
v 0.00605 0.026572 0.1
v 0.006103 -0.037 0.077117
v 0.006103 -0.037 0.082883
v 0.006114 -0.036998 0.083897
v 0.006117 0.039052 0.084282
v 0.006119 -0.039338 0.083889
v 0.006123 0.039051 0.075714
v 0.006125 0.036995 0.075712
v 0.006131 0.036994 0.084293
v 0.006152 -0.036992 0.0687
v 0.006162 -0.037497 0.0642
v 0.006162 -0.037497 0.0657
v 0.006173 0.036987 0.076881
v 0.006186 0.036986 0.083135
v 0.006205 0.039514 0.08482
v 0.006219 0.015013 0.1
v 0.006219 -0.015013 0.1
v 0.006231 -0.036979 0.06926
v 0.006261 -0.037481 0.0687
v 0.006264 0.039028 0.0759
v 0.006272 -0.036972 0.068041
v 0.006276 -0.039505 0.076061
v 0.006277 -0.036971 0.069353
v 0.006281 -0.03697 0.06799
v 0.006288 -0.037476 0.068367
v 0.006299 -0.039308 0.07641
v 0.006304 -0.037473 0.0642
v 0.006304 -0.037473 0.0659
v 0.006323 0.036963 0.075966
v 0.006323 0.036963 0.077115
v 0.006323 0.036963 0.082885
v 0.006323 0.036963 0.084034
v 0.006364 -0.039296 0.083408
v 0.006368 0.039011 0.076038
v 0.006375 -0.039295 0.076582
v 0.00638 -0.037461 0.069359
v 0.006389 -0.037459 0.06941
v 0.006397 -0.036951 0.082155
v 0.006402 -0.037457 0.068051
v 0.006417 -0.036947 0.076626
v 0.006445 0.038997 0.083836
v 0.006469 0.038992 0.083784
v 0.006475 -0.039472 0.083605
v 0.006512 -0.039465 0.076525
v 0.006512 0.03693 0.0537
v 0.006512 0.03693 0.057
v 0.006512 -0.03693 0.0537
v 0.006512 -0.03693 0.057
v 0.00653 -0.039463 0.083482
v 0.006532 -0.037434 0.067688
v 0.006544 -0.036925 0.078347
v 0.006552 -0.036923 0.069907
v 0.006574 0.039456 0.075633
v 0.006599 0.037423 0.0532
v 0.006599 -0.037423 0.0532
v 0.006618 0.039448 0.075713
v 0.006629 -0.03691 0.078904
v 0.00664 0.036963 0.082053
v 0.006649 -0.036906 0.081098
v 0.00665 -0.036906 0.067372
v 0.00666 -0.037 0.0789
v 0.00666 -0.037 0.0811
v 0.00668 -0.036901 0.08097
v 0.006736 -0.039233 0.08268
v 0.006738 -0.03689 0.082676
v 0.006741 -0.036889 0.079643
v 0.006755 0.038938 0.076811
v 0.006758 -0.037394 0.070028
v 0.00678 0.039421 0.084047
v 0.00681 -0.036876 0.067245
v 0.006815 -0.036875 0.070152
v 0.006827 0.039413 0.08395
v 0.006882 -0.039206 0.077721
v 0.006903 -0.0394 0.077295
v 0.006906 -0.037367 0.067227
v 0.006909 0.038909 0.082851
v 0.006918 -0.037364 0.070155
v 0.006925 0.036963 0.079416
v 0.006928 -0.037363 0.0672
v 0.00694 -0.036852 0.077903
v 0.006947 -0.039194 0.081959
v 0.006952 -0.039193 0.078026
v 0.006986 0.038895 0.077272
v 0.007032 -0.039178 0.078376
v 0.007035 -0.036834 0.078375
v 0.007039 -0.039376 0.082332
v 0.007044 -0.036832 0.081625
v 0.007045 -0.039176 0.081625
v 0.007062 0.03888 0.082527
v 0.007076 -0.036826 0.070395
v 0.007106 -0.039363 0.077992
v 0.007116 -0.039362 0.082
v 0.007119 -0.039162 0.08137
v 0.007121 -0.036818 0.081361
v 0.00713 0.038866 0.077772
v 0.007143 0.039356 0.076665
v 0.00719 -0.039149 0.079068
v 0.00721 -0.039145 0.080416
v 0.007211 -0.0368 0.079252
v 0.007212 -0.0368 0.066926
v 0.007216 0.019176 0.1
v 0.007222 -0.039143 0.079567
v 0.007226 0.038847 0.081883
v 0.00725 -0.039137 0.079992
v 0.00725 -0.036792 0.08
v 0.00725 -0.039137 0.08
v 0.007267 0.039334 0.076889
v 0.007278 0.038836 0.081679
v 0.007287 0.038835 0.078319
v 0.007288 -0.03933 0.078621
v 0.007289 -0.039321 0.0935
v 0.007289 -0.03933 0.081256
v 0.007289 -0.03933 0.0713
v 0.007289 -0.03933 0.078635
v 0.007293 0.024462 0.1
v 0.007302 0.039327 0.082982
v 0.007305 -0.038819 0.094
v 0.007308 0.036963 0.078313
v 0.007308 0.036963 0.081687
v 0.007321 -0.037288 0.070474
v 0.007338 -0.037336 0.0712
v 0.007352 -0.039318 0.080986
v 0.00737 0.038818 0.078609
v 0.007378 -0.039314 0.079561
v 0.007386 0.038814 0.078777
v 0.00739 -0.039311 0.080426
v 0.007398 -0.03931 0.0935
v 0.007406 0.039308 0.082771
v 0.007409 0.03881 0.081164
v 0.007419 -0.039306 0.079992
v 0.007431 0.038805 0.080883
v 0.007482 0.038794 0.079806
v 0.0075 0.036963 0.08
v 0.0075 0.038791 0.08
v 0.007528 0.039285 0.077674
v 0.007533 -0.037246 0.066829
v 0.007632 0.039265 0.081967
v 0.007644 -0.036712 0.070625
v 0.007647 -0.036711 0.06679
v 0.007715 0.039249 0.078238
v 0.007736 -0.036693 0.070662
v 0.007752 -0.0372 0.066788
v 0.007755 -0.037199 0.07061
v 0.007783 0.039235 0.078726
v 0.007789 0.039234 0.081407
v 0.007793 -0.030005 0.1
v 0.007834 0.039225 0.080921
v 0.007837 -0.038672 0.094
v 0.00789 -0.036661 0.066714
v 0.00791 0.03921 0.079639
v 0.007913 0.039209 0.079796
v 0.007918 0.039209 0.08
v 0.007918 -0.030489 0.094
v 0.007918 -0.030489 0.0995
v 0.007998 -0.037149 0.0712
v 0.007998 -0.037149 0.070686
v 0.008176 -0.036598 0.068371
v 0.008177 -0.013882 0.1
v 0.008225 -0.037099 0.0672
v 0.008225 -0.037099 0.0667
v 0.008289 0.037085 0.0672
v 0.008289 0.037085 0.0712
v 0.008345 -0.03656 0.070686
v 0.008496 -0.036525 0.066738
v 0.008584 -0.036503 0.070611
v 0.008587 -0.036503 0.066775
v 0.008605 -0.037013 0.070662
v 0.008609 0.039063 0.0532
v 0.008609 0.039063 0.0672
v 0.008616 0.033316 0.094
v 0.008695 -0.036991 0.070625
v 0.008696 -0.03699 0.066788
v 0.00891 -0.036941 0.066828
v 0.009019 -0.036399 0.070473
v 0.009128 0.036939 0.0673
v 0.009128 0.036939 0.0712
v 0.009151 -0.036366 0.067005
v 0.00917 0.029613 0.1
v 0.009259 -0.036855 0.070395
v 0.009318 0.03009 0.094
v 0.009318 0.03009 0.0995
v 0.009407 -0.0363 0.067248
v 0.009412 -0.036299 0.070155
v 0.00949 -0.016112 0.1
v 0.009511 -0.03679 0.0672
v 0.009515 -0.036788 0.070152
v 0.009535 -0.036784 0.067226
v 0.00957 -0.036258 0.070028
v 0.009585 0.020571 0.1
v 0.009588 0.012495 0.0938
v 0.009588 0.012495 0.0995
v 0.009588 -0.012495 0.0938
v 0.009588 -0.012495 0.0995
v 0.009667 -0.036233 0.067494
v 0.009735 -0.036732 0.06744
v 0.009775 -0.036721 0.069906
v 0.009892 0.012892 0.1
v 0.009892 -0.012892 0.1
v 0.009932 -0.036161 0.06941
v 0.009935 -0.03616 0.068047
v 0.009941 -0.036158 0.069359
v 0.00998 -0.036147 0.06814
v 0.010044 -0.036648 0.069353
v 0.010052 -0.036646 0.068042
v 0.010058 -0.036126 0.0687
v 0.010069 -0.036642 0.068074
v 0.010089 -0.036636 0.06926
v 0.010166 -0.036615 0.0687
v 0.010324 0.031713 0.0906
v 0.010324 0.031713 0.094
v 0.010324 -0.032496 0.0906
v 0.010324 -0.032496 0.094
v 0.010369 0.029116 0.1
v 0.010527 0.033253 0.0906
v 0.010527 0.033253 0.094
v 0.010527 -0.030957 0.0906
v 0.010527 -0.030957 0.094
v 0.010551 -0.032219 0.093287
v 0.010564 -0.036554 0.0673
v 0.010564 -0.036554 0.0712
v 0.010581 0.031684 0.0906
v 0.010581 0.031684 0.093287
v 0.010588 -0.032217 0.093436
v 0.010594 -0.031605 0.0906
v 0.010618 0.031689 0.093436
v 0.010662 -0.031617 0.093287
v 0.010667 0.032905 0.0906
v 0.010667 0.032905 0.093287
v 0.010688 -0.032213 0.093546
v 0.010703 0.032894 0.093436
v 0.010706 -0.033024 0.0906
v 0.010717 0.031705 0.093546
v 0.010765 -0.033008 0.093287
v 0.010773 -0.031016 0.093287
v 0.010799 0.032865 0.093546
v 0.010807 -0.03103 0.093436
v 0.010808 0.038408 0.0673
v 0.010808 0.038408 0.0713
v 0.010825 -0.032208 0.093598
v 0.010852 0.031726 0.093598
v 0.010863 -0.032206 0.0936
v 0.010872 -0.0334 0.093287
v 0.010884 -0.038491 0.0532
v 0.010884 -0.038491 0.0672
v 0.010889 0.031732 0.0936
v 0.010899 -0.03107 0.093546
v 0.010903 0.029434 0.094
v 0.010905 -0.033382 0.093436
v 0.010918 0.030279 0.0906
v 0.010918 0.030279 0.094
v 0.010918 -0.033931 0.0906
v 0.010918 -0.033931 0.094
v 0.01093 0.032825 0.093598
v 0.010966 0.032814 0.0936
v 0.010994 -0.033335 0.093546
v 0.011025 -0.031124 0.093598
v 0.011033 0.030546 0.0906
v 0.011033 0.030546 0.093287
v 0.01106 -0.031139 0.0936
v 0.011063 0.030567 0.093436
v 0.011114 -0.033271 0.093598
v 0.011146 0.030624 0.093546
v 0.011148 -0.033253 0.0936
v 0.011174 -0.03632 0.0672
v 0.011174 -0.03632 0.0712
v 0.011206 -0.03032 0.0906
v 0.011256 -0.030356 0.093287
v 0.011259 0.030702 0.093598
v 0.011275 0.033967 0.0906
v 0.011275 0.033967 0.093287
v 0.01129 0.030723 0.0936
v 0.011302 0.033942 0.093436
v 0.011376 0.033874 0.093546
v 0.011458 0.036231 0.0712
v 0.011472 0.034485 0.0906
v 0.011472 0.034485 0.094
v 0.011472 -0.029725 0.0906
v 0.011472 -0.029725 0.094
v 0.011477 0.033781 0.093598
v 0.011496 -0.030028 0.093287
v 0.011505 0.033755 0.0936
v 0.011513 -0.034197 0.0906
v 0.01152 -0.030056 0.093436
v 0.011542 -0.034172 0.093287
v 0.011586 -0.030132 0.093546
v 0.011613 0.031883 0.0897
v 0.011613 0.031883 0.0906
v 0.011613 -0.032327 0.0897
v 0.011613 -0.032327 0.0906
v 0.011674 -0.034324 0.093287
v 0.011676 -0.030235 0.093598
v 0.011696 -0.034294 0.093436
v 0.011701 -0.030264 0.0936
v 0.011728 0.032755 0.0897
v 0.011728 0.032755 0.0906
v 0.011728 -0.031454 0.0897
v 0.011728 -0.031454 0.0906
v 0.011756 -0.034213 0.093546
v 0.011836 -0.034103 0.093598
v 0.011859 -0.034072 0.0936
v 0.011933 0.029718 0.093287
v 0.011938 -0.032587 0.0923
v 0.011938 -0.032587 0.0936
v 0.01195 0.03107 0.0897
v 0.01195 0.03107 0.0906
v 0.01195 -0.03314 0.0897
v 0.01195 -0.03314 0.0906
v 0.011952 0.02975 0.093436
v 0.011958 -0.02903 0.094
v 0.011995 0.032726 0.0923
v 0.011995 0.032726 0.0936
v 0.012001 0.029837 0.093546
v 0.012049 -0.032157 0.0923
v 0.012051 0.037617 0.094
v 0.012052 0.032006 0.0923
v 0.012063 0.031913 0.0897
v 0.012063 0.031913 0.0906
v 0.012069 -0.031877 0.0897
v 0.012069 -0.031877 0.0906
v 0.012069 -0.031877 0.0923
v 0.012069 0.029956 0.093598
v 0.012088 0.029989 0.0936
v 0.012102 0.032468 0.0897
v 0.012102 0.032468 0.0906
v 0.012109 0.031287 0.0923
v 0.012109 0.031287 0.0936
v 0.012115 0.029622 0.0906
v 0.01212 -0.032523 0.0897
v 0.01212 -0.032523 0.0906
v 0.012126 0.029659 0.093287
v 0.01215 0.029333 0.0906
v 0.01215 0.029333 0.094
v 0.01215 -0.034876 0.0906
v 0.01215 -0.034876 0.094
v 0.01215 -0.03161 0.0923
v 0.01217 0.032643 0.0923
v 0.012196 -0.032693 0.0923
v 0.0122 -0.031168 0.0923
v 0.0122 -0.031168 0.0936
v 0.012203 0.038093 0.0935
v 0.012218 0.038087 0.0935
v 0.012218 0.038088 0.0713
v 0.012263 0.033454 0.0897
v 0.012263 0.033454 0.0906
v 0.012263 -0.030756 0.0897
v 0.012263 -0.030756 0.0906
v 0.012268 0.031396 0.0897
v 0.012268 0.031396 0.0906
v 0.012268 0.031396 0.0923
v 0.012283 0.034661 0.0906
v 0.012283 0.034661 0.093287
v 0.012297 0.034626 0.093436
v 0.012313 0.036003 0.0712
v 0.012334 0.034533 0.093546
v 0.012347 -0.031293 0.0897
v 0.012347 -0.031293 0.0906
v 0.012378 0.032951 0.0897
v 0.012378 0.032951 0.0906
v 0.012379 -0.029513 0.0906
v 0.012384 0.034406 0.093598
v 0.012387 0.010398 0.1
v 0.012397 -0.029547 0.093287
v 0.012398 0.03437 0.0936
v 0.012479 -0.031161 0.0923
v 0.012487 -0.033056 0.0897
v 0.012487 -0.033056 0.0906
v 0.012487 -0.033056 0.0923
v 0.012495 0.009588 0.0938
v 0.012495 0.009588 0.0995
v 0.012495 -0.009588 0.0938
v 0.012495 -0.009588 0.0995
v 0.012553 -0.037874 0.0673
v 0.012553 -0.037874 0.0713
v 0.01256 -0.033114 0.0923
v 0.012576 -0.029451 0.093287
v 0.012585 -0.029488 0.093436
v 0.01259 0.033135 0.0923
v 0.012612 -0.029584 0.093546
v 0.012648 -0.029716 0.093598
v 0.012648 0.030534 0.0897
v 0.012648 0.030534 0.0906
v 0.012648 -0.033675 0.0897
v 0.012648 -0.033675 0.0906
v 0.012658 -0.029753 0.0936
v 0.012678 0.03102 0.0923
v 0.012761 0.030976 0.0897
v 0.012761 0.030976 0.0906
v 0.012761 0.030976 0.0923
v 0.012798 -0.034809 0.0906
v 0.012798 -0.034809 0.093287
v 0.012805 -0.034772 0.093436
v 0.012823 -0.034674 0.093546
v 0.012826 0.035238 0.0537
v 0.012826 0.035238 0.057
v 0.012826 -0.035238 0.0537
v 0.012826 -0.035238 0.057
v 0.012837 0.033267 0.0897
v 0.012837 0.033267 0.0906
v 0.012848 -0.034539 0.093598
v 0.012855 -0.034502 0.0936
v 0.012881 -0.030927 0.0897
v 0.012881 -0.030927 0.0906
v 0.012881 -0.030927 0.0923
v 0.012892 0.009892 0.1
v 0.012892 -0.009892 0.1
v 0.012907 0.035079 0.0906
v 0.012907 0.035079 0.094
v 0.012907 -0.02913 0.0906
v 0.012907 -0.02913 0.094
v 0.01297 -0.030899 0.0923
v 0.012997 0.035708 0.0532
v 0.012997 -0.035708 0.0532
v 0.013036 -0.033524 0.0923
v 0.013036 -0.033524 0.0936
v 0.013071 -0.033334 0.0897
v 0.013071 -0.033334 0.0906
v 0.013071 -0.033334 0.0923
v 0.013076 0.03379 0.0897
v 0.013076 0.03379 0.0906
v 0.013076 -0.030419 0.0897
v 0.013076 -0.030419 0.0906
v 0.013104 0.029362 0.093287
v 0.013107 0.029399 0.093436
v 0.013114 0.029499 0.093546
v 0.013123 0.029635 0.093598
v 0.013126 0.029673 0.0936
v 0.013173 -0.028062 0.1
v 0.013184 0.033544 0.0923
v 0.013184 0.033544 0.0936
v 0.0132 0.033351 0.0923
v 0.013202 0.027942 0.1
v 0.01321 0.030858 0.0923
v 0.013298 0.032105 0.091578
v 0.013298 -0.032105 0.091578
v 0.013386 -0.028514 0.094
v 0.013386 -0.028514 0.0995
v 0.013387 0.033352 0.0897
v 0.013387 0.033352 0.0906
v 0.013397 0.030859 0.0897
v 0.013397 0.030859 0.0906
v 0.013412 0.030666 0.0923
v 0.013412 0.030666 0.0936
v 0.01347 0.034536 0.0936
v 0.013473 0.034574 0.093598
v 0.013483 0.034711 0.093546
v 0.01349 0.034811 0.093436
v 0.013492 0.034848 0.0906
v 0.013492 0.034848 0.093287
v 0.013506 0.029424 0.093287
v 0.013515 0.029363 0.0906
v 0.01352 0.030419 0.0897
v 0.01352 0.030419 0.0906
v 0.01352 -0.03379 0.0897
v 0.01352 -0.03379 0.0906
v 0.013526 -0.030876 0.0897
v 0.013526 -0.030876 0.0906
v 0.013526 -0.030876 0.0923
v 0.013561 -0.030685 0.0923
v 0.013561 -0.030685 0.0936
v 0.013595 -0.037087 0.094
v 0.013627 -0.033311 0.0897
v 0.013627 -0.033311 0.0906
v 0.013631 -0.037594 0.0935
v 0.013634 -0.037605 0.0713
v 0.01369 0.02913 0.0906
v 0.01369 0.02913 0.094
v 0.01369 -0.035079 0.0906
v 0.01369 -0.035079 0.094
v 0.01371 -0.035494 0.0712
v 0.013716 -0.033283 0.0923
v 0.013742 -0.029708 0.0936
v 0.013748 -0.02967 0.093598
v 0.01376 0.030943 0.0923
v 0.013767 -0.037556 0.0935
v 0.013773 -0.029536 0.093546
v 0.013792 -0.029437 0.093436
v 0.013798 -0.029401 0.0906
v 0.013798 -0.029401 0.093287
v 0.013836 0.033233 0.0923
v 0.013882 0.008177 0.1
v 0.013919 0.03319 0.0897
v 0.013919 0.03319 0.0906
v 0.013939 -0.034457 0.0936
v 0.013949 0.033675 0.0897
v 0.013949 0.033675 0.0906
v 0.013949 -0.030534 0.0897
v 0.013949 -0.030534 0.0906
v 0.013949 -0.034493 0.093598
v 0.013985 -0.034625 0.093546
v 0.014007 0.031075 0.0897
v 0.014007 0.031075 0.0906
v 0.014007 0.031075 0.0923
v 0.014011 -0.034722 0.093436
v 0.014021 -0.034758 0.093287
v 0.014036 -0.031096 0.0897
v 0.014036 -0.031096 0.0906
v 0.01411 -0.031154 0.0923
v 0.014118 -0.033049 0.0897
v 0.014118 -0.033049 0.0906
v 0.014198 0.02984 0.0936
v 0.014199 -0.034663 0.093287
v 0.014212 0.029804 0.093598
v 0.014217 -0.034697 0.0906
v 0.014218 0.031258 0.0923
v 0.014249 -0.032916 0.0923
v 0.014263 0.029677 0.093546
v 0.014266 -0.035221 0.0712
v 0.0143 0.029584 0.093436
v 0.014314 0.029549 0.093287
v 0.014321 0.036676 0.094
v 0.014328 0.032813 0.0897
v 0.014328 0.032813 0.0906
v 0.014328 0.032813 0.0923
v 0.014333 0.030756 0.0897
v 0.014333 0.030756 0.0906
v 0.014333 -0.033454 0.0897
v 0.014333 -0.033454 0.0906
v 0.014396 -0.033042 0.0923
v 0.014396 -0.033042 0.0936
v 0.014401 -0.031516 0.0897
v 0.014401 -0.031516 0.0906
v 0.014427 0.031567 0.0897
v 0.014427 0.031567 0.0906
v 0.014446 -0.0326 0.0897
v 0.014446 -0.0326 0.0906
v 0.014446 0.034876 0.0906
v 0.014446 0.034876 0.094
v 0.014446 -0.029333 0.0906
v 0.014446 -0.029333 0.094
v 0.014455 0.027424 0.1
v 0.014476 -0.031687 0.0923
v 0.014487 0.032923 0.0923
v 0.014487 0.032923 0.0936
v 0.014494 0.031741 0.0923
v 0.014508 0.034221 0.0936
v 0.014518 0.036595 0.094
v 0.014527 0.034254 0.093598
v 0.014527 -0.032332 0.0923
v 0.014527 0.017663 0.1
v 0.014534 0.032296 0.0923
v 0.014542 0.035107 0.0672
v 0.014542 0.035107 0.0712
v 0.014544 0.032203 0.0897
v 0.014544 0.032203 0.0906
v 0.014544 0.032203 0.0923
v 0.014547 -0.032053 0.0897
v 0.014547 -0.032053 0.0906
v 0.014551 0.006027 0.0938
v 0.014551 0.006027 0.0995
v 0.014551 -0.006027 0.0938
v 0.014551 -0.006027 0.0995
v 0.014595 0.034373 0.093546
v 0.014601 0.031484 0.0923
v 0.014601 0.031484 0.0936
v 0.014645 0.03446 0.093436
v 0.014647 0.03314 0.0897
v 0.014647 0.03314 0.0906
v 0.014647 -0.03107 0.0897
v 0.014647 -0.03107 0.0906
v 0.014659 -0.031622 0.0923
v 0.014659 -0.031622 0.0936
v 0.014663 0.034492 0.0906
v 0.014663 0.034492 0.093287
v 0.014688 0.027866 0.094
v 0.014688 0.027866 0.0995
v 0.014738 -0.030138 0.0936
v 0.014751 0.018979 0.1
v 0.014756 -0.025051 0.1
v 0.01476 -0.030107 0.093598
v 0.014818 0.029896 0.093287
v 0.014841 -0.029996 0.093546
v 0.014857 0.029839 0.0906
v 0.014857 -0.017914 0.1
v 0.014869 0.031454 0.0897
v 0.014869 0.031454 0.0906
v 0.014869 -0.032755 0.0897
v 0.014869 -0.032755 0.0906
v 0.014892 0.037125 0.0532
v 0.014892 0.037125 0.0672
v 0.014896 -0.033946 0.0936
v 0.014897 0.01638 0.1
v 0.0149 -0.029916 0.093436
v 0.014921 -0.033975 0.093598
v 0.014922 -0.029885 0.093287
v 0.014984 0.032327 0.0897
v 0.014984 0.032327 0.0906
v 0.014984 -0.031883 0.0897
v 0.014984 -0.031883 0.0906
v 0.015011 -0.034078 0.093546
v 0.015013 0.006219 0.1
v 0.015013 -0.006219 0.1
v 0.015027 0.017691 0.0995
v 0.015044 0.017505 0.0897
v 0.015055 -0.030038 0.093287
v 0.01506 -0.016375 0.1
v 0.015076 -0.034154 0.093436
v 0.015078 0.017515 0.0995
v 0.015083 -0.030013 0.0906
v 0.015092 0.030454 0.0936
v 0.015101 -0.034182 0.093287
v 0.01512 0.030428 0.093598
v 0.015125 0.029725 0.0906
v 0.015125 0.029725 0.094
v 0.015125 -0.034485 0.0906
v 0.015125 -0.034485 0.094
v 0.01515 0.005706 0.1
v 0.015213 0.018788 0.0897
v 0.015213 0.018788 0.0995
v 0.015221 0.030336 0.093546
v 0.015294 0.030268 0.093436
v 0.015307 0.033486 0.0936
v 0.015322 0.030243 0.093287
v 0.015335 0.016622 0.0995
v 0.015338 0.033508 0.093598
v 0.015341 -0.033854 0.093287
v 0.015353 -0.017849 0.0897
v 0.015353 -0.017849 0.0995
v 0.01539 -0.03389 0.0906
v 0.015404 0.034793 0.0673
v 0.015404 0.034793 0.0712
v 0.015449 -0.030957 0.0936
v 0.015451 0.033585 0.093546
v 0.015451 -0.019349 0.1
v 0.015482 -0.030939 0.093598
v 0.015522 -0.016566 0.0897
v 0.015522 -0.016566 0.0995
v 0.015533 0.033642 0.093436
v 0.015536 -0.03307 0.0936
v 0.015539 0.016309 0.0897
v 0.015564 0.033663 0.0906
v 0.015564 0.033663 0.093287
v 0.015571 -0.033085 0.093598
v 0.015581 0.016346 0.0995
v 0.015603 -0.030875 0.093546
v 0.015615 -0.002056 0.0938
v 0.015615 -0.002056 0.0995
v 0.015615 0.002056 0.0938
v 0.015615 0.002056 0.0995
v 0.01563 0.031396 0.0936
v 0.015667 -0.026597 0.1
v 0.015667 0.031385 0.093598
v 0.015678 0.033931 0.0906
v 0.015678 0.033931 0.094
v 0.015678 -0.030279 0.0906
v 0.015678 -0.030279 0.094
v 0.015691 -0.030827 0.093436
v 0.015696 0.020211 0.1
v 0.015697 -0.03314 0.093546
v 0.015707 0.032478 0.0936
v 0.015724 -0.03081 0.093287
v 0.015728 0.030952 0.093287
v 0.015734 -0.032004 0.0936
v 0.015745 0.032484 0.093598
v 0.015772 -0.032002 0.093598
v 0.015781 0.030922 0.0906
v 0.015787 0.015385 0.1
v 0.015789 -0.033179 0.093436
v 0.015798 0.031345 0.093546
v 0.015823 -0.033194 0.093287
v 0.015831 -0.031202 0.093287
v 0.015832 -0.015286 0.1
v 0.015848 -0.019045 0.0897
v 0.015848 -0.019045 0.0995
v 0.01588 0.032505 0.093546
v 0.01589 -0.031186 0.0906
v 0.015894 0.031316 0.093436
v 0.015908 -0.031996 0.093546
v 0.015919 -0.027026 0.094
v 0.015929 0.031305 0.093287
v 0.015935 -0.032592 0.093287
v 0.015979 0.03252 0.093436
v 0.016001 0.019815 0.0897
v 0.016001 0.019815 0.0995
v 0.016002 0.032324 0.093287
v 0.016002 -0.032605 0.0906
v 0.016009 -0.031992 0.093436
v 0.016016 0.032526 0.093287
v 0.016022 -0.002453 0.1
v 0.01604 0.032322 0.0906
v 0.016046 -0.031991 0.093287
v 0.01607 0.030957 0.0906
v 0.01607 0.030957 0.094
v 0.01607 -0.033253 0.0906
v 0.01607 -0.033253 0.094
v 0.016076 0.015792 0.0995
v 0.016111 -0.002121 0.1
v 0.016111 0.002121 0.1
v 0.016112 0.009491 0.1
v 0.016165 -0.015659 0.0897
v 0.016165 -0.015659 0.0995
v 0.016273 0.032496 0.0906
v 0.016273 0.032496 0.094
v 0.016273 -0.031713 0.0906
v 0.016273 -0.031713 0.094
v 0.016566 0.015522 0.0897
v 0.01659 0.015579 0.0995
v 0.016683 -0.020294 0.1
v 0.016751 -0.034164 0.0673
v 0.016751 -0.034164 0.0712
v 0.016875 -0.019832 0.0897
v 0.016875 -0.019832 0.0995
v 0.017001 -0.01464 0.1
v 0.01702 0.014874 0.1
v 0.017071 -0.036174 0.0532
v 0.017071 -0.036174 0.0672
v 0.017104 0.015367 0.0995
v 0.017131 0.020806 0.1
v 0.017139 -0.01512 0.0897
v 0.017139 -0.01512 0.0995
v 0.017143 0.036029 0.0673
v 0.017143 0.036029 0.0713
v 0.017196 0.02031 0.0897
v 0.017196 0.02031 0.0995
v 0.017252 -0.033858 0.0672
v 0.017252 -0.033858 0.0712
v 0.017517 0.033722 0.0712
v 0.017666 0.025331 0.1
v 0.017846 0.015408 0.0995
v 0.017849 0.015353 0.0897
v 0.018078 0.03512 0.094
v 0.018105 -0.025163 0.1
v 0.018131 0.025622 0.094
v 0.018158 -0.020001 0.0897
v 0.018158 -0.020001 0.0995
v 0.018215 0.015429 0.0995
v 0.018223 -0.020497 0.1
v 0.01825 -0.015058 0.0897
v 0.01825 -0.015058 0.0995
v 0.018292 0.035571 0.0935
v 0.018293 0.035572 0.0713
v 0.018307 0.035565 0.0935
v 0.018334 -0.014565 0.1
v 0.018353 0.014949 0.1
v 0.018378 0.033318 0.0712
v 0.018397 -0.025569 0.094
v 0.018397 -0.025569 0.0995
v 0.018433 0.032657 0.0687
v 0.018479 0.020141 0.0897
v 0.018479 0.020141 0.0995
v 0.018503 0.032617 0.06814
v 0.018539 0.032597 0.069359
v 0.018543 0.032594 0.068047
v 0.018547 0.032592 0.06941
v 0.018671 0.020603 0.1
v 0.018702 0.033079 0.0687
v 0.01875 0.032476 0.0537
v 0.01875 0.032476 0.057
v 0.01875 -0.032476 0.0537
v 0.01875 -0.032476 0.057
v 0.018772 0.03304 0.06926
v 0.018773 -0.035207 0.0673
v 0.018773 -0.035207 0.0713
v 0.018785 0.032456 0.067494
v 0.01879 0.033029 0.068074
v 0.018805 0.033021 0.068042
v 0.018812 0.033016 0.069353
v 0.018872 0.032405 0.070028
v 0.019 0.032909 0.0532
v 0.019 -0.032909 0.0532
v 0.019011 0.032323 0.070155
v 0.019016 0.03232 0.067248
v 0.019028 0.015878 0.0995
v 0.019045 0.015848 0.0897
v 0.019054 0.032878 0.069906
v 0.01909 0.032857 0.06744
v 0.019189 0.015967 0.0995
v 0.019245 0.032185 0.067005
v 0.019248 0.0243 0.1
v 0.019268 0.032753 0.067226
v 0.019278 -0.015484 0.0897
v 0.019278 -0.015484 0.0995
v 0.019285 0.032742 0.070152
v 0.019289 0.03274 0.0672
v 0.019353 -0.019506 0.0897
v 0.019353 -0.019506 0.0995
v 0.019361 0.032115 0.070473
v 0.019506 0.019353 0.0897
v 0.019506 0.019353 0.0995
v 0.019513 0.032607 0.070395
v 0.019514 -0.034343 0.094
v 0.019522 0.015594 0.1
v 0.019559 0.024692 0.094
v 0.019559 0.024692 0.0995
v 0.019567 -0.015076 0.1
v 0.01958 -0.024541 0.094
v 0.019604 -0.034851 0.0935
v 0.01961 -0.034863 0.0713
v 0.019658 -0.019903 0.1
v 0.019739 0.031883 0.066775
v 0.019742 0.031881 0.070611
v 0.019761 -0.034778 0.0935
v 0.019819 0.031835 0.066738
v 0.01982 0.032421 0.066828
v 0.019832 0.016875 0.0897
v 0.019832 0.016875 0.0995
v 0.019903 0.019658 0.1
v 0.01995 0.031753 0.070686
v 0.020001 0.018158 0.0897
v 0.020001 0.018158 0.0995
v 0.020007 0.032305 0.066788
v 0.020008 0.032305 0.070625
v 0.020013 0.033912 0.094
v 0.020019 -0.016313 0.0897
v 0.020019 -0.016313 0.0995
v 0.020024 -0.033995 0.094
v 0.020088 0.032256 0.070662
v 0.020141 -0.018479 0.0897
v 0.020141 -0.018479 0.0995
v 0.020247 0.026869 0.094
v 0.020294 0.016683 0.1
v 0.020313 -0.009737 0.1
v 0.020327 -0.017383 0.0897
v 0.020327 -0.017383 0.0995
v 0.020344 0.031502 0.066714
v 0.020361 0.032083 0.070675
v 0.020361 0.032084 0.0712
v 0.020417 0.032049 0.0667
v 0.020417 0.032049 0.0672
v 0.020457 -0.016072 0.1
v 0.020476 0.031417 0.070662
v 0.020497 0.018223 0.1
v 0.020551 0.031366 0.06679
v 0.020554 0.031364 0.070625
v 0.020603 -0.018671 0.1
v 0.020613 0.031924 0.070686
v 0.020772 0.034184 0.0532
v 0.020772 0.034184 0.0672
v 0.02082 0.031787 0.07061
v 0.020823 0.031785 0.066788
v 0.020827 -0.017355 0.1
v 0.020921 0.031121 0.066926
v 0.02101 0.031663 0.066829
v 0.021037 0.031044 0.070395
v 0.02119 0.031543 0.070474
v 0.021212 0.031589 0.0673
v 0.021212 0.031589 0.0712
v 0.021255 0.030893 0.070152
v 0.02126 0.03089 0.067245
v 0.021394 0.030798 0.067372
v 0.021476 0.030741 0.069907
v 0.021485 0.030735 0.067643
v 0.021521 0.031319 0.0672
v 0.021528 0.031312 0.070155
v 0.021539 0.031306 0.067227
v 0.021663 0.03122 0.070028
v 0.021701 0.030583 0.06799
v 0.021703 0.030581 0.069353
v 0.021708 0.030578 0.068041
v 0.021742 0.030554 0.06926
v 0.021807 0.030508 0.0687
v 0.021851 0.031089 0.067688
v 0.021959 0.031013 0.068051
v 0.02197 0.031005 0.06941
v 0.021977 0.031 0.069359
v 0.022053 0.030946 0.068367
v 0.022076 0.03093 0.0687
v 0.022421 -0.021408 0.1
v 0.022429 -0.030737 0.0673
v 0.022429 -0.030737 0.0712
v 0.022782 -0.021753 0.094
v 0.022782 -0.021753 0.0995
v 0.022792 -0.032871 0.0532
v 0.022792 -0.032871 0.0672
v 0.022816 -0.030388 0.0672
v 0.022816 -0.030388 0.0712
v 0.022986 0.032614 0.0673
v 0.022986 0.032614 0.0713
v 0.023054 0.030208 0.0712
v 0.023154 0.028581 0.094
v 0.023233 -0.008016 0.1
v 0.023386 0.02035 0.1
v 0.023612 0.031666 0.094
v 0.023715 -0.019774 0.1
v 0.023763 0.020678 0.094
v 0.023763 0.020678 0.0995
v 0.023871 0.032092 0.0935
v 0.023873 0.032095 0.0713
v 0.023884 0.02962 0.0712
v 0.023911 0.032067 0.0935
v 0.024105 0.028727 0.0537
v 0.024105 0.028727 0.057
v 0.024105 -0.028727 0.0537
v 0.024105 -0.028727 0.057
v 0.024426 0.02911 0.0532
v 0.024426 -0.02911 0.0532
v 0.024454 -0.031528 0.0673
v 0.024454 -0.031528 0.0713
v 0.024484 0.019676 0.094
v 0.0249 -0.030663 0.094
v 0.025047 -0.031166 0.0935
v 0.025056 -0.03118 0.0713
v 0.025155 -0.017957 0.1
v 0.025216 -0.031051 0.0935
v 0.025524 0.029977 0.094
v 0.025574 0.028106 0.0672
v 0.025574 0.028106 0.0712
v 0.025602 -0.006621 0.1
v 0.025635 -0.018152 0.094
v 0.025973 -0.016924 0.1
v 0.026091 0.030319 0.0532
v 0.026091 0.030319 0.0672
v 0.026375 0.027426 0.0673
v 0.026375 0.027426 0.0712
v 0.026392 -0.017197 0.094
v 0.026392 -0.017197 0.0995
v 0.026708 0.015732 0.1
v 0.026727 0.015706 0.1
v 0.026869 -0.020247 0.094
v 0.027139 0.015986 0.094
v 0.027157 -0.014677 0.1
v 0.027158 0.01596 0.094
v 0.027158 0.01596 0.0995
v 0.027426 -0.026375 0.0673
v 0.027426 -0.026375 0.0712
v 0.027701 -0.026013 0.0672
v 0.027701 -0.026013 0.0712
v 0.027892 -0.028671 0.0532
v 0.027892 -0.028671 0.0672
v 0.027904 0.025794 0.0712
v 0.028167 0.02826 0.0673
v 0.028167 0.02826 0.0713
v 0.028502 0.027348 0.094
v 0.02864 -0.011863 0.1
v 0.028657 -0.011808 0.1
v 0.028665 0.025023 0.0712
v 0.028727 0.024105 0.0537
v 0.028727 0.024105 0.057
v 0.028727 -0.024105 0.0537
v 0.028727 -0.024105 0.057
v 0.028804 0.027746 0.0935
v 0.028808 0.02775 0.0713
v 0.028863 0.027694 0.0935
v 0.029061 0.011906 0.094
v 0.029102 -0.012055 0.094
v 0.029102 -0.012055 0.0995
v 0.02911 0.01313 0.0906
v 0.02911 0.01313 0.094
v 0.02911 0.024426 0.0532
v 0.02911 -0.024426 0.0532
v 0.02913 -0.01369 0.0906
v 0.02913 -0.01369 0.094
v 0.029158 0.010528 0.1
v 0.029333 0.014446 0.0906
v 0.029333 0.014446 0.094
v 0.029333 -0.01215 0.0906
v 0.029333 -0.01215 0.094
v 0.029362 -0.013104 0.093287
v 0.029363 -0.013515 0.0906
v 0.029399 -0.013107 0.093436
v 0.029401 0.013798 0.0906
v 0.029401 0.013798 0.093287
v 0.029424 -0.013506 0.093287
v 0.02943 -0.026942 0.0673
v 0.02943 -0.026942 0.0713
v 0.029437 0.013792 0.093436
v 0.029451 0.012576 0.0906
v 0.029451 0.012576 0.093287
v 0.029465 -0.010885 0.094
v 0.029479 0.011847 0.0906
v 0.029479 0.011847 0.094
v 0.029488 0.012585 0.093436
v 0.029499 -0.013114 0.093546
v 0.029536 0.013773 0.093546
v 0.029549 -0.014314 0.093287
v 0.029584 -0.0143 0.093436
v 0.029584 0.012612 0.093546
v 0.029608 -0.026146 0.094
v 0.029622 -0.012115 0.0906
v 0.029628 0.010698 0.094
v 0.029628 0.010698 0.0995
v 0.029635 -0.013123 0.093598
v 0.029659 -0.012126 0.093287
v 0.02967 0.013748 0.093598
v 0.029673 -0.013126 0.0936
v 0.029677 -0.014263 0.093546
v 0.029688 0.017488 0.094
v 0.029708 0.013742 0.0936
v 0.029716 0.012648 0.093598
v 0.029718 -0.011933 0.093287
v 0.029725 -0.015125 0.0906
v 0.029725 -0.015125 0.094
v 0.02975 -0.011952 0.093436
v 0.029753 0.012658 0.0936
v 0.029804 -0.014212 0.093598
v 0.029813 -0.02664 0.0935
v 0.029826 -0.026654 0.0713
v 0.029837 -0.012001 0.093546
v 0.029839 -0.014857 0.0906
v 0.02984 -0.014198 0.0936
v 0.029885 0.014922 0.093287
v 0.029896 -0.014818 0.093287
v 0.029916 0.0149 0.093436
v 0.029956 -0.012069 0.093598
v 0.029983 -0.026477 0.0935
v 0.029989 -0.012088 0.0936
v 0.029996 0.014841 0.093546
v 0.030013 0.015083 0.0906
v 0.030019 -0.025595 0.094
v 0.030026 0.02329 0.0672
v 0.030026 0.02329 0.0712
v 0.030028 0.011496 0.0906
v 0.030028 0.011496 0.093287
v 0.030038 0.015055 0.093287
v 0.030056 0.01152 0.093436
v 0.030107 0.01476 0.093598
v 0.030132 0.011586 0.093546
v 0.030138 0.014738 0.0936
v 0.030235 0.011676 0.093598
v 0.030243 -0.015322 0.093287
v 0.030264 0.011701 0.0936
v 0.030268 -0.015294 0.093436
v 0.030279 0.015678 0.0906
v 0.030279 0.015678 0.094
v 0.030279 -0.010918 0.0906
v 0.030279 -0.010918 0.094
v 0.030332 -0.006399 0.1
v 0.030336 -0.015221 0.093546
v 0.030369 0.010852 0.0906
v 0.030369 0.010852 0.094
v 0.030407 0.013203 0.0897
v 0.030407 0.013203 0.0906
v 0.030407 -0.013394 0.0897
v 0.030407 -0.013394 0.0906
v 0.030428 -0.01512 0.093598
v 0.030454 -0.015092 0.0936
v 0.030508 -0.021807 0.0687
v 0.030534 0.013949 0.0897
v 0.030534 0.013949 0.0906
v 0.030534 -0.012648 0.0897
v 0.030534 -0.012648 0.0906
v 0.030546 -0.011033 0.0906
v 0.030546 -0.011033 0.093287
v 0.030554 -0.021742 0.06926
v 0.030567 -0.011063 0.093436
v 0.030578 -0.021708 0.068041
v 0.030581 -0.021703 0.069353
v 0.030583 -0.021701 0.06799
v 0.030596 0.004991 0.1
v 0.030617 0.012476 0.0897
v 0.030617 0.012476 0.0906
v 0.030617 -0.014121 0.0897
v 0.030617 -0.014121 0.0906
v 0.030624 -0.011146 0.093546
v 0.030652 -0.003647 0.1
v 0.030661 0.015837 0.094
v 0.030666 -0.013412 0.0923
v 0.030666 -0.013412 0.0936
v 0.030686 0.013561 0.0923
v 0.030686 0.013561 0.0936
v 0.030702 -0.011259 0.093598
v 0.030706 0.025635 0.0532
v 0.030706 0.025635 0.0672
v 0.030723 -0.01129 0.0936
v 0.030735 -0.021485 0.067643
v 0.030737 0.022429 0.0673
v 0.030737 0.022429 0.0712
v 0.030741 -0.021476 0.069907
v 0.030798 -0.021394 0.067372
v 0.03081 0.015724 0.093287
v 0.030822 -0.006502 0.094
v 0.030822 -0.006502 0.0995
v 0.030827 0.015691 0.093436
v 0.030859 -0.013397 0.0897
v 0.030859 -0.013397 0.0906
v 0.030859 -0.013397 0.0923
v 0.030875 0.015603 0.093546
v 0.030876 0.013526 0.0897
v 0.030876 0.013526 0.0906
v 0.030876 0.013526 0.0923
v 0.03089 -0.02126 0.067245
v 0.030893 -0.021255 0.070152
v 0.030899 0.01297 0.0923
v 0.030922 -0.015781 0.0906
v 0.030927 0.012881 0.0897
v 0.030927 0.012881 0.0906
v 0.030927 0.012881 0.0923
v 0.03093 -0.022076 0.0687
v 0.030939 0.015482 0.093598
v 0.030946 -0.022053 0.068367
v 0.030952 -0.015728 0.093287
v 0.030957 -0.01607 0.0906
v 0.030957 -0.01607 0.094
v 0.030957 0.015449 0.0936
v 0.030976 -0.012761 0.0897
v 0.030976 -0.012761 0.0906
v 0.030976 -0.012761 0.0923
v 0.030992 -0.000716 0.1
v 0.031 -0.021977 0.069359
v 0.031005 -0.02197 0.06941
v 0.031013 -0.021959 0.068051
v 0.031016 0.010773 0.0906
v 0.031016 0.010773 0.093287
v 0.031027 -0.004731 0.094
v 0.03103 0.010807 0.093436
v 0.031044 -0.021037 0.070395
v 0.03107 0.014647 0.0897
v 0.03107 0.014647 0.0906
v 0.03107 -0.01195 0.0897
v 0.03107 -0.01195 0.0906
v 0.03107 0.010899 0.093546
v 0.031075 -0.014007 0.0897
v 0.031075 -0.014007 0.0906
v 0.031075 -0.014007 0.0923
v 0.031089 -0.021851 0.067688
v 0.031089 0.005071 0.094
v 0.031089 0.005071 0.0995
v 0.031121 0.011912 0.0897
v 0.031121 0.011912 0.0906
v 0.031121 -0.014685 0.0897
v 0.031121 -0.014685 0.0906
v 0.031121 -0.020921 0.066926
v 0.031124 0.011025 0.093598
v 0.031139 0.01106 0.0936
v 0.031154 0.01411 0.0897
v 0.031154 0.01411 0.0906
v 0.031154 0.01411 0.0923
v 0.031161 0.012479 0.0923
v 0.031168 0.0122 0.0923
v 0.031168 0.0122 0.0936
v 0.031186 0.01589 0.0906
v 0.031202 0.015831 0.093287
v 0.031202 0.003437 0.094
v 0.03122 -0.021663 0.070028
v 0.031287 -0.012109 0.0923
v 0.031287 -0.012109 0.0936
v 0.031293 0.012347 0.0897
v 0.031293 0.012347 0.0906
v 0.031305 -0.015929 0.093287
v 0.031306 -0.021539 0.067227
v 0.031312 -0.021528 0.070155
v 0.031316 -0.015894 0.093436
v 0.031319 -0.021521 0.0672
v 0.031345 -0.015798 0.093546
v 0.031364 -0.020554 0.070625
v 0.031366 -0.020551 0.06679
v 0.031385 -0.015667 0.093598
v 0.031396 -0.01563 0.0936
v 0.031396 -0.012268 0.0897
v 0.031396 -0.012268 0.0906
v 0.031396 -0.012268 0.0923
v 0.031417 -0.020476 0.070662
v 0.031484 -0.014601 0.0923
v 0.031484 -0.014601 0.0936
v 0.031492 -0.000728 0.094
v 0.031492 -0.000728 0.0995
v 0.031502 -0.020344 0.066714
v 0.031543 -0.02119 0.070474
v 0.031567 -0.014427 0.0897
v 0.031567 -0.014427 0.0906
v 0.031567 -0.014427 0.0923
v 0.031589 -0.021212 0.0673
v 0.031589 -0.021212 0.0712
v 0.031602 0.010341 0.0906
v 0.031602 0.010341 0.094
v 0.03161 0.01215 0.0923
v 0.031622 0.014659 0.0923
v 0.031622 0.014659 0.0936
v 0.031663 -0.02101 0.066829
v 0.031684 -0.010581 0.093287
v 0.031687 0.014476 0.0897
v 0.031687 0.014476 0.0906
v 0.031687 0.014476 0.0923
v 0.031689 -0.010618 0.093436
v 0.031705 -0.010717 0.093546
v 0.031713 0.016273 0.0906
v 0.031713 0.016273 0.094
v 0.031713 -0.010324 0.0906
v 0.031713 -0.010324 0.094
v 0.031726 -0.010852 0.093598
v 0.031732 -0.010889 0.0936
v 0.031753 -0.01995 0.070686
v 0.031759 -0.020862 0.070595
v 0.031761 -0.020863 0.0712
v 0.031785 -0.020823 0.066788
v 0.031787 -0.02082 0.07061
v 0.03182 0.011622 0.0897
v 0.03182 0.011622 0.0906
v 0.03182 -0.014974 0.0897
v 0.03182 -0.014974 0.0906
v 0.031835 -0.019819 0.066738
v 0.031878 0.012069 0.0897
v 0.031878 0.012069 0.0906
v 0.031878 0.012069 0.0923
v 0.031881 -0.019742 0.070611
v 0.031883 0.014984 0.0897
v 0.031883 0.014984 0.0906
v 0.031883 -0.011613 0.0897
v 0.031883 -0.011613 0.0906
v 0.031883 -0.019739 0.066775
v 0.031885 -0.010595 0.093287
v 0.031888 -0.010557 0.0906
v 0.031924 0.020613 0.0712
v 0.031924 -0.020613 0.070686
v 0.031991 0.016046 0.093287
v 0.031992 0.016009 0.093436
v 0.031996 0.015908 0.093546
v 0.032002 0.015772 0.093598
v 0.032004 0.015734 0.0936
v 0.032006 -0.012052 0.0897
v 0.032006 -0.012052 0.0906
v 0.032006 -0.012052 0.0923
v 0.032049 -0.020417 0.0672
v 0.032049 -0.020417 0.0667
v 0.032105 0.013298 0.091578
v 0.032105 -0.013298 0.091578
v 0.032115 -0.019361 0.070473
v 0.032157 0.012049 0.0923
v 0.032185 -0.019245 0.067005
v 0.032203 -0.014544 0.0897
v 0.032203 -0.014544 0.0906
v 0.032203 -0.014544 0.0923
v 0.032206 0.010863 0.0936
v 0.032208 0.010825 0.093598
v 0.032213 0.010688 0.093546
v 0.032217 0.010588 0.093436
v 0.032219 0.010551 0.0906
v 0.032219 0.010551 0.093287
v 0.032231 -0.023689 0.0532
v 0.032231 -0.023689 0.0672
v 0.032256 -0.020088 0.070662
v 0.032305 -0.020007 0.066788
v 0.032305 -0.020008 0.070625
v 0.03232 -0.019016 0.067248
v 0.032322 -0.01604 0.0906
v 0.032323 -0.019011 0.070155
v 0.032324 -0.016002 0.093287
v 0.032332 0.014527 0.0897
v 0.032332 0.014527 0.0906
v 0.032332 0.014527 0.0923
v 0.032405 -0.018872 0.070028
v 0.032421 -0.01982 0.066828
v 0.032456 -0.018785 0.067494
v 0.032461 -0.018776 0.069757
v 0.032476 0.01875 0.0537
v 0.032476 0.01875 0.057
v 0.032476 -0.01875 0.0537
v 0.032476 -0.01875 0.057
v 0.032478 -0.015707 0.0936
v 0.032484 -0.015745 0.093598
v 0.032496 -0.016273 0.0906
v 0.032496 -0.016273 0.094
v 0.032505 -0.01588 0.093546
v 0.03252 -0.015979 0.093436
v 0.032523 0.01212 0.0897
v 0.032523 0.01212 0.0906
v 0.032526 -0.016016 0.093287
v 0.032538 0.023093 0.0673
v 0.032538 0.023093 0.0713
v 0.032574 0.019665 0.0712
v 0.032575 0.011665 0.0897
v 0.032575 0.011665 0.0906
v 0.032575 -0.014932 0.0897
v 0.032575 -0.014932 0.0906
v 0.032587 0.011938 0.0923
v 0.032587 0.011938 0.0936
v 0.032592 0.015935 0.093287
v 0.032592 -0.018547 0.06941
v 0.032594 -0.018543 0.068047
v 0.032597 -0.018539 0.069359
v 0.032605 0.016002 0.0906
v 0.032607 -0.019513 0.070395
v 0.032615 0.022283 0.094
v 0.032617 -0.018503 0.06814
v 0.032643 -0.01217 0.0897
v 0.032643 -0.01217 0.0906
v 0.032643 -0.01217 0.0923
v 0.032657 -0.018433 0.0687
v 0.032693 0.012196 0.0923
v 0.032726 -0.011995 0.0923
v 0.032726 -0.011995 0.0936
v 0.03274 -0.019289 0.0672
v 0.032742 -0.019285 0.070152
v 0.032753 -0.019268 0.067226
v 0.032755 0.014869 0.0897
v 0.032755 0.014869 0.0906
v 0.032755 -0.011728 0.0897
v 0.032755 -0.011728 0.0906
v 0.032813 -0.014328 0.0897
v 0.032813 -0.014328 0.0906
v 0.032813 -0.014328 0.0923
v 0.032814 -0.010966 0.0936
v 0.032825 -0.01093 0.093598
v 0.032857 -0.01909 0.06744
v 0.032865 -0.010799 0.093546
v 0.032878 -0.019054 0.069906
v 0.032894 -0.010703 0.093436
v 0.032905 -0.010667 0.093287
v 0.032909 0.019 0.0532
v 0.032909 -0.019 0.0532
v 0.032916 0.014249 0.0897
v 0.032916 0.014249 0.0906
v 0.032916 0.014249 0.0923
v 0.032923 -0.014487 0.0923
v 0.032923 -0.014487 0.0936
v 0.032935 0.010416 0.0906
v 0.032935 0.010416 0.094
v 0.032958 0.022651 0.0935
v 0.032965 0.022656 0.0713
v 0.033016 -0.018812 0.069353
v 0.033021 -0.018805 0.068042
v 0.033027 0.022565 0.0935
v 0.033029 -0.01879 0.068074
v 0.03304 -0.018772 0.06926
v 0.033042 0.014396 0.0923
v 0.033042 0.014396 0.0936
v 0.033056 0.012487 0.0897
v 0.033056 0.012487 0.0906
v 0.033056 0.012487 0.0923
v 0.03307 0.015536 0.0936
v 0.033079 -0.018702 0.0687
v 0.033085 0.015571 0.093598
v 0.033114 0.01256 0.0923
v 0.033135 -0.01259 0.0897
v 0.033135 -0.01259 0.0906
v 0.033135 -0.01259 0.0923
v 0.03314 0.015697 0.093546
v 0.033179 0.015789 0.093436
v 0.033194 0.015823 0.093287
v 0.033233 -0.013836 0.0897
v 0.033233 -0.013836 0.0906
v 0.033233 -0.013836 0.0923
v 0.033238 0.012031 0.0897
v 0.033238 0.012031 0.0906
v 0.033238 -0.014566 0.0897
v 0.033238 -0.014566 0.0906
v 0.033253 0.011148 0.0936
v 0.033253 0.01607 0.0906
v 0.033253 0.01607 0.094
v 0.033253 -0.010527 0.0906
v 0.033253 -0.010527 0.094
v 0.033257 -0.010869 0.093287
v 0.033271 0.011114 0.093598
v 0.033283 0.013716 0.0897
v 0.033283 0.013716 0.0906
v 0.033283 0.013716 0.0923
v 0.033288 -0.010816 0.0906
v 0.033316 -0.008616 0.094
v 0.033316 0.004682 0.094
v 0.033334 0.013071 0.0897
v 0.033334 0.013071 0.0906
v 0.033334 0.013071 0.0923
v 0.033335 0.010994 0.093546
v 0.033351 -0.0132 0.0897
v 0.033351 -0.0132 0.0906
v 0.033351 -0.0132 0.0923
v 0.033382 0.010905 0.093436
v 0.0334 0.010872 0.0906
v 0.0334 0.010872 0.093287
v 0.033454 0.014333 0.0897
v 0.033454 0.014333 0.0906
v 0.033454 -0.012263 0.0897
v 0.033454 -0.012263 0.0906
v 0.033486 -0.015307 0.0936
v 0.033508 -0.020916 0.094
v 0.033508 -0.015338 0.093598
v 0.033524 0.013036 0.0923
v 0.033524 0.013036 0.0936
v 0.033544 -0.013184 0.0923
v 0.033544 -0.013184 0.0936
v 0.03356 -0.021581 0.0673
v 0.03356 -0.021581 0.0713
v 0.033583 0.017781 0.0672
v 0.033583 0.017781 0.0712
v 0.033585 -0.015451 0.093546
v 0.033628 0.010799 0.094
v 0.033642 -0.015533 0.093436
v 0.033663 -0.015564 0.0906
v 0.033663 -0.015564 0.093287
v 0.033675 0.012648 0.0897
v 0.033675 0.012648 0.0906
v 0.033675 -0.013949 0.0897
v 0.033675 -0.013949 0.0906
v 0.033755 -0.011505 0.0936
v 0.033772 -0.021395 0.0935
v 0.033781 -0.011476 0.093598
v 0.033789 -0.021408 0.0713
v 0.03379 0.01352 0.0897
v 0.03379 0.01352 0.0906
v 0.03379 -0.013076 0.0897
v 0.03379 -0.013076 0.0906
v 0.033854 0.015341 0.093287
v 0.033874 -0.011376 0.093546
v 0.03389 0.01539 0.0906
v 0.033922 0.019982 0.094
v 0.033931 -0.015678 0.0906
v 0.033931 -0.015678 0.094
v 0.033932 -0.021181 0.0935
v 0.033942 -0.011302 0.093436
v 0.033946 0.014896 0.0936
v 0.033967 -0.011275 0.093287
v 0.033975 0.014921 0.093598
v 0.034072 0.011859 0.0936
v 0.034078 0.015011 0.093546
v 0.034103 0.011836 0.093598
v 0.034104 0.011061 0.0906
v 0.034104 0.011061 0.094
v 0.034154 0.015076 0.093436
v 0.034164 0.016751 0.0673
v 0.034164 0.016751 0.0712
v 0.034182 0.015101 0.093287
v 0.034213 0.011756 0.093546
v 0.034221 -0.014508 0.0936
v 0.034254 -0.014527 0.093598
v 0.034294 0.011696 0.093436
v 0.034314 -0.011779 0.093287
v 0.034324 0.011674 0.0906
v 0.034324 0.011674 0.093287
v 0.03437 -0.012398 0.0936
v 0.034371 -0.01174 0.0906
v 0.034373 -0.014595 0.093546
v 0.034406 -0.012384 0.093598
v 0.034457 0.013939 0.0936
v 0.03446 -0.014645 0.093436
v 0.034485 0.015125 0.0906
v 0.034485 0.015125 0.094
v 0.034485 -0.011472 0.0906
v 0.034485 -0.011472 0.094
v 0.03449 0.020259 0.0532
v 0.03449 0.020259 0.0672
v 0.034492 -0.014663 0.093287
v 0.034493 0.013949 0.093598
v 0.034502 0.012855 0.0936
v 0.034533 -0.012334 0.093546
v 0.034536 -0.01347 0.0936
v 0.034539 0.012848 0.093598
v 0.034551 -0.01447 0.093287
v 0.034574 -0.013473 0.093598
v 0.034587 -0.014481 0.0906
v 0.034625 0.013985 0.093546
v 0.034626 -0.012297 0.093436
v 0.034641 0.02 0.0532
v 0.034641 0.02 0.0672
v 0.034661 -0.012283 0.093287
v 0.034663 0.014199 0.093287
v 0.034674 0.012823 0.093546
v 0.034697 0.014217 0.0906
v 0.034711 -0.013483 0.093546
v 0.034722 0.014011 0.093436
v 0.034758 0.014021 0.093287
v 0.034772 0.012805 0.093436
v 0.034786 -0.013091 0.093287
v 0.034793 -0.015404 0.0673
v 0.034793 -0.015404 0.0712
v 0.034809 0.012798 0.0906
v 0.034809 0.012798 0.093287
v 0.034811 -0.01349 0.093436
v 0.034846 -0.013081 0.0906
v 0.034848 -0.013492 0.093287
v 0.034875 -0.015092 0.0672
v 0.034875 -0.015092 0.0712
v 0.034876 0.01215 0.0906
v 0.034876 0.01215 0.094
v 0.034876 -0.014446 0.0906
v 0.034876 -0.014446 0.094
v 0.034992 0.014817 0.0712
v 0.035079 0.01369 0.0906
v 0.035079 0.01369 0.094
v 0.035079 -0.012907 0.0906
v 0.035079 -0.012907 0.094
v 0.035107 -0.014542 0.0672
v 0.035107 -0.014542 0.0712
v 0.035238 0.012826 0.0537
v 0.035238 0.012826 0.057
v 0.035238 -0.012826 0.0537
v 0.035238 -0.012826 0.057
v 0.035332 -0.013989 0.0672
v 0.035332 -0.013989 0.0712
v 0.035494 0.01371 0.0712
v 0.03569 -0.018061 0.0532
v 0.03569 -0.018061 0.0672
v 0.035708 0.012997 0.0532
v 0.035708 -0.012997 0.0532
v 0.035837 0.016611 0.094
v 0.035973 0.017262 0.0673
v 0.035973 0.017262 0.0713
v 0.036003 -0.012313 0.0712
v 0.036126 0.010058 0.0687
v 0.03614 0.011743 0.0672
v 0.03614 0.011743 0.0712
v 0.036147 0.00998 0.06814
v 0.036158 0.009941 0.069359
v 0.03616 0.009935 0.068047
v 0.036161 0.009932 0.06941
v 0.036221 0.016944 0.0935
v 0.036223 0.006395 0.094
v 0.03623 0.009677 0.069757
v 0.036231 0.01695 0.0713
v 0.036233 0.009667 0.067494
v 0.036258 0.00957 0.070028
v 0.036291 0.016821 0.0935
v 0.036299 0.009412 0.070155
v 0.0363 0.009407 0.067248
v 0.036366 0.009151 0.067005
v 0.036399 0.009019 0.070473
v 0.036407 -0.010888 0.0712
v 0.036493 -0.015116 0.094
v 0.036503 0.008584 0.070611
v 0.036503 0.008587 0.066775
v 0.036525 0.008496 0.066738
v 0.036554 0.010564 0.0673
v 0.036554 0.010564 0.0712
v 0.03656 0.008345 0.070686
v 0.036582 0.008245 0.067369
v 0.036615 0.010166 0.0687
v 0.036636 0.010089 0.06926
v 0.036642 0.010069 0.068074
v 0.036646 0.010052 0.068042
v 0.036648 0.010044 0.069353
v 0.036661 0.00789 0.066714
v 0.036693 0.007736 0.070662
v 0.036706 -0.014452 0.094
v 0.036711 0.007647 0.06679
v 0.036712 0.007644 0.070625
v 0.036721 0.009775 0.069906
v 0.036723 -0.0144 0.094
v 0.036724 -0.015599 0.0673
v 0.036724 -0.015599 0.0713
v 0.036732 0.009735 0.06744
v 0.036784 0.009535 0.067226
v 0.036788 0.009515 0.070152
v 0.03679 0.009511 0.0672
v 0.0368 0.007212 0.066926
v 0.036819 -0.015573 0.0935
v 0.036826 0.007076 0.070395
v 0.03684 -0.015583 0.0713
v 0.036855 0.009259 0.070395
v 0.036875 0.006815 0.070152
v 0.036876 0.00681 0.067245
v 0.036906 0.00665 0.067372
v 0.036923 0.006552 0.069907
v 0.03693 -0.006512 0.0537
v 0.03693 -0.006512 0.057
v 0.03693 0.006512 0.0537
v 0.03693 0.006512 0.057
v 0.036939 -0.009128 0.0673
v 0.036939 -0.009128 0.0712
v 0.036941 0.00891 0.066828
v 0.036955 -0.015307 0.0713
v 0.036955 -0.015307 0.0935
v 0.03697 0.006281 0.06799
v 0.036971 0.006277 0.069353
v 0.036972 0.006272 0.068041
v 0.036979 0.006231 0.06926
v 0.03699 0.008696 0.066788
v 0.036991 0.008695 0.070625
v 0.036992 0.006152 0.0687
v 0.037013 0.008605 0.070662
v 0.037019 0.00858 0.0712
v 0.037046 -0.015023 0.0935
v 0.037069 -0.01503 0.0713
v 0.037099 0.008225 0.0667
v 0.037099 0.008225 0.0672
v 0.037149 0.007998 0.070686
v 0.037199 0.007755 0.07061
v 0.0372 0.007752 0.066788
v 0.03721 -0.007706 0.0672
v 0.03721 -0.007706 0.0712
v 0.037246 0.007533 0.066829
v 0.037288 0.007321 0.070474
v 0.037336 0.007338 0.0712
v 0.037363 0.006928 0.0672
v 0.037364 0.006918 0.070155
v 0.037367 0.006906 0.067227
v 0.037394 0.006758 0.070028
v 0.037423 -0.006599 0.0532
v 0.037423 0.006599 0.0532
v 0.037434 0.006532 0.067688
v 0.037457 0.006402 0.068051
v 0.037459 0.006389 0.06941
v 0.03746 0.014026 0.0532
v 0.03746 0.014026 0.0672
v 0.037461 0.00638 0.069359
v 0.037476 0.006288 0.068367
v 0.037481 0.006261 0.0687
v 0.0375 0.0 0.0537
v 0.0375 0.0 0.057
v 0.037594 -0.005874 0.0712
v 0.037621 0.005354 0.0672
v 0.037621 0.005354 0.0712
v 0.037737 -0.004466 0.0712
v 0.037833 0.004056 0.0673
v 0.037833 0.004056 0.0712
v 0.037943 0.002088 0.0712
v 0.037963 -0.002575 0.0673
v 0.037963 -0.002575 0.0712
v 0.037981 -0.001194 0.0672
v 0.037981 -0.001194 0.0712
v 0.038 0.0 0.0532
v 0.038043 0.000743 0.0712
v 0.038083 0.010486 0.094
v 0.038176 -0.011941 0.0532
v 0.038176 -0.011941 0.0672
v 0.038372 0.010935 0.0673
v 0.038372 0.010935 0.0713
v 0.038484 -0.008903 0.094
v 0.038505 0.010781 0.0935
v 0.038518 0.010786 0.0713
v 0.038565 0.010619 0.0935
v 0.03859 0.007789 0.094
v 0.038832 -0.009168 0.0673
v 0.038832 -0.009168 0.0713
v 0.038971 -0.009016 0.0935
v 0.039009 -0.008752 0.0935
v 0.039014 -0.005259 0.094
v 0.03903 -0.008755 0.0713
v 0.039046 -0.005045 0.094
v 0.039258 0.007668 0.0532
v 0.039258 0.007668 0.0672
v 0.039289 0.004075 0.094
v 0.039351 0.001083 0.094
v 0.039424 -0.002448 0.094
v 0.039621 -0.005494 0.0532
v 0.039621 -0.005494 0.0672
v 0.039668 0.004292 0.0673
v 0.039668 0.004292 0.0713
v 0.039749 0.004327 0.0935
v 0.039765 0.00433 0.0713
v 0.039787 0.004126 0.0935
v 0.039823 -0.002473 0.0673
v 0.039823 -0.002473 0.0713
v 0.039918 -0.002243 0.0935
v 0.039923 -0.002479 0.0935
v 0.039937 -0.002243 0.0713
v 0.039985 0.001102 0.0532
v 0.039985 0.001102 0.0672
vn 0.73344 0.636476 0.238672
vn 0.936962 0.255211 0.238683
vn 0.002606 -0.062692 0.99803
vn 0.050635 -0.037048 0.99803
vn 0.061697 -0.01141 0.99803
vn 0.060538 0.01649 0.99803
vn 0.047387 0.041122 0.99803
vn 0.024852 0.05761 0.99803
vn 0.002605 -0.062683 0.99803
vn 0.014891 -0.358329 0.933476
vn 0.014891 -0.358333 0.933475
vn 0.031145 -0.74945 0.661328
vn 0.031149 -0.749464 0.661312
vn 0.050638 -0.03705 0.99803
vn 0.289444 -0.211776 0.933474
vn 0.289446 -0.211777 0.933473
vn 0.60536 -0.442919 0.661334
vn 0.605357 -0.442918 0.661338
vn 0.040325 -0.970263 0.238668
vn 0.040321 -0.970256 0.238698
vn 0.457319 -0.856668 0.238701
vn 0.457307 -0.85668 0.238681
vn 0.353232 -0.661714 0.661334
vn 0.353245 -0.66173 0.66131
vn 0.168894 -0.316387 0.933474
vn 0.168893 -0.316386 0.933475
vn 0.029546 -0.055348 0.99803
vn 0.029543 -0.055343 0.99803
vn 0.457308 -0.856681 0.238678
vn 0.783722 -0.573421 0.238679
vn 0.783722 -0.573422 0.238678
vn 0.783723 -0.573422 0.238675
vn 0.954908 -0.176594 0.238676
vn 0.061696 -0.011409 0.99803
vn 0.352667 -0.065218 0.933473
vn 0.352661 -0.065218 0.933476
vn 0.737588 -0.136403 0.661331
vn 0.737593 -0.136403 0.661325
vn 0.954905 -0.17659 0.238689
vn 0.954907 -0.176588 0.238681
vn 0.060534 0.016489 0.99803
vn 0.346033 0.094254 0.933476
vn 0.346037 0.094256 0.933474
vn 0.723729 0.197134 0.661327
vn 0.72373 0.197135 0.661327
vn 0.936962 0.255216 0.238677
vn 0.936964 0.255218 0.238668
vn 0.047388 0.041123 0.99803
vn 0.27087 0.235059 0.933476
vn 0.27087 0.23506 0.933475
vn 0.566528 0.491629 0.661322
vn 0.566526 0.491627 0.661325
vn 0.733439 0.636473 0.238684
vn 0.73344 0.636476 0.238672
vn 0.024851 0.057608 0.99803
vn 0.142057 0.329306 0.933476
vn 0.142058 0.32931 0.933474
vn 0.297113 0.688749 0.661323
vn 0.297114 0.688751 0.661321
vn 0.38465 0.891672 0.238673
vn 0.38465 0.89167 0.23868
vn 0.068568 0.968676 0.238676
vn 0.482063 0.843001 0.238672
vn 0.046169 -0.042485 0.99803
vn 0.062007 0.009609 0.998029
vn 0.051692 0.035557 0.99803
vn 0.031146 0.054465 0.99803
vn 0.00443 0.062583 0.99803
vn -0.023164 0.058311 0.99803
vn 0.046169 -0.042485 0.99803
vn 0.26391 -0.242849 0.933475
vn 0.263911 -0.24285 0.933475
vn 0.551969 -0.50792 0.661323
vn 0.551957 -0.507913 0.661338
vn 0.062 0.009607 0.99803
vn 0.354414 0.054919 0.933474
vn 0.354416 0.05492 0.933474
vn 0.741252 0.114863 0.661326
vn 0.741248 0.114861 0.661331
vn 0.714589 -0.657567 0.238679
vn 0.71459 -0.657567 0.238675
vn 0.929136 -0.282384 0.238675
vn 0.929136 -0.282394 0.238664
vn 0.717686 -0.218128 0.661323
vn 0.717671 -0.218126 0.661339
vn 0.343146 -0.104294 0.933474
vn 0.343146 -0.104294 0.933474
vn 0.060035 -0.018247 0.998029
vn 0.060029 -0.018245 0.99803
vn 0.051696 0.03556 0.99803
vn 0.295488 0.203255 0.933474
vn 0.295487 0.203255 0.933475
vn 0.618006 0.425103 0.661329
vn 0.618006 0.425103 0.661329
vn 0.800089 0.550352 0.238684
vn 0.800089 0.55035 0.238688
vn 0.929129 -0.282396 0.238688
vn 0.959644 0.148702 0.238687
vn 0.959643 0.148703 0.238691
vn 0.959647 0.148708 0.238671
vn 0.800093 0.550351 0.238674
vn 0.031144 0.054463 0.99803
vn 0.178037 0.311335 0.933474
vn 0.178038 0.311337 0.933473
vn 0.372359 0.65115 0.661327
vn 0.372359 0.651148 0.661328
vn 0.482066 0.842995 0.238688
vn 0.482066 0.842996 0.238684
vn 0.00443 0.062587 0.99803
vn 0.025322 0.35775 0.933474
vn 0.025322 0.357746 0.933476
vn 0.052962 0.748228 0.661325
vn 0.052962 0.748228 0.661324
vn 0.068566 0.968676 0.238676
vn 0.068565 0.968677 0.238672
vn -0.023163 0.058308 0.99803
vn -0.132405 0.333304 0.933476
vn -0.132406 0.333305 0.933476
vn -0.276927 0.697107 0.661327
vn -0.276929 0.69711 0.661323
vn -0.358519 0.902496 0.238674
vn -0.358518 0.902495 0.238677
vn -0.636475 0.733438 0.23868
vn -0.255217 0.936961 0.23868
vn 0.062685 0.002605 0.99803
vn 0.037049 0.050636 0.99803
vn 0.01141 0.061699 0.99803
vn -0.01649 0.060538 0.99803
vn -0.041122 0.047386 0.99803
vn -0.057607 0.024851 0.99803
vn 0.062683 0.002605 0.99803
vn 0.358338 0.014892 0.933473
vn 0.358333 0.014891 0.933475
vn 0.74945 0.031145 0.661328
vn 0.749464 0.031149 0.661312
vn 0.037051 0.050639 0.99803
vn 0.211775 0.289442 0.933474
vn 0.211774 0.289442 0.933475
vn 0.442929 0.605371 0.661317
vn 0.442922 0.605357 0.661335
vn 0.970264 0.040325 0.238668
vn 0.970257 0.040321 0.238697
vn 0.856669 0.45732 0.238699
vn 0.856678 0.457311 0.238683
vn 0.661726 0.353241 0.661317
vn 0.661729 0.353244 0.661312
vn 0.316386 0.168893 0.933474
vn 0.316386 0.168893 0.933475
vn 0.055349 0.029546 0.99803
vn 0.055344 0.029544 0.99803
vn 0.011409 0.061696 0.99803
vn 0.065218 0.352665 0.933474
vn 0.065217 0.352656 0.933477
vn 0.136403 0.737584 0.661335
vn 0.136403 0.7376 0.661318
vn 0.176589 0.954909 0.238672
vn 0.176591 0.954907 0.23868
vn 0.856679 0.457312 0.238676
vn 0.57343 0.783717 0.238675
vn 0.573423 0.783717 0.23869
vn 0.573423 0.783722 0.238675
vn 0.176588 0.954909 0.238675
vn -0.016488 0.060533 0.99803
vn -0.094253 0.346029 0.933478
vn -0.094258 0.34604 0.933473
vn -0.197137 0.723735 0.66132
vn -0.197134 0.723728 0.661329
vn -0.255216 0.936962 0.238677
vn -0.255215 0.936961 0.238684
vn -0.041121 0.047385 0.99803
vn -0.235062 0.270873 0.933474
vn -0.235061 0.270873 0.933474
vn -0.491626 0.566525 0.661327
vn -0.491627 0.566526 0.661325
vn -0.636474 0.73344 0.238677
vn -0.636473 0.733439 0.238682
vn -0.057611 0.024852 0.99803
vn -0.32931 0.142058 0.933474
vn -0.329308 0.142058 0.933475
vn -0.688749 0.297114 0.661323
vn -0.688751 0.297115 0.661321
vn -0.891669 0.38465 0.238684
vn -0.891671 0.38465 0.238678
vn -0.058309 -0.023163 0.99803
vn -0.058311 -0.023164 0.99803
vn -0.062587 0.00443 0.99803
vn -0.062587 0.00443 0.99803
vn -0.054466 0.031146 0.99803
vn -0.054467 0.031147 0.99803
vn -0.035561 0.051697 0.998029
vn -0.035557 0.051692 0.99803
vn -0.009607 0.062 0.99803
vn -0.009609 0.062007 0.998029
vn 0.018247 0.060036 0.998029
vn 0.018245 0.060029 0.99803
vn 0.042485 0.046169 0.99803
vn 0.042485 0.046169 0.99803
vn -0.333307 -0.132407 0.933475
vn -0.333304 -0.132405 0.933476
vn -0.357746 0.025322 0.933476
vn -0.357742 0.025322 0.933477
vn -0.31133 0.178033 0.933476
vn -0.311328 0.178033 0.933477
vn -0.203249 0.29548 0.933478
vn -0.203255 0.295487 0.933474
vn -0.054919 0.354416 0.933474
vn -0.054919 0.354415 0.933474
vn 0.104294 0.343145 0.933474
vn 0.104294 0.343146 0.933474
vn 0.24285 0.263911 0.933475
vn 0.242849 0.26391 0.933475
vn -0.69711 -0.276929 0.661322
vn -0.697107 -0.276926 0.661327
vn -0.748228 0.052961 0.661324
vn -0.748228 0.052961 0.661324
vn -0.651148 0.372359 0.661328
vn -0.651155 0.372362 0.661319
vn -0.425109 0.618014 0.661317
vn -0.425102 0.618006 0.661329
vn -0.114861 0.741248 0.661331
vn -0.114863 0.741252 0.661326
vn 0.218128 0.717686 0.661323
vn 0.218126 0.717672 0.661338
vn 0.507914 0.551959 0.661336
vn 0.50792 0.551969 0.661323
vn -0.902495 -0.358519 0.238677
vn -0.902495 -0.358518 0.238679
vn -0.968674 0.068565 0.238682
vn -0.968676 0.068564 0.238675
vn -0.842998 0.482069 0.238671
vn -0.842999 0.482069 0.238667
vn -0.550356 0.800093 0.238663
vn -0.550353 0.800091 0.238674
vn -0.148706 0.959647 0.238671
vn -0.148703 0.959643 0.238688
vn 0.282397 0.929129 0.238686
vn 0.282395 0.929139 0.23865
vn 0.657569 0.714597 0.23865
vn 0.657567 0.71459 0.238679
vn -0.024853 -0.057612 0.99803
vn -0.024852 -0.05761 0.99803
vn -0.047387 -0.041122 0.99803
vn -0.047388 -0.041123 0.99803
vn -0.060538 -0.01649 0.99803
vn -0.060538 -0.01649 0.99803
vn -0.061696 0.01141 0.99803
vn -0.061699 0.01141 0.99803
vn -0.050639 0.037051 0.99803
vn -0.050636 0.037049 0.99803
vn -0.029546 0.055349 0.99803
vn -0.029547 0.055351 0.99803
vn -0.002605 0.062689 0.99803
vn -0.002605 0.062692 0.99803
vn -0.142058 -0.329308 0.933475
vn -0.142059 -0.329312 0.933474
vn -0.270871 -0.23506 0.933475
vn -0.27087 -0.235059 0.933475
vn -0.346034 -0.094255 0.933476
vn -0.346035 -0.094255 0.933475
vn -0.352666 0.065218 0.933474
vn -0.352657 0.065218 0.933477
vn -0.289436 0.211771 0.933477
vn -0.289442 0.211775 0.933474
vn -0.168894 0.316386 0.933474
vn -0.168892 0.316385 0.933475
vn -0.014892 0.358333 0.933475
vn -0.014891 0.358329 0.933477
vn -0.297112 -0.688745 0.661328
vn -0.297111 -0.688742 0.661332
vn -0.566525 -0.491627 0.661327
vn -0.566525 -0.491627 0.661326
vn -0.723733 -0.197135 0.661324
vn -0.723733 -0.197135 0.661324
vn -0.737591 0.136403 0.661327
vn -0.737597 0.136403 0.661321
vn -0.605366 0.442925 0.661323
vn -0.605358 0.442921 0.661334
vn -0.353234 0.661712 0.661334
vn -0.353238 0.661717 0.661327
vn -0.031146 0.749451 0.661326
vn -0.031146 0.74945 0.661328
vn -0.38465 -0.89167 0.23868
vn -0.38465 -0.891672 0.238673
vn -0.73344 -0.636476 0.238672
vn -0.73344 -0.636475 0.238676
vn -0.936963 -0.255218 0.238672
vn -0.93696 -0.255215 0.238688
vn -0.954904 0.176593 0.238692
vn -0.954909 0.176591 0.238671
vn -0.783727 0.573423 0.238661
vn -0.783722 0.573422 0.238679
vn -0.45731 0.85668 0.238679
vn -0.457312 0.856681 0.238671
vn -0.040321 0.970262 0.238674
vn -0.040322 0.970264 0.238668
vn 0.023163 -0.058308 0.99803
vn 0.023164 -0.05831 0.99803
vn -0.00443 -0.062586 0.99803
vn -0.00443 -0.062588 0.99803
vn -0.031146 -0.054466 0.99803
vn -0.031145 -0.054463 0.99803
vn -0.05169 -0.035555 0.99803
vn -0.05169 -0.035556 0.99803
vn -0.061999 -0.009607 0.99803
vn -0.062001 -0.009608 0.99803
vn -0.06003 0.018245 0.99803
vn -0.060028 0.018245 0.99803
vn -0.046167 0.042483 0.99803
vn -0.046169 0.042484 0.99803
vn 0.132407 -0.333307 0.933475
vn 0.132405 -0.333304 0.933476
vn -0.025322 -0.357746 0.933476
vn -0.025322 -0.357747 0.933475
vn -0.178035 -0.311331 0.933475
vn -0.178036 -0.311334 0.933474
vn -0.295489 -0.203257 0.933473
vn -0.295485 -0.203253 0.933476
vn -0.354409 -0.054917 0.933477
vn -0.354414 -0.054919 0.933474
vn -0.343146 0.104293 0.933474
vn -0.343138 0.104292 0.933477
vn -0.263906 0.242848 0.933476
vn -0.263912 0.242851 0.933474
vn 0.276929 -0.69711 0.661323
vn 0.276927 -0.697107 0.661327
vn -0.052961 -0.748228 0.661324
vn -0.052961 -0.748223 0.661331
vn -0.372359 -0.651149 0.661327
vn -0.37236 -0.651149 0.661327
vn -0.618005 -0.425104 0.661329
vn -0.618009 -0.425107 0.661323
vn -0.741259 -0.114863 0.661318
vn -0.741254 -0.114861 0.661324
vn -0.717681 0.218129 0.661327
vn -0.717698 0.218131 0.661308
vn -0.551977 0.507928 0.66131
vn -0.551965 0.50792 0.661326
vn 0.358518 -0.902494 0.238682
vn 0.358519 -0.902496 0.238674
vn -0.068564 -0.968676 0.238676
vn -0.068564 -0.968676 0.238675
vn -0.482069 -0.842998 0.238671
vn -0.482069 -0.842998 0.238672
vn -0.800093 -0.550355 0.238666
vn -0.800093 -0.550355 0.238664
vn -0.959648 -0.148706 0.238668
vn -0.959643 -0.148703 0.238688
vn -0.92913 0.282394 0.238687
vn -0.929126 0.282395 0.238699
vn -0.714588 0.657563 0.238696
vn -0.714589 0.657563 0.238691
vn 0.636468 -0.733444 0.23868
vn 0.255217 -0.936961 0.23868
vn -0.062691 -0.002605 0.99803
vn -0.037048 -0.050636 0.99803
vn -0.01141 -0.061697 0.99803
vn 0.016488 -0.060533 0.99803
vn 0.041122 -0.047387 0.99803
vn 0.057609 -0.024852 0.99803
vn -0.062689 -0.002605 0.99803
vn -0.358329 -0.014891 0.933477
vn -0.358333 -0.014891 0.933475
vn -0.74945 -0.031145 0.661328
vn -0.749452 -0.031146 0.661326
vn -0.03705 -0.050638 0.99803
vn -0.21177 -0.289435 0.933478
vn -0.21177 -0.289436 0.933477
vn -0.442928 -0.605371 0.661317
vn -0.442929 -0.605373 0.661315
vn -0.970264 -0.040322 0.238668
vn -0.970262 -0.040321 0.238674
vn -0.856678 -0.457315 0.238673
vn -0.856681 -0.457312 0.238668
vn -0.661726 -0.353241 0.661317
vn -0.661719 -0.353236 0.661326
vn -0.316379 -0.168888 0.933478
vn -0.316385 -0.168892 0.933475
vn -0.055349 -0.029546 0.99803
vn -0.05535 -0.029547 0.99803
vn -0.011409 -0.061694 0.99803
vn -0.065217 -0.352657 0.933477
vn -0.065218 -0.352665 0.933474
vn -0.136403 -0.737599 0.661318
vn -0.136403 -0.737591 0.661327
vn -0.176592 -0.954907 0.238678
vn -0.176592 -0.954907 0.23868
vn -0.85668 -0.45731 0.238678
vn -0.573421 -0.783722 0.238679
vn -0.573421 -0.783722 0.238679
vn -0.573421 -0.783724 0.238675
vn -0.176592 -0.954908 0.238676
vn 0.016489 -0.060537 0.99803
vn 0.094256 -0.346037 0.933474
vn 0.094255 -0.346034 0.933476
vn 0.197134 -0.723733 0.661324
vn 0.197137 -0.723738 0.661317
vn 0.255217 -0.936962 0.238677
vn 0.255216 -0.936961 0.238683
vn 0.041121 -0.047386 0.99803
vn 0.23506 -0.27087 0.933475
vn 0.23506 -0.27087 0.933475
vn 0.49163 -0.566529 0.661321
vn 0.491629 -0.566527 0.661323
vn 0.636474 -0.73344 0.238677
vn 0.636476 -0.733441 0.238669
vn 0.057609 -0.024851 0.99803
vn 0.329307 -0.142057 0.933476
vn 0.329309 -0.142057 0.933475
vn 0.688751 -0.297114 0.661321
vn 0.688751 -0.297114 0.661321
vn 0.891671 -0.38465 0.238678
vn 0.89167 -0.38465 0.23868
vn -0.704857 0.704859 0.079691
vn 0.707011 0.707024 0.01588
vn -0.111524 0.619124 0.777334
vn 0.685733 0.679885 0.259859
vn 0.724441 0.684706 0.079767
vn 0.701317 0.704957 0.10578
vn 0.704435 0.705437 0.078296
vn -0.693032 0.720645 0.019445
vn -0.693032 0.720645 0.019437
vn -0.679175 0.729843 0.077786
vn -0.715044 0.688986 0.118361
vn -0.720098 0.689151 0.080813
vn -0.722837 0.646225 0.244744
vn -0.679447 0.72475 0.114409
vn -0.653949 0.720952 0.229301
vn -0.666789 0.696262 0.265727
vn -0.676471 0.698157 0.234445
vn -0.686643 0.674617 0.270949
vn -0.60371 0.706836 0.368669
vn -0.598927 0.694908 0.397982
vn -0.611999 0.697916 0.371982
vn -0.627069 0.662124 0.410338
vn -0.54338 0.6776 0.495578
vn -0.543379 0.677599 0.495579
vn -0.576646 0.718973 0.388017
vn -0.532901 0.690385 0.48927
vn -0.543172 0.651835 0.529221
vn -0.561834 0.654033 0.506542
vn -0.547651 0.64568 0.532142
vn -0.547666 0.64568 0.532127
vn -0.444065 0.675152 0.589047
vn -0.438489 0.650564 0.620076
vn -0.459028 0.653304 0.602069
vn -0.451043 0.630305 0.631883
vn -0.342402 0.65816 0.670511
vn -0.328029 0.647902 0.687474
vn -0.346639 0.650371 0.675913
vn -0.328421 0.647126 0.688018
vn -0.10415 0.620866 0.776967
vn -0.110385 0.625887 0.772063
vn -0.224882 0.615133 0.755672
vn -0.236432 0.62209 0.746394
vn -0.222814 0.621536 0.751031
vn -0.229345 0.642175 0.731445
vn -0.33236 0.6392 0.693513
vn -0.233358 0.630875 0.73996
vn -0.364258 0.615986 0.698483
vn -0.111524 0.619124 0.777334
vn -0.105558 0.611755 0.783973
vn 0.006982 0.6193 0.785124
vn 0.014728 0.615628 0.787899
vn 0.007025 0.615818 0.787857
vn 0.014946 0.604834 0.796212
vn 0.127769 0.603543 0.787027
vn 0.134108 0.619447 0.773499
vn 0.123329 0.627433 0.768842
vn 0.014582 0.619735 0.784675
vn 0.014596 0.619736 0.784675
vn 0.360797 0.642427 0.676101
vn 0.347516 0.647413 0.678299
vn 0.254818 0.617073 0.744506
vn 0.243262 0.624157 0.742463
vn 0.252 0.624843 0.738964
vn 0.239856 0.633595 0.735545
vn 0.135944 0.610094 0.780579
vn 0.126017 0.613112 0.77988
vn 0.126002 0.613111 0.779883
vn 0.644213 0.665902 0.376251
vn 0.591521 0.704861 0.391503
vn 0.607697 0.706901 0.361932
vn 0.586861 0.709869 0.389461
vn 0.573196 0.646214 0.503839
vn 0.539742 0.664178 0.517249
vn 0.539774 0.664164 0.517233
vn 0.55744 0.666818 0.494585
vn 0.526231 0.681415 0.50868
vn 0.474533 0.639801 0.604543
vn 0.445449 0.664072 0.600486
vn 0.457991 0.665092 0.589828
vn 0.445329 0.664228 0.600403
vn 0.36846 0.627756 0.685682
vn 0.350569 0.641578 0.68226
vn 0.350572 0.641577 0.68226
vn 0.684641 0.721405 0.104126
vn 0.695105 0.669407 0.262151
vn 0.691039 0.684489 0.232251
vn 0.676761 0.689652 0.257631
vn 0.684411 0.691611 0.230774
vn 0.649416 0.717898 0.25076
vn 0.634202 0.6776 0.372352
vn 0.634209 0.677602 0.372337
vn -0.740489 -0.624775 0.247655
vn 0.510517 -0.713516 0.479863
vn 0.463332 -0.637858 0.615191
vn 0.393545 -0.552826 0.73451
vn 0.389738 -0.620368 0.680623
vn 0.333972 -0.676089 0.656785
vn 0.262075 -0.565008 0.782357
vn 0.270286 -0.612911 0.742486
vn 0.247464 -0.610645 0.752247
vn 0.233232 -0.704112 0.670693
vn 0.129596 -0.521435 0.843392
vn 0.145754 -0.607984 0.780456
vn 0.116937 -0.606659 0.786315
vn 0.704841 -0.704843 0.079978
vn 0.675731 -0.735161 0.054093
vn 0.673996 -0.734651 0.077576
vn 0.610733 -0.790227 0.050467
vn 0.801341 -0.53708 0.263435
vn 0.71658 -0.669945 0.194132
vn 0.654934 -0.719711 0.230385
vn 0.654936 -0.719711 0.230379
vn 0.567883 -0.806298 0.165506
vn 0.739132 -0.523125 0.424293
vn 0.598858 -0.733867 0.320637
vn 0.578817 -0.731563 0.360259
vn 0.532029 -0.793462 0.295572
vn 0.646479 -0.515549 0.562382
vn 0.589412 -0.651512 0.477625
vn 0.519035 -0.703603 0.485331
vn 0.513967 -0.739483 0.434745
vn 0.449072 -0.703381 0.550989
vn 0.526492 -0.522833 0.670412
vn 0.417858 -0.741908 0.524373
vn 0.385468 -0.628608 0.675475
vn -0.521219 -0.786284 0.331795
vn -0.704822 -0.704902 0.079618
vn -0.738105 -0.672319 0.056456
vn -0.736311 -0.671654 0.082019
vn -0.80735 -0.587025 0.059899
vn -0.773598 -0.627977 0.084799
vn -0.620144 -0.764928 0.17409
vn -0.647606 -0.727665 0.226076
vn -0.709153 -0.678766 0.190733
vn -0.709153 -0.678766 0.190732
vn -0.5841 -0.621098 0.522555
vn -0.408532 -0.719139 0.562086
vn -0.521379 -0.581477 0.624539
vn -0.365718 -0.654831 0.661398
vn -0.448275 -0.663284 0.599253
vn -0.34518 -0.690456 0.635705
vn -0.341886 -0.649034 0.679609
vn -0.425765 -0.530222 0.733205
vn -0.198996 -0.711915 0.673482
vn -0.241508 -0.677992 0.694263
vn -0.213212 -0.675029 0.706312
vn -0.301507 -0.506692 0.807686
vn -0.092123 -0.70659 0.7016
vn -0.671053 -0.653829 0.349566
vn -0.671055 -0.653829 0.34956
vn -0.673887 -0.623981 0.395631
vn -0.515727 -0.731554 0.44593
vn -0.525255 -0.698574 0.485903
vn -0.600173 -0.62874 0.494448
vn -0.600208 -0.628742 0.494402
vn -0.147105 -0.562564 0.813561
vn -0.103955 -0.638388 0.762663
vn -0.128972 -0.656389 0.743317
vn -0.12897 -0.656389 0.743317
vn 0.116926 -0.60665 0.786323
vn 0.12565 -0.698531 0.704462
vn -0.010619 -0.517189 0.855805
vn 0.018296 -0.622216 0.782632
vn -0.009302 -0.622406 0.78264
vn 0.016399 -0.687719 0.725792
vn -0.114602 -0.567028 0.815687
vn -0.654834 0.365726 0.66139
vn -0.62478 0.740486 0.247651
vn -0.637856 -0.463337 0.61519
vn -0.552821 -0.393546 0.734514
vn -0.620367 -0.389739 0.680623
vn -0.676088 -0.333974 0.656785
vn -0.607984 -0.145755 0.780456
vn -0.523221 -0.129352 0.842323
vn -0.565005 -0.262075 0.782359
vn -0.612911 -0.270286 0.742486
vn -0.610645 -0.247464 0.752246
vn -0.704113 -0.233231 0.670692
vn -0.565896 -0.153742 0.810015
vn -0.704843 -0.704841 0.079978
vn -0.735162 -0.67573 0.054093
vn -0.734652 -0.673994 0.077579
vn -0.790237 -0.61072 0.050465
vn -0.537095 -0.801332 0.263432
vn -0.669948 -0.716576 0.194135
vn -0.719702 -0.654946 0.230379
vn -0.719702 -0.654945 0.230382
vn -0.806306 -0.567875 0.165496
vn -0.523126 -0.739131 0.424293
vn -0.733869 -0.598857 0.320635
vn -0.731565 -0.578813 0.360263
vn -0.79348 -0.532011 0.295558
vn -0.515577 -0.64647 0.562367
vn -0.651511 -0.589412 0.477626
vn -0.730194 -0.495648 0.470266
vn -0.70338 -0.449073 0.55099
vn -0.713513 -0.510516 0.479867
vn -0.522837 -0.526491 0.67041
vn -0.741911 -0.417856 0.52437
vn -0.628606 -0.385464 0.67548
vn -0.786294 0.521205 0.331793
vn -0.704893 0.704831 0.079618
vn -0.67231 0.738113 0.056455
vn -0.671644 0.73632 0.082019
vn -0.585586 0.80839 0.059953
vn -0.764928 0.620144 0.17409
vn -0.727665 0.647606 0.226076
vn -0.678765 0.709154 0.190732
vn -0.678765 0.709153 0.190734
vn -0.581487 0.521372 0.624535
vn -0.719151 0.408521 0.562079
vn -0.621097 0.584114 0.522542
vn -0.706591 0.092123 0.7016
vn -0.506692 0.301507 0.807686
vn -0.675028 0.213213 0.706312
vn -0.677991 0.241508 0.694264
vn -0.71195 0.198949 0.673458
vn -0.530229 0.425762 0.733201
vn -0.649041 0.341883 0.679604
vn -0.685206 0.34832 0.639661
vn -0.696329 0.316401 0.644217
vn -0.663286 0.448271 0.599253
vn -0.653829 0.671053 0.349566
vn -0.653829 0.671055 0.34956
vn -0.623983 0.673887 0.395628
vn -0.731556 0.515726 0.445928
vn -0.69857 0.525256 0.485907
vn -0.62872 0.600189 0.494453
vn -0.628719 0.600177 0.494469
vn -0.656389 0.12897 0.743317
vn -0.65639 0.128973 0.743316
vn -0.638389 0.103956 0.762662
vn -0.52619 0.153233 0.836447
vn -0.687719 -0.016399 0.725792
vn -0.622414 0.009299 0.782633
vn -0.622224 -0.018298 0.782626
vn -0.517175 0.010623 0.855814
vn -0.69852 -0.125649 0.704473
vn -0.606661 -0.116927 0.786315
vn -0.606658 -0.116924 0.786317
vn 0.968677 -0.06856 0.238671
vn 0.843 -0.482068 0.238666
vn -0.042485 -0.046169 0.99803
vn 0.009608 -0.062001 0.99803
vn 0.035556 -0.05169 0.99803
vn 0.054467 -0.031147 0.99803
vn 0.062586 -0.00443 0.99803
vn 0.058311 0.023164 0.99803
vn -0.042483 -0.046167 0.99803
vn -0.242851 -0.26391 0.933475
vn -0.242848 -0.263907 0.933476
vn -0.50792 -0.551965 0.661326
vn -0.507928 -0.551977 0.66131
vn 0.009607 -0.061999 0.99803
vn 0.054919 -0.354414 0.933474
vn 0.054917 -0.354409 0.933477
vn 0.114861 -0.741254 0.661324
vn 0.114863 -0.741261 0.661316
vn -0.657564 -0.71459 0.238687
vn -0.657563 -0.714587 0.238696
vn -0.282385 -0.929129 0.238699
vn -0.282396 -0.929129 0.238686
vn -0.218129 -0.717682 0.661327
vn -0.218131 -0.717698 0.661308
vn -0.104293 -0.343146 0.933474
vn -0.104292 -0.343138 0.933477
vn -0.018245 -0.06003 0.99803
vn -0.018245 -0.060028 0.99803
vn -0.282396 -0.929129 0.238687
vn 0.148702 -0.959644 0.238688
vn 0.148703 -0.959642 0.238692
vn 0.148707 -0.959647 0.238672
vn 0.550353 -0.80009 0.238677
vn 0.035559 -0.051695 0.99803
vn 0.203254 -0.295484 0.933476
vn 0.203252 -0.295483 0.933477
vn 0.425111 -0.618015 0.661315
vn 0.425103 -0.618006 0.661329
vn 0.550353 -0.800093 0.23867
vn 0.550354 -0.800093 0.238666
vn 0.054465 -0.031146 0.99803
vn 0.311328 -0.178034 0.933477
vn 0.311335 -0.178036 0.933474
vn 0.65115 -0.372359 0.661327
vn 0.651146 -0.372357 0.661331
vn 0.842998 -0.482068 0.238672
vn 0.843 -0.482068 0.238668
vn 0.062587 -0.00443 0.99803
vn 0.357748 -0.025322 0.933475
vn 0.357746 -0.025322 0.933476
vn 0.748225 -0.052961 0.661328
vn 0.748225 -0.052961 0.661328
vn 0.968677 -0.068565 0.23867
vn 0.968675 -0.068566 0.238679
vn 0.05831 0.023164 0.99803
vn 0.333304 0.132405 0.933476
vn 0.333305 0.132406 0.933476
vn 0.697104 0.276925 0.661331
vn 0.69711 0.276929 0.661323
vn 0.902497 0.35852 0.238668
vn 0.902495 0.358518 0.238677
vn -0.0 0.041203 -0.999151
vn -0.082992 0.166948 -0.982467
vn -0.099872 0.209504 -0.972694
vn 0.000945 0.167507 -0.98587
vn 0.000946 0.207722 -0.978187
vn -0.000946 0.44714 -0.894464
vn -0.209336 0.538688 -0.816084
vn -0.195646 0.642438 -0.740943
vn -0.075486 0.549326 -0.832191
vn -0.009367 0.647522 -0.761989
vn -0.179326 0.86632 -0.466188
vn 0.009408 0.810209 -0.586066
vn 0.009408 0.81019 -0.586092
vn -0.179328 0.866324 -0.466179
vn -0.179341 0.866305 -0.466211
vn -0.118694 0.928213 -0.352607
vn 0.007989 0.880568 -0.473852
vn 0.008053 0.93317 -0.359345
vn -0.015265 0.999883 0.0
vn -0.015265 0.999883 0.0
vn -0.090425 0.99035 -0.105025
vn -0.166119 0.986106 0.0
vn -0.096047 0.98461 0.146009
vn 0.017969 0.999839 0.0
vn 0.01817 0.988754 0.148443
vn -0.022672 0.920447 0.390209
vn -0.0 0.16747 0.985877
vn -0.009861 0.130013 0.991463
vn -0.076623 0.167015 0.982972
vn 0.053425 0.378788 0.92394
vn 0.052442 0.55014 0.833424
vn -0.294616 0.374365 0.879234
vn -0.201228 0.539628 0.817502
vn -0.17734 0.866636 0.466361
vn -0.177327 0.866647 0.466345
vn -0.250791 0.773251 0.582398
vn 0.033002 0.880115 0.473611
vn 0.033456 0.789208 0.613214
vn -0.070772 0.54952 0.832478
vn -0.065017 0.607799 0.791425
vn -0.065011 0.607814 0.791414
vn -0.0 0.167507 -0.985871
vn -1e-06 0.242093 0.970253
vn -0.023755 0.167459 0.985593
vn -0.023824 0.24202 0.969979
vn 0.022983 0.550894 0.834259
vn 0.036119 0.660079 0.750327
vn -0.020899 0.550781 0.834388
vn -0.021099 0.660107 0.750875
vn 0.021705 0.880381 0.47377
vn 0.013325 0.999911 -0.0
vn -0.011822 0.923254 0.384009
vn -0.011822 0.923281 0.383944
vn 0.010536 0.880547 -0.473842
vn -0.011227 0.997972 -0.062663
vn -0.011227 0.997973 -0.062645
vn 0.006692 0.146401 -0.989203
vn -0.009963 0.508404 -0.861061
vn -0.009951 0.55075 -0.834611
vn -0.007991 0.508456 -0.861051
vn 0.010497 0.550871 -0.834525
vn -0.010476 0.854787 -0.518873
vn -0.010476 0.854774 -0.518894
vn 0.0 0.167475 -0.985876
vn -0.019191 0.167444 0.985695
vn 0.0 0.243736 0.969842
vn -0.008952 0.880562 0.473847
vn 0.027335 0.922813 0.384277
vn -0.017155 0.663245 0.748205
vn -0.016982 0.550829 0.834445
vn 0.033857 0.661815 0.748902
vn -0.01925 0.244596 0.969434
vn 0.00449 0.14936 -0.988773
vn -0.006966 0.514407 -0.857518
vn -0.00696 0.550895 -0.834545
vn 0.00882 0.513837 -0.857842
vn -0.007435 0.859041 -0.511853
vn -0.007429 0.880569 -0.473859
vn 0.005243 0.858972 -0.511995
vn 0.007152 0.880547 -0.473904
vn -0.007476 0.998543 -0.053445
vn -0.007465 0.999972 0.0
vn 0.012152 0.998498 -0.053428
vn -0.008998 0.923311 0.383949
vn -0.0 0.16753 -0.985867
vn 0.004721 0.149664 -0.988726
vn 0.019285 0.550776 0.83443
vn -0.020172 0.243219 0.969762
vn -0.020172 0.243215 0.969763
vn -0.0 0.16753 0.985867
vn 0.018173 0.880454 0.473782
vn -0.017673 0.662438 0.748908
vn -0.017673 0.662384 0.748956
vn 0.009928 0.999951 -0.0
vn -0.009253 0.923277 0.384022
vn -0.009253 0.923276 0.384026
vn 0.007288 0.880576 -0.473848
vn -0.007603 0.99853 -0.053668
vn -0.007603 0.998531 -0.053642
vn -0.007319 0.513813 -0.857871
vn -0.007319 0.513966 -0.857779
vn 0.007637 0.550862 -0.834561
vn -0.00768 0.85895 -0.512001
vn -0.00768 0.858961 -0.511984
vn 0.0 0.149375 -0.988781
vn 0.00362 0.167473 -0.98587
vn 0.0 0.244032 0.969767
vn -0.017442 0.167448 0.985727
vn -0.017497 0.242996 0.969869
vn 0.016614 0.550829 0.834453
vn 0.015527 0.880497 0.473798
vn -0.015174 0.663014 0.748454
vn -0.015174 0.662982 0.748482
vn 0.008132 0.999967 -0.0
vn -0.007557 0.923096 0.384494
vn -0.007557 0.923104 0.384476
vn 0.006174 0.880578 -0.473862
vn -0.006498 0.998586 -0.052757
vn -0.006498 0.998589 -0.052708
vn -0.00634 0.51368 -0.857958
vn -0.00634 0.51378 -0.857898
vn 0.006485 0.550893 -0.83455
vn -0.006489 0.858975 -0.511976
vn -0.006489 0.858945 -0.512027
vn 0.0 0.149375 -0.988781
vn 0.003631 0.167528 -0.985861
vn 0.0 0.244085 0.969754
vn -0.017442 0.167503 0.985717
vn -0.017497 0.242877 0.969899
vn 0.016621 0.550802 0.834471
vn 0.015527 0.880497 0.473798
vn -0.015174 0.663014 0.748454
vn -0.015174 0.662982 0.748482
vn 0.008132 0.999967 -0.0
vn -0.007557 0.923096 0.384494
vn -0.007557 0.923104 0.384476
vn 0.00618 0.880586 -0.473846
vn -0.006498 0.998587 -0.052734
vn -0.006498 0.998589 -0.052708
vn -0.00634 0.514036 -0.857745
vn -0.00634 0.51378 -0.857898
vn 0.006475 0.550866 -0.834568
vn -0.006496 0.858975 -0.511976
vn -0.006496 0.858934 -0.512046
vn -0.0 0.16753 -0.985867
vn 0.004721 0.149664 -0.988726
vn 0.019277 0.550803 0.834413
vn -0.020187 0.243219 0.969761
vn -0.020187 0.243214 0.969763
vn -0.0 0.167475 0.985876
vn 0.018179 0.880454 0.473782
vn -0.017673 0.662357 0.74898
vn -0.017673 0.662384 0.748956
vn 0.009928 0.999951 -0.0
vn -0.009253 0.923277 0.384022
vn -0.009253 0.923284 0.384008
vn -0.007319 0.513813 -0.857871
vn -0.007319 0.513966 -0.857779
vn 0.007648 0.550889 -0.834543
vn -0.007672 0.85895 -0.512001
vn -0.007666 0.880567 -0.473859
vn 0.005346 0.859058 -0.51185
vn 0.007289 0.88056 -0.473879
vn -0.007603 0.99853 -0.053668
vn -0.007603 0.998531 -0.053642
vn 0.0 0.16753 -0.985867
vn -0.019191 0.167499 0.985685
vn 0.0 0.243789 0.969828
vn -0.008952 0.880562 0.473847
vn 0.027335 0.922813 0.384277
vn -0.017166 0.663164 0.748277
vn -0.016994 0.550802 0.834463
vn 0.033872 0.661845 0.748875
vn -0.01925 0.244477 0.969464
vn -0.007435 0.880573 -0.473852
vn 0.008579 0.858921 -0.512037
vn -0.007476 0.998543 -0.053445
vn -0.007465 0.999972 0.0
vn 0.012153 0.998498 -0.05343
vn -0.008998 0.923356 0.383841
vn 0.004488 0.149423 -0.988763
vn -0.006954 0.514049 -0.857733
vn -0.006948 0.550868 -0.834563
vn 0.008807 0.513869 -0.857823
vn -0.007442 0.859041 -0.511852
vn 0.0 0.167475 -0.985876
vn -0.017416 0.167505 0.985717
vn 0.0 0.244105 0.969749
vn -0.007997 0.880563 0.473862
vn 0.024975 0.922679 0.38476
vn -0.015674 0.664079 0.747498
vn -0.01551 0.550839 0.834467
vn 0.030831 0.662116 0.748767
vn -0.017473 0.245192 0.969317
vn -0.006736 0.88058 -0.47385
vn 0.007853 0.858897 -0.512088
vn -0.006874 0.998584 -0.052753
vn -0.006864 0.999976 0.0
vn 0.010851 0.998544 -0.052844
vn -0.008038 0.923255 0.384104
vn 0.004066 0.149237 -0.988793
vn -0.006305 0.514481 -0.857478
vn -0.0063 0.550895 -0.834551
vn 0.007994 0.513759 -0.857898
vn -0.006741 0.859105 -0.511755
vn -0.130593 -0.097852 0.986595
vn -0.167501 -9e-06 0.985872
vn -0.167511 -0.0 0.98587
vn -0.041202 -0.0 -0.999151
vn -0.166934 -0.082983 -0.98247
vn -0.209449 -0.0778 -0.97472
vn -0.167508 0.000945 -0.98587
vn -0.810187 0.009408 -0.586095
vn -0.647522 -0.009367 -0.76199
vn -0.647511 -0.009375 -0.761998
vn -0.538689 -0.209339 -0.816083
vn -0.44714 -0.000946 -0.894464
vn -0.207729 0.000946 -0.978186
vn -0.81021 0.009408 -0.586065
vn -0.866321 -0.179327 -0.466186
vn -0.933172 0.008051 -0.359341
vn -0.789208 0.033456 0.613214
vn -0.789207 0.033456 0.613216
vn -0.866638 -0.177336 0.466358
vn -0.920447 -0.022674 0.390209
vn -0.988754 0.018168 0.148445
vn -0.999839 0.017967 0.0
vn -0.957343 -0.253084 0.139435
vn -0.986105 -0.166121 0.0
vn -0.994288 -0.00858 -0.106383
vn -0.933172 0.008051 -0.35934
vn -0.378789 0.053425 0.92394
vn -0.378786 0.053425 0.923941
vn -0.53963 -0.201225 0.817501
vn -0.607715 -0.048574 0.792668
vn -0.607696 -0.048587 0.792682
vn -0.243595 -0.020233 0.969666
vn -0.167518 -0.0 -0.985869
vn -0.167489 -0.020172 0.985668
vn -0.243689 -0.006921 0.969829
vn -0.167509 -0.0 0.98587
vn -0.662494 0.035527 0.748225
vn -0.550804 -0.017612 0.834449
vn -0.66267 -0.017788 0.7487
vn -0.880452 0.01832 0.473781
vn -0.923301 -0.009334 0.383964
vn -0.923354 -0.009334 0.383836
vn -0.99995 0.010024 0.0
vn -0.998532 -0.007673 -0.053622
vn -0.998531 -0.007673 -0.053629
vn -0.880567 0.007357 -0.473864
vn -0.858982 -0.007733 -0.511948
vn -0.149583 0.004727 -0.988738
vn -0.514048 -0.007329 -0.85773
vn -0.550875 -0.007322 -0.834556
vn -0.514075 0.009164 -0.857696
vn -0.859027 -0.007733 -0.511872
vn -0.167473 -0.0 -0.985877
vn -0.243825 -1e-06 0.969819
vn -0.167442 -0.01944 0.98569
vn -0.243722 -0.019499 0.969649
vn -0.662801 0.03427 0.748011
vn -0.550825 -0.016967 0.834448
vn -0.662879 -0.017137 0.74853
vn -0.880457 0.017648 0.473797
vn -0.923311 -0.008936 0.383948
vn -0.923297 -0.008936 0.383983
vn -0.999954 0.009599 0.0
vn -0.998542 -0.007387 -0.05347
vn -0.998545 -0.007387 -0.053422
vn -0.880572 0.007079 -0.473859
vn -0.858984 -0.007438 -0.511948
vn -0.149538 0.004546 -0.988746
vn -0.514069 -0.00705 -0.85772
vn -0.550891 -0.007043 -0.834547
vn -0.514099 0.008808 -0.857686
vn -0.859001 -0.007438 -0.51192
vn -0.149351 -0.0 -0.988784
vn -0.167472 0.003332 -0.985871
vn -0.244394 -0.0 0.969676
vn -0.16751 -0.016101 0.985739
vn -0.243264 -0.016152 0.969826
vn -0.55084 0.015327 0.83447
vn -0.880504 0.014321 0.473822
vn -0.663539 -0.013999 0.748011
vn -0.663591 -0.013999 0.747964
vn -0.999973 0.007365 0.0
vn -0.923049 -0.006839 0.384621
vn -0.92308 -0.006839 0.384548
vn -0.88058 0.005677 -0.473863
vn -0.998616 -0.005997 -0.052242
vn -0.998615 -0.005997 -0.052262
vn -0.513651 -0.005837 -0.85798
vn -0.513825 -0.005837 -0.857875
vn -0.550895 0.00594 -0.834553
vn -0.858899 -0.00596 -0.51211
vn -0.858951 -0.00596 -0.512024
vn -0.167531 -0.0 -0.985867
vn -0.243881 -1e-06 0.969805
vn -0.1675 -0.01944 0.98568
vn -0.243722 -0.019499 0.969649
vn -0.662768 0.034265 0.74804
vn -0.550797 -0.016967 0.834467
vn -0.662879 -0.017137 0.74853
vn -0.880457 0.017648 0.473797
vn -0.923311 -0.008936 0.383948
vn -0.923344 -0.008936 0.38387
vn -0.999954 0.009599 0.0
vn -0.998542 -0.007388 -0.053473
vn -0.998546 -0.007388 -0.053397
vn -0.880572 0.007079 -0.473859
vn -0.858984 -0.007438 -0.511948
vn -0.149604 0.004544 -0.988736
vn -0.513693 -0.007037 -0.857945
vn -0.550863 -0.007031 -0.834566
vn -0.514099 0.008808 -0.857686
vn -0.859001 -0.007438 -0.51192
vn -0.167472 0.0 -0.985877
vn -0.167507 -0.016569 0.985732
vn -0.244343 0.0 0.969689
vn -0.880573 -0.007511 0.473851
vn -0.922723 0.023731 0.384732
vn -0.664354 -0.014885 0.74727
vn -0.550845 -0.014728 0.834478
vn -0.662548 0.029353 0.748444
vn -0.24541 -0.016623 0.969277
vn -0.88058 -0.006384 -0.473855
vn -0.858909 0.007434 -0.512074
vn -0.998596 -0.006516 -0.05257
vn -0.999979 -0.006508 0.0
vn -0.998563 0.010196 -0.052603
vn -0.923232 -0.007549 0.38417
vn -0.149217 0.003863 -0.988797
vn -0.514654 -0.005983 -0.857377
vn -0.550895 -0.005978 -0.834553
vn -0.513774 0.007573 -0.857892
vn -0.859128 -0.006389 -0.511722
vn 0.118254 0.534847 -0.836633
vn 0.182805 0.553608 -0.812465
vn 0.228988 0.522273 -0.821459
vn 0.228971 0.52227 -0.821466
vn 0.228992 0.522271 -0.82146
vn 0.383592 0.548813 -0.742739
vn 0.407531 0.585539 -0.700758
vn 0.537333 0.518592 -0.665083
vn 0.645825 0.575847 -0.501308
vn 0.640469 0.557348 -0.528359
vn 0.537328 0.518592 -0.665087
vn 0.614046 0.528091 0.586572
vn 0.74212 0.539608 0.397593
vn 0.680604 0.598799 0.422158
vn 0.748114 0.559377 0.356963
vn 0.614053 0.528091 0.586565
vn 0.519018 0.585748 0.622511
vn 0.487653 0.540549 0.685567
vn 0.34317 0.525898 0.778245
vn 0.343157 0.525906 0.778245
vn 0.343144 0.525905 0.778251
vn 0.160917 0.64784 0.744586
vn 0.261127 0.52142 0.812363
vn 0.172773 0.527116 0.832044
vn 0.004694 0.539792 0.841786
vn -0.002357 0.532944 0.846148
vn 0.789937 0.534268 0.300927
vn 0.84432 0.527982 0.09143
vn 0.84432 0.527981 0.091431
vn 0.820712 0.529383 -0.214909
vn 0.805429 0.546995 -0.228212
vn 0.739073 0.526897 -0.419702
vn 0.739072 0.526897 -0.419704
vn 0.11627 0.0 0.993218
vn 0.11627 0.0 0.993218
vn 0.535693 0.0 0.844413
vn 0.535694 0.0 0.844412
vn 0.849021 1e-06 0.528359
vn 0.84902 -1e-06 0.52836
vn 0.994188 -1e-06 0.10766
vn 0.994188 1e-06 0.107658
vn 0.942444 1e-06 -0.334365
vn 0.942444 1e-06 -0.334365
vn 0.704036 1e-06 -0.710164
vn 0.704037 0.0 -0.710164
vn 0.326187 0.0 -0.945305
vn 0.326187 -0.0 -0.945305
vn -0.396099 -0.918208 0.0
vn -0.430091 -0.902625 -0.017025
vn -0.755188 -0.655354 0.014225
vn -0.75519 -0.655351 0.014225
vn -0.82357 -0.566503 -0.028422
vn -0.964597 -0.262743 0.022788
vn -0.964597 -0.262744 0.022788
vn -0.996305 -0.078807 -0.034132
vn -0.983003 0.181791 0.025647
vn -0.983004 0.181785 0.025647
vn -0.902229 0.429904 -0.034131
vn -0.806838 0.590333 0.022787
vn -0.806835 0.590337 0.022787
vn -0.566503 0.823569 -0.028421
vn -0.041523 0.999138 0.0
vn -0.078842 0.996742 -0.017026
vn -0.470872 0.882087 0.014224
vn -0.470873 0.882086 0.014224
vn -0.463162 0.220691 0.858357
vn -0.290764 0.422705 0.858357
vn -0.040456 0.511455 0.858357
vn -0.220692 -0.463161 0.858357
vn -0.422705 -0.290764 0.858357
vn -0.511455 -0.040457 0.858357
vn 0.369187 -0.929355 0.0
vn 0.334132 -0.942373 -0.017025
vn -0.070594 -0.997404 0.014225
vn -0.070599 -0.997403 0.014225
vn -0.181774 -0.98293 -0.028421
vn -0.496284 -0.867861 0.022788
vn -0.496284 -0.867861 0.022788
vn -0.648769 -0.76022 -0.034132
vn -0.823632 -0.566545 0.025647
vn -0.823631 -0.566546 0.025647
vn -0.94196 -0.333985 -0.034132
vn -0.98795 -0.153089 0.022788
vn -0.987949 -0.153092 0.022788
vn -0.98293 0.181773 -0.028421
vn -0.735859 0.677135 0.0
vn -0.760553 0.649053 -0.017025
vn -0.956687 0.290771 0.014225
vn -0.956687 0.290772 0.014225
vn -0.483556 -0.171454 0.858357
vn -0.504498 0.0933 0.858357
vn -0.390262 0.333045 0.858357
vn 0.171451 -0.483557 0.858357
vn -0.093297 -0.504499 0.858357
vn -0.333047 -0.39026 0.858357
vn 0.918209 -0.396096 0.0
vn 0.918209 -0.396096 0.0
vn 0.655415 -0.755269 0.0
vn 0.655415 -0.755269 0.0
vn 0.262811 -0.964847 0.0
vn 0.262811 -0.964847 0.0
vn -0.181847 -0.983327 0.0
vn -0.181847 -0.983327 0.0
vn -0.590488 -0.807047 0.0
vn -0.590488 -0.807047 0.0
vn -0.882175 -0.470922 0.0
vn -0.882175 -0.470922 0.0
vn -0.999138 -0.041523 0.0
vn -0.999138 -0.041523 0.0
vn -0.220692 -0.463161 0.858357
vn -0.422704 -0.290764 0.858357
vn -0.511455 -0.040456 0.858357
vn 0.463161 -0.220692 0.858357
vn 0.290764 -0.422705 0.858357
vn 0.040456 -0.511455 0.858357
vn 0.929355 0.369188 -0.0
vn 0.942373 0.334131 -0.017025
vn 0.997403 -0.070603 0.014225
vn 0.997403 -0.070599 0.014225
vn 0.98293 -0.181773 -0.028421
vn 0.867861 -0.496284 0.022788
vn 0.86786 -0.496285 0.022788
vn 0.76022 -0.648769 -0.034131
vn 0.566545 -0.823631 0.025647
vn 0.566545 -0.823631 0.025647
vn 0.333985 -0.94196 -0.034131
vn 0.153091 -0.987949 0.022788
vn 0.153092 -0.987949 0.022788
vn -0.181773 -0.98293 -0.028421
vn -0.677136 -0.735858 0.0
vn -0.649053 -0.760553 -0.017025
vn -0.29077 -0.956687 0.014225
vn -0.290772 -0.956687 0.014225
vn 0.171452 -0.483558 0.858357
vn -0.093297 -0.504499 0.858357
vn -0.333048 -0.39026 0.858357
vn 0.483557 0.171452 0.858357
vn 0.504499 -0.093298 0.858357
vn 0.39026 -0.333047 0.858357
vn 0.396097 0.918209 -0.0
vn 0.430092 0.902625 -0.017026
vn 0.75519 0.655351 0.014224
vn 0.755191 0.65535 0.014224
vn 0.823568 0.566505 -0.028421
vn 0.964596 0.262745 0.022788
vn 0.964597 0.262743 0.022788
vn 0.996305 0.078807 -0.034131
vn 0.983004 -0.181785 0.025646
vn 0.983003 -0.181789 0.025646
vn 0.90223 -0.429903 -0.034131
vn 0.806838 -0.590333 0.022788
vn 0.806838 -0.590334 0.022788
vn 0.566503 -0.823569 -0.028421
vn 0.041523 -0.999138 0.0
vn 0.078842 -0.996742 -0.017026
vn 0.470881 -0.882082 0.014225
vn 0.470871 -0.882087 0.014225
vn 0.021159 -0.50911 0.860441
vn 0.411232 -0.300881 0.860441
vn 0.255116 -0.437684 0.862176
vn 0.491638 0.133916 0.860441
vn 0.501113 -0.035472 0.864655
vn 0.201831 0.467873 0.860441
vn 0.310286 0.392408 0.865874
vn 0.394773 0.3175 0.862176
vn 0.480656 -0.146091 0.864655
vn 0.149423 -0.477424 0.865875
vn -0.369185 0.929356 0.0
vn -0.33413 0.942373 -0.017025
vn 0.070585 0.997404 0.014224
vn 0.0706 0.997403 0.014224
vn 0.181773 0.98293 -0.028421
vn 0.496282 0.867862 0.022788
vn 0.496286 0.86786 0.022788
vn 0.648769 0.76022 -0.034131
vn 0.823631 0.566545 0.025647
vn 0.823631 0.566545 0.025647
vn 0.94196 0.333985 -0.034131
vn 0.987949 0.153091 0.022788
vn 0.987949 0.153092 0.022788
vn 0.98293 -0.181773 -0.028421
vn 0.735859 -0.677135 0.0
vn 0.760553 -0.649053 -0.017025
vn 0.956687 -0.29077 0.014225
vn 0.956687 -0.290772 0.014225
vn 0.374958 -0.345033 0.860441
vn 0.503541 0.078027 0.860441
vn 0.489885 -0.129094 0.862176
vn 0.252949 0.442333 0.860441
vn 0.379418 0.329263 0.864655
vn -0.188119 0.473553 0.860441
vn -0.058066 0.49688 0.865874
vn 0.054637 0.503654 0.862176
vn 0.443178 0.23657 0.864655
vn 0.443254 -0.231922 0.865874
vn -0.918209 0.396097 0.0
vn -0.918209 0.396097 0.0
vn -0.655418 0.755267 0.0
vn -0.655418 0.755267 0.0
vn -0.26281 0.964848 0.0
vn -0.26281 0.964848 0.0
vn 0.181848 0.983327 0.0
vn 0.181848 0.983327 -0.0
vn 0.590488 0.807047 0.0
vn 0.590488 0.807047 -0.0
vn 0.882175 0.470922 0.0
vn 0.882175 0.470922 -0.0
vn 0.999138 0.041523 0.0
vn 0.999138 0.041523 -0.0
vn 0.50911 0.021159 0.860441
vn 0.300884 0.411229 0.860441
vn 0.437684 0.255116 0.862176
vn -0.133916 0.491638 0.860441
vn 0.035472 0.501112 0.864655
vn -0.467872 0.201832 0.860441
vn -0.392406 0.310288 0.865874
vn -0.317501 0.394772 0.862176
vn 0.146084 0.480657 0.864655
vn 0.477424 0.149424 0.865875
vn -0.991445 0.130527 0.0
vn -0.991445 0.130527 0.0
vn -0.923879 -0.382684 0.0
vn -0.923879 -0.382684 -0.0
vn -0.608762 -0.793353 0.0
vn -0.608762 -0.793353 -0.0
vn -0.130526 -0.991445 0.0
vn -0.130526 -0.991445 -0.0
vn 0.382683 -0.92388 0.0
vn 0.382683 -0.92388 0.0
vn 0.793354 -0.608761 0.0
vn 0.793354 -0.608761 0.0
vn -0.991445 0.130527 0.0
vn -0.991445 0.130527 0.0
vn -0.923879 -0.382684 0.0
vn -0.923879 -0.382684 -0.0
vn -0.608761 -0.793354 0.0
vn -0.608761 -0.793354 -0.0
vn -0.130525 -0.991445 0.0
vn -0.130525 -0.991445 -0.0
vn 0.382684 -0.923879 0.0
vn 0.382684 -0.923879 0.0
vn 0.793352 -0.608763 0.0
vn 0.793352 -0.608763 0.0
vn -0.991445 0.130525 0.0
vn -0.991445 0.130525 0.0
vn -0.92388 -0.382682 0.0
vn -0.92388 -0.382682 -0.0
vn -0.60876 -0.793354 0.0
vn -0.60876 -0.793354 -0.0
vn -0.130525 -0.991445 0.0
vn -0.130525 -0.991445 -0.0
vn 0.382684 -0.923879 0.0
vn 0.382684 -0.923879 0.0
vn 0.793353 -0.608762 0.0
vn 0.793353 -0.608762 0.0
vn -0.985871 0.167505 0.0
vn -0.985871 0.167505 0.0
vn -0.960917 -0.276836 0.0
vn -0.960917 -0.276836 -0.0
vn -0.745642 -0.666346 0.0
vn -0.745642 -0.666346 -0.0
vn -0.382684 -0.923879 0.0
vn -0.382684 -0.923879 -0.0
vn 0.056071 -0.998427 0.0
vn 0.056071 -0.998427 0.0
vn 0.483718 -0.875224 0.0
vn 0.483718 -0.875224 0.0
vn 0.815561 -0.578671 0.0
vn 0.815561 -0.578671 0.0
vn 0.889124 -0.457666 0.0
vn -0.999224 0.039376 0.000124
vn -0.185911 -0.982567 0.000267
vn -0.169858 -0.985387 -0.012685
vn -0.265846 -0.96327 0.037917
vn -0.216123 -0.976128 -0.021581
vn -0.216124 -0.976127 -0.02158
vn -0.227887 -0.97362 -0.011517
vn -0.227881 -0.973621 -0.011522
vn -0.239474 -0.970895 -0.003788
vn -0.233346 -0.972382 0.004849
vn -0.233364 -0.972377 0.004842
vn -0.217022 -0.976095 0.011864
vn -0.217021 -0.976095 0.011864
vn -0.202153 -0.979159 0.019548
vn -0.202154 -0.979159 0.019548
vn -0.38093 -0.919145 -0.100324
vn -0.00629 -0.999006 -0.044134
vn -0.022436 -0.999655 -0.013669
vn -0.040148 -0.999188 -0.003422
vn -0.040148 -0.999188 -0.003422
vn -0.104525 -0.994492 0.007713
vn -0.085935 -0.995775 -0.032352
vn -0.085939 -0.995775 -0.032347
vn -0.108518 -0.994056 -0.008751
vn -0.108516 -0.994056 -0.008752
vn -0.130098 -0.991501 -0.000458
vn -0.130053 -0.991507 -0.00046
vn -0.151661 -0.988433 0.000267
vn 0.029051 -0.999574 0.002632
vn 0.029053 -0.999574 0.002632
vn -0.005199 -0.999978 -0.004009
vn 0.177397 -0.984139 -1e-06
vn 0.166169 -0.986097 -0.000747
vn 0.166174 -0.986096 -0.000746
vn 0.151373 -0.988469 -0.003984
vn 0.15139 -0.988466 -0.003976
vn 0.133977 -0.990899 -0.013004
vn 0.133987 -0.990898 -0.012993
vn 0.114503 -0.992842 -0.033975
vn 0.091754 -0.992566 -0.079958
vn 0.100617 -0.993021 -0.061524
vn 0.073858 -0.996824 -0.02977
vn 0.029053 -0.999574 0.00263
vn 0.271893 -0.962308 0.006067
vn 0.271906 -0.962305 0.006077
vn 0.254844 -0.966956 -0.007034
vn 0.254832 -0.96696 -0.007044
vn 0.26243 -0.964951 0.0
vn 0.185044 -0.98273 0.0
vn 0.1774 -0.984139 -1e-06
vn 0.051153 -0.99717 0.055088
vn 0.103155 -0.994634 0.007899
vn 0.084412 -0.996008 0.029033
vn 0.084417 -0.996008 0.02903
vn 0.111936 -0.993616 0.014076
vn 0.111941 -0.993615 0.014074
vn 0.135399 -0.990773 0.006067
vn 0.135423 -0.990769 0.006062
vn 0.155222 -0.987877 0.002329
vn 0.171108 -0.985252 0.000984
vn 0.171096 -0.985254 0.000985
vn -0.225397 -0.974258 0.004122
vn -0.1466 -0.989196 0.000176
vn -0.146578 -0.989199 0.000176
vn -0.146623 -0.989192 0.000175
vn -0.123827 -0.992303 0.001227
vn -0.123824 -0.992303 0.001227
vn -0.098286 -0.995139 0.006115
vn -0.069469 -0.997434 0.01731
vn -0.225108 -0.973257 -0.045799
vn -0.03091 -0.99949 0.007957
vn -0.061954 -0.997889 0.019476
vn -0.035585 -0.998682 0.036984
vn -0.069141 -0.997473 0.016352
vn 0.005009 -0.999987 0.00067
vn 0.005006 -0.999987 0.000671
vn -0.061951 -0.998079 0.000674
vn 0.004984 -0.999988 -0.000182
vn 0.039337 -0.999226 0.000195
vn -0.985867 0.167181 -0.010773
vn -0.988143 0.151797 -0.023053
vn -0.999219 0.039504 0.000124
vn -0.997376 0.072389 -0.000121
vn -0.995219 0.097081 -0.010693
vn -0.996134 0.083638 -0.026858
vn -0.994279 0.106654 -0.005922
vn -0.98371 0.178518 0.021113
vn -0.989825 0.134055 -0.047714
vn -0.988139 0.151823 -0.023031
vn -0.983696 0.179771 -0.004958
vn -0.983688 0.179813 -0.004939
vn -0.981901 0.189379 -0.002269
vn -0.981898 0.189398 -0.002265
vn -0.980415 0.19694 -0.000841
vn -0.980426 0.196888 -0.00085
vn -0.979577 0.201061 0.001686
vn -0.979568 0.201105 0.001681
vn -0.982085 0.188412 0.003278
vn -0.982082 0.188424 0.003277
vn -0.984466 0.175486 0.005574
vn -0.984465 0.175493 0.005572
vn -0.987228 0.158999 0.009978
vn -0.987228 0.159004 0.009977
vn -0.990181 0.138601 0.018197
vn -0.990181 0.1386 0.018198
vn -0.997552 -0.068407 -0.014529
vn -0.997619 -0.067262 -0.015236
vn -0.997432 -0.06945 -0.017497
vn -0.999576 -0.028829 0.004026
vn -0.999576 -0.028827 0.004027
vn -0.999933 0.005371 -0.0103
vn -0.99973 0.014958 -0.017807
vn -0.999445 0.005976 -0.032764
vn -0.999224 0.039383 0.000127
vn -0.931918 -0.341621 -0.121752
vn -0.986861 -0.158697 0.030351
vn -0.986858 -0.158717 0.030339
vn -0.983831 -0.178124 0.018644
vn -0.980942 -0.193962 0.01147
vn -0.980936 -0.193992 0.011457
vn -0.978186 -0.207625 0.006675
vn -0.978187 -0.207618 0.006678
vn -0.975079 -0.221845 0.002578
vn -0.975674 -0.219197 -0.003497
vn -0.975674 -0.219198 -0.003496
vn -0.978109 -0.207892 -0.009168
vn -0.97811 -0.207885 -0.009172
vn -0.980323 -0.196687 -0.01675
vn -0.980323 -0.196687 -0.01675
vn -0.982552 -0.183622 -0.029585
vn -0.982552 -0.183617 -0.029593
vn -0.972431 -0.229618 0.040654
vn -0.990524 -0.136425 -0.015818
vn -0.990523 -0.136433 -0.015809
vn -0.988831 -0.149041 -0.000776
vn -0.995531 -0.094439 0.000278
vn -0.995533 -0.094415 0.000278
vn -0.992951 0.113915 0.032745
vn -0.994817 0.083877 0.057473
vn -0.98953 0.144171 0.006709
vn -0.998017 0.062947 -0.000814
vn -0.999784 -0.020663 0.002232
vn -0.997944 0.064049 0.002219
vn -0.999532 0.03029 0.004188
vn -0.999532 0.030302 0.004187
vn -0.999882 -0.005377 0.014366
vn -0.999588 -0.020663 0.019945
vn -0.997218 -0.074363 0.00508
vn -0.994597 -0.103794 0.00169
vn -0.982748 -0.184944 0.001699
vn -0.990041 -0.132975 0.04623
vn -0.99004 -0.132984 0.046222
vn -0.999535 -0.005792 0.029931
vn -0.999069 -0.04169 0.011102
vn -0.981667 -0.184748 -0.046884
vn -0.998974 -0.042613 0.015344
vn -0.997218 -0.074364 0.00508
vn 0.922444 -0.386129 0.001059
vn 0.889122 -0.457669 0.001063
vn 0.885856 -0.463959 -0.000951
vn 0.801663 -0.597776 0.000956
vn 0.801666 -0.597772 0.000956
vn 0.797885 -0.60281 -0.000843
vn 0.692341 -0.72157 0.000847
vn 0.692342 -0.721569 0.000847
vn 0.688355 -0.725374 -0.000734
vn 0.564131 -0.825685 0.000738
vn 0.564133 -0.825684 0.000738
vn 0.560226 -0.828339 -0.000624
vn 0.182837 -0.983143 0.000712
vn 0.182862 -0.983138 0.000712
vn 0.103146 -0.994666 0.000714
vn 0.179909 -0.983683 1.7e-05
vn 0.265468 -0.96412 -0.000308
vn 0.263942 -0.964539 0.000516
vn 0.265457 -0.964122 0.000516
vn 0.416961 -0.908924 -0.000513
vn 0.420536 -0.907276 0.000628
vn 0.420535 -0.907276 0.000628
vn -0.239456 -0.9709 -0.003799
vn -0.246031 -0.969262 5.8e-05
vn -0.344361 -0.938837 5.8e-05
vn -0.382676 -0.923862 0.006154
vn -0.975085 -0.221818 0.002585
vn -0.973358 -0.22929 0.000623
vn -0.938905 -0.344177 0.000628
vn -0.950995 -0.308997 0.011405
vn -0.869312 -0.493962 -0.017266
vn -0.922442 -0.386136 0.000512
vn -0.869449 -0.494022 0.000516
vn -0.887526 -0.460612 0.011576
vn -0.776174 -0.630276 -0.017489
vn -0.846724 -0.532032 0.0004
vn -0.776278 -0.630391 0.000403
vn -0.800078 -0.59978 0.011747
vn -0.661865 -0.749413 -0.017715
vn -0.748129 -0.663553 0.000287
vn -0.661931 -0.749564 0.000289
vn -0.691013 -0.722744 0.011919
vn -0.52948 -0.848133 -0.017946
vn -0.629321 -0.777146 0.000173
vn -0.529529 -0.848292 0.000174
vn -0.563278 -0.826179 0.012093
vn -0.382596 -0.923737 -0.018188
vn -0.493508 -0.869741 5.8e-05
vn -0.420358 -0.907358 5.8e-05
vn -0.978096 0.20815 0.000953
vn -0.989552 0.144175 0.000955
vn -0.965926 0.258818 -0.000456
vn -0.952308 0.305077 0.006109
vn -0.941386 0.33733 0.001062
vn -0.952328 0.305076 0.001063
vn -0.925308 0.379216 0.0
vn -0.955248 0.295806 0.0
vn -0.955248 0.295806 -0.0
vn -0.955248 0.295806 0.0
vn -0.993337 0.115243 0.0
vn -0.993337 0.115243 0.0
vn -0.993337 0.115243 0.0
vn -0.9976 -0.069244 0.0
vn -0.9976 -0.069245 0.0
vn -0.90522 -0.424943 0.0
vn -0.90522 -0.424943 0.0
vn -0.90522 -0.424943 0.0
vn -0.96789 -0.251374 0.0
vn -0.96789 -0.251374 0.0
vn -0.9976 -0.069245 0.0
vn -0.811709 -0.584061 -0.0
vn -0.811724 -0.584042 -0.0
vn -0.811724 -0.584041 -0.0
vn -0.811725 -0.58404 -0.0
vn -0.690585 -0.723251 0.0
vn -0.690585 -0.723251 -0.0
vn -0.545929 -0.837831 0.0
vn -0.54593 -0.837831 -0.0
vn -0.54593 -0.837831 -0.0
vn -0.382683 -0.92388 0.0
vn -0.382683 -0.92388 -0.0
vn -0.382683 -0.92388 -0.0
vn -0.206405 -0.978467 0.0
vn -0.206405 -0.978467 0.0
vn -0.206404 -0.978467 -0.0
vn -0.023098 -0.999733 0.0
vn -0.023098 -0.999733 -0.0
vn 0.160996 -0.986955 0.0
vn 0.160996 -0.986955 -0.0
vn 0.160996 -0.986955 0.0
vn 0.339607 -0.940567 0.0
vn 0.339607 -0.940567 -0.0
vn 0.339607 -0.940567 0.0
vn 0.506653 -0.86215 0.0
vn 0.506653 -0.86215 0.0
vn 0.506653 -0.86215 0.0
vn 0.656446 -0.754373 0.0
vn 0.656446 -0.754373 0.0
vn 0.656446 -0.754373 0.0
vn 0.783885 -0.620906 0.0
vn 0.783885 -0.620906 -0.0
vn 0.783885 -0.620907 0.0
vn 0.884629 -0.466296 0.0
vn 0.884629 -0.466296 0.0
vn -0.991445 0.130525 0.0
vn -0.991445 0.130525 0.0
vn -0.923879 -0.382684 0.0
vn -0.923879 -0.382684 -0.0
vn -0.608762 -0.793353 0.0
vn -0.608762 -0.793353 -0.0
vn -0.130527 -0.991445 0.0
vn -0.130527 -0.991445 -0.0
vn 0.382685 -0.923879 0.0
vn 0.382685 -0.923879 0.0
vn 0.793353 -0.608761 0.0
vn 0.793353 -0.608761 0.0
vn -0.991445 0.130526 0.0
vn -0.991445 0.130526 0.0
vn -0.923879 -0.382684 0.0
vn -0.923879 -0.382684 -0.0
vn -0.923879 -0.382684 -0.0
vn -0.608761 -0.793354 0.0
vn -0.608761 -0.793354 -0.0
vn -0.130527 -0.991445 0.0
vn -0.130527 -0.991445 -0.0
vn 0.382683 -0.92388 0.0
vn 0.382683 -0.92388 0.0
vn 0.793353 -0.608761 0.0
vn 0.793353 -0.608761 0.0
vn -0.991445 0.130525 0.0
vn -0.991445 0.130525 0.0
vn -0.92388 -0.382683 0.0
vn -0.92388 -0.382683 -0.0
vn -0.60876 -0.793354 0.0
vn -0.60876 -0.793354 -0.0
vn -0.130527 -0.991445 0.0
vn -0.130527 -0.991445 -0.0
vn 0.382684 -0.923879 0.0
vn 0.382684 -0.923879 0.0
vn 0.793353 -0.608762 0.0
vn 0.793353 -0.608762 0.0
vn -0.991445 0.130527 0.0
vn -0.991445 0.130527 0.0
vn -0.923879 -0.382684 0.0
vn -0.923879 -0.382684 -0.0
vn -0.608761 -0.793353 0.0
vn -0.608761 -0.793353 -0.0
vn -0.130527 -0.991445 0.0
vn -0.130527 -0.991445 -0.0
vn 0.382684 -0.923879 0.0
vn 0.382684 -0.923879 0.0
vn 0.793353 -0.608762 0.0
vn 0.793353 -0.608762 0.0
vn -0.991445 0.130525 0.0
vn -0.991445 0.130525 0.0
vn -0.923879 -0.382684 0.0
vn -0.923879 -0.382684 -0.0
vn -0.608761 -0.793353 0.0
vn -0.608761 -0.793353 -0.0
vn -0.130527 -0.991445 0.0
vn -0.130527 -0.991445 -0.0
vn 0.382684 -0.923879 0.0
vn 0.382684 -0.923879 0.0
vn 0.793353 -0.608761 0.0
vn 0.793353 -0.608761 0.0
vn -0.991445 0.130525 0.0
vn -0.991445 0.130525 0.0
vn -0.92388 -0.382683 0.0
vn -0.92388 -0.382683 -0.0
vn -0.608761 -0.793354 0.0
vn -0.608761 -0.793354 -0.0
vn -0.130525 -0.991445 0.0
vn -0.130525 -0.991445 -0.0
vn 0.382684 -0.923879 0.0
vn 0.382684 -0.923879 0.0
vn 0.793353 -0.608762 0.0
vn 0.793353 -0.608762 0.0
vn -0.991445 0.130527 0.0
vn -0.991445 0.130527 0.0
vn -0.923879 -0.382685 0.0
vn -0.923879 -0.382685 -0.0
vn -0.608762 -0.793353 0.0
vn -0.608762 -0.793353 -0.0
vn -0.130526 -0.991445 0.0
vn -0.130526 -0.991445 -0.0
vn 0.382684 -0.923879 0.0
vn 0.382684 -0.923879 0.0
vn 0.793353 -0.608761 0.0
vn 0.793353 -0.608761 0.0
vn -0.991445 0.130527 0.0
vn -0.991445 0.130527 0.0
vn -0.923879 -0.382685 0.0
vn -0.923879 -0.382685 -0.0
vn -0.608761 -0.793353 0.0
vn -0.608761 -0.793353 -0.0
vn -0.130527 -0.991445 0.0
vn -0.130527 -0.991445 0.0
vn 0.382685 -0.923879 0.0
vn 0.382684 -0.923879 -0.0
vn 0.382682 -0.92388 0.0
vn 0.793353 -0.608762 0.0
vn 0.793353 -0.608762 0.0
vn 1e-06 -0.997842 -0.065664
vn 0.002408 -0.998619 -0.052472
vn 0.009739 -0.925134 -0.379517
vn -0.009224 -0.912263 -0.4095
vn 0.006818 -0.974389 -0.224765
vn 0.005161 -0.979984 -0.199008
vn 0.001198 -0.974359 -0.224997
vn 0.001189 -0.979966 -0.199163
vn -0.008748 -0.974227 -0.225401
vn 0.004289 -0.997836 -0.065609
vn 0.013884 -0.83738 -0.546444
vn 0.002365 -0.815038 -0.579403
vn 0.002344 -0.836894 -0.54736
vn -0.012854 -0.81418 -0.580471
vn 0.008988 -0.912798 -0.408312
vn -0.006541 -0.408428 -0.912767
vn 0.006257 -0.548038 -0.83643
vn 0.000424 -0.573358 -0.819305
vn 0.000436 -0.547625 -0.836724
vn -0.00652 -0.57283 -0.819649
vn -0.012037 -0.546699 -0.837242
vn 0.012712 -0.718714 -0.69519
vn -0.014583 -0.689221 -0.724404
vn 0.010027 -0.815422 -0.57878
vn 0.001318 -0.23012 -0.973161
vn -0.008726 -0.201046 -0.979543
vn 0.008459 -0.409406 -0.912313
vn 0.001883 -0.385415 -0.922742
vn 0.001884 -0.385409 -0.922744
vn 0.001755 -0.042977 -0.999075
vn -0.011183 -0.012634 -0.999858
vn 0.011624 -0.230537 -0.972994
vn 0.003579 -0.2015 -0.979482
vn 0.003579 -0.201525 -0.979477
vn 0.008828 0.331133 -0.943543
vn 0.004247 0.359338 -0.933198
vn -0.006675 0.330267 -0.943864
vn 0.006636 0.172469 -0.984993
vn 0.004569 0.14609 -0.989261
vn 0.002536 0.17238 -0.985027
vn 0.002528 0.146015 -0.989279
vn -0.009095 0.171966 -0.985061
vn 0.006604 -0.012681 -0.999898
vn 0.002365 0.503656 -0.863901
vn -0.001189 0.521494 -0.853254
vn -0.001194 0.503411 -0.864046
vn -0.010567 0.520802 -0.853612
vn 0.00886 0.359591 -0.933068
vn 3e-06 0.790449 -0.612528
vn 3e-06 0.790454 -0.612521
vn -0.00083 0.788691 -0.61479
vn -0.001259 0.790378 -0.612618
vn 0.001309 0.658317 -0.75274
vn -0.002316 0.662544 -0.749019
vn -0.002316 0.66254 -0.749023
vn -0.025712 0.88927 -0.456659
vn 0.043647 0.790516 -0.610884
vn -0.000376 0.890459 -0.455064
vn -0.000194 0.890324 -0.455328
vn 0.0002 0.959843 -0.280538
vn -0.000108 0.960109 -0.279625
vn -0.000252 0.959837 -0.280559
vn -0.000252 0.959834 -0.280568
vn -0.000363 0.960107 -0.279634
vn 0.000364 0.995489 -0.094877
vn 0.000111 0.995548 -0.094259
vn 0.0 0.995489 -0.094879
vn 0.997842 0.0 -0.065663
vn 0.99862 0.002407 -0.05247
vn 0.925133 0.009738 -0.379517
vn 0.912263 -0.009224 -0.4095
vn 0.974389 0.006818 -0.224765
vn 0.979984 0.005161 -0.199007
vn 0.974359 0.001198 -0.224997
vn 0.979966 0.001189 -0.199162
vn 0.974227 -0.008748 -0.225401
vn 0.997836 0.004288 -0.06561
vn 0.837382 0.013885 -0.546441
vn 0.815036 0.002364 -0.579406
vn 0.836894 0.002343 -0.54736
vn 0.814182 -0.012854 -0.580468
vn 0.912797 0.008988 -0.408314
vn 0.408428 -0.006541 -0.912767
vn 0.548037 0.006257 -0.836431
vn 0.573358 0.000424 -0.819305
vn 0.547627 0.000436 -0.836723
vn 0.57283 -0.00652 -0.819648
vn 0.546695 -0.012038 -0.837245
vn 0.718713 0.012712 -0.69519
vn 0.689221 -0.014583 -0.724404
vn 0.815425 0.010029 -0.578776
vn 0.23012 0.001319 -0.973161
vn 0.201045 -0.008726 -0.979543
vn 0.409406 0.008459 -0.912313
vn 0.385415 0.001883 -0.922742
vn 0.385409 0.001884 -0.922744
vn 0.042977 0.001755 -0.999075
vn 0.012634 -0.011183 -0.999858
vn 0.230536 0.011624 -0.972994
vn 0.2015 0.00358 -0.979482
vn 0.201527 0.00358 -0.979476
vn -0.14609 0.00457 -0.989261
vn -0.172381 0.002536 -0.985027
vn -0.146015 0.002528 -0.989279
vn -0.171965 -0.009095 -0.985061
vn 0.012681 0.006604 -0.999898
vn -0.503652 0.002366 -0.863903
vn -0.521494 -0.00119 -0.853254
vn -0.503412 -0.001194 -0.864046
vn -0.520802 -0.010567 -0.853612
vn -0.331306 0.012101 -0.943446
vn -0.359329 0.004249 -0.933201
vn -0.331142 0.008826 -0.94354
vn -0.358541 -0.009123 -0.93347
vn -0.172469 0.006636 -0.984993
vn -0.790447 3e-06 -0.612531
vn -0.790453 3e-06 -0.612523
vn -0.78869 -0.000829 -0.61479
vn -0.790379 -0.001258 -0.612617
vn -0.658318 0.001309 -0.752739
vn -0.662545 -0.002316 -0.749018
vn -0.662539 -0.002315 -0.749024
vn -0.889272 -0.025713 -0.456655
vn -0.790514 0.043649 -0.610886
vn -0.890459 -0.000375 -0.455064
vn -0.890324 -0.000194 -0.455327
vn -0.959842 0.0002 -0.280541
vn -0.960109 -0.000109 -0.279625
vn -0.959837 -0.000252 -0.280557
vn -0.959836 -0.000252 -0.280561
vn -0.960106 -0.000362 -0.279635
vn -0.995489 0.000365 -0.094877
vn -0.995548 0.000112 -0.094259
vn -0.995488 -0.0 -0.094885
vn -0.674545 0.216095 0.705898
vn -0.674551 0.216091 0.705894
vn -0.67457 0.216069 0.705882
vn -0.674545 0.216095 0.705898
vn -0.674547 0.216095 0.705896
vn -0.700915 0.102121 0.705896
vn -0.700915 0.102121 0.705896
vn -0.700916 0.102121 0.705896
vn -0.700894 0.102109 0.705919
vn -0.700918 0.102123 0.705893
vn -0.708167 -0.014636 0.705893
vn -0.708166 -0.014639 0.705894
vn -0.708164 -0.014639 0.705896
vn -0.696095 -0.131004 0.705896
vn -0.696097 -0.131 0.705895
vn -0.696096 -0.130999 0.705896
vn -0.696097 -0.130999 0.705896
vn -0.66504 -0.243789 0.705896
vn -0.665041 -0.243786 0.705895
vn -0.66504 -0.243786 0.705897
vn -0.615839 -0.349933 0.705896
vn -0.615845 -0.349924 0.705895
vn -0.615845 -0.349923 0.705896
vn -0.615847 -0.349924 0.705894
vn -0.549862 -0.446504 0.705894
vn -0.54985 -0.446516 0.705895
vn -0.549851 -0.446517 0.705894
vn -0.468884 -0.530905 0.705895
vn -0.468856 -0.530928 0.705896
vn -0.468856 -0.530928 0.705896
vn -0.468857 -0.530928 0.705896
vn -0.375099 -0.600842 0.705897
vn -0.375073 -0.600857 0.705897
vn -0.375074 -0.600858 0.705896
vn -0.271044 -0.654406 0.705895
vn -0.271061 -0.654398 0.705896
vn -0.27106 -0.654398 0.705896
vn -0.271068 -0.654406 0.705886
vn -0.27106 -0.654398 0.705896
vn -0.043891 -0.706954 0.705896
vn -0.043891 -0.706955 0.705896
vn -0.271189 -0.654349 0.705892
vn -0.159653 -0.690086 0.705898
vn -0.159653 -0.690085 0.705899
vn -0.159614 -0.690095 0.705899
vn -0.043892 -0.706953 0.705897
vn -0.043913 -0.70694 0.705909
vn 0.188035 -0.682902 0.705895
vn -0.043881 -0.706955 0.705896
vn 0.073069 -0.704537 0.705895
vn 0.073069 -0.704537 0.705896
vn 0.07306 -0.704537 0.705897
vn 0.188036 -0.6829 0.705897
vn 0.188034 -0.682899 0.705898
vn 0.297871 -0.642637 0.705896
vn 0.297872 -0.642637 0.705896
vn 0.297872 -0.642638 0.705896
vn 0.188028 -0.682903 0.705896
vn 0.399584 -0.584845 0.705896
vn 0.399584 -0.584845 0.705896
vn 0.399583 -0.584845 0.705896
vn 0.490395 -0.511099 0.705897
vn 0.490397 -0.511098 0.705896
vn 0.490396 -0.511098 0.705897
vn 0.399582 -0.584845 0.705896
vn 0.567833 -0.423412 0.705895
vn 0.567832 -0.423411 0.705896
vn 0.567832 -0.423411 0.705897
vn 0.629784 -0.324173 0.705893
vn 0.629781 -0.324176 0.705894
vn 0.629779 -0.324174 0.705896
vn 0.56783 -0.423414 0.705896
vn -0.676909 0.209606 0.705591
vn -0.676906 0.209614 0.705592
vn -0.676905 0.209613 0.705593
vn -0.703897 0.081663 0.705592
vn -0.703897 0.081663 0.705592
vn -0.703896 0.081663 0.705593
vn -0.641455 -0.301122 0.705593
vn -0.685864 -0.178128 0.705593
vn -0.685864 -0.178128 0.705592
vn -0.706917 -0.049068 0.705592
vn -0.706917 -0.049068 0.705593
vn -0.706916 -0.049068 0.705593
vn -0.703896 0.081663 0.705593
vn -0.386856 -0.593702 0.705592
vn -0.489361 -0.512508 0.705592
vn -0.48936 -0.512507 0.705594
vn -0.575201 -0.413862 0.705594
vn -0.575202 -0.413862 0.705592
vn -0.575237 -0.413804 0.705598
vn -0.641453 -0.301122 0.705594
vn -0.146262 -0.693358 0.705594
vn -0.271176 -0.654677 0.705594
vn -0.271176 -0.654677 0.705593
vn -0.271176 -0.654677 0.705593
vn -0.386855 -0.593701 0.705594
vn 0.114084 -0.699372 0.705594
vn -0.016367 -0.708427 0.705594
vn -0.016368 -0.708429 0.705593
vn -0.016285 -0.708435 0.705588
vn -0.146263 -0.69336 0.705592
vn 0.114085 -0.699373 0.705593
vn 0.114085 -0.699373 0.705593
vn 0.114085 -0.699373 0.705593
vn 0.240652 -0.666502 0.705593
vn 0.240652 -0.666504 0.705591
vn 0.359024 -0.610935 0.705591
vn 0.359024 -0.610935 0.705592
vn 0.359023 -0.610933 0.705594
vn 0.465169 -0.534561 0.705594
vn 0.465168 -0.534561 0.705594
vn 0.555474 -0.439984 0.705594
vn 0.555475 -0.439985 0.705593
vn 0.555474 -0.439985 0.705593
vn 0.555473 -0.439985 0.705594
vn 0.626863 -0.330425 0.705594
vn 0.626864 -0.330425 0.705593
vn 0.626863 -0.330425 0.705593
vn -0.965926 0.258819 0.0
vn -0.965926 0.258819 0.0
vn -1.0 0.0 0.0
vn -1.0 -0.0 -0.0
vn -0.965926 -0.258819 0.0
vn -0.965926 -0.258819 -0.0
vn -0.866025 -0.5 0.0
vn -0.866025 -0.5 -0.0
vn -0.707107 -0.707107 0.0
vn -0.707107 -0.707107 -0.0
vn -0.5 -0.866026 0.0
vn -0.5 -0.866026 -0.0
vn -0.258819 -0.965926 0.0
vn -0.258819 -0.965926 -0.0
vn 0.0 -1.0 0.0
vn 0.0 -1.0 0.0
vn 0.258819 -0.965926 0.0
vn 0.258819 -0.965926 0.0
vn 0.5 -0.866025 0.0
vn 0.5 -0.866025 0.0
vn 0.707107 -0.707107 0.0
vn 0.707107 -0.707107 0.0
vn 0.866026 -0.5 0.0
vn 0.866026 -0.5 0.0
vn -0.685941 -0.183797 0.704062
vn 0.614998 -0.355069 0.704062
vn 0.614999 -0.355069 0.704061
vn 0.502145 -0.502144 0.704061
vn 0.502144 -0.502144 0.704062
vn 0.355069 -0.614998 0.704062
vn 0.35507 -0.614999 0.704061
vn 0.355069 -0.614998 0.704062
vn 0.183798 -0.685941 0.704062
vn 0.183797 -0.685941 0.704062
vn 0.0 -0.710139 0.704062
vn 0.0 -0.710139 0.704061
vn 1.2e-05 -0.710139 0.704062
vn -0.183797 -0.685941 0.704063
vn -0.183797 -0.685941 0.704062
vn -0.183796 -0.685941 0.704063
vn -0.355069 -0.614997 0.704063
vn -0.355069 -0.614998 0.704062
vn -0.502144 -0.502144 0.704062
vn -0.502144 -0.502144 0.704062
vn -0.502143 -0.502144 0.704063
vn -0.614998 -0.35507 0.704062
vn -0.614997 -0.355069 0.704063
vn -0.614998 -0.355069 0.704063
vn -0.685941 -0.183798 0.704062
vn -0.685941 -0.183797 0.704062
vn -0.710139 0.0 0.704062
vn -0.710139 0.0 0.704062
vn -0.685942 0.183795 0.704062
vn -0.685941 0.183797 0.704063
vn -0.685941 0.183798 0.704062
vn -0.713101 0.093882 0.694747
vn -0.713102 0.093882 0.694746
vn -0.664505 -0.275247 0.694746
vn -0.664505 -0.275247 0.694746
vn -0.437855 -0.570623 0.694747
vn -0.437855 -0.570624 0.694746
vn -0.093882 -0.713102 0.694746
vn -0.093882 -0.713102 0.694746
vn 0.275247 -0.664505 0.694746
vn 0.275247 -0.664505 0.694745
vn 0.570623 -0.437855 0.694746
vn 0.570623 -0.437854 0.694747
vn -0.713102 0.093882 0.694746
vn -0.713103 0.093882 0.694745
vn -0.664506 -0.275248 0.694745
vn -0.664505 -0.275247 0.694746
vn -0.437855 -0.570624 0.694746
vn -0.437855 -0.570624 0.694746
vn -0.093881 -0.713102 0.694746
vn -0.093881 -0.713102 0.694746
vn 0.275247 -0.664505 0.694746
vn 0.275246 -0.664504 0.694747
vn 0.570622 -0.437855 0.694748
vn 0.570624 -0.437855 0.694745
vn -0.713102 0.093881 0.694746
vn -0.713101 0.093882 0.694747
vn -0.664504 -0.275245 0.694747
vn -0.664505 -0.275247 0.694746
vn -0.437854 -0.570625 0.694745
vn -0.437854 -0.570624 0.694746
vn -0.093881 -0.713102 0.694746
vn -0.093882 -0.7131 0.694747
vn 0.275247 -0.664504 0.694747
vn 0.275248 -0.664505 0.694746
vn 0.570623 -0.437855 0.694747
vn 0.570624 -0.437855 0.694745
vn -0.70591 0.119938 0.698073
vn -0.705909 0.119939 0.698074
vn -0.688041 -0.198222 0.698074
vn -0.688042 -0.198223 0.698073
vn -0.5339 -0.477122 0.698073
vn -0.5339 -0.477121 0.698073
vn -0.274012 -0.661522 0.698073
vn -0.274012 -0.661522 0.698073
vn 0.040148 -0.7149 0.698073
vn 0.040148 -0.7149 0.698073
vn 0.346355 -0.626684 0.698073
vn 0.346356 -0.626684 0.698072
vn 0.583964 -0.414344 0.698072
vn 0.583963 -0.414344 0.698073
vn -0.517257 0.087886 0.851306
vn -0.504164 -0.145247 0.851306
vn -0.391216 -0.349612 0.851306
vn -0.200783 -0.484732 0.851306
vn 0.029419 -0.523844 0.851306
vn 0.4279 -0.303611 0.851306
vn 0.253791 -0.459205 0.851306
vn 0.253793 -0.459203 0.851306
vn 0.029417 -0.523844 0.851306
vn -0.200782 -0.484732 0.851306
vn -0.391216 -0.349612 0.851306
vn -0.504164 -0.145252 0.851305
vn -0.985871 0.167507 0.0
vn -0.985871 0.167507 0.0
vn -0.960915 -0.276844 0.0
vn -0.960915 -0.276844 -0.0
vn -0.960918 -0.276834 0.0
vn -0.960918 -0.276834 -0.0
vn -0.745642 -0.666347 0.0
vn -0.745642 -0.666347 -0.0
vn -0.745642 -0.666347 0.0
vn -0.745642 -0.666347 -0.0
vn -0.382682 -0.92388 0.0
vn -0.382682 -0.92388 -0.0
vn -0.382684 -0.923879 0.0
vn -0.382684 -0.923879 -0.0
vn 0.056068 -0.998427 0.0
vn 0.056068 -0.998427 0.0
vn 0.056072 -0.998427 0.0
vn 0.056072 -0.998427 0.0
vn 0.483719 -0.875223 0.0
vn 0.483719 -0.875223 0.0
vn 0.483715 -0.875225 0.0
vn 0.483715 -0.875225 0.0
vn 0.815561 -0.578671 0.0
vn 0.815561 -0.578671 0.0
vn 0.583967 -0.414347 0.698068
vn 0.583971 -0.414349 0.698064
vn 0.34636 -0.626692 0.698063
vn 0.346355 -0.626688 0.698069
vn 0.346359 -0.62669 0.698065
vn 0.346361 -0.626692 0.698063
vn 0.04015 -0.714911 0.698062
vn 0.040149 -0.714911 0.698061
vn 0.040147 -0.714904 0.698069
vn -0.274014 -0.661526 0.698068
vn -0.274011 -0.661524 0.698071
vn -0.274011 -0.661526 0.69807
vn -0.533902 -0.477124 0.69807
vn -0.533903 -0.477126 0.698068
vn -0.533903 -0.477126 0.698067
vn -0.688047 -0.198223 0.698068
vn -0.705913 0.11994 0.69807
vn -0.688045 -0.198222 0.69807
vn -0.688049 -0.19823 0.698064
vn -0.705917 0.11994 0.698065
vn -0.705918 0.11994 0.698065
vn -0.969049 -0.016576 -0.246312
vn 0.921855 0.021913 -0.386915
vn 0.949955 0.13454 -0.281931
vn 0.892688 0.003051 -0.450666
vn 0.892689 0.003052 -0.450664
vn 0.796348 -0.002735 -0.604833
vn 0.789282 -0.002252 -0.614026
vn 0.79625 -0.000928 -0.604967
vn 0.796251 -0.000928 -0.604966
vn 0.788928 0.003566 -0.614475
vn 0.79588 0.005138 -0.605433
vn 0.672755 -0.004608 -0.739851
vn 0.660682 0.00112 -0.750665
vn 0.340165 -0.005048 -0.940352
vn 0.350955 0.000233 -0.936392
vn 0.339833 0.000814 -0.940485
vn 0.350785 0.002951 -0.936451
vn 0.159888 -0.002825 -0.987131
vn 0.67194 0.006051 -0.74058
vn 0.523306 -0.005354 -0.852128
vn 0.50921 -0.002432 -0.860639
vn 0.523053 -0.00231 -0.852297
vn 0.509209 -0.002307 -0.86064
vn 0.522438 0.005622 -0.852659
vn 0.351322 -0.005062 -0.936241
vn -0.210174 -0.002207 -0.977661
vn -0.019425 0.001994 -0.999809
vn -0.025477 0.001787 -0.999674
vn -0.019437 -0.00208 -0.999809
vn 0.166774 -0.001063 -0.985995
vn 0.16676 -0.001063 -0.985997
vn 0.159807 -0.000392 -0.987148
vn 0.166671 0.002102 -0.98601
vn -0.019434 -0.00208 -0.999809
vn -0.387023 0.002702 -0.922066
vn -0.541025 -0.002607 -0.841003
vn -0.551354 -0.000973 -0.834271
vn -0.203576 -0.000295 -0.979059
vn -0.203587 -0.000295 -0.979057
vn -0.210061 0.001075 -0.977688
vn -0.203485 0.002419 -0.979075
vn -0.387332 -0.002536 -0.921937
vn -0.380091 -0.002014 -0.924947
vn -0.380091 -0.002014 -0.924947
vn -0.540736 0.001255 -0.841191
vn -0.540729 0.001255 -0.841196
vn -0.550873 0.005094 -0.834573
vn -0.682576 -0.005036 -0.730797
vn -0.697285 -0.00593 -0.716769
vn -0.681463 0.008784 -0.7318
vn -0.806352 -0.007503 -0.591389
vn -0.804439 -0.007986 -0.593982
vn -0.806411 -0.008638 -0.591292
vn -0.804473 -0.008638 -0.593927
vn -0.806445 -0.009152 -0.591238
vn -0.904125 0.012659 -0.427081
vn -0.904134 0.012662 -0.427062
vn -0.921249 0.04236 -0.386661
vn -0.899713 0.072915 -0.430349
vn -0.969047 -0.016575 -0.24632
vn -0.996964 1e-06 -0.077865
vn -0.993427 0.017058 -0.113187
vn -0.996396 0.032469 -0.078358
vn -0.969047 -0.016576 -0.24632
vn 0.995451 0.018423 -0.093476
vn 0.960921 -0.011998 -0.276563
vn 0.960918 -0.011998 -0.276575
vn 0.995453 0.018428 -0.093457
vn 0.99357 0.001909 -0.113204
vn 0.995655 -1e-06 -0.093117
vn -0.929355 -0.369186 0.0
vn -0.942373 -0.334131 -0.017025
vn -0.997404 0.070585 0.014224
vn -0.997403 0.070599 0.014224
vn -0.98293 0.181773 -0.028421
vn -0.867861 0.496284 0.022788
vn -0.867859 0.496287 0.022788
vn -0.76022 0.648769 -0.034131
vn -0.566547 0.82363 0.025647
vn -0.566546 0.823631 0.025647
vn -0.333984 0.941961 -0.034131
vn -0.153089 0.98795 0.022788
vn -0.153092 0.987949 0.022788
vn 0.181773 0.98293 -0.028421
vn 0.677135 0.735859 0.0
vn 0.649053 0.760553 -0.017025
vn 0.290771 0.956687 0.014225
vn 0.290772 0.956687 0.014225
vn -0.171452 0.483557 0.858357
vn 0.093297 0.504498 0.858357
vn 0.333047 0.39026 0.858357
vn -0.483557 -0.171452 0.858357
vn -0.504499 0.093297 0.858357
vn -0.39026 0.333047 0.858357
vn 0.171454 -0.483557 0.858356
vn -0.093297 -0.504499 0.858357
vn -0.333048 -0.39026 0.858357
vn 0.483556 0.171453 0.858357
vn 0.504499 -0.093297 0.858357
vn 0.390261 -0.333048 0.858357
vn 0.0 0.0 1.0
vn 0.0 0.0 1.0
vn -0.0 0.0 1.0
vn 0.0 0.0 1.0
vn -0.0 -0.0 1.0
vn 0.0 0.0 1.0
vn 0.0 -0.0 1.0
vn 0.0 -0.0 1.0
vn 0.0 0.0 1.0
vn 0.0 0.0 1.0
vn 0.0 0.0 1.0
vn 0.0 0.0 1.0
vn -0.566735 0.8239 0.0
vn -0.566733 0.823901 1e-06
vn -0.566731 0.823903 0.0
vn -0.996886 -0.078854 0.0
vn -0.996886 -0.078854 -0.0
vn -0.996886 -0.078855 0.0
vn -0.430158 -0.902754 0.0
vn -0.430155 -0.902755 -1e-06
vn -0.430153 -0.902756 0.0
vn 0.566733 -0.823902 0.0
vn 0.566732 -0.823902 1e-06
vn 0.566731 -0.823903 0.0
vn 0.996886 0.078851 0.0
vn 0.996886 0.078853 -1e-06
vn 0.996886 0.078855 -0.0
vn 0.430153 0.902756 0.0
vn 0.430155 0.902755 1e-06
vn 0.430158 0.902754 -0.0
vn 0.0 0.0 1.0
vn 0.0 0.0 1.0
vn 0.0 0.0 1.0
vn 0.0 -0.0 1.0
vn 0.0 0.0 1.0
vn 0.0 0.0 1.0
vn -0.0 0.0 1.0
vn -0.0 0.0 1.0
vn -0.0 0.0 1.0
vn 0.0 0.0 1.0
vn -0.0 0.0 1.0
vn 0.0 0.0 1.0
vn -0.0 0.0 1.0
vn 0.0 0.0 1.0
vn -0.0 0.0 1.0
vn 0.0 0.0 1.0
vn 0.0 0.0 1.0
vn 0.0 0.0 1.0
vn 0.0 0.0 1.0
vn 0.0 0.0 1.0
vn -0.968678 0.068552 0.238671
vn -0.842995 0.482065 0.238688
vn 0.042485 0.046169 0.99803
vn -0.009607 0.061998 0.99803
vn -0.035558 0.051694 0.99803
vn -0.054463 0.031145 0.99803
vn -0.062586 0.00443 0.99803
vn -0.058305 -0.023162 0.99803
vn 0.042483 0.046167 0.99803
vn 0.242848 0.263908 0.933476
vn 0.242852 0.263913 0.933474
vn 0.507921 0.551971 0.66132
vn 0.507919 0.551967 0.661325
vn -0.009608 0.062002 0.99803
vn -0.05492 0.354415 0.933474
vn -0.054919 0.354412 0.933475
vn -0.114863 0.741253 0.661325
vn -0.114863 0.741253 0.661325
vn 0.657566 0.714591 0.238679
vn 0.657566 0.714592 0.238675
vn 0.282396 0.929132 0.238676
vn 0.282397 0.929132 0.238675
vn 0.21813 0.717684 0.661323
vn 0.21813 0.717683 0.661324
vn 0.104294 0.343145 0.933474
vn 0.104295 0.343147 0.933474
vn 0.018244 0.060026 0.99803
vn 0.018244 0.060026 0.99803
vn -0.035557 0.051693 0.99803
vn -0.203253 0.295486 0.933475
vn -0.203255 0.295487 0.933475
vn -0.425105 0.618008 0.661325
vn -0.425105 0.618008 0.661325
vn -0.550353 0.80009 0.238678
vn -0.550355 0.800091 0.238672
vn 0.282397 0.929131 0.238677
vn -0.148706 0.959646 0.238676
vn -0.148705 0.959647 0.238673
vn -0.148703 0.959645 0.238681
vn -0.550353 0.80009 0.23868
vn -0.054465 0.031146 0.99803
vn -0.311335 0.178037 0.933474
vn -0.31133 0.178034 0.933476
vn -0.651149 0.372361 0.661326
vn -0.651159 0.372364 0.661315
vn -0.842999 0.482067 0.238672
vn -0.842992 0.482067 0.238696
vn -0.062583 0.00443 0.99803
vn -0.357741 0.025322 0.933477
vn -0.357749 0.025322 0.933474
vn -0.748235 0.052961 0.661316
vn -0.748228 0.052961 0.661324
vn -0.968674 0.068565 0.238683
vn -0.968673 0.068566 0.238688
vn -0.05831 -0.023164 0.99803
vn -0.33331 -0.132409 0.933473
vn -0.333306 -0.132407 0.933475
vn -0.697107 -0.276927 0.661327
vn -0.697108 -0.276928 0.661325
vn -0.902497 -0.358519 0.238668
vn -0.902494 -0.358515 0.238688
vn 0.929355 0.369188 -0.0
vn 0.942372 0.334132 -0.017025
vn 0.997404 -0.070593 0.014225
vn 0.997403 -0.0706 0.014225
vn 0.98293 -0.181774 -0.028421
vn 0.867861 -0.496284 0.022788
vn 0.867861 -0.496285 0.022788
vn 0.76022 -0.648768 -0.034131
vn 0.566545 -0.823631 0.025647
vn 0.566546 -0.823631 0.025647
vn 0.333986 -0.94196 -0.034131
vn 0.153093 -0.987949 0.022788
vn 0.153088 -0.98795 0.022788
vn -0.181773 -0.98293 -0.028421
vn -0.677136 -0.735858 0.0
vn -0.649054 -0.760552 -0.017025
vn -0.290762 -0.95669 0.014225
vn -0.290772 -0.956687 0.014225
vn -0.628119 -0.738139 -0.246207
vn -0.609439 0.145021 -0.779457
vn -0.528394 0.129553 -0.839057
vn -0.700737 0.234374 -0.673822
vn -0.612243 0.247586 -0.750906
vn -0.614384 0.269315 -0.741621
vn -0.568654 0.261661 -0.77985
vn -0.693687 0.348315 -0.630456
vn -0.670461 0.715879 -0.194933
vn -0.544008 0.797078 -0.262151
vn -0.788725 0.612649 -0.050742
vn -0.732708 0.676087 -0.077747
vn -0.733228 0.677805 -0.054386
vn -0.702877 0.706785 -0.080123
vn -0.707101 0.707113 0.000246
vn -0.528844 0.52427 -0.667431
vn -0.713683 0.510978 -0.479122
vn -0.70342 0.448603 -0.551321
vn -0.729447 0.496927 -0.470075
vn -0.652531 0.588318 -0.477583
vn -0.522659 0.643327 -0.559427
vn -0.790184 0.535875 -0.297402
vn -0.731399 0.579443 -0.359584
vn -0.733621 0.598925 -0.321076
vn -0.529858 0.735681 -0.421929
vn -0.803407 0.571524 -0.167025
vn -0.71876 0.65601 -0.230292
vn -0.718761 0.656011 -0.230288
vn -0.577362 0.383617 -0.720757
vn -0.57734 0.383614 -0.720777
vn -0.576897 0.410697 -0.706058
vn -0.636128 0.465026 -0.615705
vn -0.626799 0.386096 -0.676796
vn -0.740019 0.419077 -0.526067
vn -0.779818 -0.529119 -0.33454
vn -0.704914 -0.704912 -0.078711
vn -0.674198 -0.736351 -0.056964
vn -0.673571 -0.734675 -0.080959
vn -0.593785 -0.802362 -0.060291
vn -0.762955 -0.621896 -0.17648
vn -0.726987 -0.64858 -0.225463
vn -0.682409 -0.70523 -0.19227
vn -0.68241 -0.705233 -0.192258
vn -0.62278 -0.583172 -0.52159
vn -0.716061 -0.41122 -0.564052
vn -0.656574 -0.667877 -0.350501
vn -0.656574 -0.667878 -0.350499
vn -0.626918 -0.672057 -0.394097
vn -0.72909 -0.517191 -0.448265
vn -0.697183 -0.526623 -0.486419
vn -0.631926 -0.596955 -0.494282
vn -0.631928 -0.59698 -0.49425
vn -0.587585 -0.517054 -0.622414
vn -0.653171 -0.366079 -0.662837
vn -0.661808 -0.44964 -0.599862
vn -0.688481 -0.345803 -0.637506
vn -0.647484 -0.343099 -0.680476
vn -0.533348 -0.423791 -0.73208
vn -0.710256 -0.199935 -0.674954
vn -0.677817 -0.240851 -0.694661
vn -0.67496 -0.213561 -0.706273
vn -0.574381 -0.279561 -0.769371
vn -0.566663 -0.249134 -0.785382
vn -0.679464 -0.122977 -0.723329
vn -0.654146 -0.101909 -0.749471
vn -0.655654 -0.128159 -0.744106
vn -0.637878 -0.10458 -0.763004
vn -0.533321 -0.15092 -0.832341
vn -0.684183 0.016205 -0.72913
vn -0.622504 -0.008388 -0.782572
vn -0.622314 0.017951 -0.782562
vn -0.522749 -0.009522 -0.852433
vn -0.69558 0.126001 -0.707313
vn -0.60815 0.11751 -0.785076
vn -0.608177 0.117543 -0.78505
vn 0.738138 -0.628121 -0.246204
vn -0.707104 -0.70711 0.000494
vn -0.389011 -0.621158 -0.680318
vn -0.392561 -0.556743 -0.732074
vn -0.465024 -0.636129 -0.615705
vn -0.117511 -0.60816 -0.785069
vn -0.117543 -0.608186 -0.785044
vn -0.145023 -0.609448 -0.77945
vn -0.12955 -0.528377 -0.839068
vn -0.234378 -0.700729 -0.67383
vn -0.247588 -0.612243 -0.750905
vn -0.26931 -0.614384 -0.741623
vn -0.261658 -0.568659 -0.779847
vn -0.33507 -0.675188 -0.657152
vn -0.759858 -0.598334 -0.254188
vn -0.71588 -0.670459 -0.194936
vn -0.656017 -0.718755 -0.230288
vn -0.706782 -0.702879 -0.080127
vn -0.677808 -0.733224 -0.054395
vn -0.676091 -0.732705 -0.077744
vn -0.612661 -0.788715 -0.050742
vn -0.752752 -0.626664 -0.201635
vn -0.656016 -0.718755 -0.230292
vn -0.571515 -0.803416 -0.167014
vn -0.735682 -0.529857 -0.421929
vn -0.598925 -0.733621 -0.321076
vn -0.579442 -0.731399 -0.359586
vn -0.535882 -0.790173 -0.297416
vn -0.643327 -0.522653 -0.559431
vn -0.588315 -0.652534 -0.477582
vn -0.496931 -0.729445 -0.470075
vn -0.448602 -0.703415 -0.551329
vn -0.510972 -0.713678 -0.479136
vn -0.524264 -0.52886 -0.667423
vn -0.419078 -0.740017 -0.526069
vn -0.386098 -0.626801 -0.676794
vn 0.529108 -0.779826 -0.334539
vn 0.704912 -0.704914 -0.07871
vn 0.736358 -0.67419 -0.056958
vn 0.734683 -0.673563 -0.08096
vn 0.802356 -0.593792 -0.060296
vn 0.621897 -0.762954 -0.176479
vn 0.648581 -0.726986 -0.225463
vn 0.705241 -0.6824 -0.192264
vn 0.70524 -0.6824 -0.192267
vn 0.517052 -0.587587 -0.622413
vn 0.366058 -0.65318 -0.66284
vn 0.449628 -0.66182 -0.599858
vn 0.345804 -0.688489 -0.637497
vn 0.343099 -0.647483 -0.680477
vn 0.423791 -0.533347 -0.732081
vn 0.199939 -0.710252 -0.674956
vn 0.24086 -0.67781 -0.694665
vn 0.213565 -0.674952 -0.706279
vn 0.297974 -0.515708 -0.803279
vn 0.093395 -0.702298 -0.70573
vn 0.667877 -0.656574 -0.350501
vn 0.667882 -0.656575 -0.35049
vn 0.672063 -0.626911 -0.3941
vn 0.51719 -0.729087 -0.448271
vn 0.52662 -0.697189 -0.486415
vn 0.572787 -0.664009 -0.480632
vn 0.577975 -0.630222 -0.518425
vn 0.596976 -0.631936 -0.494243
vn 0.583163 -0.622785 -0.521593
vn 0.411221 -0.71606 -0.564052
vn -0.126 -0.69557 -0.707323
vn -0.019447 -0.562818 -0.826352
vn 0.009328 -0.541462 -0.840674
vn -0.017948 -0.622306 -0.782569
vn 0.008391 -0.622496 -0.782578
vn -0.016205 -0.684183 -0.72913
vn 0.15092 -0.533321 -0.832341
vn 0.104579 -0.637879 -0.763003
vn 0.12816 -0.655655 -0.744104
vn 0.128149 -0.655655 -0.744107
vn 0.707107 0.707107 0.000482
vn 0.705675 0.704033 -0.07975
vn -0.4636 0.655416 -0.596242
vn -0.36338 0.638683 -0.678262
vn -0.704983 0.704985 -0.077424
vn -0.717465 0.693326 -0.067393
vn -0.716401 0.693286 -0.078251
vn 0.694775 0.718965 -0.019393
vn 0.694775 0.718966 -0.01939
vn 0.678885 0.730115 -0.077765
vn 0.71447 0.689465 -0.119038
vn 0.719594 0.689679 -0.080798
vn 0.625914 0.663175 -0.410404
vn 0.611043 0.697668 -0.374013
vn 0.59873 0.694809 -0.39845
vn 0.603609 0.705688 -0.371027
vn 0.725183 0.64288 -0.246607
vn 0.679511 0.724575 -0.115134
vn 0.652837 0.721637 -0.230313
vn 0.664494 0.69839 -0.265891
vn 0.67399 0.700306 -0.23518
vn 0.68556 0.675513 -0.271458
vn 0.685551 0.675517 -0.271473
vn 0.328355 0.646418 -0.688714
vn 0.34547 0.64916 -0.677674
vn 0.328152 0.646863 -0.688393
vn 0.341399 0.656678 -0.672474
vn 0.449606 0.631747 -0.631467
vn 0.457168 0.653279 -0.603509
vn 0.43784 0.650724 -0.620366
vn 0.442912 0.674176 -0.591029
vn 0.546811 0.646083 -0.532517
vn 0.559763 0.654676 -0.508001
vn 0.542068 0.652578 -0.529438
vn 0.532278 0.689291 -0.491486
vn 0.577199 0.718111 -0.38879
vn 0.54348 0.675551 -0.498258
vn 0.543463 0.675547 -0.498282
vn -0.134868 0.618887 -0.773815
vn -0.134929 0.618842 -0.77384
vn -0.015396 0.613541 -0.789513
vn -0.012945 0.613491 -0.789596
vn -0.015342 0.61363 -0.789445
vn -0.012814 0.617365 -0.786572
vn -0.015258 0.617302 -0.786578
vn -0.012789 0.618479 -0.785698
vn 0.104963 0.612675 -0.783334
vn 0.111045 0.614096 -0.78138
vn 0.103994 0.619024 -0.778456
vn 0.110182 0.61924 -0.777433
vn 0.103715 0.620809 -0.777071
vn 0.10921 0.625171 -0.772809
vn 0.224017 0.615741 -0.755433
vn 0.234775 0.622437 -0.746628
vn 0.222038 0.621914 -0.750947
vn 0.228201 0.641131 -0.732718
vn 0.332184 0.638692 -0.694065
vn 0.232049 0.630301 -0.74086
vn 0.361799 0.617132 -0.698748
vn -0.364868 0.637444 -0.678629
vn -0.364877 0.63744 -0.678627
vn -0.364073 0.637376 -0.679119
vn -0.365113 0.636965 -0.678946
vn -0.250939 0.62901 -0.735783
vn -0.253264 0.627336 -0.736415
vn -0.251601 0.62721 -0.737092
vn -0.253944 0.625513 -0.737731
vn -0.13487 0.618955 -0.77376
vn -0.134926 0.618931 -0.773769
vn -0.134922 0.618931 -0.77377
vn -0.551327 0.674989 -0.490335
vn -0.553086 0.674153 -0.489505
vn -0.46632 0.65298 -0.596794
vn -0.46519 0.652989 -0.597665
vn -0.464651 0.655469 -0.595366
vn -0.464731 0.655475 -0.595296
vn -0.723805 0.686668 -0.067773
vn -0.667122 0.715537 -0.207255
vn -0.670445 0.706473 -0.226716
vn -0.679724 0.702818 -0.209814
vn -0.674985 0.701806 -0.227737
vn -0.69811 0.68342 -0.213495
vn -0.613645 0.701024 -0.363325
vn -0.622264 0.697517 -0.355327
vn -0.617882 0.696414 -0.365007
vn -0.635337 0.683085 -0.360197
vn -0.630265 0.68261 -0.369879
vn -0.636646 0.681595 -0.360708
vn -0.549744 0.676962 -0.489392
vn -0.552311 0.675117 -0.489049
vn -0.552299 0.675123 -0.489056
vn 1.0 -1e-06 0.000682
vn 0.953528 -0.005111 0.30126
vn 0.992279 0.005633 0.123895
vn 0.993517 0.010454 0.113198
vn 0.992141 0.01567 0.124139
vn 0.999829 7.9e-05 0.018509
vn 0.781379 0.003206 0.624049
vn 0.878138 0.013635 0.478214
vn 0.805305 -0.028205 0.59219
vn 0.879097 -0.008121 0.476573
vn 0.945754 0.10908 0.306025
vn 0.920808 0.052422 0.386477
vn 0.95353 -0.005111 0.301254
vn 0.953529 -0.005111 0.301258
vn 0.781397 0.003206 0.624025
vn 0.804237 -0.004096 0.594294
vn 0.782172 -0.009549 0.62299
vn 0.665272 0.018699 0.746367
vn 0.697642 -0.011331 0.716357
vn 0.667485 -0.009228 0.744566
vn 0.550496 0.009751 0.834781
vn 0.52433 0.002173 0.851512
vn 0.524331 0.002173 0.851512
vn 0.551551 -0.003693 0.834133
vn 0.525101 -0.007658 0.851005
vn 0.38667 0.007974 0.922184
vn 0.364367 -0.005295 0.93124
vn 0.364375 -0.005293 0.931237
vn 0.387699 -0.008301 0.921749
vn 0.188391 0.008161 0.98206
vn 0.209948 0.003664 0.977706
vn 0.188705 -0.000718 0.982034
vn 0.18872 -0.000718 0.982031
vn 0.210384 -0.007251 0.977592
vn 0.18894 -0.006512 0.981967
vn 0.025454 0.006311 0.999656
vn 0.010632 -0.002519 0.99994
vn -0.159814 -0.000367 0.987147
vn -0.1686 0.002847 0.98568
vn 0.010627 -0.00252 0.99994
vn -0.340227 -0.005993 0.940324
vn -0.353173 0.000437 0.935558
vn -0.3398 0.001105 0.940497
vn -0.352945 0.003703 0.935637
vn -0.159909 -0.003529 0.987125
vn -0.168734 -0.001207 0.985661
vn -0.168735 -0.001207 0.985661
vn -0.509256 -0.002838 0.86061
vn -0.525661 -0.0026 0.85069
vn -0.509225 -0.002595 0.86063
vn -0.524839 0.006772 0.851174
vn -0.353553 -0.005922 0.935396
vn -0.788879 0.004383 0.614532
vn -0.797598 0.006409 0.603155
vn -0.675165 -0.005547 0.737646
vn -0.660678 0.001139 0.750669
vn -0.674182 0.007275 0.73853
vn -0.525866 -0.006192 0.850545
vn -0.893923 0.004035 0.448203
vn -0.920681 0.054978 0.386424
vn -0.961337 -0.011757 0.275124
vn -0.893921 0.004034 0.448207
vn -0.798188 -0.003488 0.602399
vn -0.789317 -0.002867 0.613979
vn -0.798068 -0.001215 0.602567
vn -0.798062 -0.001215 0.602575
vn -0.995453 0.01843 0.093449
vn -0.961335 -0.011757 0.27513
vn -0.961337 -0.011757 0.275123
vn -0.995453 0.018428 0.093458
vn -0.993569 0.00215 0.113203
vn -0.995655 1e-06 0.093116
vn -0.570626 0.437857 0.694742
vn -0.570628 0.437858 0.694741
vn 0.437858 0.570628 0.694741
vn 0.437856 0.570629 0.69474
vn 0.093882 0.713106 0.694742
vn 0.093882 0.713105 0.694742
vn -0.275249 0.664509 0.694741
vn -0.27525 0.664511 0.694739
vn -0.275245 0.664509 0.694743
vn 0.713107 -0.093882 0.694741
vn 0.713107 -0.093882 0.694741
vn 0.664508 0.275248 0.694742
vn 0.664509 0.275249 0.694742
vn 0.437857 0.570627 0.694741
vn 0.991445 -0.130526 0.0
vn 0.991445 -0.130526 0.0
vn 0.92388 0.382683 0.0
vn 0.92388 0.382683 0.0
vn 0.608761 0.793353 0.0
vn 0.608761 0.793353 0.0
vn 0.130527 0.991445 0.0
vn 0.130527 0.991445 0.0
vn -0.382684 0.923879 0.0
vn -0.382684 0.923879 0.0
vn -0.793353 0.608761 0.0
vn -0.793353 0.608761 0.0
vn 0.321548 0.419049 0.84912
vn 0.487993 0.202133 0.84912
vn 0.523681 -0.068944 0.84912
vn -0.419049 0.321548 0.84912
vn -0.202134 0.487993 0.84912
vn 0.068944 0.523681 0.84912
vn 0.713102 -0.093881 0.694746
vn 0.713101 -0.093881 0.694747
vn 0.664505 0.275246 0.694747
vn 0.664506 0.275248 0.694745
vn 0.437855 0.570624 0.694745
vn 0.437855 0.570623 0.694746
vn 0.093882 0.713102 0.694746
vn 0.093882 0.713102 0.694746
vn -0.275247 0.664505 0.694746
vn -0.275247 0.664505 0.694746
vn -0.570624 0.437855 0.694746
vn -0.570624 0.437855 0.694746
vn -0.583963 0.414344 0.698073
vn -0.583963 0.414344 0.698073
vn -0.34636 0.62668 0.698074
vn -0.346356 0.626684 0.698072
vn -0.346355 0.626683 0.698073
vn -0.040145 0.714901 0.698072
vn -0.040148 0.714899 0.698074
vn -0.040149 0.7149 0.698073
vn 0.274011 0.661522 0.698073
vn 0.274012 0.661522 0.698073
vn 0.274011 0.661524 0.698072
vn 0.5339 0.477123 0.698072
vn 0.5339 0.477123 0.698072
vn 0.70591 -0.119939 0.698073
vn 0.70591 -0.119939 0.698073
vn 0.688043 0.198222 0.698073
vn 0.688043 0.198222 0.698073
vn 0.688042 0.198222 0.698073
vn 0.533901 0.47712 0.698073
vn 0.70591 -0.119939 0.698073
vn 0.70591 -0.119939 0.698072
vn 0.688042 0.198223 0.698073
vn 0.688041 0.198221 0.698074
vn 0.533899 0.477122 0.698074
vn 0.533899 0.477122 0.698074
vn 0.274012 0.661522 0.698074
vn 0.274011 0.661522 0.698073
vn -0.040148 0.7149 0.698073
vn -0.040148 0.714901 0.698073
vn -0.346356 0.626684 0.698072
vn -0.346355 0.626683 0.698073
vn -0.583963 0.414344 0.698073
vn -0.583963 0.414344 0.698073
vn 0.713102 -0.093881 0.694746
vn 0.713102 -0.093881 0.694746
vn 0.664506 0.275246 0.694746
vn 0.664506 0.275246 0.694745
vn 0.437854 0.570625 0.694745
vn 0.437854 0.570624 0.694746
vn 0.093882 0.713102 0.694746
vn 0.093882 0.713102 0.694746
vn -0.275247 0.664505 0.694746
vn -0.275248 0.664505 0.694746
vn -0.570624 0.437855 0.694746
vn -0.570623 0.437855 0.694746
vn 0.614998 0.355069 0.704062
vn -0.502144 0.502144 0.704062
vn -0.502145 0.502145 0.704061
vn -0.614999 0.35507 0.704061
vn -0.614998 0.35507 0.704062
vn 0.183797 0.685941 0.704062
vn 0.183797 0.685941 0.704062
vn -0.0 0.710139 0.704062
vn 0.0 0.710138 0.704063
vn -0.183797 0.685941 0.704063
vn -0.183798 0.685941 0.704062
vn -0.355069 0.614998 0.704062
vn -0.35507 0.614999 0.704061
vn -0.355069 0.614998 0.704062
vn 0.502144 0.502144 0.704062
vn 0.502143 0.502143 0.704063
vn 0.355069 0.614998 0.704063
vn 0.355069 0.614998 0.704062
vn 0.183797 0.685941 0.704062
vn 0.614998 0.355069 0.704062
vn 0.614998 0.355069 0.704062
vn 0.685941 0.183798 0.704062
vn 0.685941 0.183797 0.704062
vn 0.710139 0.0 0.704062
vn 0.710139 0.0 0.704062
vn 0.710139 0.0 0.704062
vn 0.685941 -0.183797 0.704062
vn 0.685941 -0.183797 0.704062
vn 0.685941 -0.183797 0.704062
vn 0.0 0.0 1.0
vn 0.0 0.0 1.0
vn 0.0 0.0 1.0
vn -0.0 0.0 1.0
vn 0.0 0.0 1.0
vn -0.0 0.0 1.0
vn 0.0 -0.0 1.0
vn 0.0 -0.0 1.0
vn 0.0 0.0 1.0
vn 0.0 0.0 1.0
vn 0.0 0.0 1.0
vn 0.0 0.0 1.0
vn 0.0 -0.0 1.0
vn -0.0 0.0 1.0
vn -0.0 0.0 1.0
vn 0.0 0.0 1.0
vn 0.0 0.0 1.0
vn 0.0 0.0 1.0
vn 0.0 0.0 1.0
vn -0.0 -0.0 1.0
vn -0.0 -0.0 1.0
vn -0.0 -0.0 1.0
vn 0.965926 -0.258819 0.0
vn 0.965926 -0.258819 0.0
vn 1.0 0.0 0.0
vn 1.0 -0.0 0.0
vn 0.965926 0.258819 0.0
vn 0.965926 0.258819 0.0
vn 0.866025 0.5 0.0
vn 0.866025 0.5 0.0
vn 0.707107 0.707107 0.0
vn 0.707107 0.707107 0.0
vn 0.5 0.866025 0.0
vn 0.5 0.866025 0.0
vn 0.258819 0.965926 0.0
vn 0.258819 0.965926 0.0
vn -0.0 1.0 0.0
vn -0.0 1.0 0.0
vn -0.258819 0.965926 0.0
vn -0.258819 0.965926 0.0
vn -0.5 0.866025 0.0
vn -0.5 0.866025 0.0
vn -0.707107 0.707107 0.0
vn -0.707107 0.707107 0.0
vn -0.866026 0.5 0.0
vn -0.866026 0.5 0.0
vn 0.271176 0.654678 0.705592
vn 0.676901 -0.209626 0.705594
vn 0.676906 -0.209614 0.705592
vn 0.676905 -0.209613 0.705593
vn 0.703896 -0.081663 0.705593
vn 0.703895 -0.081663 0.705594
vn 0.703896 -0.081663 0.705593
vn 0.706916 0.049068 0.705593
vn 0.706916 0.049068 0.705593
vn 0.685863 0.178128 0.705593
vn 0.685863 0.178128 0.705594
vn 0.641454 0.301122 0.705594
vn 0.641455 0.301122 0.705592
vn 0.575189 0.413882 0.705591
vn 0.575201 0.413862 0.705593
vn 0.575202 0.413862 0.705592
vn 0.489361 0.512509 0.705592
vn 0.489361 0.512509 0.705592
vn 0.386856 0.593702 0.705592
vn 0.386855 0.593701 0.705593
vn 0.386856 0.593702 0.705592
vn 0.271176 0.654677 0.705593
vn 0.271176 0.654678 0.705592
vn 0.271175 0.654677 0.705594
vn 0.146262 0.693358 0.705594
vn 0.146263 0.693359 0.705592
vn 0.016368 0.708429 0.705592
vn 0.016367 0.70843 0.705591
vn 0.016425 0.708426 0.705594
vn -0.114084 0.699372 0.705595
vn -0.114085 0.699372 0.705594
vn 0.016367 0.708427 0.705594
vn -0.114085 0.699373 0.705593
vn -0.240652 0.666502 0.705593
vn -0.240651 0.666501 0.705594
vn -0.359023 0.610933 0.705594
vn -0.359024 0.610934 0.705593
vn -0.359024 0.610934 0.705593
vn -0.465169 0.534562 0.705593
vn -0.465169 0.534561 0.705593
vn -0.555474 0.439985 0.705593
vn -0.555474 0.439985 0.705594
vn -0.555474 0.439985 0.705594
vn -0.626863 0.330425 0.705594
vn -0.626864 0.330426 0.705592
vn -0.629781 0.324175 0.705894
vn 0.674552 -0.216092 0.705892
vn 0.674545 -0.216097 0.705898
vn 0.674529 -0.216115 0.705907
vn 0.674548 -0.216095 0.705895
vn 0.674548 -0.216095 0.705895
vn 0.700917 -0.102111 0.705895
vn 0.700918 -0.102121 0.705893
vn 0.700917 -0.102121 0.705894
vn 0.700926 -0.102126 0.705884
vn 0.700915 -0.10212 0.705896
vn 0.708164 0.014636 0.705896
vn 0.708164 0.014639 0.705897
vn 0.708164 0.014639 0.705896
vn 0.708164 0.014639 0.705896
vn 0.696095 0.131005 0.705896
vn 0.696097 0.130999 0.705895
vn 0.696099 0.131 0.705894
vn 0.696097 0.131 0.705896
vn 0.66504 0.243789 0.705895
vn 0.665042 0.243786 0.705895
vn 0.665043 0.243787 0.705894
vn 0.615849 0.34992 0.705894
vn 0.615846 0.349924 0.705894
vn 0.615845 0.349924 0.705895
vn 0.615846 0.349924 0.705895
vn 0.549856 0.446509 0.705895
vn 0.54985 0.446516 0.705896
vn 0.549849 0.446515 0.705896
vn 0.468857 0.530927 0.705896
vn 0.468857 0.530927 0.705896
vn 0.468857 0.530929 0.705895
vn 0.468855 0.530928 0.705897
vn 0.375086 0.600849 0.705898
vn 0.375073 0.600856 0.705898
vn 0.375074 0.600858 0.705896
vn 0.375075 0.600859 0.705895
vn 0.271044 0.654407 0.705894
vn 0.271061 0.654399 0.705895
vn 0.271062 0.654401 0.705893
vn 0.271047 0.654385 0.705914
vn 0.271062 0.654401 0.705893
vn 0.043891 0.706955 0.705896
vn 0.271045 0.654408 0.705893
vn 0.159654 0.690092 0.705893
vn 0.159654 0.690091 0.705894
vn 0.159664 0.690088 0.705894
vn 0.043887 0.706957 0.705894
vn 0.043915 0.706939 0.70591
vn -0.073085 0.704536 0.705895
vn -0.073069 0.704536 0.705896
vn -0.073069 0.704538 0.705894
vn -0.073042 0.704539 0.705896
vn 0.043914 0.706955 0.705894
vn 0.043891 0.706957 0.705893
vn -0.188035 0.682902 0.705895
vn -0.188035 0.682902 0.705895
vn -0.188037 0.682902 0.705894
vn -0.297868 0.642638 0.705897
vn -0.297872 0.642637 0.705896
vn -0.297872 0.642638 0.705896
vn -0.188028 0.682903 0.705896
vn -0.399585 0.584845 0.705895
vn -0.399583 0.584844 0.705897
vn -0.399583 0.584844 0.705897
vn -0.399583 0.584846 0.705896
vn -0.490397 0.511099 0.705896
vn -0.490398 0.511101 0.705894
vn -0.490397 0.511101 0.705894
vn -0.567834 0.423412 0.705894
vn -0.567834 0.423412 0.705894
vn -0.567833 0.423412 0.705895
vn -0.567836 0.423409 0.705894
vn -0.62978 0.324175 0.705895
vn -0.629779 0.324174 0.705896
vn -0.629776 0.324178 0.705898
vn -0.998671 0.002271 0.051498
vn -0.997887 -0.00022 0.064977
vn -1.0 -0.0 0.000697
vn -0.925583 0.009396 0.378428
vn -0.913223 -0.009101 0.407359
vn -0.974973 0.006722 0.222223
vn -0.980408 0.005361 0.196906
vn -0.974941 0.001387 0.222457
vn -0.98039 0.001378 0.197061
vn -0.974816 -0.008538 0.222846
vn -0.997882 0.00408 0.064925
vn -0.837263 0.013395 0.546636
vn -0.816062 0.002358 0.577959
vn -0.836794 0.00234 0.547513
vn -0.815252 -0.012104 0.57898
vn -0.91374 0.008663 0.406207
vn -0.408171 -0.006403 0.912883
vn -0.548821 0.006113 0.835918
vn -0.573352 0.000462 0.819309
vn -0.54842 0.000474 0.836203
vn -0.572844 -0.006186 0.819641
vn -0.547499 -0.011615 0.836726
vn -0.718517 0.012233 0.695402
vn -0.690256 -0.013776 0.723434
vn -0.816429 0.009685 0.577365
vn -0.22997 0.001618 0.973196
vn -0.202582 -0.007884 0.979234
vn -0.409103 0.007662 0.912456
vn -0.386513 0.001588 0.922283
vn -0.386501 0.00159 0.922288
vn -0.042806 0.00162 0.999082
vn -0.014008 -0.010736 0.999844
vn -0.230373 0.011116 0.973039
vn -0.203013 0.00366 0.979169
vn -0.203018 0.00366 0.979168
vn 0.146415 0.004432 0.989213
vn 0.171147 0.00251 0.985242
vn 0.14637 0.002502 0.989227
vn 0.170796 -0.008389 0.985271
vn -0.014063 0.006224 0.999882
vn 0.50388 0.001778 0.863772
vn 0.520645 -0.001494 0.853772
vn 0.503652 -0.001498 0.863905
vn 0.519978 -0.010306 0.854118
vn 0.331263 0.01181 0.943465
vn 0.358396 0.004288 0.93356
vn 0.331106 0.008814 0.943552
vn 0.357638 -0.008651 0.93382
vn 0.171275 0.006377 0.985203
vn 0.789686 -0.000517 0.613511
vn 0.789674 -0.000517 0.613527
vn 0.788807 -0.000924 0.61464
vn 0.789649 -0.001142 0.613557
vn 0.658377 0.001186 0.752688
vn 0.661807 -0.001726 0.749673
vn 0.661819 -0.001727 0.749662
vn 0.888759 -0.025391 0.457672
vn 0.790641 0.044067 0.610692
vn 0.889955 0.00034 0.456048
vn 0.890511 -0.0004 0.454961
vn 0.959727 0.000407 0.280933
vn 0.960091 -1.3e-05 0.279687
vn 0.959716 -0.000211 0.28097
vn 0.959717 -0.000211 0.280967
vn 0.960085 -0.000361 0.279708
vn 0.995489 0.000363 0.094874
vn 0.995548 0.000113 0.094258
vn 0.995489 0.0 0.094878
vn 0.002272 0.998671 0.051498
vn -0.000221 0.997886 0.064983
vn 0.0 1.0 0.000349
vn 0.009396 0.925583 0.378427
vn -0.009101 0.913223 0.407359
vn 0.006721 0.974969 0.222238
vn 0.00536 0.980407 0.196909
vn 0.001388 0.974944 0.222446
vn 0.001379 0.98039 0.197061
vn -0.008537 0.974816 0.222846
vn 0.004081 0.997882 0.064925
vn 0.013395 0.837264 0.546634
vn 0.002358 0.816062 0.577959
vn 0.002339 0.836794 0.547513
vn -0.012103 0.815253 0.578978
vn 0.008663 0.91374 0.406207
vn -0.006403 0.408171 0.912883
vn 0.006113 0.548822 0.835917
vn 0.000463 0.573354 0.819308
vn 0.000474 0.548421 0.836203
vn -0.006186 0.572844 0.819641
vn -0.011615 0.547496 0.836728
vn 0.012233 0.718517 0.695402
vn -0.013775 0.690257 0.723434
vn 0.009681 0.816407 0.577396
vn 0.001618 0.22997 0.973196
vn -0.007884 0.202581 0.979234
vn 0.007662 0.409102 0.912457
vn 0.001588 0.386513 0.922283
vn 0.00159 0.386501 0.922288
vn 0.00162 0.042806 0.999082
vn -0.010736 0.014008 0.999844
vn 0.011116 0.230372 0.973039
vn 0.00366 0.203013 0.979169
vn 0.00366 0.20302 0.979168
vn 0.004432 -0.146416 0.989213
vn 0.00251 -0.171147 0.985242
vn 0.002502 -0.14637 0.989227
vn -0.008389 -0.170796 0.985271
vn 0.006224 0.014063 0.999882
vn 0.001778 -0.503879 0.863772
vn -0.001494 -0.520644 0.853773
vn -0.001498 -0.503653 0.863905
vn -0.010306 -0.519979 0.854117
vn 0.01181 -0.331264 0.943464
vn 0.004289 -0.358394 0.933561
vn 0.008814 -0.331105 0.943553
vn -0.008652 -0.357638 0.93382
vn 0.006377 -0.171275 0.985203
vn -0.000517 -0.789688 0.613508
vn -0.000517 -0.789674 0.613527
vn -0.000925 -0.788807 0.61464
vn -0.001141 -0.789645 0.613562
vn 0.001186 -0.658377 0.752688
vn -0.001726 -0.661807 0.749672
vn -0.001728 -0.661824 0.749658
vn -0.025391 -0.888758 0.457673
vn 0.044067 -0.790641 0.610692
vn 0.000339 -0.889955 0.456047
vn -0.0004 -0.890511 0.454961
vn 0.000407 -0.959727 0.280935
vn -1.3e-05 -0.96009 0.27969
vn -0.00021 -0.959717 0.280968
vn -0.00021 -0.959718 0.280966
vn -0.000361 -0.960089 0.279694
vn 0.000363 -0.995489 0.094874
vn 0.000113 -0.995548 0.094261
vn 1e-06 -0.995489 0.094879
vn 0.985871 -0.167505 0.0
vn 0.985871 -0.167505 0.0
vn 0.960918 0.276834 0.0
vn 0.960918 0.276834 0.0
vn 0.745642 0.666347 0.0
vn 0.745642 0.666347 0.0
vn 0.382684 0.923879 0.0
vn 0.382684 0.923879 0.0
vn -0.056072 0.998427 0.0
vn -0.056072 0.998427 0.0
vn -0.483718 0.875224 0.0
vn -0.483718 0.875224 0.0
vn -0.483719 0.875224 0.0
vn -0.815561 0.578671 0.0
vn -0.815561 0.578671 0.0
vn 0.0 0.0 1.0
vn 0.0 0.0 1.0
vn 0.0 0.0 1.0
vn 0.0 0.0 1.0
vn 0.0 0.0 1.0
vn 0.0 0.0 1.0
vn 0.0 0.0 1.0
vn 0.0 0.0 1.0
vn 0.0 0.0 1.0
vn 0.0 0.0 1.0
vn 0.0 0.0 1.0
vn 0.0 0.0 1.0
vn 0.0 0.0 1.0
vn 0.0 0.0 1.0
vn 0.0 0.0 1.0
vn 0.0 -0.0 1.0
vn 0.0 -0.0 1.0
vn 0.0 0.0 1.0
vn 0.0 0.0 1.0
vn 0.0 0.0 1.0
vn 0.0 0.0 1.0
vn -0.0 0.0 1.0
vn 0.0 0.0 1.0
vn 0.0 0.0 1.0
vn 0.0 0.0 1.0
vn 0.0 0.0 1.0
vn 0.991445 -0.130525 0.0
vn 0.991445 -0.130525 0.0
vn 0.923879 0.382684 0.0
vn 0.923879 0.382684 0.0
vn 0.608761 0.793353 0.0
vn 0.608761 0.793353 0.0
vn 0.130527 0.991445 0.0
vn 0.130527 0.991445 0.0
vn -0.382684 0.923879 0.0
vn -0.382684 0.923879 0.0
vn -0.793353 0.608762 0.0
vn -0.793353 0.608762 0.0
vn 0.0 0.0 1.0
vn 0.0 0.0 1.0
vn 0.0 0.0 1.0
vn 0.0 0.0 1.0
vn -0.0 0.0 1.0
vn 0.0 0.0 1.0
vn 0.0 0.0 1.0
vn -0.0 0.0 1.0
vn 0.0 0.0 1.0
vn 0.0 0.0 1.0
vn 0.0 -0.0 1.0
vn 0.0 0.0 1.0
vn 0.0 0.0 1.0
vn 0.0 -0.0 1.0
vn 0.0 0.0 1.0
vn 0.0 0.0 1.0
vn 0.0 0.0 1.0
vn 0.0 0.0 1.0
vn 0.0 0.0 1.0
vn 0.0 0.0 1.0
vn 0.0 0.0 1.0
vn 0.0 0.0 1.0
vn 0.0 0.0 1.0
vn 0.0 0.0 1.0
vn 0.991445 -0.130526 0.0
vn 0.991445 -0.130526 0.0
vn 0.923879 0.382684 0.0
vn 0.923879 0.382684 0.0
vn 0.608762 0.793353 0.0
vn 0.608762 0.793353 0.0
vn 0.130527 0.991445 0.0
vn 0.130527 0.991445 0.0
vn -0.382685 0.923879 0.0
vn -0.382685 0.923879 0.0
vn -0.793353 0.608761 0.0
vn -0.793353 0.608761 0.0
vn 0.0 0.0 1.0
vn 0.0 0.0 1.0
vn 0.0 0.0 1.0
vn 0.0 0.0 1.0
vn 0.0 0.0 1.0
vn 0.0 0.0 1.0
vn 0.0 0.0 1.0
vn 0.0 0.0 1.0
vn 0.0 0.0 1.0
vn 0.0 -0.0 1.0
vn 0.0 -0.0 1.0
vn 0.0 0.0 1.0
vn 0.0 0.0 1.0
vn 0.0 0.0 1.0
vn 0.0 0.0 1.0
vn -0.0 0.0 1.0
vn -0.0 0.0 1.0
vn 0.0 0.0 1.0
vn 0.0 0.0 1.0
vn 0.0 0.0 1.0
vn 0.0 0.0 1.0
vn 0.0 0.0 1.0
vn 0.0 0.0 1.0
vn 0.0 0.0 1.0
vn 0.985871 -0.167506 0.0
vn 0.985871 -0.167506 0.0
vn 0.960917 0.276836 0.0
vn 0.960917 0.276836 0.0
vn 0.745641 0.666348 0.0
vn 0.745641 0.666348 0.0
vn 0.382684 0.923879 0.0
vn 0.382684 0.923879 0.0
vn -0.056069 0.998427 0.0
vn -0.056069 0.998427 0.0
vn -0.48372 0.875223 0.0
vn -0.48372 0.875223 0.0
vn -0.81556 0.578672 0.0
vn -0.81556 0.578672 0.0
vn 0.0 0.0 1.0
vn 0.0 0.0 1.0
vn 0.0 0.0 1.0
vn 0.0 0.0 1.0
vn 0.0 0.0 1.0
vn 0.0 0.0 1.0
vn 0.0 0.0 1.0
vn 0.0 0.0 1.0
vn 0.0 0.0 1.0
vn 0.0 0.0 1.0
vn 0.0 0.0 1.0
vn 0.0 0.0 1.0
vn 0.0 0.0 1.0
vn 0.0 0.0 1.0
vn -0.0 0.0 1.0
vn 0.0 0.0 1.0
vn 0.0 0.0 1.0
vn -0.0 0.0 1.0
vn 0.0 0.0 1.0
vn 0.0 0.0 1.0
vn 0.0 -0.0 1.0
vn -0.0 0.0 1.0
vn 0.0 0.0 1.0
vn -0.0 -0.0 1.0
vn 0.0 0.0 1.0
vn 0.985871 -0.167505 0.0
vn 0.985871 -0.167505 0.0
vn 0.960917 0.276837 0.0
vn 0.960917 0.276837 0.0
vn 0.745644 0.666344 0.0
vn 0.745644 0.666344 0.0
vn 0.382684 0.923879 0.0
vn 0.382684 0.923879 0.0
vn -0.056072 0.998427 0.0
vn -0.056072 0.998427 0.0
vn -0.483719 0.875224 0.0
vn -0.483719 0.875224 0.0
vn -0.815561 0.578671 0.0
vn -0.815561 0.578671 0.0
vn 0.0 0.0 1.0
vn 0.0 0.0 1.0
vn 0.0 0.0 1.0
vn 0.0 0.0 1.0
vn -0.0 0.0 1.0
vn 0.0 0.0 1.0
vn 0.0 0.0 1.0
vn -0.0 0.0 1.0
vn 0.0 0.0 1.0
vn 0.0 0.0 1.0
vn 0.0 0.0 1.0
vn 0.0 0.0 1.0
vn 0.0 0.0 1.0
vn 0.0 -0.0 1.0
vn 0.0 0.0 1.0
vn 0.0 0.0 1.0
vn 0.0 -0.0 1.0
vn 0.0 0.0 1.0
vn 0.0 0.0 1.0
vn 0.0 0.0 1.0
vn 0.0 -0.0 1.0
vn 0.0 0.0 1.0
vn 0.0 -0.0 1.0
vn 0.0 0.0 1.0
vn 0.0 -0.0 1.0
vn 0.0 0.0 1.0
vn 0.985871 -0.167505 0.0
vn 0.985871 -0.167505 0.0
vn 0.960918 0.276834 0.0
vn 0.960918 0.276834 0.0
vn 0.745642 0.666346 0.0
vn 0.745642 0.666346 0.0
vn 0.382683 0.92388 0.0
vn 0.382683 0.92388 0.0
vn -0.056071 0.998427 0.0
vn -0.056071 0.998427 0.0
vn -0.483719 0.875223 0.0
vn -0.483719 0.875223 0.0
vn -0.815561 0.578672 0.0
vn -0.815561 0.578672 0.0
vn 0.0 -0.0 1.0
vn 0.0 0.0 1.0
vn 0.0 0.0 1.0
vn 0.0 -0.0 1.0
vn 0.0 0.0 1.0
vn 0.0 0.0 1.0
vn 0.0 0.0 1.0
vn 0.0 0.0 1.0
vn 0.0 0.0 1.0
vn 0.0 0.0 1.0
vn 0.0 0.0 1.0
vn 0.0 0.0 1.0
vn 0.0 0.0 1.0
vn 0.0 0.0 1.0
vn 0.0 0.0 1.0
vn 0.0 0.0 1.0
vn 0.0 0.0 1.0
vn 0.0 0.0 1.0
vn 0.0 0.0 1.0
vn 0.0 0.0 1.0
vn -0.0 0.0 1.0
vn 0.0 0.0 1.0
vn 0.0 0.0 1.0
vn -0.0 0.0 1.0
vn 0.0 0.0 1.0
vn 0.0 0.0 1.0
vn 0.991445 -0.130525 0.0
vn 0.991445 -0.130525 0.0
vn 0.92388 0.382683 0.0
vn 0.92388 0.382683 -0.0
vn 0.92388 0.382682 0.0
vn 0.608762 0.793353 0.0
vn 0.608762 0.793353 0.0
vn 0.130527 0.991445 0.0
vn 0.130527 0.991445 0.0
vn -0.382684 0.923879 0.0
vn -0.382684 0.923879 0.0
vn -0.793353 0.608761 0.0
vn -0.793353 0.608761 0.0
vn 0.0 0.0 1.0
vn 0.0 0.0 1.0
vn 0.0 0.0 1.0
vn 0.0 0.0 1.0
vn 0.0 0.0 1.0
vn 0.0 0.0 1.0
vn 0.0 0.0 1.0
vn 0.0 0.0 1.0
vn 0.0 0.0 1.0
vn 0.0 -0.0 1.0
vn 0.0 -0.0 1.0
vn 0.0 0.0 1.0
vn 0.0 0.0 1.0
vn 0.0 0.0 1.0
vn 0.0 0.0 1.0
vn -0.0 0.0 1.0
vn -0.0 0.0 1.0
vn 0.0 0.0 1.0
vn 0.0 0.0 1.0
vn 0.0 0.0 1.0
vn 0.0 0.0 1.0
vn 0.0 0.0 1.0
vn 0.0 0.0 1.0
vn 0.0 0.0 1.0
vn 0.0 0.0 1.0
vn 0.991445 -0.130527 0.0
vn 0.991445 -0.130527 0.0
vn 0.923879 0.382684 0.0
vn 0.923879 0.382684 0.0
vn 0.608762 0.793353 0.0
vn 0.608762 0.793353 0.0
vn 0.130525 0.991445 0.0
vn 0.130525 0.991445 0.0
vn -0.382683 0.92388 0.0
vn -0.382683 0.92388 0.0
vn -0.793353 0.608762 0.0
vn -0.793353 0.608762 0.0
vn 0.0 0.0 1.0
vn 0.0 0.0 1.0
vn 0.0 0.0 1.0
vn 0.0 0.0 1.0
vn 0.0 0.0 1.0
vn 0.0 0.0 1.0
vn 0.0 0.0 1.0
vn 0.0 0.0 1.0
vn 0.0 0.0 1.0
vn 0.0 -0.0 1.0
vn 0.0 0.0 1.0
vn 0.0 -0.0 1.0
vn 0.0 -0.0 1.0
vn 0.0 0.0 1.0
vn 0.0 0.0 1.0
vn -0.0 0.0 1.0
vn 0.0 0.0 1.0
vn -0.0 0.0 1.0
vn -0.0 0.0 1.0
vn 0.0 0.0 1.0
vn 0.0 0.0 1.0
vn 0.0 0.0 1.0
vn 0.0 0.0 1.0
vn 0.0 0.0 1.0
vn 0.0 0.0 1.0
vn 0.0 0.0 1.0
vn 0.0 0.0 1.0
vn 0.0 0.0 1.0
vn 0.0 0.0 1.0
vn 0.0 0.0 1.0
vn -0.0 0.0 1.0
vn 0.0 0.0 1.0
vn 0.0 0.0 1.0
vn 0.0 0.0 1.0
vn 0.0 0.0 1.0
vn 0.0 0.0 1.0
vn 0.0 0.0 1.0
vn 0.0 0.0 1.0
vn 0.0 0.0 1.0
vn 0.0 0.0 1.0
vn 0.0 0.0 1.0
vn 0.0 0.0 1.0
vn 0.0 0.0 1.0
vn 0.0 -0.0 1.0
vn -0.0 0.0 1.0
vn 0.0 0.0 1.0
vn -0.0 0.0 1.0
vn -0.0 0.0 1.0
vn 0.0 0.0 1.0
vn 0.0 0.0 1.0
vn 0.0 0.0 1.0
vn 0.0 0.0 1.0
vn -0.0 0.0 1.0
vn 0.0 -0.0 1.0
vn -0.0 0.0 1.0
vn -0.0 0.0 1.0
vn 0.0 0.0 1.0
vn 0.0 0.0 1.0
vn 0.0 0.0 1.0
vn 0.0 0.0 1.0
vn -0.0 -0.0 1.0
vn 0.0 -0.0 1.0
vn -0.0 0.0 1.0
vn 0.0 0.0 1.0
vn 0.0 0.0 1.0
vn 0.0 0.0 1.0
vn 0.0 0.0 1.0
vn 0.0 0.0 1.0
vn 0.0 0.0 1.0
vn -0.0 0.0 1.0
vn 0.0 0.0 1.0
vn 0.0 0.0 1.0
vn 0.0 0.0 1.0
vn 0.0 0.0 1.0
vn 0.0 0.0 1.0
vn 0.0 0.0 1.0
vn 0.0 -0.0 1.0
vn 0.0 0.0 1.0
vn 0.0 0.0 1.0
vn 0.0 0.0 1.0
vn 0.0 0.0 1.0
vn 0.0 0.0 1.0
vn 0.0 0.0 1.0
vn 0.0 0.0 1.0
vn 0.0 0.0 1.0
vn 0.0 0.0 1.0
vn -0.0 0.0 1.0
vn 0.0 0.0 1.0
vn 0.0 0.0 1.0
vn 0.0 0.0 1.0
vn 0.0 0.0 1.0
vn 0.0 0.0 1.0
vn 0.0 0.0 1.0
vn 0.0 0.0 1.0
vn -0.0 0.0 1.0
vn -0.0 0.0 1.0
vn 0.0 -0.0 1.0
vn -0.0 0.0 1.0
vn 0.0 -0.0 1.0
vn 0.0 0.0 1.0
vn 0.0 0.0 1.0
vn 0.0 0.0 1.0
vn 0.0 0.0 1.0
vn 0.0 0.0 1.0
vn 0.0 0.0 1.0
vn 0.0 0.0 1.0
vn 0.0 0.0 1.0
vn 0.0 -0.0 1.0
vn 0.0 0.0 1.0
vn 0.0 -0.0 1.0
vn 0.0 0.0 1.0
vn -0.0 -0.0 1.0
vn -0.0 -0.0 1.0
vn 0.0 0.0 1.0
vn 0.0 0.0 1.0
vn 0.0 -0.0 1.0
vn 0.0 -0.0 1.0
vn 0.0 -0.0 1.0
vn 0.0 0.0 1.0
vn 0.0 0.0 1.0
vn 0.0 0.0 1.0
vn 0.0 0.0 1.0
vn 0.0 0.0 1.0
vn 0.0 0.0 1.0
vn -0.0 0.0 1.0
vn 0.0 -0.0 1.0
vn 0.0 -0.0 1.0
vn 0.0 0.0 1.0
vn 0.0 -0.0 1.0
vn 0.0 0.0 1.0
vn 0.0 0.0 1.0
vn 0.0 0.0 1.0
vn 0.0 0.0 1.0
vn 0.0 0.0 1.0
vn 0.0 -0.0 1.0
vn 0.0 0.0 1.0
vn 0.0 0.0 1.0
vn 0.0 0.0 1.0
vn 0.0 0.0 1.0
vn 0.0 0.0 1.0
vn -0.0 0.0 1.0
vn 0.0 -0.0 1.0
vn -0.0 0.0 1.0
vn -0.0 -0.0 1.0
vn -0.0 0.0 1.0
vn -0.0 0.0 1.0
vn 0.0 0.0 1.0
vn 0.0 0.0 1.0
vn 0.0 -0.0 1.0
vn 0.0 -0.0 1.0
vn 0.0 0.0 1.0
vn 0.0 0.0 1.0
vn -0.0 0.0 1.0
vn 0.0 0.0 1.0
vn -0.0 0.0 1.0
vn -0.0 0.0 1.0
vn 0.0 0.0 1.0
vn 0.0 -0.0 1.0
vn 0.0 0.0 1.0
vn -0.0 -0.0 1.0
vn 0.0 -0.0 1.0
vn 0.0 0.0 1.0
vn -0.0 0.0 1.0
vn 0.0 -0.0 1.0
vn -0.0 0.0 1.0
vn 0.0 0.0 1.0
vn 0.0 0.0 1.0
vn 0.0 -0.0 1.0
vn 0.0 0.0 1.0
vn 0.0 0.0 1.0
vn 0.0 0.0 1.0
vn 0.0 0.0 1.0
vn -0.0 -0.0 1.0
vn 0.0 0.0 1.0
vn 0.0 0.0 1.0
vn 0.0 0.0 1.0
vn 0.0 0.0 1.0
vn 0.0 0.0 1.0
vn -0.0 0.0 1.0
vn 0.0 0.0 1.0
vn 0.0 0.0 1.0
vn 0.0 0.0 1.0
vn 0.0 0.0 1.0
vn 0.0 0.0 1.0
vn 0.0 0.0 1.0
vn 0.0 -0.0 1.0
vn 0.0 0.0 1.0
vn 0.0 0.0 1.0
vn 0.0 0.0 1.0
vn 0.0 -0.0 1.0
vn 0.0 0.0 1.0
vn 0.0 0.0 1.0
vn 0.0 -0.0 1.0
vn 0.0 0.0 1.0
vn 0.0 0.0 1.0
vn 0.0 0.0 1.0
vn 0.0 0.0 1.0
vn 0.0 0.0 1.0
vn 0.0 -0.0 1.0
vn 0.0 0.0 1.0
vn 0.0 -0.0 1.0
vn 0.0 0.0 1.0
vn 0.0 0.0 1.0
vn 0.0 -0.0 1.0
vn 0.0 0.0 1.0
vn -0.0 0.0 1.0
vn 0.0 0.0 1.0
vn -0.0 0.0 1.0
vn 0.0 0.0 1.0
vn 0.0 0.0 1.0
vn 0.0 0.0 1.0
vn 0.0 0.0 1.0
vn 0.0 0.0 1.0
vn 0.0 0.0 1.0
vn -0.0 0.0 1.0
vn 0.0 0.0 1.0
vn 0.0 0.0 1.0
vn 0.0 0.0 1.0
vn 0.0 0.0 1.0
vn -0.0 0.0 1.0
vn 0.0 0.0 1.0
vn 0.0 0.0 1.0
vn -0.0 0.0 1.0
vn -0.0 0.0 1.0
vn 0.0 0.0 1.0
vn 0.0 0.0 1.0
vn 0.0 0.0 1.0
vn 0.0 0.0 1.0
vn 0.0 0.0 1.0
vn 0.0 0.0 1.0
vn 0.0 0.0 1.0
vn 0.0 0.0 1.0
vn -0.0 0.0 1.0
vn 0.0 0.0 1.0
vn -0.0 0.0 1.0
vn 0.0 0.0 1.0
vn -0.0 0.0 1.0
vn 0.0 0.0 1.0
vn 0.0 0.0 1.0
vn -0.0 0.0 1.0
vn 0.0 0.0 1.0
vn -0.0 0.0 1.0
vn 0.0 0.0 1.0
vn -0.0 0.0 1.0
vn 0.0 0.0 1.0
vn -0.0 -0.0 1.0
vn -0.0 -0.0 1.0
vn 0.955248 -0.295806 0.0
vn 0.955248 -0.295806 0.0
vn 0.955248 -0.295806 0.0
vn 0.993337 -0.115243 0.0
vn 0.993337 -0.115243 0.0
vn 0.993337 -0.115243 0.0
vn 0.9976 0.069245 0.0
vn 0.9976 0.069245 -0.0
vn 0.90522 0.424943 0.0
vn 0.90522 0.424943 -0.0
vn 0.90522 0.424944 -0.0
vn 0.96789 0.251374 0.0
vn 0.96789 0.251374 -0.0
vn 0.9976 0.069244 0.0
vn 0.811729 0.584034 0.0
vn 0.811724 0.584042 0.0
vn 0.811724 0.584042 0.0
vn 0.811724 0.584042 0.0
vn 0.690586 0.723251 0.0
vn 0.690586 0.723251 0.0
vn 0.54593 0.837831 0.0
vn 0.54593 0.837831 0.0
vn 0.54593 0.837831 0.0
vn 0.382683 0.92388 0.0
vn 0.382683 0.92388 -0.0
vn 0.382684 0.92388 0.0
vn 0.206405 0.978467 0.0
vn 0.206405 0.978467 0.0
vn 0.206405 0.978467 0.0
vn 0.023098 0.999733 0.0
vn 0.023098 0.999733 0.0
vn -0.160996 0.986955 0.0
vn -0.160996 0.986955 -0.0
vn -0.160996 0.986955 0.0
vn -0.339607 0.940567 0.0
vn -0.339607 0.940567 -0.0
vn -0.339607 0.940567 0.0
vn -0.506654 0.86215 0.0
vn -0.506654 0.86215 -0.0
vn -0.506653 0.86215 0.0
vn -0.656447 0.754372 0.0
vn -0.656447 0.754373 -0.0
vn -0.656446 0.754373 0.0
vn -0.783885 0.620906 0.0
vn -0.783885 0.620907 -0.0
vn -0.783884 0.620907 0.0
vn -0.884629 0.466296 0.0
vn -0.884629 0.466296 0.0
vn -0.0 0.0 1.0
vn 0.0 -0.0 1.0
vn 0.0 0.0 1.0
vn 0.0 0.0 1.0
vn 0.0 0.0 1.0
vn 0.0 0.0 1.0
vn 0.0 0.0 1.0
vn 0.0 -0.0 1.0
vn 0.0 0.0 1.0
vn 0.0 -0.0 1.0
vn 0.0 0.0 1.0
vn 0.0 0.0 1.0
vn 0.0 0.0 1.0
vn 0.0 0.0 1.0
vn 0.0 0.0 1.0
vn 0.0 0.0 1.0
vn 0.0 -0.0 1.0
vn 0.0 0.0 1.0
vn 0.0 0.0 1.0
vn 0.0 0.0 1.0
vn 0.0 0.0 1.0
vn -0.0 0.0 1.0
vn -0.0 0.0 1.0
vn 0.0 0.0 1.0
vn 0.0 0.0 1.0
vn 0.0 0.0 1.0
vn 0.0 -0.0 1.0
vn 0.0 -0.0 1.0
vn 0.0 0.0 1.0
vn 0.0 0.0 1.0
vn 0.0 0.0 1.0
vn 0.0 0.0 1.0
vn 0.0 0.0 1.0
vn 0.0 -0.0 1.0
vn 0.0 -0.0 1.0
vn 0.0 0.0 1.0
vn 0.0 0.0 1.0
vn 0.0 0.0 1.0
vn 0.0 0.0 1.0
vn 0.0 0.0 1.0
vn 0.0 0.0 1.0
vn 0.0 0.0 1.0
vn 0.0 0.0 1.0
vn 0.0 0.0 1.0
vn 0.0 0.0 1.0
vn 0.0 -0.0 1.0
vn 0.0 0.0 1.0
vn -0.0 0.0 1.0
vn 0.0 0.0 1.0
vn -0.0 0.0 1.0
vn 0.0 0.0 1.0
vn 0.0 0.0 1.0
vn -0.0 0.0 1.0
vn -0.0 0.0 1.0
vn 0.0 0.0 1.0
vn 0.0 0.0 1.0
vn 0.0 0.0 1.0
vn 0.0 0.0 1.0
vn 0.0 0.0 1.0
vn 0.0 0.0 1.0
vn -0.0 0.0 1.0
vn 0.0 0.0 1.0
vn 0.0 0.0 1.0
vn 0.0 0.0 1.0
vn 0.0 0.0 1.0
vn 0.0 0.0 1.0
vn 0.0 0.0 1.0
vn 0.0 0.0 1.0
vn 0.0 0.0 1.0
vn 0.0 0.0 1.0
vn 0.0 0.0 1.0
vn 0.0 -0.0 1.0
vn 0.0 0.0 1.0
vn 0.0 0.0 1.0
vn 0.0 0.0 1.0
vn 0.0 0.0 1.0
vn 0.0 0.0 1.0
vn 0.0 0.0 1.0
vn 0.0 0.0 1.0
vn 0.0 0.0 1.0
vn -0.0 0.0 1.0
vn 0.0 0.0 1.0
vn 0.0 0.0 1.0
vn -0.0 0.0 1.0
vn -0.0 0.0 1.0
vn 0.0 0.0 1.0
vn -0.0 0.0 1.0
vn 0.0 0.0 1.0
vn -0.0 0.0 1.0
vn -0.0 0.0 1.0
vn 0.0 0.0 1.0
vn 0.0 -0.0 1.0
vn 0.0 0.0 1.0
vn 0.0 0.0 1.0
vn 0.0 0.0 1.0
vn -0.0 0.0 1.0
vn 0.0 0.0 1.0
vn 0.0 0.0 1.0
vn 0.0 0.0 1.0
vn -0.0 0.0 1.0
vn 0.0 0.0 1.0
vn 0.0 0.0 1.0
vn 0.0 0.0 1.0
vn 0.0 0.0 1.0
vn -0.0 0.0 1.0
vn 0.0 0.0 1.0
vn -0.0 0.0 1.0
vn 0.0 0.0 1.0
vn 0.0 0.0 1.0
vn 0.0 0.0 1.0
vn 0.0 0.0 1.0
vn 0.0 0.0 1.0
vn 0.0 0.0 1.0
vn 0.0 0.0 1.0
vn 0.0 0.0 1.0
vn -0.0 0.0 1.0
vn -0.0 0.0 1.0
vn 0.0 0.0 1.0
vn 0.0 0.0 1.0
vn 0.0 0.0 1.0
vn 0.0 0.0 1.0
vn 0.0 0.0 1.0
vn -0.0 -0.0 1.0
vn 0.0 -0.0 1.0
vn 0.0 0.0 1.0
vn -0.0 -0.0 1.0
vn 0.0 0.0 1.0
vn 0.0 0.0 1.0
vn 0.0 0.0 1.0
vn -0.0 0.0 1.0
vn 0.0 -0.0 1.0
vn 0.0 0.0 1.0
vn 0.0 0.0 1.0
vn 0.0 0.0 1.0
vn 0.0 -0.0 1.0
vn 0.0 -0.0 1.0
vn 0.0 0.0 1.0
vn 0.0 0.0 1.0
vn 0.0 0.0 1.0
vn 0.0 0.0 1.0
vn 0.0 0.0 1.0
vn 0.0 0.0 1.0
vn 0.0 0.0 1.0
vn 0.0 0.0 1.0
vn 0.0 0.0 1.0
vn 0.0 0.0 1.0
vn -0.0 0.0 1.0
vn 0.0 -0.0 1.0
vn -0.0 0.0 1.0
vn -0.0 0.0 1.0
vn -0.0 0.0 1.0
vn 0.0 0.0 1.0
vn -0.0 0.0 1.0
vn 0.0 0.0 1.0
vn -0.0 -0.0 1.0
vn -0.0 0.0 1.0
vn 0.0 0.0 1.0
vn 0.0 -0.0 1.0
vn 0.0 0.0 1.0
vn 0.0 0.0 1.0
vn 0.0 0.0 1.0
vn 0.0 0.0 1.0
vn 0.0 -0.0 1.0
vn 0.0 0.0 1.0
vn 0.0 -0.0 1.0
vn 0.0 0.0 1.0
vn 0.0 -0.0 1.0
vn 0.0 0.0 1.0
vn 0.0 -0.0 1.0
vn 0.0 0.0 1.0
vn 0.0 -0.0 1.0
vn 0.0 0.0 1.0
vn 0.0 0.0 1.0
vn 0.0 -0.0 1.0
vn 0.0 0.0 1.0
vn 0.0 0.0 1.0
vn 0.0 0.0 1.0
vn 0.0 0.0 1.0
vn 0.0 0.0 1.0
vn 0.0 0.0 1.0
vn 0.0 0.0 1.0
vn 0.0 0.0 1.0
vn 0.0 -0.0 1.0
vn 0.0 0.0 1.0
vn 0.0 0.0 1.0
vn 0.0 0.0 1.0
vn 0.0 0.0 1.0
vn 0.0 0.0 1.0
vn 0.0 0.0 1.0
vn 0.0 -0.0 1.0
vn 0.0 -0.0 1.0
vn 0.0 0.0 1.0
vn -0.0 0.0 1.0
vn 0.0 0.0 1.0
vn -0.0 0.0 1.0
vn 0.0 -0.0 1.0
vn -0.0 0.0 1.0
vn 0.0 0.0 1.0
vn -0.0 0.0 1.0
vn -0.0 0.0 1.0
vn 0.0 0.0 1.0
vn 0.0 0.0 1.0
vn 0.0 0.0 1.0
vn 0.0 0.0 1.0
vn 0.0 0.0 1.0
vn 0.0 0.0 1.0
vn 0.0 0.0 1.0
vn 0.0 0.0 1.0
vn 0.0 0.0 1.0
vn 0.0 0.0 1.0
vn 0.0 0.0 1.0
vn 0.0 -0.0 1.0
vn 0.0 -0.0 1.0
vn 0.0 0.0 1.0
vn 0.0 -0.0 1.0
vn 0.0 0.0 1.0
vn -0.0 0.0 1.0
vn -0.0 0.0 1.0
vn -0.0 0.0 1.0
vn 0.0 0.0 1.0
vn 0.0 0.0 1.0
vn -0.0 0.0 1.0
vn -0.0 0.0 1.0
vn -0.0 -0.0 1.0
vn -0.0 0.0 1.0
vn 0.0 0.0 1.0
vn 0.0 -0.0 1.0
vn 0.0 0.0 1.0
vn 0.0 -0.0 1.0
vn 0.0 -0.0 1.0
vn 0.0 0.0 1.0
vn 0.0 0.0 1.0
vn -0.0 -0.0 1.0
vn -0.0 0.0 1.0
vn -0.0 0.0 1.0
vn 0.0 0.0 1.0
vn -0.0 0.0 1.0
vn 0.0 0.0 1.0
vn 0.0 0.0 1.0
vn 0.0 0.0 1.0
vn 0.0 0.0 1.0
vn 0.0 0.0 1.0
vn 0.0 0.0 1.0
vn 0.0 0.0 1.0
vn 0.0 0.0 1.0
vn 0.0 0.0 1.0
vn 0.0 0.0 1.0
vn 0.0 0.0 1.0
vn 0.0 0.0 1.0
vn 0.0 0.0 1.0
vn 0.0 0.0 1.0
vn 0.0 0.0 1.0
vn 0.0 -0.0 1.0
vn -0.0 0.0 1.0
vn 0.0 0.0 1.0
vn -0.0 0.0 1.0
vn -0.0 0.0 1.0
vn 0.0 0.0 1.0
vn 0.0 0.0 1.0
vn 0.0 0.0 1.0
vn 0.0 0.0 1.0
vn 0.0 0.0 1.0
vn 0.0 -0.0 1.0
vn 0.0 0.0 1.0
vn 0.0 -0.0 1.0
vn 0.0 -0.0 1.0
vn 0.0 0.0 1.0
vn 0.0 0.0 1.0
vn 0.0 0.0 1.0
vn 0.0 -0.0 1.0
vn 0.0 0.0 1.0
vn 0.0 0.0 1.0
vn 0.0 0.0 1.0
vn 0.0 0.0 1.0
vn 0.0 0.0 1.0
vn 0.0 0.0 1.0
vn 0.0 0.0 1.0
vn 0.0 0.0 1.0
vn 0.0 0.0 1.0
vn 0.0 0.0 1.0
vn 0.0 0.0 1.0
vn 0.0 0.0 1.0
vn 0.0 0.0 1.0
vn -0.0 0.0 1.0
vn 0.0 -0.0 1.0
vn 0.0 -0.0 1.0
vn 0.0 -0.0 1.0
vn 0.0 -0.0 1.0
vn -0.889119 0.457675 0.0
vn -0.004368 0.999987 0.002602
vn 0.226165 0.974089 0.000428
vn 0.203899 0.978041 -0.043138
vn 0.203895 0.978042 -0.043145
vn 0.217133 0.975817 -0.025199
vn 0.217111 0.975821 -0.025228
vn 0.217111 0.975821 -0.025228
vn 0.228766 0.973375 -0.014356
vn 0.228768 0.973375 -0.014355
vn 0.240176 0.970707 -0.006503
vn 0.240166 0.97071 -0.00651
vn 0.249702 0.968322 -0.001261
vn 0.249721 0.968317 -0.001251
vn 0.240052 0.970751 0.004184
vn 0.224676 0.97438 0.010159
vn 0.224675 0.974381 0.010159
vn 0.210478 0.977453 0.016877
vn 0.210486 0.977451 0.016873
vn 0.210468 0.977455 0.016883
vn 0.13536 0.990796 0.000306
vn 0.193913 0.980651 0.026858
vn 0.193918 0.98065 0.026855
vn 0.37965 0.916624 -0.125164
vn 0.225398 0.974265 0.001569
vn 0.105918 0.994288 -0.013177
vn -0.004353 0.999987 0.002602
vn -0.004342 0.999987 0.002591
vn 0.022423 0.999084 -0.036444
vn 0.033214 0.999375 -0.012093
vn 0.10591 0.994288 -0.013183
vn 0.033221 0.999375 -0.012084
vn 0.064472 0.99791 0.004299
vn 0.104523 0.994471 0.010078
vn 0.08312 0.995324 -0.049215
vn 0.105903 0.994289 -0.013195
vn 0.128393 0.991723 -0.000718
vn 0.128392 0.991723 -0.000718
vn 0.152458 0.98831 0.000429
vn -0.177041 0.984203 0.00014
vn -0.160978 0.986957 -0.001693
vn -0.160974 0.986957 -0.001694
vn -0.143025 0.98968 -0.008859
vn -0.143002 0.989682 -0.008882
vn -0.123827 0.99192 -0.027599
vn -0.141641 0.989912 0.003475
vn -0.105272 0.994441 0.002017
vn -0.076307 0.997075 -0.004323
vn -0.076308 0.997075 -0.004322
vn -0.048954 0.997859 -0.043371
vn -0.059789 0.99794 -0.023257
vn -0.040767 0.999163 -0.003253
vn -0.004356 0.999987 0.002604
vn -0.103181 0.994662 0.000842
vn -0.265467 0.964119 -0.000898
vn -0.237271 0.971288 0.017388
vn -0.23727 0.971288 0.017389
vn -0.253695 0.967247 0.008533
vn -0.272696 0.962098 0.001813
vn -0.272685 0.962102 0.001805
vn -0.261254 0.965249 -0.006294
vn -0.261253 0.96525 -0.006295
vn -0.248493 0.96848 -0.017258
vn -0.248492 0.96848 -0.017258
vn -0.301612 0.952449 0.043259
vn -0.201419 0.979427 -0.012343
vn -0.222521 0.974928 -1e-05
vn -0.176843 0.984239 0.000133
vn -0.17697 0.984216 0.000133
vn -0.078223 0.996294 0.035769
vn -0.103149 0.99458 0.013085
vn -0.031053 0.999518 -0.000711
vn 0.061996 0.998042 -0.008301
vn -0.031255 0.999511 0.000565
vn -0.078231 0.996294 0.035762
vn -0.107947 0.994011 0.017041
vn -0.107949 0.99401 0.01704
vn -0.107941 0.994011 0.017044
vn -0.133488 0.991025 0.007039
vn -0.133487 0.991026 0.00704
vn -0.155682 0.987804 0.002402
vn -0.155681 0.987805 0.002402
vn -0.17448 0.98466 0.00088
vn -0.174498 0.984657 0.000879
vn -0.174496 0.984658 0.000879
vn -0.189692 0.981843 0.000839
vn 0.135348 0.990798 0.000306
vn 0.135206 0.990817 0.000324
vn 0.109041 0.99403 0.00372
vn 0.109037 0.994031 0.003721
vn 0.080075 0.996699 0.013355
vn 0.225092 0.972875 -0.05337
vn 0.079706 0.996741 0.012421
vn 0.046751 0.998412 0.031431
vn 0.061951 0.997845 0.0216
vn 0.042964 0.998992 0.012976
vn 0.00462 0.999988 0.001891
vn 0.004626 0.999988 0.001893
vn 0.004617 0.999988 0.001892
vn -0.031241 0.999512 0.000565
vn 0.925303 -0.379229 0.0
vn -0.253681 0.96725 0.00854
vn -0.270794 0.962637 0.000516
vn -0.265457 0.964122 0.000516
vn -0.379226 0.925304 -0.000251
vn -0.420528 0.907259 0.00614
vn -0.453991 0.891006 0.000627
vn -0.420531 0.907278 0.000628
vn -0.525683 0.85068 -0.000304
vn -0.564123 0.825668 0.006134
vn -0.59382 0.804597 0.000738
vn -0.564131 0.825685 0.000738
vn -0.657939 0.753071 -0.000356
vn -0.692329 0.721556 0.006127
vn -0.717605 0.69645 0.000847
vn -0.69234 0.72157 0.000847
vn -0.772417 0.635116 -0.000406
vn -0.801651 0.597761 0.006118
vn -0.822002 0.569484 0.000955
vn -0.801669 0.597767 0.000956
vn -0.866026 0.499999 -0.000456
vn -0.889106 0.457661 0.006109
vn -0.904188 0.427133 0.001062
vn -0.92244 0.386138 0.001059
vn 0.528861 0.848708 5.8e-05
vn 0.382683 0.92388 5.8e-05
vn 0.382683 0.92388 5.8e-05
vn 0.252202 0.967675 5.8e-05
vn 0.240068 0.970747 0.004178
vn 0.382199 0.922811 -0.048411
vn 0.529529 0.848292 0.000174
vn 0.660751 0.750606 0.000172
vn 0.528933 0.847302 -0.048052
vn 0.661932 0.749564 0.000289
vn 0.774787 0.632223 0.000286
vn 0.661179 0.748709 -0.047713
vn 0.776278 0.630391 0.000403
vn 0.867889 0.496757 0.000398
vn 0.775415 0.629673 -0.047368
vn 0.869449 0.494022 0.000516
vn 0.869453 0.494016 0.000516
vn 0.937542 0.347871 -0.000513
vn 0.938904 0.344177 0.000628
vn 0.938903 0.344181 0.000628
vn 0.981864 0.189585 -0.000624
vn 0.982749 0.184945 0.000738
vn 0.982747 0.184952 0.000738
vn 0.999657 0.026177 -0.000734
vn 0.999786 0.020667 0.000847
vn 0.999786 0.020663 0.000847
vn 0.990441 -0.137938 -0.000843
vn 0.989552 -0.144175 0.000956
vn 0.989554 -0.144161 0.000956
vn 0.954463 -0.298327 -0.000951
vn 0.952325 -0.305083 0.001063
vn 0.952324 -0.305087 0.001063
vn -1.2e-05 1.0 0.0
vn 7e-06 1.0 3e-06
vn 6e-06 1.0 1e-06
vn -2e-06 1.0 2e-06
vn 2e-06 1.0 -2e-06
vn 3e-06 1.0 -3e-06
vn 0.0 1.0 0.0
vn 0.0 1.0 0.0
vn 0.0 1.0 0.0
vn 0.0 1.0 0.0
vn -0.0 1.0 0.0
vn 0.0 1.0 0.0
vn -0.0 1.0 0.0
vn 0.0 1.0 0.0
vn 0.991445 -0.130525 0.0
vn 0.991445 -0.130525 0.0
vn 0.92388 0.382683 0.0
vn 0.92388 0.382683 0.0
vn 0.608761 0.793354 0.0
vn 0.608761 0.793354 0.0
vn 0.130527 0.991445 0.0
vn 0.130527 0.991445 0.0
vn -0.382683 0.92388 0.0
vn -0.382683 0.92388 0.0
vn -0.793354 0.608761 0.0
vn -0.793354 0.608761 0.0
vn 0.985871 -0.167506 0.0
vn 0.991436 -0.130525 0.004245
vn 0.960911 0.276835 -0.003547
vn 0.960911 0.276834 -0.003547
vn 0.923856 0.382674 0.007088
vn 0.745632 0.666334 -0.005682
vn 0.74563 0.666336 -0.005682
vn 0.608739 0.793325 0.008514
vn 0.382674 0.923861 -0.006396
vn 0.382675 0.923861 -0.006396
vn 0.13052 0.991409 0.008514
vn -0.056071 0.998411 -0.005683
vn -0.056066 0.998411 -0.005683
vn -0.382674 0.923856 0.007088
vn -0.815561 0.578671 0.0
vn -0.793346 0.608756 0.004245
vn -0.483722 0.875214 -0.003546
vn -0.483715 0.875218 -0.003546
vn 0.985871 -0.167507 0.0
vn 0.985871 -0.167507 0.0
vn 0.960917 0.276837 0.0
vn 0.960917 0.276837 0.0
vn 0.745642 0.666347 0.0
vn 0.745642 0.666347 0.0
vn 0.382684 0.923879 0.0
vn 0.382684 0.923879 0.0
vn -0.05607 0.998427 0.0
vn -0.05607 0.998427 0.0
vn -0.483719 0.875223 0.0
vn -0.483719 0.875223 0.0
vn -0.815561 0.578671 0.0
vn -0.815561 0.578671 0.0
vn 0.991445 -0.130525 0.0
vn 0.991445 -0.130525 0.0
vn 0.92388 0.382682 0.0
vn 0.92388 0.382682 0.0
vn 0.608759 0.793355 0.0
vn 0.608759 0.793355 0.0
vn 0.130527 0.991445 0.0
vn 0.130527 0.991445 0.0
vn -0.382684 0.923879 0.0
vn -0.382684 0.923879 0.0
vn -0.793354 0.608761 0.0
vn -0.793354 0.608761 0.0
vn -0.220692 -0.463161 0.858357
vn -0.422705 -0.290764 0.858357
vn -0.511455 -0.040456 0.858357
vn 0.463161 -0.220692 0.858357
vn 0.290763 -0.422706 0.858357
vn 0.040456 -0.511455 0.858357
vn 0.0 0.0 1.0
vn 0.0 0.0 1.0
vn 0.0 0.0 1.0
vn 0.0 0.0 1.0
vn -0.0 0.0 1.0
vn 0.0 0.0 1.0
vn 0.0 0.0 1.0
vn 0.0 0.0 1.0
vn 0.0 0.0 1.0
vn -0.0 0.0 1.0
vn 0.0 0.0 1.0
vn 0.0 0.0 1.0
vn 0.0 0.0 1.0
vn 0.0 0.0 1.0
vn 0.0 -0.0 1.0
vn 0.0 0.0 1.0
vn 0.94251 0.334178 0.0
vn 0.942509 0.33418 -1e-06
vn 0.942508 0.334182 -0.0
vn 0.181847 0.983327 0.0
vn 0.181847 0.983327 -0.0
vn 0.181847 0.983327 -0.0
vn -0.760663 0.649147 0.0
vn -0.760663 0.649147 -0.0
vn -0.760663 0.649147 0.0
vn -0.94251 -0.334177 0.0
vn -0.942509 -0.33418 -1e-06
vn -0.942508 -0.334182 0.0
vn -0.181847 -0.983327 0.0
vn -0.181847 -0.983327 -0.0
vn -0.181846 -0.983327 0.0
vn 0.760662 -0.649148 0.0
vn 0.760663 -0.649147 -1e-06
vn 0.760664 -0.649145 0.0
vn 0.0 0.0 1.0
vn 0.0 0.0 1.0
vn 0.0 0.0 1.0
vn 0.0 -0.0 1.0
vn 0.0 0.0 1.0
vn 0.0 0.0 1.0
vn 0.0 0.0 1.0
vn 0.0 0.0 1.0
vn 0.0 -0.0 1.0
vn 0.0 0.0 1.0
vn 0.0 -0.0 1.0
vn 0.0 -0.0 1.0
vn 0.0 0.0 1.0
vn 0.0 0.0 1.0
vn 0.0 0.0 1.0
vn -0.0 0.0 1.0
vn 0.0 0.0 1.0
vn -0.0 0.0 1.0
vn 0.0 0.0 1.0
vn -0.0 0.0 1.0
vn -0.057614 0.024854 0.99803
vn -0.057613 0.024853 0.99803
vn -0.041124 0.047389 0.99803
vn -0.041122 0.047387 0.99803
vn -0.016489 0.060536 0.99803
vn -0.016488 0.060533 0.99803
vn 0.011409 0.061694 0.99803
vn 0.011409 0.061696 0.99803
vn 0.037049 0.050637 0.99803
vn 0.03705 0.050637 0.99803
vn 0.055351 0.029548 0.99803
vn 0.055347 0.029545 0.99803
vn 0.062686 0.002605 0.99803
vn 0.062685 0.002605 0.99803
vn -0.329306 0.142056 0.933476
vn -0.329304 0.142056 0.933477
vn -0.235056 0.270867 0.933477
vn -0.23506 0.27087 0.933475
vn -0.094256 0.346037 0.933474
vn -0.094256 0.346037 0.933474
vn 0.065218 0.352665 0.933474
vn 0.065218 0.352663 0.933475
vn 0.211773 0.289441 0.933475
vn 0.211772 0.289439 0.933476
vn 0.316382 0.168891 0.933476
vn 0.316385 0.168892 0.933475
vn 0.358332 0.014892 0.933475
vn 0.358334 0.014892 0.933475
vn -0.688746 0.297111 0.661328
vn -0.688747 0.297111 0.661326
vn -0.491627 0.566527 0.661325
vn -0.491627 0.566526 0.661325
vn -0.197133 0.723727 0.66133
vn -0.197135 0.723732 0.661324
vn 0.136402 0.737591 0.661327
vn 0.136402 0.737592 0.661327
vn 0.442925 0.605365 0.661325
vn 0.442926 0.605368 0.661321
vn 0.661721 0.353239 0.661323
vn 0.66172 0.353238 0.661324
vn 0.749452 0.031146 0.661326
vn 0.749457 0.031147 0.661321
vn -0.891673 0.38465 0.238672
vn -0.891673 0.38465 0.238671
vn -0.636477 0.73344 0.238668
vn -0.636472 0.733438 0.238688
vn -0.255215 0.936962 0.238681
vn -0.255214 0.936961 0.238683
vn 0.176592 0.954905 0.238686
vn 0.176591 0.95491 0.23867
vn 0.573423 0.783723 0.23867
vn 0.573423 0.783723 0.238672
vn 0.856681 0.457313 0.238669
vn 0.85668 0.457311 0.238676
vn 0.970262 0.040323 0.238674
vn 0.970261 0.040322 0.238679
vn 0.918208 -0.396098 0.0
vn 0.902625 -0.430092 -0.017025
vn 0.655344 -0.755197 0.014225
vn 0.655351 -0.755191 0.014225
vn 0.566503 -0.823569 -0.028421
vn 0.262744 -0.964596 0.022789
vn 0.262743 -0.964597 0.022789
vn 0.078806 -0.996305 -0.034131
vn -0.181788 -0.983003 0.025647
vn -0.181788 -0.983003 0.025647
vn -0.429905 -0.902229 -0.034131
vn -0.590333 -0.806838 0.022787
vn -0.590334 -0.806838 0.022787
vn -0.823568 -0.566505 -0.028422
vn -0.999138 -0.041521 0.0
vn -0.996742 -0.078841 -0.017026
vn -0.882084 -0.470877 0.014225
vn -0.882087 -0.470872 0.014225
vn -0.483557 -0.171453 0.858357
vn -0.504498 0.093298 0.858357
vn -0.390261 0.333046 0.858357
vn 0.171453 -0.483557 0.858357
vn -0.093297 -0.504498 0.858357
vn -0.333047 -0.39026 0.858357
vn 0.0 0.0 1.0
vn 0.0 0.0 1.0
vn 0.0 0.0 1.0
vn 0.0 0.0 1.0
vn 0.0 0.0 1.0
vn 0.0 0.0 1.0
vn 0.0 -0.0 1.0
vn 0.0 0.0 1.0
vn 0.0 0.0 1.0
vn -0.0 0.0 1.0
vn 0.0 0.0 1.0
vn 0.0 0.0 1.0
vn 0.0 0.0 1.0
vn 0.0 0.0 1.0
vn -0.0 0.0 1.0
vn -0.0 0.0 1.0
vn 0.902756 -0.430152 0.0
vn 0.902755 -0.430155 2e-06
vn 0.902754 -0.430158 0.0
vn 0.823902 0.566732 0.0
vn 0.823901 0.566734 -1e-06
vn 0.8239 0.566735 -0.0
vn -0.078855 0.996886 0.0
vn -0.078854 0.996886 1e-06
vn -0.078852 0.996886 0.0
vn -0.902755 0.430155 0.0
vn -0.902755 0.430155 -0.0
vn -0.902755 0.430154 0.0
vn -0.823901 -0.566734 0.0
vn -0.823902 -0.566732 1e-06
vn -0.823903 -0.566731 0.0
vn 0.078851 -0.996886 0.0
vn 0.078853 -0.996886 -1e-06
vn 0.078855 -0.996886 0.0
vn -0.0 0.0 1.0
vn 0.0 0.0 1.0
vn 0.0 0.0 1.0
vn 0.0 0.0 1.0
vn 0.0 0.0 1.0
vn 0.0 0.0 1.0
vn 0.0 0.0 1.0
vn 0.0 0.0 1.0
vn 0.0 0.0 1.0
vn 0.0 0.0 1.0
vn 0.0 0.0 1.0
vn 0.0 -0.0 1.0
vn 0.0 0.0 1.0
vn 0.0 -0.0 1.0
vn 0.0 0.0 1.0
vn 0.0 0.0 1.0
vn 0.0 0.0 1.0
vn 0.0 0.0 1.0
vn 0.0 0.0 1.0
vn 0.0 0.0 1.0
vn 0.068552 0.968678 0.238671
vn 0.482066 0.843001 0.238666
vn 0.046169 -0.042484 0.99803
vn 0.062001 0.009608 0.99803
vn 0.051692 0.035557 0.99803
vn 0.031145 0.054464 0.99803
vn 0.00443 0.062586 0.99803
vn -0.023165 0.058312 0.99803
vn 0.046168 -0.042483 0.99803
vn 0.263909 -0.242849 0.933475
vn 0.263909 -0.242849 0.933475
vn 0.55197 -0.507922 0.66132
vn 0.551966 -0.50792 0.661325
vn 0.062 0.009607 0.99803
vn 0.35441 0.054918 0.933476
vn 0.354416 0.05492 0.933474
vn 0.741253 0.114864 0.661324
vn 0.741248 0.114862 0.661331
vn 0.714589 -0.657566 0.238683
vn 0.714593 -0.657566 0.238671
vn 0.929133 -0.282395 0.238674
vn 0.929133 -0.282397 0.238672
vn 0.717683 -0.21813 0.661325
vn 0.717683 -0.21813 0.661324
vn 0.343141 -0.104293 0.933476
vn 0.343142 -0.104293 0.933475
vn 0.06003 -0.018245 0.99803
vn 0.060029 -0.018245 0.99803
vn 0.929132 -0.282397 0.238676
vn 0.959646 0.148706 0.238677
vn 0.959647 0.148705 0.238673
vn 0.959647 0.148705 0.238671
vn 0.800091 0.550353 0.238674
vn 0.051692 0.035557 0.99803
vn 0.295488 0.203255 0.933474
vn 0.295487 0.203254 0.933475
vn 0.618006 0.425103 0.661329
vn 0.61801 0.425106 0.661323
vn 0.800091 0.550353 0.238675
vn 0.800091 0.550353 0.238675
vn 0.031147 0.054468 0.99803
vn 0.178035 0.311333 0.933475
vn 0.178032 0.311326 0.933478
vn 0.372362 0.651152 0.661323
vn 0.372362 0.651153 0.661321
vn 0.482068 0.842997 0.238678
vn 0.482068 0.842997 0.238675
vn 0.00443 0.062585 0.99803
vn 0.025322 0.357741 0.933478
vn 0.025321 0.357746 0.933475
vn 0.05296 0.748229 0.661323
vn 0.05296 0.748227 0.661326
vn 0.068564 0.968677 0.23867
vn 0.068566 0.968672 0.238689
vn -0.023163 0.058309 0.99803
vn -0.132404 0.333301 0.933477
vn -0.132408 0.333308 0.933474
vn -0.27693 0.697111 0.661322
vn -0.276928 0.697108 0.661325
vn -0.358519 0.902497 0.238668
vn -0.358514 0.902493 0.238693
vn 0.369188 -0.929355 0.0
vn 0.369188 -0.929355 0.0
vn -0.070605 -0.997504 0.0
vn -0.070605 -0.997504 0.0
vn -0.496415 -0.868086 0.0
vn -0.496415 -0.868086 0.0
vn -0.823902 -0.566732 0.0
vn -0.823902 -0.566732 0.0
vn -0.988206 -0.153131 0.0
vn -0.988206 -0.153131 0.0
vn -0.956784 0.2908 0.0
vn -0.956784 0.2908 0.0
vn -0.735858 0.677136 0.0
vn -0.735858 0.677136 0.0
vn -0.463161 0.220692 0.858357
vn -0.290763 0.422705 0.858357
vn -0.040456 0.511456 0.858357
vn -0.220692 -0.463161 0.858357
vn -0.422706 -0.290763 0.858357
vn -0.511455 -0.040456 0.858357
vn 0.0 0.0 1.0
vn 0.0 0.0 1.0
vn 0.0 0.0 1.0
vn 0.0 0.0 1.0
vn 0.0 0.0 1.0
vn 0.0 0.0 1.0
vn 0.0 0.0 1.0
vn 0.0 0.0 1.0
vn 0.0 0.0 1.0
vn 0.0 0.0 1.0
vn 0.0 0.0 1.0
vn 0.0 0.0 1.0
vn 0.0 -0.0 1.0
vn 0.0 0.0 1.0
vn -0.0 0.0 1.0
vn 0.0 0.0 1.0
vn 0.334178 -0.94251 0.0
vn 0.33418 -0.942509 -1e-06
vn 0.334182 -0.942508 0.0
vn 0.983327 -0.181847 0.0
vn 0.983327 -0.181847 -0.0
vn 0.983327 -0.181846 0.0
vn 0.649148 0.760662 0.0
vn 0.649147 0.760663 -0.0
vn 0.649147 0.760663 -0.0
vn -0.334182 0.942508 0.0
vn -0.334181 0.942509 1e-06
vn -0.33418 0.942509 0.0
vn -0.983327 0.181847 0.0
vn -0.983327 0.181847 0.0
vn -0.983327 0.181847 0.0
vn -0.649147 -0.760663 0.0
vn -0.649147 -0.760663 -0.0
vn -0.649146 -0.760664 0.0
vn 0.0 0.0 1.0
vn 0.0 0.0 1.0
vn 0.0 0.0 1.0
vn -0.0 0.0 1.0
vn 0.0 0.0 1.0
vn 0.0 0.0 1.0
vn 0.0 0.0 1.0
vn 0.0 0.0 1.0
vn -0.0 0.0 1.0
vn 0.0 0.0 1.0
vn 0.0 -0.0 1.0
vn -0.0 0.0 1.0
vn 0.0 -0.0 1.0
vn -0.0 0.0 1.0
vn 0.0 -0.0 1.0
vn 0.0 0.0 1.0
vn 0.0 0.0 1.0
vn 0.0 0.0 1.0
vn 0.0 0.0 1.0
vn 0.0 0.0 1.0
vn 0.73344 0.636476 0.238672
vn 0.936962 0.255218 0.238675
vn 0.002605 -0.062688 0.99803
vn 0.050637 -0.037049 0.99803
vn 0.061697 -0.01141 0.99803
vn 0.060533 0.016488 0.99803
vn 0.047387 0.041122 0.99803
vn 0.024853 0.057612 0.99803
vn 0.002605 -0.062686 0.99803
vn 0.014892 -0.358334 0.933475
vn 0.014891 -0.358333 0.933475
vn 0.031145 -0.74945 0.661328
vn 0.031147 -0.749458 0.661319
vn 0.050636 -0.037049 0.99803
vn 0.289439 -0.211772 0.933476
vn 0.289441 -0.211773 0.933475
vn 0.605364 -0.442923 0.661327
vn 0.605364 -0.442923 0.661328
vn 0.040324 -0.970261 0.238679
vn 0.040323 -0.970259 0.238686
vn 0.457318 -0.856674 0.238686
vn 0.45731 -0.856681 0.238673
vn 0.353236 -0.661719 0.661326
vn 0.35324 -0.661724 0.66132
vn 0.168891 -0.316383 0.933476
vn 0.168892 -0.316385 0.933475
vn 0.029548 -0.055351 0.99803
vn 0.029546 -0.055349 0.99803
vn 0.061694 -0.011409 0.99803
vn 0.352663 -0.065218 0.933475
vn 0.352665 -0.065218 0.933474
vn 0.737588 -0.136402 0.66133
vn 0.737594 -0.136402 0.661324
vn 0.954907 -0.17659 0.238683
vn 0.954907 -0.176589 0.238682
vn 0.457309 -0.856681 0.238676
vn 0.783723 -0.573422 0.238674
vn 0.783723 -0.573422 0.238674
vn 0.783724 -0.573422 0.23867
vn 0.954909 -0.176593 0.23867
vn 0.060536 0.016489 0.99803
vn 0.346037 0.094256 0.933474
vn 0.346037 0.094256 0.933474
vn 0.723735 0.197136 0.66132
vn 0.72373 0.197133 0.661327
vn 0.93696 0.255214 0.238689
vn 0.936961 0.255215 0.238681
vn 0.047389 0.041124 0.99803
vn 0.270873 0.235063 0.933474
vn 0.270868 0.235057 0.933477
vn 0.56652 0.49162 0.661336
vn 0.566526 0.491628 0.661325
vn 0.73344 0.636475 0.238673
vn 0.73344 0.636475 0.238673
vn 0.024853 0.057613 0.99803
vn 0.142056 0.329305 0.933476
vn 0.142057 0.329308 0.933475
vn 0.297111 0.688747 0.661326
vn 0.297111 0.688746 0.661328
vn 0.38465 0.891672 0.238673
vn 0.38465 0.891673 0.238672
vn -0.396098 -0.918208 0.0
vn -0.396098 -0.918208 0.0
vn -0.755267 -0.655417 0.0
vn -0.755267 -0.655417 0.0
vn -0.964847 -0.262813 0.0
vn -0.964847 -0.262813 0.0
vn -0.983326 0.181849 0.0
vn -0.983326 0.181849 0.0
vn -0.807048 0.590486 0.0
vn -0.807048 0.590486 0.0
vn -0.47092 0.882176 0.0
vn -0.47092 0.882176 0.0
vn -0.041521 0.999138 0.0
vn -0.041521 0.999138 0.0
vn 0.345033 0.374958 0.860441
vn -0.07803 0.50354 0.860441
vn 0.129098 0.489883 0.862177
vn -0.442333 0.252947 0.860441
vn -0.329259 0.379421 0.864655
vn -0.473553 -0.188121 0.860441
vn -0.49688 -0.058068 0.865874
vn -0.503653 0.05464 0.862176
vn -0.236573 0.443176 0.864655
vn 0.231931 0.443249 0.865874
vn -0.0 -0.0 1.0
vn 0.0 0.0 1.0
vn 0.0 -0.0 1.0
vn 0.0 -0.0 1.0
vn 0.0 0.0 1.0
vn 0.0 0.0 1.0
vn 0.0 0.0 1.0
vn 0.0 0.0 1.0
vn -0.0 0.0 1.0
vn 0.0 0.0 1.0
vn 0.0 0.0 1.0
vn 0.0 0.0 1.0
vn 0.0 0.0 1.0
vn 0.0 0.0 1.0
vn 0.0 0.0 1.0
vn 0.0 0.0 1.0
vn -0.430152 -0.902756 0.0
vn -0.430152 -0.902756 0.0
vn -0.430152 -0.902756 0.0
vn 0.566731 -0.823903 0.0
vn 0.566732 -0.823902 -0.0
vn 0.566732 -0.823902 0.0
vn 0.996886 0.078855 0.0
vn 0.996886 0.078855 0.0
vn 0.996886 0.078855 -0.0
vn 0.430155 0.902755 0.0
vn 0.430155 0.902755 0.0
vn 0.430155 0.902755 -0.0
vn -0.566732 0.823902 0.0
vn -0.566732 0.823902 0.0
vn -0.566732 0.823902 0.0
vn -0.996886 -0.078854 0.0
vn -0.996886 -0.078852 1e-06
vn -0.996886 -0.078851 0.0
vn 0.0 0.0 1.0
vn 0.0 0.0 1.0
vn -0.0 0.0 1.0
vn 0.0 0.0 1.0
vn -0.0 0.0 1.0
vn 0.0 0.0 1.0
vn -0.0 0.0 1.0
vn 0.0 0.0 1.0
vn -0.0 0.0 1.0
vn 0.0 0.0 1.0
vn -0.0 0.0 1.0
vn -0.0 0.0 1.0
vn 0.0 -0.0 1.0
vn -0.0 0.0 1.0
vn 0.0 -0.0 1.0
vn 0.0 0.0 1.0
vn 0.0 -0.0 1.0
vn 0.0 0.0 1.0
vn 0.0 -0.0 1.0
vn 0.0 0.0 1.0
vn 0.968674 -0.06857 0.238681
vn 0.842998 -0.482066 0.238678
vn -0.042484 -0.046169 0.99803
vn 0.009607 -0.062001 0.99803
vn 0.035558 -0.051694 0.99803
vn 0.054466 -0.031146 0.99803
vn 0.062583 -0.00443 0.99803
vn 0.05831 0.023164 0.99803
vn -0.042484 -0.046168 0.99803
vn -0.242849 -0.26391 0.933475
vn -0.24285 -0.263911 0.933475
vn -0.507921 -0.551971 0.66132
vn -0.507922 -0.551971 0.66132
vn 0.009608 -0.062005 0.99803
vn 0.054919 -0.354411 0.933476
vn 0.054919 -0.354409 0.933476
vn 0.114863 -0.741254 0.661324
vn 0.114863 -0.741254 0.661324
vn -0.657565 -0.714592 0.238679
vn -0.657564 -0.714589 0.238688
vn -0.282394 -0.929129 0.238688
vn -0.282398 -0.929129 0.238684
vn -0.218131 -0.717682 0.661325
vn -0.218132 -0.717689 0.661318
vn -0.104293 -0.343141 0.933476
vn -0.104293 -0.343143 0.933475
vn -0.018245 -0.06003 0.99803
vn -0.018245 -0.060029 0.99803
vn 0.035557 -0.051693 0.99803
vn 0.203254 -0.295486 0.933475
vn 0.203254 -0.295486 0.933475
vn 0.425106 -0.61801 0.661323
vn 0.425106 -0.61801 0.661323
vn 0.550353 -0.800091 0.238675
vn 0.550353 -0.800091 0.238675
vn -0.282397 -0.929132 0.238676
vn 0.148706 -0.959646 0.238677
vn 0.148705 -0.959647 0.238674
vn 0.148706 -0.959647 0.238671
vn 0.550353 -0.800091 0.238674
vn 0.054463 -0.031145 0.99803
vn 0.31133 -0.178034 0.933476
vn 0.311333 -0.178035 0.933475
vn 0.651152 -0.372361 0.661323
vn 0.651154 -0.372361 0.661321
vn 0.842998 -0.482067 0.238677
vn 0.842997 -0.482067 0.238679
vn 0.062586 -0.00443 0.99803
vn 0.35775 -0.025322 0.933474
vn 0.357745 -0.025322 0.933476
vn 0.748229 -0.052961 0.661323
vn 0.748228 -0.052961 0.661324
vn 0.968677 -0.068565 0.238671
vn 0.968675 -0.068566 0.238677
vn 0.05831 0.023164 0.99803
vn 0.333306 0.132406 0.933475
vn 0.333305 0.132405 0.933476
vn 0.697107 0.276926 0.661327
vn 0.697111 0.276929 0.661322
vn 0.902495 0.358518 0.238679
vn 0.902495 0.358518 0.238677
vn -0.929354 -0.369189 0.0
vn -0.929354 -0.369189 0.0
vn -0.997504 0.070606 0.0
vn -0.997504 0.070606 0.0
vn -0.868085 0.496415 0.0
vn -0.868085 0.496415 0.0
vn -0.566733 0.823901 0.0
vn -0.566733 0.823901 0.0
vn -0.153131 0.988206 0.0
vn -0.153131 0.988206 0.0
vn 0.290802 0.956783 0.0
vn 0.290802 0.956783 -0.0
vn 0.677134 0.73586 0.0
vn 0.677134 0.73586 -0.0
vn 0.50911 0.021159 0.860441
vn 0.300885 0.411229 0.860441
vn 0.437685 0.255117 0.862176
vn -0.133916 0.491638 0.860441
vn 0.035472 0.501113 0.864655
vn -0.467872 0.201833 0.860441
vn -0.392406 0.310289 0.865874
vn -0.317501 0.394773 0.862176
vn 0.146084 0.480657 0.864655
vn 0.477422 0.149432 0.865874
vn -0.0 0.0 1.0
vn 0.0 0.0 1.0
vn 0.0 -0.0 1.0
vn 0.0 0.0 1.0
vn 0.0 0.0 1.0
vn 0.0 0.0 1.0
vn 0.0 0.0 1.0
vn 0.0 0.0 1.0
vn 0.0 0.0 1.0
vn 0.0 0.0 1.0
vn 0.0 0.0 1.0
vn 0.0 0.0 1.0
vn 0.0 0.0 1.0
vn 0.0 0.0 1.0
vn -0.0 0.0 1.0
vn 0.0 0.0 1.0
vn -0.942511 -0.334176 0.0
vn -0.942509 -0.33418 -2e-06
vn -0.942508 -0.334183 0.0
vn -0.181847 -0.983327 0.0
vn -0.181847 -0.983327 -0.0
vn -0.181846 -0.983327 0.0
vn 0.760663 -0.649148 0.0
vn 0.760662 -0.649148 0.0
vn 0.760662 -0.649148 0.0
vn 0.942508 0.334182 0.0
vn 0.942509 0.33418 1e-06
vn 0.94251 0.334177 -0.0
vn 0.181844 0.983327 0.0
vn 0.181846 0.983327 1e-06
vn 0.181847 0.983327 -0.0
vn -0.760663 0.649147 0.0
vn -0.760662 0.649148 0.0
vn -0.760662 0.649148 0.0
vn 0.0 -0.0 1.0
vn 0.0 0.0 1.0
vn 0.0 0.0 1.0
vn 0.0 0.0 1.0
vn 0.0 0.0 1.0
vn 0.0 0.0 1.0
vn 0.0 0.0 1.0
vn 0.0 0.0 1.0
vn 0.0 0.0 1.0
vn 0.0 0.0 1.0
vn 0.0 0.0 1.0
vn 0.0 -0.0 1.0
vn 0.0 0.0 1.0
vn 0.0 -0.0 1.0
vn 0.0 0.0 1.0
vn -0.0 0.0 1.0
vn 0.0 0.0 1.0
vn -0.0 0.0 1.0
vn 0.0 0.0 1.0
vn -0.0 0.0 1.0
vn 0.057607 -0.024851 0.99803
vn 0.057611 -0.024852 0.99803
vn 0.041121 -0.047386 0.99803
vn 0.041123 -0.047387 0.99803
vn 0.016489 -0.060536 0.99803
vn 0.016489 -0.060536 0.99803
vn -0.011409 -0.061694 0.99803
vn -0.01141 -0.061697 0.99803
vn -0.03705 -0.050638 0.99803
vn -0.037048 -0.050636 0.99803
vn -0.055349 -0.029546 0.99803
vn -0.055349 -0.029546 0.99803
vn -0.062686 -0.002605 0.99803
vn -0.062688 -0.002605 0.99803
vn 0.329312 -0.142059 0.933473
vn 0.329306 -0.142057 0.933476
vn 0.23506 -0.27087 0.933475
vn 0.235059 -0.270869 0.933476
vn 0.094255 -0.346035 0.933475
vn 0.094254 -0.346033 0.933476
vn -0.065218 -0.352664 0.933474
vn -0.065218 -0.352661 0.933476
vn -0.211772 -0.289439 0.933476
vn -0.211773 -0.289441 0.933475
vn -0.316386 -0.168892 0.933475
vn -0.316384 -0.168891 0.933476
vn -0.358332 -0.014892 0.933475
vn -0.358334 -0.014892 0.933475
vn 0.688747 -0.297112 0.661326
vn 0.688748 -0.297113 0.661325
vn 0.491629 -0.566528 0.661322
vn 0.491629 -0.566528 0.661322
vn 0.197133 -0.72373 0.661327
vn 0.197136 -0.723735 0.66132
vn -0.136403 -0.737594 0.661324
vn -0.136403 -0.737594 0.661325
vn -0.442925 -0.605364 0.661326
vn -0.442928 -0.605371 0.661317
vn -0.661726 -0.353241 0.661317
vn -0.661724 -0.35324 0.66132
vn -0.749458 -0.031147 0.661319
vn -0.749457 -0.031147 0.661321
vn 0.891674 -0.384649 0.238668
vn 0.89167 -0.38465 0.238682
vn 0.636471 -0.733439 0.238689
vn 0.636475 -0.73344 0.238673
vn 0.255216 -0.936963 0.238674
vn 0.255214 -0.936961 0.238683
vn -0.176591 -0.954905 0.238686
vn -0.17659 -0.954909 0.238673
vn -0.573424 -0.783724 0.238668
vn -0.573423 -0.783721 0.238679
vn -0.856679 -0.457312 0.238679
vn -0.856677 -0.45731 0.238686
vn -0.970259 -0.040323 0.238686
vn -0.970261 -0.040324 0.238679
vn -0.918208 0.396098 0.0
vn -0.902625 0.430091 -0.017025
vn -0.655351 0.75519 0.014225
vn -0.655349 0.755192 0.014225
vn -0.566503 0.82357 -0.028421
vn -0.262744 0.964596 0.022788
vn -0.262743 0.964597 0.022788
vn -0.078808 0.996305 -0.034131
vn 0.181787 0.983003 0.025646
vn 0.181784 0.983004 0.025646
vn 0.429902 0.90223 -0.034132
vn 0.590335 0.806837 0.022788
vn 0.590342 0.806831 0.022788
vn 0.823569 0.566503 -0.02842
vn 0.999138 0.041521 0.0
vn 0.996742 0.078841 -0.017026
vn 0.88208 0.470885 0.014225
vn 0.882085 0.470875 0.014225
vn 0.483557 0.171452 0.858357
vn 0.504498 -0.093297 0.858357
vn 0.39026 -0.333047 0.858357
vn -0.171449 0.483558 0.858357
vn 0.093296 0.504499 0.858357
vn 0.333047 0.39026 0.858357
vn -0.0 0.0 1.0
vn 0.0 0.0 1.0
vn -0.0 0.0 1.0
vn -0.0 0.0 1.0
vn 0.0 -0.0 1.0
vn 0.0 0.0 1.0
vn 0.0 -0.0 1.0
vn 0.0 0.0 1.0
vn 0.0 0.0 1.0
vn 0.0 0.0 1.0
vn 0.0 0.0 1.0
vn 0.0 0.0 1.0
vn -0.902756 0.430152 0.0
vn -0.902756 0.430152 0.0
vn -0.902756 0.430152 0.0
vn -0.823902 -0.566732 0.0
vn -0.823903 -0.566731 1e-06
vn -0.823904 -0.56673 0.0
vn 0.078852 -0.996886 0.0
vn 0.078852 -0.996886 -0.0
vn 0.078852 -0.996886 0.0
vn 0.902754 -0.430157 0.0
vn 0.902755 -0.430155 -1e-06
vn 0.902756 -0.430152 0.0
vn 0.823902 0.566732 0.0
vn 0.823902 0.566732 0.0
vn 0.823902 0.566732 -0.0
vn -0.078855 0.996886 0.0
vn -0.078853 0.996886 1e-06
vn -0.078851 0.996886 0.0
vn 0.0 0.0 1.0
vn 0.0 0.0 1.0
vn -0.0 0.0 1.0
vn 0.0 0.0 1.0
vn -0.0 0.0 1.0
vn 0.0 -0.0 1.0
vn 0.0 0.0 1.0
vn 0.0 0.0 1.0
vn 0.0 -0.0 1.0
vn 0.0 0.0 1.0
vn 0.0 0.0 1.0
vn 0.0 0.0 1.0
vn 0.0 0.0 1.0
vn 0.0 0.0 1.0
vn 0.0 0.0 1.0
vn 0.0 -0.0 1.0
vn -0.0 0.0 1.0
vn 0.0 -0.0 1.0
vn -0.0 0.0 1.0
vn 0.0 -0.0 1.0
vn -0.068561 -0.968677 0.23867
vn -0.482065 -0.842995 0.238688
vn -0.046168 0.042484 0.99803
vn -0.062001 -0.009607 0.99803
vn -0.051694 -0.035558 0.99803
vn -0.031145 -0.054464 0.99803
vn -0.00443 -0.062586 0.99803
vn 0.023164 -0.05831 0.99803
vn -0.046171 0.042486 0.99803
vn -0.263909 0.242848 0.933476
vn -0.263909 0.242848 0.933476
vn -0.551971 0.507921 0.66132
vn -0.551969 0.50792 0.661323
vn -0.062003 -0.009608 0.99803
vn -0.354411 -0.054919 0.933476
vn -0.354412 -0.054919 0.933475
vn -0.741253 -0.114863 0.661325
vn -0.741253 -0.114863 0.661325
vn -0.714591 0.657565 0.238679
vn -0.714591 0.657565 0.238679
vn -0.929132 0.282396 0.238677
vn -0.929132 0.282397 0.238677
vn -0.717683 0.21813 0.661325
vn -0.717684 0.21813 0.661323
vn -0.343141 0.104293 0.933476
vn -0.343142 0.104293 0.933476
vn -0.06003 0.018245 0.99803
vn -0.060033 0.018246 0.99803
vn -0.929131 0.282397 0.238677
vn -0.959646 -0.148706 0.238676
vn -0.959647 -0.148705 0.238672
vn -0.959645 -0.148703 0.23868
vn -0.80009 -0.550353 0.238677
vn -0.051692 -0.035557 0.99803
vn -0.295486 -0.203254 0.933475
vn -0.295487 -0.203255 0.933475
vn -0.618007 -0.425105 0.661327
vn -0.618009 -0.425107 0.661323
vn -0.800089 -0.550354 0.238679
vn -0.800089 -0.55035 0.238688
vn -0.031146 -0.054465 0.99803
vn -0.178035 -0.311332 0.933475
vn -0.178035 -0.311333 0.933475
vn -0.37236 -0.651153 0.661323
vn -0.372361 -0.651154 0.661321
vn -0.482065 -0.842996 0.238688
vn -0.482065 -0.842996 0.238687
vn -0.00443 -0.062586 0.99803
vn -0.025322 -0.35775 0.933474
vn -0.025323 -0.357746 0.933476
vn -0.052962 -0.748229 0.661324
vn -0.052963 -0.748227 0.661325
vn -0.068567 -0.968674 0.238683
vn -0.068566 -0.968675 0.238677
vn 0.023164 -0.05831 0.99803
vn 0.132405 -0.333303 0.933476
vn 0.132406 -0.333304 0.933476
vn 0.276929 -0.697111 0.661322
vn 0.276929 -0.697111 0.661322
vn 0.358519 -0.902497 0.238668
vn 0.358518 -0.902496 0.238677
vn -0.369188 0.929355 0.0
vn -0.334132 0.942373 -0.017025
vn 0.070602 0.997403 0.014225
vn 0.070599 0.997403 0.014225
vn 0.181773 0.98293 -0.028421
vn 0.49628 0.867863 0.022788
vn 0.496285 0.867861 0.022788
vn 0.648769 0.76022 -0.034132
vn 0.823632 0.566545 0.025646
vn 0.823633 0.566543 0.025646
vn 0.94196 0.333986 -0.034131
vn 0.987949 0.153093 0.022788
vn 0.98795 0.153088 0.022788
vn 0.98293 -0.181773 -0.028421
vn 0.735857 -0.677137 0.0
vn 0.760552 -0.649054 -0.017026
vn 0.956691 -0.290759 0.014225
vn 0.956687 -0.290772 0.014225
vn 0.021157 -0.50911 0.860441
vn 0.41123 -0.300883 0.860441
vn 0.255116 -0.437684 0.862176
vn 0.491637 0.133917 0.860441
vn 0.501112 -0.03547 0.864655
vn 0.201833 0.467872 0.860441
vn 0.310288 0.392406 0.865874
vn 0.394773 0.3175 0.862176
vn 0.480655 -0.14609 0.864655
vn 0.149435 -0.47742 0.865875
vn 0.0 0.0 1.0
vn 0.0 0.0 1.0
vn -0.0 0.0 1.0
vn 0.0 0.0 1.0
vn 0.0 0.0 1.0
vn 0.0 -0.0 1.0
vn 0.0 0.0 1.0
vn 0.0 0.0 1.0
vn 0.0 0.0 1.0
vn 0.0 0.0 1.0
vn 0.0 0.0 1.0
vn 0.0 0.0 1.0
vn 0.0 0.0 1.0
vn 0.0 0.0 1.0
vn 0.0 0.0 1.0
vn 0.0 0.0 1.0
vn -0.334177 0.94251 0.0
vn -0.33418 0.942509 -2e-06
vn -0.334182 0.942508 0.0
vn -0.983327 0.181846 0.0
vn -0.983327 0.181847 0.0
vn -0.983327 0.181847 0.0
vn -0.649147 -0.760663 0.0
vn -0.649147 -0.760663 0.0
vn -0.649148 -0.760662 0.0
vn 0.33418 -0.942509 0.0
vn 0.33418 -0.942509 0.0
vn 0.334179 -0.94251 0.0
vn 0.983327 -0.181847 0.0
vn 0.983327 -0.181846 -0.0
vn 0.983327 -0.181846 0.0
vn 0.649147 0.760663 0.0
vn 0.649147 0.760663 0.0
vn 0.649147 0.760663 -0.0
vn 0.0 0.0 1.0
vn -0.0 0.0 1.0
vn 0.0 0.0 1.0
vn 0.0 0.0 1.0
vn 0.0 0.0 1.0
vn 0.0 0.0 1.0
vn 0.0 0.0 1.0
vn 0.0 0.0 1.0
vn 0.0 0.0 1.0
vn 0.0 0.0 1.0
vn 0.0 0.0 1.0
vn -0.0 0.0 1.0
vn 0.0 0.0 1.0
vn -0.0 0.0 1.0
vn -0.0 0.0 1.0
vn 0.0 0.0 1.0
vn 0.0 0.0 1.0
vn 0.0 0.0 1.0
vn 0.0 0.0 1.0
vn 0.0 0.0 1.0
vn -0.733438 -0.636479 0.23867
vn -0.93696 -0.255215 0.238686
vn -0.002605 0.062685 0.99803
vn -0.050636 0.037048 0.99803
vn -0.061696 0.011409 0.99803
vn -0.060536 -0.016489 0.99803
vn -0.047387 -0.041122 0.99803
vn -0.024852 -0.057611 0.99803
vn -0.002605 0.062686 0.99803
vn -0.014892 0.358334 0.933475
vn -0.014892 0.358332 0.933475
vn -0.031147 0.749457 0.661321
vn -0.031146 0.749452 0.661326
vn -0.050635 0.037048 0.99803
vn -0.289444 0.211776 0.933473
vn -0.289441 0.211774 0.933475
vn -0.60536 0.442922 0.661331
vn -0.605368 0.442926 0.661322
vn -0.040322 0.970261 0.238679
vn -0.040323 0.970262 0.238674
vn -0.45731 0.856681 0.238674
vn -0.457311 0.85668 0.238675
vn -0.353235 0.661714 0.661332
vn -0.353239 0.661719 0.661324
vn -0.168895 0.31639 0.933473
vn -0.168891 0.316384 0.933476
vn -0.029546 0.055349 0.99803
vn -0.029546 0.055349 0.99803
vn -0.457311 0.85668 0.238676
vn -0.783721 0.573425 0.238674
vn -0.783721 0.57342 0.238685
vn -0.783722 0.57342 0.238682
vn -0.954908 0.17659 0.238678
vn -0.061694 0.011409 0.99803
vn -0.352662 0.065218 0.933475
vn -0.352665 0.065218 0.933474
vn -0.737594 0.136403 0.661323
vn -0.737593 0.136403 0.661324
vn -0.954909 0.176592 0.238671
vn -0.954905 0.176595 0.238686
vn -0.060536 -0.016489 0.99803
vn -0.346037 -0.094256 0.933474
vn -0.346035 -0.094255 0.933475
vn -0.723729 -0.197134 0.661328
vn -0.723735 -0.197136 0.66132
vn -0.936961 -0.255216 0.238683
vn -0.93696 -0.255216 0.238685
vn -0.047386 -0.041121 0.99803
vn -0.270869 -0.235058 0.933476
vn -0.270872 -0.235061 0.933475
vn -0.566531 -0.491632 0.661317
vn -0.566528 -0.491629 0.661322
vn -0.733438 -0.636471 0.238692
vn -0.733439 -0.636476 0.238674
vn -0.024853 -0.057613 0.99803
vn -0.142057 -0.329308 0.933475
vn -0.142056 -0.329305 0.933477
vn -0.297113 -0.688748 0.661325
vn -0.297112 -0.688744 0.661329
vn -0.384652 -0.891675 0.238659
vn -0.384653 -0.891674 0.238663
vn 0.396098 0.918208 -0.0
vn 0.430092 0.902625 -0.017025
vn 0.75519 0.655351 0.014225
vn 0.755191 0.655351 0.014225
vn 0.823569 0.566503 -0.028421
vn 0.964598 0.262739 0.022788
vn 0.964596 0.262745 0.022788
vn 0.996305 0.078808 -0.034131
vn 0.983004 -0.181784 0.025646
vn 0.983003 -0.18179 0.025646
vn 0.90223 -0.429902 -0.034131
vn 0.806838 -0.590334 0.022788
vn 0.806838 -0.590334 0.022788
vn 0.566503 -0.823569 -0.028422
vn 0.041521 -0.999138 0.0
vn 0.078841 -0.996742 -0.017026
vn 0.470885 -0.88208 0.014225
vn 0.470871 -0.882087 0.014225
vn 0.0 1.0 0.0
vn 0.0 1.0 0.0
vn -0.0 1.0 0.0
vn -0.0 1.0 0.0
vn 0.0 1.0 0.0
vn 0.0 1.0 0.0
vn 2e-06 1.0 -2e-06
vn -2e-06 1.0 1e-06
vn 0.0 1.0 0.0
vn 0.0 1.0 -0.0
vn -0.0 1.0 0.0
vn -0.0 1.0 -0.0
vn -0.116266 0.0 -0.993218
vn -0.116266 -0.0 -0.993218
vn -0.535696 0.0 -0.844411
vn -0.535696 -0.0 -0.844411
vn -0.849021 -1e-06 -0.528359
vn -0.849021 -1e-06 -0.528359
vn -0.994188 -1e-06 -0.10766
vn -0.994188 1e-06 -0.107659
vn -0.942444 1e-06 0.334365
vn -0.942444 0.0 0.334364
vn -0.704038 0.0 0.710162
vn -0.704038 0.0 0.710162
vn -0.326187 0.0 0.945305
vn -0.326187 0.0 0.945305
vn 1e-06 1.0 2e-06
vn 1e-06 1.0 3e-06
vn -0.0 1.0 -2e-06
vn -0.0 1.0 -2e-06
vn 0.0 1.0 0.0
vn -0.0 1.0 0.0
vn -0.0 1.0 2e-06
vn 4e-06 1.0 0.0
vn 4e-06 1.0 0.0
vn -0.0 1.0 0.0
vn 0.0 1.0 0.0
vn -0.0 1.0 0.0
vn 0.0 1.0 0.0
vn -0.0 1.0 0.0
vn -3e-06 1.0 3e-06
vn 0.0 1.0 0.0
vn -3e-06 1.0 -0.0
vn -2e-06 1.0 -1e-06
vn -0.0 1.0 0.0
vn 1e-06 1.0 -2e-06
vn 0.0 1.0 -2e-06
vn -0.0 1.0 2e-06
vn -0.0 1.0 2e-06
vn 0.0 1.0 0.0
vn 4e-06 1.0 -1e-06
vn 4e-06 1.0 -1e-06
vn 3e-06 1.0 -1e-06
vn 3e-06 1.0 -3e-06
vn 0.0 1.0 2e-06
vn -1e-06 1.0 -3e-06
vn -1e-06 1.0 -2e-06
vn 2e-06 1.0 4e-06
vn -0.118042 0.534856 0.836657
vn -0.182817 0.553519 0.812523
vn -0.228539 0.522389 0.82151
vn -0.228557 0.522392 0.821504
vn -0.22856 0.522392 0.821503
vn -0.38013 0.548192 0.744974
vn -0.406978 0.587061 0.699806
vn -0.530678 0.519917 0.669378
vn -0.645823 0.575849 0.501308
vn -0.639382 0.553809 0.533372
vn -0.530682 0.519917 0.669375
vn -0.616593 0.528201 -0.583795
vn -0.741818 0.540143 -0.397432
vn -0.680973 0.598587 -0.421863
vn -0.748147 0.55936 -0.356922
vn -0.616575 0.5282 -0.583816
vn -0.519299 0.585139 -0.622849
vn -0.490223 0.540581 -0.683706
vn -0.343012 0.525988 -0.778254
vn -0.342997 0.525997 -0.778255
vn -0.343029 0.525998 -0.77824
vn -0.160871 0.647896 -0.744547
vn -0.26113 0.521421 -0.812362
vn -0.172721 0.52712 -0.832053
vn -0.004697 0.539788 -0.841788
vn 0.002357 0.532937 -0.846151
vn -0.789939 0.534267 -0.300923
vn -0.844321 0.527981 -0.09143
vn -0.844321 0.527979 -0.091432
vn -0.820714 0.529381 0.214908
vn -0.80543 0.546994 0.228212
vn -0.739073 0.526896 0.419705
vn -0.739072 0.526895 0.419707
vn 0.048534 0.998812 -0.004262
vn 0.070062 0.997521 -0.006557
vn 0.078881 0.99687 0.005269
vn 0.104493 0.994511 -0.005309
vn 0.1045 0.994511 -0.005305
vn 0.110145 0.993906 0.004362
vn 0.128455 0.991709 0.003607
vn 0.127012 0.99171 -0.019459
vn 0.14267 0.989703 0.011523
vn 0.151768 0.988346 -0.011812
vn 0.15977 0.987152 -0.002094
vn 0.160179 0.987088 -1e-06
vn 0.160186 0.987087 0.0
vn 0.048544 0.998812 -0.004262
vn 0.068004 0.997685 -0.000824
vn 0.046035 0.998923 0.005842
vn 0.032981 0.99943 -0.007252
vn 0.025975 0.999615 -0.009732
vn 0.032401 0.999468 -0.003672
vn 0.000431 0.999994 0.003589
vn -0.005185 0.999979 -0.003753
vn -0.03521 0.999374 0.003589
vn -0.040918 0.999153 0.004257
vn -0.035863 0.999357 6e-05
vn -0.042675 0.999081 -0.00395
vn -0.06997 0.997541 0.003923
vn -0.075623 0.997131 0.00345
vn -0.07015 0.99753 0.00345
vn -0.078004 0.996951 -0.002147
vn -0.073116 0.997315 -0.004146
vn -0.107537 0.994195 0.003478
vn -0.104778 0.994495 -0.000865
vn -0.11198 0.993705 -0.003332
vn -0.129246 0.99161 0.002423
vn -0.140931 0.990017 -0.002249
vn -0.136568 0.990615 -0.005539
vn -0.155896 0.987768 0.003413
vn -0.155477 0.987839 -0.000549
vn -0.161517 0.98687 -0.000844
vn -0.166942 0.985967 0.0
vn -0.068019 0.997684 0.000866
vn -0.045952 0.998927 -0.005833
vn -0.03298 0.99943 0.007246
vn -0.025934 0.999616 0.009771
vn -0.032401 0.999468 0.003672
vn -0.000431 0.999993 -0.003589
vn 0.005185 0.999979 0.003753
vn 0.035209 0.999374 -0.003589
vn 0.040911 0.999154 -0.004256
vn 0.03587 0.999356 -7e-05
vn 0.042677 0.999081 0.003942
vn 0.070006 0.997539 -0.003918
vn 0.075672 0.997127 -0.003444
vn 0.070183 0.997528 -0.003444
vn 0.077989 0.996952 0.002117
vn 0.07313 0.997314 0.004105
vn 0.107551 0.994193 -0.003446
vn 0.104716 0.994502 0.000999
vn 0.11195 0.993708 0.003278
vn 0.127604 0.99182 -0.003111
vn 0.140876 0.990025 0.002195
vn 0.13587 0.990709 0.00597
vn 0.155798 0.987783 -0.003488
vn 0.155403 0.987851 0.000547
vn 0.161535 0.986867 0.000844
vn 0.166932 0.985968 -0.0
vn -0.048472 0.998815 0.004319
vn -0.048498 0.998814 0.004319
vn -0.070056 0.997522 0.006541
vn -0.078409 0.99691 -0.004729
vn -0.104334 0.99453 0.00503
vn -0.10433 0.99453 0.005033
vn -0.109085 0.994023 -0.004346
vn -0.128545 0.991697 -0.003503
vn -0.127033 0.991666 0.02147
vn -0.140995 0.989927 -0.012854
vn -0.151283 0.988413 0.012395
vn -0.159767 0.987153 0.002092
vn -0.160175 0.987089 2e-06
vn -0.160185 0.987087 0.0
vn -0.081713 -0.996656 2.2e-05
vn -0.073452 -0.997293 -0.003409
vn -0.072604 -0.997361 1e-06
vn -0.072605 -0.997361 0.000654
vn -0.072707 -0.997341 0.004898
vn -0.072617 -0.997315 0.009418
vn -0.072265 -0.997379 0.003489
vn -0.073657 -0.997259 0.006966
vn -0.074539 -0.997174 0.009373
vn -0.073321 -0.997283 0.007111
vn -0.072717 -0.99734 0.004938
vn -0.067734 -0.997702 0.001723
vn -0.064381 -0.997925 -0.000183
vn -0.06522 -0.99787 -0.001059
vn -0.070804 -0.997488 0.002115
vn -0.069442 -0.997581 -0.003075
vn -0.068025 -0.997682 0.001766
vn -0.069803 -0.997561 -0.00035
vn -0.072262 -0.997358 -0.007459
vn -0.072617 -0.997317 -0.009272
vn -0.072652 -0.997325 -0.007975
vn -0.071724 -0.997416 -0.004023
vn -0.064218 -0.997936 5.1e-05
vn -0.074313 -0.997221 -0.005319
vn -0.074201 -0.99723 -0.005108
vn -0.073355 -0.997285 -0.006403
vn 0.007811 -0.999969 -0.000273
vn 0.004885 -0.999987 0.001707
vn -0.000278 -0.99997 0.007784
vn 1.1e-05 -0.999957 0.009259
vn 3.6e-05 -0.999965 0.008358
vn -0.000714 -0.999989 0.00471
vn -8.3e-05 -0.999993 0.003838
vn -0.000108 -0.999988 0.004877
vn -3e-06 -0.99999 0.004466
vn -2.9e-05 -0.999971 0.007608
vn 0.000808 -0.99998 0.006328
vn 0.000251 -0.999968 -0.008046
vn -3e-06 -0.999956 -0.009334
vn -2.9e-05 -0.999965 -0.008327
vn -0.000733 -0.999979 -0.006431
vn 3e-05 -0.999971 -0.007593
vn 0.000729 -0.999989 -0.004637
vn 2.7e-05 -0.999973 -0.007302
vn -0.000209 -0.999993 -0.003631
vn -0.000207 -0.999993 -0.003642
vn 0.000151 -1.0 -0.000507
vn 0.00109 -0.999992 -0.003908
vn -0.001349 -0.999999 0.000399
vn -0.001373 -0.999999 0.000443
vn 0.063499 -0.997982 1.9e-05
vn 0.067598 -0.997711 -0.001648
vn 0.073845 -0.997193 -0.012408
vn 0.072846 -0.997311 -0.008019
vn 0.072588 -0.997318 -0.009331
vn 0.072462 -0.997361 -0.004394
vn 0.070718 -0.997495 -0.001722
vn 0.06459 -0.99791 0.001774
vn 0.071608 -0.997425 -0.003927
vn 0.069489 -0.997583 3e-06
vn 0.074383 -0.997215 -0.005358
vn 0.071088 -0.99747 0.000454
vn 0.069519 -0.997576 0.003098
vn 0.069485 -0.997578 0.003138
vn 0.069474 -0.997579 0.003146
vn 0.06965 -0.997566 0.003414
vn 0.073367 -0.997284 0.006422
vn 0.07768 -0.996978 -0.000204
vn 0.079163 -0.996862 -0.000187
vn 0.081189 -0.996699 0.00018
vn 0.081027 -0.996712 -0.000103
vn 0.080962 -0.996717 -3e-05
vn 0.081439 -0.996678 -3e-05
vn 0.0809 -0.996722 1.5e-05
vn 0.081082 -0.996707 1.1e-05
vn 0.077268 -0.99701 -3.1e-05
vn 0.073077 -0.997326 0.000964
vn 0.07257 -0.997319 0.00941
vn -0.008253 -0.999966 3.1e-05
vn 3.4e-05 -0.999955 -0.009484
vn 0.001813 -0.999984 -0.005366
vn 0.001833 -0.999984 -0.005399
vn -0.000414 -0.999998 -0.002003
vn -0.002067 -0.999997 -0.001099
vn -0.006801 -0.999977 0.000405
vn -0.009075 -0.999959 3.3e-05
vn -0.00805 -0.999968 2.9e-05
vn -0.007904 -0.999969 -0.000443
vn -0.006812 -0.999977 0.000402
vn 0.000808 -0.99998 0.006328
vn -0.000278 -0.99997 0.007784
vn 1.2e-05 -0.999957 0.00926
vn 3.6e-05 -0.999965 0.008358
vn -0.000714 -0.999989 0.00471
vn -2.9e-05 -0.999971 0.007607
vn -2.6e-05 -0.999974 0.007253
vn 0.000204 -0.999993 0.003654
vn 0.00299 -0.99999 -0.00329
vn 0.001702 -0.999985 -0.005245
vn 0.001158 -0.99999 -0.004238
vn -0.001096 -0.999992 0.003903
vn 0.001465 -0.999999 -0.000613
vn 0.001135 -0.999999 -3e-06
vn 0.009203 -0.999958 -2.2e-05
vn 0.000101 -1.0 0.000548
vn 0.000104 -1.0 0.000459
vn -0.000143 -0.999987 0.005041
vn -3.1e-05 -0.999951 0.0099
vn 0.000348 -0.999994 0.003541
vn -0.001019 -0.999977 0.006735
vn 0.001818 -0.999996 0.002227
vn 0.007514 -0.999971 -0.000934
vn 0.007493 -0.999971 -0.000947
vn 0.007696 -0.99997 0.000711
vn 0.00788 -0.999969 0.00053
vn -0.002084 -0.999953 0.009438
vn -0.000722 -0.999975 0.007075
vn -0.003226 -0.999989 0.003278
vn -0.000101 -1.0 -0.000546
vn -9.7e-05 -1.0 -0.000669
vn 0.000143 -0.999987 -0.00503
vn 4.7e-05 -0.999951 -0.009892
vn -0.000331 -0.999994 -0.003575
vn 0.001068 -0.999976 -0.006831
vn -0.001914 -0.999996 -0.002162
vn -0.007519 -0.999971 0.000948
vn -0.007535 -0.999971 0.000938
vn -0.007726 -0.99997 -0.000662
vn -0.00767 -0.99997 -0.000717
vn 0.00209 -0.999953 -0.009422
vn 0.00072 -0.999975 -0.007049
vn 0.003261 -0.99999 -0.00319
vn 0.243294 -0.0 -0.969952
vn 0.167454 -0.015882 -0.985752
vn 0.242087 -0.015931 -0.970124
vn 0.550835 0.015485 -0.83447
vn 0.664435 -0.014157 -0.747212
vn 0.664426 -0.014157 -0.74722
vn 0.880508 0.014308 -0.473816
vn 0.923541 -0.007038 -0.383434
vn 0.92355 -0.007038 -0.383413
vn 0.999972 0.007419 -0.0
vn 0.998627 -0.005851 0.052064
vn 0.998626 -0.005851 0.052077
vn 0.880584 0.005575 0.473857
vn 0.859349 -0.005882 0.511355
vn 0.859374 -0.005882 0.511314
vn 0.550892 0.005877 0.834556
vn 0.514664 -0.005651 0.857373
vn 0.514861 -0.005651 0.857255
vn 0.167532 0.003219 0.985861
vn 0.150107 -0.0 0.98867
vn 0.242786 1e-06 -0.97008
vn 0.1675 -0.01916 -0.985686
vn 0.242621 -0.019217 -0.969931
vn 0.663593 0.034486 -0.747299
vn 0.550792 -0.017143 -0.834466
vn 0.663727 -0.017318 -0.747774
vn 0.880461 0.017631 -0.473791
vn 0.923767 -0.00919 -0.382844
vn 0.923786 -0.00919 -0.382799
vn 0.999953 0.009666 -0.0
vn 0.998554 -0.007206 0.05327
vn 0.998554 -0.007206 0.053273
vn 0.880576 0.006927 0.473854
vn 0.859392 -0.007361 0.511264
vn 0.167531 0.0 0.985867
vn 0.150291 0.00437 0.988632
vn 0.515018 -0.006813 0.857152
vn 0.55086 -0.006807 0.83457
vn 0.514939 0.008673 0.857183
vn 0.859383 -0.007361 0.51128
vn 0.167449 -0.016333 -0.985745
vn 0.243191 0.0 -0.969978
vn 0.880574 -0.007728 -0.473845
vn 0.923179 0.023886 -0.383628
vn 0.665295 -0.015052 -0.746429
vn 0.55084 -0.014892 -0.834478
vn 0.66339 0.029539 -0.747691
vn 0.244312 -0.016384 -0.969558
vn 0.880583 -0.006306 0.47385
vn 0.859302 0.007272 0.511416
vn 0.998609 -0.006362 0.052341
vn 0.99998 -0.006354 0.0
vn 0.998572 0.010293 0.052424
vn 0.923751 -0.007768 -0.382914
vn 0.167529 0.0 0.985867
vn 0.149992 0.003711 0.98868
vn 0.515343 -0.005785 0.856964
vn 0.550892 -0.00578 0.834557
vn 0.514643 0.007457 0.857372
vn 0.859551 -0.006311 0.51101
vn 0.24273 1e-06 -0.970094
vn 0.167443 -0.01916 -0.985696
vn 0.242746 -0.019217 -0.969899
vn 0.663593 0.034475 -0.747299
vn 0.55082 -0.017143 -0.834448
vn 0.663727 -0.017318 -0.747774
vn 0.880461 0.017631 -0.473791
vn 0.923767 -0.00919 -0.382844
vn 0.923786 -0.00919 -0.382799
vn 0.999953 0.009666 -0.0
vn 0.998554 -0.007206 0.053272
vn 0.998554 -0.007206 0.053273
vn 0.880576 0.006927 0.473854
vn 0.859392 -0.007361 0.511264
vn 0.167473 0.0 0.985877
vn 0.150291 0.004356 0.988632
vn 0.515018 -0.006826 0.857152
vn 0.550889 -0.00682 0.834551
vn 0.514939 0.008673 0.857183
vn 0.859383 -0.007361 0.51128
vn 0.242605 1e-06 -0.970125
vn 0.167483 -0.019879 -0.985675
vn 0.242603 -0.019938 -0.969921
vn 0.663373 0.035773 -0.747433
vn 0.550802 -0.017804 -0.834446
vn 0.663488 -0.017986 -0.747971
vn 0.880443 0.01831 -0.473798
vn 0.923769 -0.009601 -0.382829
vn 0.923775 -0.009601 -0.382817
vn 0.999949 0.010083 -0.0
vn 0.998545 -0.007487 0.053398
vn 0.998546 -0.007487 0.053383
vn 0.880577 0.007203 0.473848
vn 0.859391 -0.007651 0.511262
vn 0.167504 0.0 0.985871
vn 0.150339 0.001547 0.988633
vn 0.167521 0.00401 0.98586
vn 0.514724 -0.007089 0.857326
vn 0.550876 -0.007083 0.834557
vn 0.514941 0.009021 0.857178
vn 0.859379 -0.007651 0.511282
vn 4e-06 -1.0 0.0
vn 0.0 -1.0 0.0
vn -0.0 -1.0 0.0
vn 0.0 -1.0 0.0
vn 0.0 -1.0 0.0
vn 0.0 -1.0 0.0
vn 0.0 -1.0 0.0
vn 0.0 -1.0 0.0
vn 0.0 -1.0 0.0
vn 0.0 -1.0 0.0
vn 0.0 -1.0 -0.0
vn 0.0 -1.0 0.0
vn -0.0 -1.0 0.0
vn -0.0 -1.0 0.0
vn 0.0 -1.0 0.0
vn 0.0 -1.0 0.0
vn 0.0 -1.0 0.0
vn 0.0 -1.0 -0.0
vn 0.0 -1.0 -0.0
vn 0.0 -1.0 0.0
vn 0.0 -1.0 0.0
vn 0.0 -1.0 0.0
vn 0.0 -1.0 0.0
vn 0.0 -1.0 -0.0
vn 0.0 -1.0 0.0
vn 0.0 -1.0 0.0
vn 0.0 -1.0 0.0
vn 0.0 -1.0 0.0
vn -0.0 -1.0 -0.0
vn 0.0 -1.0 -0.0
vn -0.0 -1.0 0.0
vn 0.0 -1.0 -0.0
vn -0.0 -1.0 -0.0
vn 0.0 -1.0 -0.0
vn 0.0 -1.0 -0.0
vn 0.0 -1.0 0.0
vn 0.0 -1.0 0.0
vn 0.0 -1.0 0.0
vn 0.0 -1.0 0.0
vn 0.0 -1.0 0.0
vn 0.0 -1.0 0.0
vn 0.0 -1.0 -0.0
vn 0.0 -1.0 -0.0
vn 0.0 -1.0 0.0
vn 0.0 -1.0 -0.0
vn 0.0 -1.0 0.0
vn -0.0 -1.0 -0.0
vn 0.0 -1.0 0.0
vn 0.0 -1.0 0.0
vn 0.0 -1.0 -0.0
vn 0.0 -1.0 0.0
vn -0.0 -1.0 0.0
vn -0.0 -1.0 0.0
vn -0.0 -1.0 0.0
vn 0.0 -1.0 0.0
vn -0.0 -1.0 0.0
vn 0.0 -1.0 0.0
vn 0.0 -1.0 -0.0
vn 0.0 -1.0 0.0
vn -0.0 -1.0 0.0
vn 0.0 -1.0 0.0
vn 0.0 -1.0 0.0
vn 0.0 -1.0 0.0
vn 0.0 -1.0 0.0
vn 0.0 -1.0 0.0
vn 0.0 -1.0 0.0
vn 0.0 -1.0 0.0
vn 0.0 -1.0 0.0
vn 0.0 -1.0 0.0
vn 0.0 -1.0 0.0
vn 0.0 -1.0 0.0
vn 0.0 -1.0 0.0
vn 0.0 -1.0 0.0
vn 0.0 -1.0 0.0
vn 0.0 -1.0 0.0
vn 0.0 -1.0 -0.0
vn 0.0 -1.0 0.0
vn -0.0 -1.0 0.0
vn -0.0 -1.0 2e-06
vn 1e-06 -1.0 1e-06
vn 0.0 -1.0 0.0
vn 0.0 -1.0 0.0
vn 0.0 -1.0 0.0
vn 0.0 -1.0 0.0
vn -0.0 -1.0 0.0
vn -1e-06 -1.0 -1e-06
vn 2e-06 -1.0 3.4e-05
vn -1e-06 -1.0 -0.000174
vn 0.0 -1.0 0.0
vn 0.0 -1.0 -0.0
vn 0.0 -1.0 -0.0
vn 1e-06 -1.0 -2e-06
vn 0.0 -1.0 -2e-06
vn 1e-06 -1.0 -2e-06
vn -2.8e-05 -1.0 1.1e-05
vn 4e-06 -1.0 -2e-06
vn 1.8e-05 -1.0 -1e-05
vn 0.0 -1.0 0.0
vn 0.0 -1.0 0.0
vn 0.0 -1.0 0.0
vn 0.0 -1.0 0.0
vn 0.0 -1.0 0.0
vn -0.58675 -0.788788 -0.183137
vn -0.965323 0.112837 -0.235414
vn -0.807435 -0.589957 0.0
vn -0.988559 -0.144308 -0.043886
vn -0.965321 0.112837 -0.235424
vn -0.771075 -0.589511 0.240667
vn -0.932887 0.327359 0.150196
vn -0.932887 0.327359 0.150194
vn 7e-06 -1.0 0.0
vn 7e-06 -1.0 0.0
vn 0.586757 -0.788782 0.183137
vn 0.965325 0.112818 0.235413
vn 0.807423 -0.589972 0.0
vn 0.98856 -0.144301 0.043888
vn 0.965324 0.112818 0.235417
vn 0.771077 -0.589508 -0.240668
vn 0.932882 0.327375 -0.150191
vn 0.932881 0.327375 -0.150195
vn 0.999821 0.018903 0.0
vn 0.167504 0.001672 0.98587
vn 0.209824 -0.111376 0.971375
vn 0.041148 0.0 0.999153
vn 0.648259 -0.008467 0.761373
vn 0.648255 -0.008469 0.761376
vn 0.538703 -0.209243 0.816098
vn 0.447901 -0.001663 0.894082
vn 0.208991 0.001674 0.977916
vn 0.866325 -0.179297 0.466191
vn 0.810994 0.008579 0.584992
vn 0.811014 0.008579 0.584964
vn 0.983438 -0.106178 -0.14689
vn 0.973575 -0.204775 0.101087
vn 0.999865 -0.016429 0.0
vn 0.933576 0.008635 0.358275
vn 0.933579 0.008635 0.358268
vn 0.788924 0.033487 -0.613577
vn 0.788925 0.033487 -0.613576
vn 0.866656 -0.177229 -0.466367
vn 0.919992 -0.024001 -0.391202
vn 0.98855 0.019117 -0.149675
vn 0.379076 0.053602 -0.923812
vn 0.539601 -0.201456 -0.817463
vn 0.607894 -0.048666 -0.792525
vn 0.607869 -0.048683 -0.792543
vn 0.167509 0.0 -0.98587
vn 0.13059 -0.097875 -0.986594
vn 0.379065 0.053602 -0.923816
vn 0.064837 -0.997895 -0.000896
vn 0.04264 -0.999074 -0.005787
vn 0.074495 -0.997178 0.00933
vn 0.040925 -0.999161 -0.001608
vn 0.044295 -0.999018 -0.000153
vn 0.044306 -0.999018 -0.000152
vn 0.013811 -0.999905 0.000168
vn 0.008304 -0.999964 -0.001555
vn -0.004563 -0.99999 -5.6e-05
vn -0.028116 -0.999605 0.000295
vn -0.022378 -0.999748 -0.001648
vn -0.028398 -0.999596 -0.001541
vn -0.023079 -0.999731 -0.002215
vn -0.062675 -0.99803 0.002759
vn 0.16396 -0.986465 -0.001968
vn 0.167099 -0.98594 9.8e-05
vn 0.063914 -0.997955 0.000783
vn 0.095683 -0.99541 -0.002129
vn 0.095681 -0.99541 -0.002128
vn 0.075621 -0.997103 0.008234
vn 0.118403 -0.992919 -0.00962
vn 0.099736 -0.994962 0.010135
vn 0.127951 -0.991599 -0.01898
vn 0.110292 -0.99374 0.01778
vn 0.129513 -0.991572 -0.003203
vn 0.124575 -0.992159 0.010118
vn 0.124547 -0.992162 0.010151
vn 0.133358 -0.991068 0.0
vn 0.139407 -0.990229 0.003576
vn 0.129831 -0.991529 -0.003778
vn 0.12983 -0.991529 -0.003779
vn 0.134743 -0.990877 0.002521
vn 0.118031 -0.992969 -0.008992
vn 0.138483 -0.990249 0.015117
vn 0.103798 -0.994473 -0.0158
vn 0.123824 -0.992203 0.014137
vn 0.091523 -0.995784 -0.00621
vn 0.107034 -0.994244 0.004805
vn 0.070269 -0.997496 -0.008047
vn 0.106123 -0.994334 0.006119
vn 0.079058 -0.99687 -0.000896
vn 0.18023 -0.983624 -0.000901
vn 0.182587 -0.983189 0.00127
vn 0.182686 -0.983171 -0.000506
vn 0.184438 -0.982844 0.000886
vn 0.185497 -0.982644 -0.000949
vn 0.186527 -0.98245 0.000338
vn 0.186694 -0.982418 9.2e-05
vn 0.185568 -0.982631 -0.000594
vn 0.183121 -0.983088 0.002263
vn 0.1844 -0.982851 -0.000113
vn 0.181763 -0.98334 0.00193
vn 0.178803 -0.983883 -0.001809
vn 0.172091 -0.985077 0.002731
vn 0.171198 -0.985237 -8.8e-05
vn 0.151962 -0.988386 0.000116
vn -0.064801 -0.997898 0.000881
vn -0.042609 -0.999075 0.005787
vn -0.07454 -0.997174 -0.009364
vn -0.040899 -0.999162 0.001647
vn -0.044327 -0.999017 0.000163
vn -0.044326 -0.999017 0.000163
vn -0.013813 -0.999905 -0.000177
vn -0.008337 -0.999964 0.001534
vn 0.004555 -0.99999 4.9e-05
vn 0.028054 -0.999606 -0.00027
vn 0.022414 -0.999747 0.00164
vn 0.028322 -0.999598 0.001535
vn 0.022739 -0.999739 0.002241
vn 0.062691 -0.998029 -0.002733
vn 0.049182 -0.998783 0.003644
vn 0.069306 -0.997595 0.000783
vn -0.163968 -0.986464 0.001954
vn -0.167093 -0.985941 -9.8e-05
vn -0.180142 -0.98364 0.000897
vn -0.182604 -0.983186 -0.001264
vn -0.182703 -0.983168 0.000503
vn -0.184441 -0.982843 -0.000877
vn -0.18545 -0.982653 0.000941
vn -0.186518 -0.982451 -0.000342
vn -0.18669 -0.982419 -8.9e-05
vn -0.185573 -0.98263 0.000591
vn -0.183127 -0.983087 -0.002265
vn -0.184412 -0.982849 0.000123
vn -0.181763 -0.983341 -0.00193
vn -0.178809 -0.983882 0.0018
vn -0.172087 -0.985078 -0.002734
vn -0.171186 -0.985239 0.000121
vn -0.152025 -0.988377 -0.000158
vn -0.049109 -0.998787 -0.003661
vn -0.069222 -0.997601 -0.000781
vn -0.063903 -0.997956 -0.000781
vn -0.095731 -0.995405 0.002127
vn -0.095733 -0.995405 0.002127
vn -0.075591 -0.997104 -0.008321
vn -0.118372 -0.992922 0.009674
vn -0.099697 -0.994967 -0.010092
vn -0.12795 -0.991599 0.018986
vn -0.110249 -0.993743 -0.01786
vn -0.129464 -0.991579 0.003187
vn -0.124548 -0.992162 -0.010159
vn -0.124523 -0.992164 -0.010188
vn -0.133347 -0.991069 -0.0
vn -0.139464 -0.990221 -0.003614
vn -0.129867 -0.991524 0.003746
vn -0.129856 -0.991526 0.00376
vn -0.134778 -0.990873 -0.002526
vn -0.118062 -0.992966 0.008958
vn -0.138507 -0.990246 -0.015102
vn -0.103844 -0.994468 0.015803
vn -0.123839 -0.992201 -0.014148
vn -0.09156 -0.99578 0.00619
vn -0.107039 -0.994243 -0.004799
vn -0.070241 -0.997498 0.008056
vn -0.106123 -0.994334 -0.006121
vn -0.079102 -0.996866 0.000881
vn -0.997471 0.070994 0.003515
vn -0.997384 0.072276 0.000514
vn -0.997607 0.06906 -0.003239
vn -0.99737 0.072476 -0.000561
vn -0.99737 0.072475 -0.000572
vn -0.997375 0.072231 -0.005127
vn -0.99733 0.072329 -0.010025
vn -0.997428 0.071353 -0.006834
vn -0.997346 0.072714 -0.003643
vn -0.99723 0.074354 -0.002168
vn -0.996793 0.080019 0.00099
vn -0.997404 0.071647 -0.007189
vn -0.997481 0.070278 -0.009579
vn -0.996763 0.080389 -0.00048
vn -0.996703 0.081135 0.000257
vn -0.996988 0.077538 -0.001792
vn -0.997117 0.075815 0.003018
vn -0.9973 0.073089 0.007177
vn -0.997354 0.072516 0.005146
vn -0.997384 0.072281 0.00066
vn -0.997322 0.072637 0.008499
vn -0.997329 0.072367 0.009874
vn -0.997377 0.07223 0.004666
vn -0.997523 0.070321 0.001735
vn -0.997954 0.063902 -0.001936
vn -0.997195 0.073687 0.013096
vn -0.997365 0.072172 0.00735
vn -0.997478 0.0709 0.003341
vn -0.999113 0.041964 -0.003435
vn -0.999206 0.039802 0.001705
vn -0.998934 0.045407 0.008308
vn -0.998934 0.045118 0.009781
vn -0.998977 0.044984 0.004714
vn -0.999338 0.036366 1.8e-05
vn -0.999068 0.04312 0.001862
vn -0.999321 0.0368 -0.001781
vn -0.998839 0.046411 0.012933
vn -0.99902 0.044077 0.004122
vn -0.998919 0.045889 0.007472
vn -0.998985 0.044878 0.00385
vn -0.999051 0.043544 -0.000463
vn -0.99911 0.042063 -0.003067
vn -0.999118 0.041861 -0.003278
vn -0.999125 0.041696 -0.003381
vn -0.998925 0.045854 -0.006828
vn -0.998726 0.050468 0.000217
vn -0.998644 0.052058 0.0002
vn -0.998533 0.054145 -0.000176
vn -0.998533 0.054142 0.000252
vn -0.998544 0.053934 1.9e-05
vn -0.998489 0.054946 2.2e-05
vn -0.998549 0.053859 -1.2e-05
vn -0.998553 0.053783 -1.4e-05
vn -0.998749 0.050012 2.7e-05
vn -0.998958 0.045632 -0.001009
vn -0.998933 0.045096 -0.009947
vn -0.999979 -0.006479 3.4e-05
vn -0.999809 -0.019217 -0.003527
vn -0.999833 -0.016761 -0.007256
vn -0.999833 -0.016441 -0.007997
vn -0.999823 -0.016092 -0.009763
vn -0.999968 -0.007755 0.001798
vn -0.999939 -0.010878 -0.001754
vn -0.999878 -0.015055 -0.004109
vn -0.999766 -0.017383 -0.012876
vn -0.999862 -0.015961 -0.004697
vn -0.999898 -0.014127 -0.001901
vn -0.999774 -0.021194 0.00183
vn -0.999691 -0.024849 2.3e-05
vn -0.999859 -0.016111 -0.004704
vn -0.99987 -0.016102 -0.00056
vn -0.999868 -0.016223 -3e-06
vn -0.999863 -0.016098 0.003929
vn -0.99987 -0.016105 0.000638
vn -0.999859 -0.015996 0.005119
vn -0.999842 -0.015806 0.008186
vn -0.999822 -0.016116 0.009767
vn -0.999857 -0.016253 0.004697
vn -0.999835 -0.018059 0.001936
vn -0.999701 -0.0244 -0.001732
vn -0.999807 -0.014821 0.012905
vn -0.999844 -0.017159 0.004107
vn -0.999855 -0.015341 0.007461
vn -0.999859 -0.015988 0.00515
vn -0.997621 -0.06893 -0.00049
vn -0.998419 -0.056204 -0.00015
vn -0.998455 -0.05556 4.8e-05
vn -0.997781 -0.066432 -0.004485
vn -0.997822 -0.065221 -0.009918
vn -0.997729 -0.067112 -0.005684
vn -0.998202 -0.059918 -0.001733
vn -0.997899 -0.064756 -0.002109
vn -0.998007 -0.063086 -0.001192
vn -0.998312 -0.058085 0.000399
vn -0.998388 -0.056752 6.1e-05
vn -0.998388 -0.056757 4.5e-05
vn -0.997732 -0.067072 -0.005619
vn -0.997738 -0.066999 -0.005538
vn -0.997647 -0.068479 -0.003281
vn -0.997938 -0.06406 0.004113
vn -0.997949 -0.063849 0.004487
vn -0.997983 -0.063253 0.005491
vn -0.997512 -0.070476 0.001762
vn -0.997913 -0.064169 0.007147
vn -0.997745 -0.067087 0.00226
vn -0.997842 -0.06555 0.003705
vn -0.997825 -0.06518 0.009861
vn -0.997339 -0.072896 -0.00105
vn -0.997274 -0.073785 -0.000121
vn -0.997954 -0.063172 0.009857
vn -0.997766 -0.066725 0.003278
vn -0.99763 -0.068801 -0.000348
vn -0.997294 -0.07351 -0.000247
vn -0.997793 -0.066268 -0.004179
vn -0.997863 -0.065346 -0.000532
vn -0.997864 -0.065209 0.003912
vn -0.997822 -0.06522 -0.009919
vn -0.997891 -0.064825 -0.003266
vn -0.997729 -0.067122 -0.005673
vn -0.997738 -0.066999 -0.005538
vn -0.997647 -0.068479 -0.003281
vn -0.998289 -0.058468 -9.6e-05
vn -0.998452 -0.055615 5.7e-05
vn -0.997895 -0.064493 -0.006839
vn -0.998173 -0.060423 -0.000613
vn -0.998091 -0.061737 -0.00157
vn -0.998452 -0.055613 4.8e-05
vn -0.998455 -0.05556 4.8e-05
vn -0.998071 -0.061988 0.003378
vn -0.998066 -0.062156 0.000166
vn -0.997851 -0.064974 0.008492
vn -0.997824 -0.065215 0.009727
vn -0.997834 -0.065252 0.008351
vn -0.997912 -0.064406 0.004746
vn -0.997512 -0.070476 0.001762
vn -0.99786 -0.065207 0.004757
vn -0.997811 -0.065762 0.007029
vn -0.997804 -0.065844 0.007214
vn -0.999691 -0.024849 2.3e-05
vn -0.999909 -0.013029 0.003354
vn -0.999821 -0.016072 0.009941
vn -0.999904 -0.013287 0.003987
vn -0.999862 -0.016624 0.000693
vn -0.999829 -0.018491 0.000216
vn -0.999736 -0.02298 -0.000127
vn -0.99971 -0.024092 0.000603
vn -0.999712 -0.023997 0.000248
vn -0.999774 -0.021193 0.00183
vn -0.999712 -0.023999 -0.000135
vn -0.999708 -0.024174 -0.000341
vn -0.999882 -0.015233 0.001943
vn -0.99991 -0.012942 0.003449
vn -0.999913 -0.012818 0.003262
vn -0.99986 -0.01534 -0.006757
vn -0.999833 -0.016441 -0.007997
vn -0.999823 -0.016092 -0.009763
vn -0.999832 -0.016067 -0.008784
vn -0.999846 -0.016859 -0.004933
vn -0.999838 -0.016139 -0.007974
vn -0.99984 -0.016137 -0.007685
vn -0.999866 -0.015889 -0.003831
vn -0.999866 -0.015899 -0.003871
vn -0.999893 -0.014659 0.000472
vn -0.999893 -0.014612 0.000558
vn -0.998819 0.048482 0.003149
vn -0.998933 0.045096 -0.00995
vn -0.998958 0.045624 -0.001147
vn -0.99912 0.041802 -0.003554
vn -0.998644 0.052051 0.000192
vn -0.998531 0.054176 -0.000163
vn -0.998526 0.054276 -0.000257
vn -0.998539 0.054037 7e-05
vn -0.998925 0.045853 -0.00683
vn -0.998727 0.050446 0.000183
vn -0.998753 0.049914 -4.8e-05
vn -0.998544 0.053938 -2.7e-05
vn -0.998576 0.053346 0.000294
vn -0.999206 0.039802 0.001705
vn -0.998839 0.04641 0.012932
vn -0.998934 0.045407 0.008308
vn -0.998934 0.045118 0.009782
vn -0.998977 0.044983 0.004714
vn -0.999068 0.043121 0.001862
vn -0.999321 0.0368 -0.001782
vn -0.99902 0.044077 0.004122
vn -0.999041 0.043655 0.003342
vn -0.999137 0.041529 -0.000355
vn -0.999113 0.041969 -0.003444
vn -0.998823 0.048396 0.003279
vn -0.999206 0.039793 -0.00214
vn -0.999196 0.040045 -0.001974
vn -0.999338 0.036366 1.8e-05
vn -0.999985 -0.003984 -0.003723
vn -0.999948 -0.010159 -0.00011
vn -0.999996 -0.002766 0.000642
vn -0.999996 -0.002759 0.000638
vn -0.999981 -0.005586 0.002743
vn -0.999935 -0.011411 -4.2e-05
vn -0.999988 -0.004972 -4.6e-05
vn -0.999982 -0.005412 0.002429
vn -0.999981 -0.005573 0.002724
vn -0.999981 -0.00561 -0.002562
vn -0.999985 -0.005138 -0.00197
vn -0.999986 -0.005016 -0.001908
vn -0.999996 0.002948 0.000316
vn -0.999999 0.000761 0.000685
vn -0.99993 -2.6e-05 -0.011875
vn -0.999974 0.007102 -0.001049
vn -0.999974 0.007073 -0.001026
vn -0.99997 0.007553 -0.001541
vn -0.999949 0.01013 0.000123
vn -0.999971 0.007389 0.001601
vn -0.999975 0.007062 0.000318
vn -0.99997 0.007542 -0.00151
vn -0.999952 0.000355 0.009742
vn -0.999997 0.002349 -0.000222
vn -0.999982 0.005909 0.000426
vn -0.99997 0.007571 0.001765
vn -0.0 -0.243108 -0.969999
vn -0.01668 -0.167454 -0.985739
vn -0.016731 -0.241837 -0.970173
vn 0.016273 -0.550833 -0.834457
vn -0.014866 -0.664102 -0.747494
vn -0.014866 -0.66404 -0.747549
vn 0.015028 -0.8805 -0.473808
vn -0.007443 -0.923543 -0.383423
vn -0.007443 -0.923529 -0.383457
vn 0.007842 -0.999969 0.0
vn -0.006145 -0.998615 0.052251
vn -0.006145 -0.998616 0.052233
vn 0.005856 -0.880576 0.473869
vn -0.006185 -0.859343 0.511363
vn -0.006185 -0.859389 0.511285
vn 0.006182 -0.550895 0.834552
vn -0.005943 -0.51467 0.857368
vn -0.005943 -0.514677 0.857363
vn 0.003393 -0.167531 0.985861
vn -0.0 -0.150087 0.988673
vn -0.0 -0.242771 -0.970084
vn -0.018532 -0.167501 -0.985698
vn -0.01859 -0.241875 -0.970129
vn 0.01815 -0.550788 -0.834448
vn -0.016595 -0.6635 -0.747992
vn -0.016595 -0.663473 -0.748016
vn 0.016811 -0.880475 -0.473794
vn -0.008616 -0.923654 -0.38313
vn -0.008616 -0.923645 -0.383153
vn 0.009055 -0.999959 0.0
vn -0.006864 -0.998572 0.052976
vn -0.006864 -0.998572 0.052979
vn 0.006577 -0.880581 0.47385
vn -0.006992 -0.859349 0.511341
vn -0.006992 -0.859327 0.511379
vn 0.006972 -0.550865 0.834565
vn -0.006613 -0.5147 0.857345
vn -0.006613 -0.514699 0.857345
vn 0.003767 -0.167529 0.98586
vn -0.0 -0.150195 0.988656
vn -0.019994 -0.167498 -0.98567
vn 0.0 -0.242563 -0.970136
vn -0.009719 -0.880541 -0.473871
vn -0.001754 -0.923819 -0.382827
vn 0.018528 -0.880442 -0.473791
vn -0.01817 -0.663578 -0.747886
vn -0.017987 -0.550816 -0.834433
vn 0.03596 -0.662889 -0.747853
vn -0.020053 -0.242817 -0.969865
vn -0.007729 -0.880574 0.473847
vn 0.008738 -0.859385 0.511254
vn -0.007594 -0.998542 0.053436
vn -0.007583 -0.999971 -0.0
vn 0.01293 -0.998485 0.053478
vn -0.009767 -0.923743 -0.382889
vn 0.0 -0.167477 0.985876
vn 0.004555 -0.150237 0.988639
vn -0.007135 -0.514862 0.857243
vn -0.007129 -0.550891 0.834547
vn 0.009124 -0.51486 0.857226
vn -0.007736 -0.859319 0.511382
vn -0.01768 -0.167506 -0.985713
vn -0.0 -0.242939 -0.970042
vn -0.008512 -0.880568 -0.473843
vn 0.025859 -0.923186 -0.383482
vn -0.016297 -0.664764 -0.746876
vn -0.016125 -0.550806 -0.834477
vn 0.03193 -0.662866 -0.748057
vn -0.017734 -0.24398 -0.969618
vn -0.006866 -0.880579 0.473849
vn 0.007886 -0.859292 0.511424
vn -0.006888 -0.998588 0.052679
vn -0.006878 -0.999976 -0.0
vn 0.011328 -0.99854 0.052808
vn -0.008556 -0.923727 -0.382955
vn -0.0 -0.167532 0.985867
vn 0.00403 -0.150015 0.988676
vn -0.006277 -0.515147 0.857079
vn -0.006272 -0.550867 0.834569
vn 0.008101 -0.514654 0.85736
vn -0.006872 -0.859552 0.511002
vn -0.01768 -0.167451 -0.985722
vn -0.0 -0.242886 -0.970055
vn -0.008512 -0.880559 -0.473859
vn 0.025864 -0.923186 -0.383482
vn -0.016297 -0.664684 -0.746947
vn -0.016126 -0.550833 -0.834459
vn 0.031934 -0.662897 -0.74803
vn -0.017734 -0.24398 -0.969618
vn -0.00686 -0.880579 0.473849
vn 0.007886 -0.859303 0.511406
vn -0.006888 -0.998588 0.052679
vn -0.006878 -0.999976 -0.0
vn 0.011328 -0.99854 0.052808
vn -0.008556 -0.923727 -0.382955
vn -0.0 -0.167477 0.985876
vn 0.004017 -0.150015 0.988676
vn -0.006288 -0.515148 0.857078
vn -0.006283 -0.550894 0.834551
vn 0.008101 -0.514654 0.85736
vn -0.006865 -0.859436 0.511197
vn -0.019994 -0.167498 -0.98567
vn 0.0 -0.242563 -0.970136
vn -0.009719 -0.880558 -0.473838
vn 0.028823 -0.923414 -0.382721
vn -0.018182 -0.663498 -0.747957
vn -0.018 -0.550789 -0.83445
vn 0.03596 -0.662889 -0.747853
vn -0.020053 -0.242817 -0.969865
vn -0.007736 -0.880573 0.473846
vn 0.008738 -0.859374 0.511273
vn -0.007594 -0.998542 0.053436
vn -0.007583 -0.999971 -0.0
vn 0.01293 -0.998485 0.053478
vn -0.009767 -0.923743 -0.382889
vn 0.0 -0.167532 0.985867
vn 0.00457 -0.150237 0.988639
vn -0.007135 -0.515233 0.85702
vn -0.007129 -0.550864 0.834564
vn 0.009125 -0.514829 0.857244
vn -0.007743 -0.859434 0.511188
vn -0.0 -0.242718 -0.970097
vn -0.018532 -0.167446 -0.985707
vn -0.01859 -0.241995 -0.9701
vn 0.018142 -0.550815 -0.83443
vn -0.016585 -0.663469 -0.74802
vn -0.016585 -0.663474 -0.748016
vn 0.016816 -0.880469 -0.473805
vn -0.001429 -0.923745 -0.383005
vn -0.008571 -0.880551 -0.473874
vn -0.008616 -0.923645 -0.383153
vn 0.009055 -0.999959 0.0
vn -0.006864 -0.998572 0.052976
vn -0.006864 -0.998573 0.052955
vn 0.006584 -0.880581 0.47385
vn -0.006992 -0.859338 0.51136
vn -0.006992 -0.859327 0.511379
vn 0.006971 -0.550892 0.834548
vn -0.006624 -0.514699 0.857345
vn -0.006624 -0.514699 0.857346
vn 0.003755 -0.167474 0.985869
vn -0.0 -0.150195 0.988656
vn 0.02172 -0.88039 -0.473752
vn -0.021361 -0.661193 -0.749912
vn -0.021155 -0.550775 -0.834386
vn 0.036457 -0.661162 -0.749356
vn 0.023221 -0.550598 -0.834447
vn -0.023526 -0.241078 -0.970221
vn -0.02346 -0.16764 -0.985569
vn -0.019576 -0.241069 -0.970311
vn 0.0 -0.16747 -0.985877
vn 0.013352 -0.999911 0.0
vn -0.012075 -0.923738 -0.382835
vn -0.012075 -0.923736 -0.382838
vn 0.010419 -0.880543 0.473852
vn -0.011088 -0.997985 0.062476
vn -0.011088 -0.997983 0.062507
vn 0.0 -0.167526 0.985868
vn 0.005383 -0.147113 0.989105
vn 0.005609 -0.167409 0.985872
vn -0.009706 -0.508923 0.860757
vn -0.009695 -0.550983 0.83446
vn -0.007753 -0.509117 0.860662
vn 0.010461 -0.550868 0.834527
vn -0.010439 -0.855041 0.518455
vn -0.010439 -0.855005 0.518515
vn -1.0 0.0 0.0
vn -1.0 -3e-06 2e-06
vn -1.0 -2.2e-05 3.4e-05
vn -1.0 0.0 0.0
vn -1.0 1e-05 -0.000101
vn -1.0 2.5e-05 2.4e-05
vn -1.0 0.0 -6e-06
vn -1.0 0.0 0.0
vn -1.0 -2.9e-05 -0.0
vn -1.0 0.0 -0.0
vn -1.0 0.0 0.0
vn -1.0 -0.0 -0.0
vn -1.0 1e-06 3e-06
vn -1.0 -1.8e-05 8e-06
vn -1.0 0.0 0.0
vn -1.0 3e-05 9e-06
vn -1.0 -2.9e-05 0.0
vn -1.0 0.0 0.0
vn -1.0 0.0 0.0
vn -1.0 0.0 0.0
vn -1.0 0.0 0.0
vn -1.0 0.0 0.0
vn -1.0 0.0 0.0
vn -1.0 -1e-06 -4e-06
vn -1.0 2.7e-05 1.3e-05
vn -1.0 -0.0 0.0
vn -1.0 0.0 0.0
vn -1.0 0.0 0.0
vn -1.0 2.7e-05 8e-06
vn -1.0 -1.6e-05 -1e-05
vn -1.0 1.9e-05 -1.2e-05
vn -1.0 -1e-05 2.1e-05
vn -1.0 0.0 0.0
vn -1.0 3.4e-05 3.1e-05
vn -1.0 -0.0 0.0
vn -1.0 -0.0 0.0
vn -1.0 -2.9e-05 0.0
vn -1.0 0.0 0.0
vn -1.0 -0.0 0.0
vn -1.0 0.0 0.0
vn -1.0 -0.0 0.0
vn -1.0 0.0 0.0
vn -1.0 -2.9e-05 -0.0
vn -1.0 -3e-06 -0.000104
vn -1.0 0.0 0.0
vn -1.0 0.0 0.0
vn -1.0 -1.8e-05 1.2e-05
vn -1.0 0.0 -3e-06
vn -1.0 2.1e-05 -4e-06
vn -1.0 -2.8e-05 5e-06
vn -1.0 2e-06 -4e-06
vn -1.0 2.6e-05 1.4e-05
vn -1.0 0.0 -0.0
vn -1.0 2.9e-05 0.0
vn -1.0 0.0 0.000106
vn -1.0 0.0 -0.0
vn -1.0 0.0 0.0
vn -1.0 -8e-06 -0.000119
vn -1.0 0.0 4.7e-05
vn -1.0 1.7e-05 -6.6e-05
vn -1.0 0.0 0.0
vn -1.0 5e-06 -1.6e-05
vn -1.0 0.0 0.0
vn -1.0 0.0 0.0
vn -1.0 -0.0 0.0
vn -1.0 0.0 0.0
vn -1.0 -0.0 -0.0
vn -1.0 0.0 -0.0
vn -1.0 -1.3e-05 -0.0
vn -1.0 -1.3e-05 -0.0
vn -1.0 5e-06 1.6e-05
vn -1.0 0.0 0.0
vn -1.0 0.0 0.0
vn -1.0 0.0 0.0
vn -1.0 0.0 0.0
vn -1.0 0.0 0.0
vn -1.0 0.0 0.0
vn -1.0 0.0 0.0
vn -1.0 0.0 0.0
vn -1.0 -1e-06 -1.8e-05
vn -1.0 0.0 0.0
vn -1.0 2e-06 0.0
vn -1.0 0.0 0.0
vn -1.0 0.0 0.0
vn -1.0 0.0 -0.0
vn -1.0 0.0 0.0
vn -1.0 0.0 0.0
vn -1.0 0.0 0.0
vn -1.0 0.0 0.0
vn -1.0 -0.0 0.0
vn -1.0 0.0 0.0
vn -1.0 0.0 0.0
vn -1.0 0.0 0.0
vn -1.0 0.0 -0.0
vn -1.0 0.0 -0.0
vn -1.0 0.0 0.0
vn -1.0 0.0 0.0
vn -1.0 -0.0 0.0
vn -1.0 -0.0 0.0
vn -1.0 0.0 0.0
vn -1.0 0.0 0.0
vn -1.0 0.0 0.0
vn -1.0 0.0 0.0
vn -1.0 0.0 0.0
vn -1.0 0.0 0.0
vn -1.0 0.0 0.0
vn -1.0 0.0 0.0
vn -1.0 0.0 0.0
vn -1.0 0.0 0.0
vn -1.0 0.0 0.0
vn -1.0 0.0 0.0
vn -1.0 -0.0 0.0
vn -1.0 -0.0 0.0
vn -1.0 0.0 0.0
vn -1.0 0.0 0.0
vn -1.0 -0.0 0.0
vn -1.0 0.0 0.0
vn -1.0 0.0 -0.0
vn -1.0 0.0 -0.0
vn -1.0 0.0 0.0
vn -1.0 0.0 0.0
vn -1.0 0.0 0.0
vn -1.0 0.0 0.0
vn -1.0 0.0 0.0
vn -1.0 0.0 0.0
vn -1.0 0.0 0.0
vn -1.0 0.0 0.0
vn -1.0 0.0 0.0
vn -1.0 0.0 0.0
vn -1.0 0.0 0.0
vn -1.0 0.0 0.0
vn -1.0 0.0 0.0
vn -1.0 0.0 0.0
vn -1.0 5e-06 -8e-06
vn -1.0 -2.7e-05 -7e-06
vn -1.0 2.9e-05 0.0
vn -1.0 -3e-06 0.0
vn -1.0 -3e-06 -0.0
vn -1.0 0.0 1.1e-05
vn -1.0 0.0 0.0
vn -1.0 -0.0 0.0
vn -1.0 0.0 0.0
vn -1.0 -0.0 -0.0
vn -1.0 0.0 0.0
vn -1.0 -0.0 -0.0
vn -1.0 2.1e-05 -1.5e-05
vn -1.0 0.0 0.0
vn -1.0 0.0 0.0
vn -1.0 0.0 0.0
vn -1.0 1e-05 0.0
vn -1.0 4e-06 2e-06
vn -1.0 0.0 0.0
vn -1.0 0.0 0.0
vn -1.0 0.0 0.0
vn -1.0 0.0 0.0
vn -1.0 0.0 0.0
vn -1.0 0.0 0.0
vn -1.0 0.0 0.0
vn -1.0 0.0 0.0
vn -1.0 -0.0 -0.0
vn -1.0 0.0 0.0
vn -1.0 -0.0 -0.0
vn -1.0 0.0 0.0
vn -1.0 -0.0 -0.0
vn -1.0 -3e-06 0.0
vn -1.0 2e-06 3.2e-05
vn -1.0 0.0 0.0
vn -1.0 0.0 -0.0
vn -1.0 0.0 0.0
vn -1.0 -0.0 -0.0
vn -1.0 0.0 0.0
vn -1.0 -0.0 -0.0
vn -1.0 0.0 0.0
vn -1.0 -0.0 -0.0
vn -1.0 -8e-06 -1.8e-05
vn -1.0 0.0 0.0
vn -1.0 8e-06 0.0
vn -1.0 -1.4e-05 -1.4e-05
vn -1.0 -2e-05 1.1e-05
vn -1.0 1.7e-05 6.6e-05
vn -1.0 0.0 -0.0
vn -1.0 -1.4e-05 -1.5e-05
vn -1.0 0.0 0.0
vn -1.0 -6e-06 1.9e-05
vn -1.0 2e-06 -3.2e-05
vn -1.0 -6e-06 0.0
vn -1.0 -6e-06 0.0
vn -1.0 2.9e-05 0.0
vn -1.0 2.9e-05 0.0
vn -1.0 0.0 0.0
vn -1.0 2.3e-05 -3.1e-05
vn -1.0 0.0 1.4e-05
vn -1.0 -1.5e-05 -7.8e-05
vn -1.0 5e-06 2.7e-05
vn -1.0 -1e-06 1.8e-05
vn -1.0 0.0 0.0
vn -1.0 0.0 -0.0
vn -1.0 0.0 0.0
vn -1.0 0.0 -4.7e-05
vn -1.0 -8e-06 0.000119
vn -1.0 2e-06 0.0
vn -1.0 -0.0 0.0
vn -1.0 -0.0 0.0
vn -1.0 0.0 0.0
vn -1.0 0.0 0.0
vn -1.0 0.0 -0.0
vn -1.0 0.0 0.0
vn -1.0 -0.0 -0.0
vn -1.0 0.0 0.0
vn -1.0 0.0 0.0
vn -1.0 0.0 0.0
vn -1.0 0.0 0.0
vn -1.0 -0.0 0.0
vn -1.0 -0.0 0.0
vn -1.0 0.0 0.0
vn -1.0 0.0 0.0
vn -1.0 0.0 0.0
vn -1.0 0.0 0.0
vn -1.0 0.0 0.0
vn -1.0 -0.0 -0.0
vn -1.0 0.0 0.0
vn -1.0 -0.0 -0.0
vn -1.0 0.0 -0.0
vn -1.0 0.0 -0.0
vn -1.0 0.0 0.0
vn -1.0 0.0 0.0
vn -1.0 0.0 0.0
vn -1.0 0.0 0.0
vn -1.0 0.0 0.0
vn -1.0 0.0 0.0
vn -1.0 -0.0 0.0
vn -1.0 -0.0 -0.0
vn -0.788785 0.586753 -0.183137
vn 0.112822 0.965324 -0.235415
vn -0.589975 0.807422 0.0
vn -0.144317 0.988558 -0.043887
vn 0.112822 0.965323 -0.23542
vn -0.589515 0.771072 0.240666
vn 0.327358 0.932887 0.150194
vn 0.327358 0.932887 0.150193
vn -1.0 0.0 0.0
vn -1.0 0.0 0.0
vn -0.788767 -0.586775 0.183144
vn 0.112813 -0.965326 0.235414
vn -0.589955 -0.807436 -0.0
vn -0.144311 -0.988559 0.043886
vn 0.112813 -0.965323 0.235426
vn -0.589487 -0.771091 -0.240673
vn 0.327359 -0.932887 -0.150194
vn 0.327359 -0.932887 -0.150193
vn 0.008579 -0.811016 0.584961
vn -0.016976 -0.550821 0.834451
vn -0.036874 -0.648974 0.759917
vn -0.036876 -0.648971 0.759919
vn -0.209243 -0.538703 0.816098
vn -0.055836 -0.449255 0.891657
vn -0.003203 -0.550896 0.834568
vn 0.001674 -0.208995 0.977915
vn 0.001672 -0.167499 0.985871
vn -0.047384 -0.209538 0.976652
vn -0.082944 -0.166931 0.982474
vn 0.0 -0.041148 0.999153
vn 0.008579 -0.810994 0.584991
vn -0.1793 -0.866325 0.466189
vn -0.133983 -0.926993 0.350331
vn 0.008565 -0.880562 0.473854
vn 0.008635 -0.933576 0.358275
vn -0.016429 -0.999865 0.0
vn -0.090454 -0.990437 0.104175
vn -0.166018 -0.986123 0.0
vn -0.096047 -0.984432 -0.147203
vn 0.018904 -0.999821 0.0
vn 0.018904 -0.999821 0.0
vn 0.019118 -0.98855 -0.149675
vn -0.039437 -0.879909 -0.473503
vn -0.126736 -0.914371 -0.384531
vn -0.177229 -0.866659 -0.466361
vn -0.167977 -0.784449 -0.597012
vn 0.033031 -0.880116 -0.473609
vn 0.033489 -0.788927 -0.613574
vn 0.0 -0.167508 -0.985871
vn -0.055302 -0.130436 -0.989913
vn -0.076638 -0.167019 -0.982971
vn 0.053602 -0.379065 -0.923816
vn 0.05262 -0.550136 -0.833416
vn -0.034264 -0.382425 -0.923351
vn -0.201458 -0.5396 -0.817463
vn -0.048666 -0.607894 -0.792525
vn -0.048684 -0.607869 -0.792544
vn -0.999161 -0.040925 -0.001608
vn -0.997178 -0.074495 0.00933
vn -0.999074 -0.04264 -0.005787
vn -0.997895 -0.064837 -0.000896
vn -0.999561 0.025728 -0.01471
vn -0.998031 0.062659 0.002804
vn -0.999596 0.028398 -0.001541
vn -0.999748 0.022378 -0.001648
vn -0.999605 0.028119 0.000296
vn -0.99999 0.004563 -5.5e-05
vn -0.999964 -0.008306 -0.001554
vn -0.999905 -0.013811 0.000168
vn -0.999018 -0.044296 -0.000152
vn -0.999018 -0.044298 -0.000152
vn -0.986467 -0.163951 -0.001966
vn -0.985941 -0.167092 0.000101
vn -0.99541 -0.095682 -0.002129
vn -0.997103 -0.075621 0.008234
vn -0.992919 -0.118403 -0.00962
vn -0.994962 -0.099737 0.010135
vn -0.991599 -0.127951 -0.01898
vn -0.99374 -0.11029 0.017784
vn -0.991572 -0.129515 -0.003203
vn -0.992158 -0.124578 0.010115
vn -0.992162 -0.124547 0.010151
vn -0.991068 -0.133357 0.0
vn -0.990229 -0.139407 0.003576
vn -0.991529 -0.129831 -0.003778
vn -0.991529 -0.12983 -0.003779
vn -0.990877 -0.134743 0.002521
vn -0.99297 -0.118027 -0.008995
vn -0.99025 -0.138477 0.015112
vn -0.994473 -0.103801 -0.015797
vn -0.992203 -0.123827 0.014139
vn -0.995782 -0.09154 -0.006199
vn -0.994243 -0.107038 0.004806
vn -0.997497 -0.070243 -0.008056
vn -0.994335 -0.106114 0.006117
vn -0.99687 -0.079058 -0.000896
vn -0.983624 -0.180232 -0.000899
vn -0.983189 -0.182587 0.001269
vn -0.983171 -0.182686 -0.000506
vn -0.982844 -0.184438 0.000886
vn -0.982644 -0.185497 -0.000948
vn -0.98245 -0.186527 0.000338
vn -0.982418 -0.186694 9.1e-05
vn -0.982631 -0.185568 -0.000594
vn -0.983084 -0.183141 0.00224
vn -0.982849 -0.184413 -0.000123
vn -0.983341 -0.18176 0.001933
vn -0.983883 -0.178802 -0.001802
vn -0.985076 -0.172098 0.002733
vn -0.985236 -0.171204 -8.8e-05
vn -0.988386 -0.151963 0.000116
vn -0.999161 0.040911 0.001643
vn -0.997174 0.07454 -0.009364
vn -0.999075 0.042609 0.005787
vn -0.997898 0.064801 0.000881
vn -0.999566 -0.025429 0.014842
vn -0.998031 -0.062659 -0.002813
vn -0.999598 -0.028322 0.001535
vn -0.999748 -0.02241 0.00164
vn -0.999606 -0.028054 -0.000271
vn -0.99999 -0.004566 4.8e-05
vn -0.999964 0.008337 0.001534
vn -0.999905 0.01381 -0.000176
vn -0.999017 0.044326 0.000164
vn -0.999017 0.044327 0.000164
vn -0.99541 -0.095683 -0.002129
vn -0.997954 -0.063924 0.000782
vn -0.997595 -0.069305 0.000782
vn -0.998783 -0.049181 0.003643
vn -0.986464 0.163965 0.001957
vn -0.985941 0.167093 -9.8e-05
vn -0.98364 0.180142 0.000897
vn -0.983186 0.182604 -0.001264
vn -0.983168 0.182703 0.000509
vn -0.982842 0.184448 -0.000875
vn -0.982652 0.185456 0.000942
vn -0.98245 0.186525 -0.000341
vn -0.982418 0.186694 -9.1e-05
vn -0.98263 0.185573 0.000591
vn -0.983087 0.183128 -0.002265
vn -0.982849 0.184414 0.000126
vn -0.983341 0.181762 -0.00193
vn -0.983883 0.178805 0.001804
vn -0.985079 0.17208 -0.002731
vn -0.98524 0.17118 0.000121
vn -0.988377 0.152025 -0.000158
vn -0.998787 0.049109 -0.00366
vn -0.997601 0.069222 -0.000781
vn -0.997956 0.063903 -0.000781
vn -0.995405 0.095731 0.002127
vn -0.995405 0.095733 0.002127
vn -0.997104 0.075591 -0.008321
vn -0.992922 0.118372 0.009674
vn -0.994971 0.099644 -0.010148
vn -0.991599 0.127951 0.018986
vn -0.993743 0.110252 -0.017857
vn -0.991579 0.129464 0.003187
vn -0.992162 0.124548 -0.010159
vn -0.992164 0.124523 -0.010188
vn -0.991069 0.133347 0.0
vn -0.990221 0.139464 -0.003614
vn -0.991524 0.129867 0.003746
vn -0.991526 0.129857 0.003759
vn -0.990873 0.134776 -0.002523
vn -0.992966 0.118063 0.008959
vn -0.990245 0.138513 -0.015107
vn -0.994468 0.103844 0.015803
vn -0.992201 0.123839 -0.014148
vn -0.99578 0.09156 0.00619
vn -0.994243 0.107039 -0.004799
vn -0.997497 0.070241 0.008056
vn -0.994334 0.106123 -0.006121
vn -0.996866 0.079102 0.000881
vn -0.0 0.0 1.0
vn 0.0 0.0 1.0
vn 0.0 0.0 1.0
vn 0.0 0.0 1.0
vn -0.0 0.0 1.0
vn 0.0 0.0 1.0
vn 0.0 0.0 1.0
vn 0.0 0.0 1.0
vn 0.0 0.0 1.0
vn 0.0 0.0 1.0
vn 0.0 0.0 1.0
vn 0.0 0.0 1.0
vn 0.0 0.0 1.0
vn 0.0 0.0 1.0
vn 0.0 0.0 1.0
vn -0.0 -0.0 1.0
vn -0.0 -0.0 1.0
vn 0.0 0.0 1.0
vn 0.0 0.0 1.0
vn 0.0 0.0 1.0
vn 0.0 0.0 1.0
vn 0.0 0.0 1.0
vn 0.0 0.0 1.0
vn -0.0 0.0 1.0
vn 0.0 0.0 1.0
vn 0.0 0.0 1.0
vn 0.0 0.0 1.0
vn 0.0 0.0 1.0
vn 0.0 -0.0 1.0
vn 0.0 0.0 1.0
vn 0.0 -0.0 1.0
vn 0.0 -0.0 1.0
vn 0.0 0.0 1.0
vn 0.0 0.0 1.0
vn 0.0 0.0 1.0
vn 0.0 0.0 1.0
vn 0.0 0.0 1.0
vn 0.0 0.0 1.0
vn 0.0 0.0 1.0
vn 0.0 -0.0 1.0
vn -0.0 -0.0 1.0
vn -0.0 -0.0 1.0
vn -0.705939 -0.708273 0.0
vn -0.673508 -0.735702 -0.071621
vn -0.429382 -0.902408 -0.035912
vn -0.467597 -0.883942 -0.0
vn -0.576085 -0.81739 0.0
vn -0.539485 -0.838943 -0.071622
vn -0.610258 -0.792203 -0.0
vn -0.270698 -0.961994 -0.035912
vn -0.311483 -0.950252 -0.0
vn -0.390948 -0.920413 0.0
vn -0.104226 -0.993905 -0.035912
vn -0.14641 -0.989224 -0.0
vn -0.229773 -0.973244 0.0
vn 0.06199 0.998077 -0.0
vn 0.188262 0.982119 0.0
vn 0.188262 0.982119 -0.0
vn 0.351532 0.936176 0.0
vn 0.351532 0.936176 -0.0
vn 0.50469 0.8633 0.0
vn 0.50469 0.8633 -0.0
vn 0.643329 0.76559 0.0
vn 0.643329 0.76559 -0.0
vn 0.763461 0.645854 0.0
vn 0.763461 0.645854 -0.0
vn 0.861629 0.507539 0.0
vn 0.861629 0.507539 -0.0
vn 0.93501 0.354622 0.0
vn 0.93501 0.354622 -0.0
vn 0.981492 0.191504 0.0
vn 0.981492 0.191504 -0.0
vn 0.999738 0.022876 0.0
vn 0.999738 0.022876 -0.0
vn 0.989224 -0.14641 0.0
vn 0.989224 -0.14641 0.0
vn 0.950252 -0.311483 0.0
vn 0.950252 -0.311483 0.0
vn 0.883942 -0.467596 0.0
vn 0.883942 -0.467596 0.0
vn 0.792203 -0.610257 0.0
vn 0.792203 -0.610257 0.0
vn 0.677674 -0.735362 0.0
vn 0.677674 -0.735362 0.0
vn 0.54365 -0.839312 0.0
vn 0.54365 -0.839312 0.0
vn 0.393986 -0.919117 0.0
vn 0.393986 -0.919117 0.0
vn 0.232987 -0.97248 0.0
vn 0.232987 -0.97248 0.0
vn 0.065285 -0.997867 0.0
vn 0.065285 -0.997867 0.0
vn -0.04079 -0.999168 0.0
vn -0.083148 -0.996375 -0.01797
vn -0.022818 0.997171 -0.071622
vn 0.019575 0.999808 -0.0
vn -0.107578 0.994197 0.0
vn -0.149579 0.988097 -0.035912
vn -0.191503 0.981492 0.0
vn -0.27405 0.961715 0.0
vn -0.314417 0.948605 -0.035912
vn -0.354622 0.93501 0.0
vn -0.432639 0.901567 0.0
vn -0.470209 0.881824 -0.035912
vn -0.507538 0.861629 0.0
vn -0.61287 0.790184 0.0
vn -0.644196 0.7615 -0.071622
vn -0.57878 0.815483 0.0
vn -0.84056 0.540527 -0.035912
vn -0.817389 0.576085 0.0
vn -0.737596 0.675242 0.0
vn -0.763623 0.641677 -0.07162
vn -0.708274 0.705938 0.0
vn -0.919819 0.390696 -0.035912
vn -0.902991 0.429659 0.0
vn -0.8633 0.504691 0.0
vn -0.972616 0.229626 -0.035912
vn -0.962615 0.270873 0.0
vn -0.936176 0.351532 0.0
vn -0.997867 -0.065286 0.0
vn -0.999808 0.019575 0.0
vn -0.997433 0.06195 -0.035912
vn -0.994546 0.104294 0.0
vn -0.982119 0.188262 0.0
vn -0.986196 -0.149291 -0.071621
vn -0.994197 -0.107578 0.0
vn -0.97248 -0.232986 0.0
vn -0.961095 -0.273873 -0.035912
vn -0.949218 -0.314619 -0.0
vn -0.735363 -0.677674 0.0
vn -0.815483 -0.578782 0.0
vn -0.815483 -0.578782 0.0
vn -0.882393 -0.470513 0.0
vn -0.900986 -0.43236 -0.035913
vn -0.910401 -0.413336 -0.017967
vn -0.927272 -0.374389 -0.0
vn 0.0 0.0 -1.0
vn 0.0 0.0 -1.0
vn 0.0 0.0 -1.0
vn 0.0 0.0 -1.0
vn -0.0 0.0 -1.0
vn -0.0 0.0 -1.0
vn 0.0 0.0 -1.0
vn 0.0 0.0 -1.0
vn 0.0 0.0 -1.0
vn 0.0 0.0 -1.0
vn 0.0 0.0 -1.0
vn 0.0 0.0 -1.0
vn 0.0 0.0 -1.0
vn 0.0 0.0 -1.0
vn 0.0 0.0 -1.0
vn 0.0 0.0 -1.0
vn 0.0 0.0 -1.0
vn 0.0 0.0 -1.0
vn 0.0 0.0 -1.0
vn 0.0 0.0 -1.0
vn 0.0 0.0 -1.0
vn 0.0 0.0 -1.0
vn 0.0 0.0 -1.0
vn 0.0 0.0 -1.0
vn 0.0 0.0 -1.0
vn 0.0 0.0 -1.0
vn 0.0 0.0 -1.0
vn -0.0 -0.0 -1.0
vn 0.0 0.0 -1.0
vn 0.0 0.0 -1.0
vn 0.0 0.0 -1.0
vn 0.0 0.0 -1.0
vn 0.0 0.0 -1.0
vn 0.0 0.0 -1.0
vn 0.0 0.0 -1.0
vn 0.0 0.0 -1.0
vn 0.0 0.0 -1.0
vn 0.0 0.0 -1.0
vn 0.0 0.0 -1.0
vn 0.0 0.0 -1.0
vn 0.0 0.0 -1.0
vn 0.0 0.0 -1.0
vn 0.0 0.0 -1.0
vn 0.0 0.0 -1.0
vn 0.0 0.0 -1.0
vn 0.0 0.0 -1.0
vn 0.0 0.0 -1.0
vn -0.0 0.0 -1.0
vn -0.0 0.0 -1.0
vn 0.0 0.0 -1.0
vn 0.0 0.0 -1.0
vn 0.0 0.0 -1.0
vn 0.0 0.0 -1.0
vn 0.0 0.0 -1.0
vn 0.0 0.0 -1.0
vn 0.0 0.0 -1.0
vn 0.0 0.0 -1.0
vn 0.0 0.0 -1.0
vn 0.0 0.0 -1.0
vn 0.0 0.0 -1.0
vn 0.0 0.0 -1.0
vn 0.0 0.0 -1.0
vn 0.0 0.0 -1.0
vn 0.0 0.0 -1.0
vn 0.0 0.0 -1.0
vn 0.0 0.0 -1.0
vn 0.0 0.0 -1.0
vn 0.0 0.0 -1.0
vn 0.0 0.0 -1.0
vn 0.0 0.0 -1.0
vn 0.0 0.0 -1.0
vn -0.0 0.0 -1.0
vn -0.0 0.0 -1.0
vn 0.0 0.0 -1.0
vn 0.0 0.0 -1.0
vn 0.0 0.0 -1.0
vn 0.0 0.0 -1.0
vn 0.0 0.0 -1.0
vn 0.0 0.0 -1.0
vn 0.0 0.0 -1.0
vn 0.0 0.0 -1.0
vn 0.0 0.0 -1.0
vn 0.0 0.0 -1.0
vn 0.0 0.0 -1.0
vn 0.0 0.0 -1.0
vn 0.0 0.0 -1.0
vn 0.0 0.0 -1.0
vn 0.0 0.0 -1.0
vn 0.0 0.0 -1.0
vn 0.0 0.0 -1.0
vn -0.0 0.0 -1.0
vn 0.0 0.0 -1.0
vn -0.0 0.0 -1.0
vn 0.0 0.0 -1.0
vn 0.0 0.0 -1.0
vn 0.0 0.0 -1.0
vn 0.0 0.0 -1.0
vn 0.0 0.0 -1.0
vn 0.0 0.0 -1.0
vn 0.0 0.0 -1.0
vn 0.0 0.0 -1.0
vn 0.0 0.0 -1.0
vn 0.0 0.0 -1.0
vn 0.0 -0.0 -1.0
vn 0.0 0.0 -1.0
vn 0.0 0.0 -1.0
vn 0.0 -0.0 -1.0
vn 0.0 0.0 -1.0
vn 0.0 -0.0 -1.0
vn 0.0 0.0 -1.0
vn 0.0 0.0 -1.0
vn 0.0 0.0 -1.0
vn 0.0 0.0 -1.0
vn 0.0 0.0 -1.0
vn 0.0 0.0 -1.0
vn 0.0 0.0 -1.0
vn 0.0 0.0 -1.0
vn 0.0 -0.0 -1.0
vn 0.0 -0.0 -1.0
vn 0.0 0.0 -1.0
vn 0.0 0.0 -1.0
vn 0.0 0.0 -1.0
vn 0.0 0.0 -1.0
vn 0.0 0.0 -1.0
vn 0.0 -0.0 -1.0
vn 0.0 -0.0 -1.0
vn 0.0 0.0 -1.0
vn 0.0 0.0 -1.0
vn 0.0 0.0 -1.0
vn -0.0 0.0 -1.0
vn -0.0 0.0 -1.0
vn -0.0 0.0 -1.0
vn 0.0 0.0 -1.0
vn -0.0 0.0 -1.0
vn -0.0 0.0 -1.0
vn 0.0 0.0 -1.0
vn 0.0 0.0 -1.0
vn 0.0 0.0 -1.0
vn 0.0 0.0 -1.0
vn 0.0 0.0 -1.0
vn 0.0 0.0 -1.0
vn -0.0 0.0 -1.0
vn 0.0 -0.0 -1.0
vn 0.0 0.0 -1.0
vn 0.0 -0.0 -1.0
vn 0.0 -0.0 -1.0
vn 0.0 -0.0 -1.0
vn 0.0 -0.0 -1.0
vn 0.0 -0.0 -1.0
vn 0.0 -0.0 -1.0
vn 0.0 0.0 -1.0
vn -0.0 -0.0 -1.0
vn -0.0 -0.0 -1.0
vn 0.906307 0.422619 0.0
vn 0.906307 0.422619 -0.0
vn 0.965926 0.258819 0.0
vn 0.965926 0.258819 -0.0
vn 0.996195 0.087156 0.0
vn 0.996195 0.087156 -0.0
vn 0.996195 -0.087156 0.0
vn 0.996195 -0.087156 0.0
vn 0.965926 -0.258819 0.0
vn 0.965926 -0.258819 0.0
vn 0.906308 -0.422618 0.0
vn 0.906308 -0.422618 0.0
vn 0.819152 -0.573577 0.0
vn 0.819152 -0.573577 0.0
vn 0.707107 -0.707107 0.0
vn 0.707107 -0.707107 0.0
vn 0.573576 -0.819152 0.0
vn 0.573576 -0.819152 0.0
vn 0.422619 -0.906307 0.0
vn 0.422619 -0.906307 0.0
vn 0.258819 -0.965926 0.0
vn 0.258819 -0.965926 0.0
vn 0.087156 -0.996195 0.0
vn 0.087156 -0.996195 0.0
vn -0.087156 -0.996195 0.0
vn -0.087156 -0.996195 0.0
vn -0.258819 -0.965926 0.0
vn -0.258819 -0.965926 0.0
vn -0.422618 -0.906308 0.0
vn -0.422618 -0.906308 0.0
vn -0.573576 -0.819152 0.0
vn -0.573576 -0.819152 0.0
vn -0.707107 -0.707107 0.0
vn -0.707107 -0.707107 0.0
vn -0.819152 -0.573577 0.0
vn -0.819152 -0.573577 0.0
vn -0.906308 -0.422618 0.0
vn -0.906308 -0.422618 0.0
vn -0.965926 -0.258819 0.0
vn -0.965926 -0.258819 0.0
vn -0.996195 -0.087156 0.0
vn -0.996195 -0.087156 0.0
vn -0.996195 0.087156 0.0
vn -0.996195 0.087156 0.0
vn -0.965926 0.258819 0.0
vn -0.965926 0.258819 0.0
vn -0.906308 0.422618 0.0
vn -0.906308 0.422618 0.0
vn -0.819152 0.573577 0.0
vn -0.819152 0.573577 0.0
vn -0.707107 0.707107 0.0
vn -0.707107 0.707107 0.0
vn -0.573576 0.819152 0.0
vn -0.573576 0.819152 0.0
vn -0.422618 0.906308 0.0
vn -0.422618 0.906308 0.0
vn -0.258819 0.965926 0.0
vn -0.258819 0.965926 0.0
vn -0.087156 0.996195 0.0
vn -0.087156 0.996195 0.0
vn 0.087156 0.996195 0.0
vn 0.087156 0.996195 -0.0
vn 0.258819 0.965926 0.0
vn 0.258819 0.965926 -0.0
vn 0.422618 0.906308 0.0
vn 0.422618 0.906308 -0.0
vn 0.573577 0.819152 0.0
vn 0.573577 0.819152 -0.0
vn 0.707107 0.707107 0.0
vn 0.707107 0.707107 -0.0
vn 0.819152 0.573576 0.0
vn 0.819152 0.573576 -0.0
vn -0.64208 -0.299407 -0.705754
vn -0.642078 -0.299406 -0.705756
vn -0.684315 -0.183362 -0.705756
vn -0.684314 -0.183362 -0.705757
vn -0.705757 -0.061746 -0.705758
vn -0.705758 -0.061746 -0.705758
vn -0.705757 0.061746 -0.705758
vn -0.705757 0.061746 -0.705758
vn -0.684313 0.183361 -0.705758
vn -0.684315 0.183362 -0.705755
vn -0.642079 0.299406 -0.705755
vn -0.642078 0.299405 -0.705757
vn -0.580332 0.406353 -0.705756
vn -0.580331 0.406352 -0.705757
vn -0.500953 0.500952 -0.705757
vn -0.500954 0.500954 -0.705755
vn -0.406354 0.580334 -0.705754
vn -0.406353 0.580332 -0.705756
vn -0.299406 0.642078 -0.705757
vn -0.299406 0.642078 -0.705756
vn -0.183362 0.684315 -0.705756
vn -0.183362 0.684313 -0.705758
vn -0.061746 0.705757 -0.705758
vn -0.061746 0.70576 -0.705755
vn 0.061746 0.70576 -0.705755
vn 0.061746 0.705757 -0.705758
vn 0.183361 0.684313 -0.705758
vn 0.183361 0.684313 -0.705758
vn 0.299405 0.642076 -0.705758
vn 0.299406 0.642077 -0.705757
vn 0.406352 0.580331 -0.705757
vn 0.406353 0.580332 -0.705756
vn 0.500953 0.500953 -0.705757
vn 0.500952 0.500953 -0.705757
vn 0.580331 0.406352 -0.705757
vn 0.580329 0.406351 -0.70576
vn 0.642074 0.299405 -0.70576
vn 0.642078 0.299406 -0.705756
vn 0.684315 0.183361 -0.705756
vn 0.684313 0.183361 -0.705758
vn 0.705757 0.061746 -0.705758
vn 0.70576 0.061746 -0.705755
vn 0.70576 -0.061746 -0.705755
vn 0.705757 -0.061745 -0.705758
vn 0.684313 -0.183361 -0.705758
vn 0.684313 -0.183361 -0.705758
vn 0.642076 -0.299405 -0.705758
vn 0.64208 -0.299407 -0.705754
vn 0.580334 -0.406354 -0.705754
vn 0.580331 -0.406352 -0.705757
vn 0.500953 -0.500952 -0.705757
vn 0.500953 -0.500953 -0.705756
vn 0.406353 -0.580332 -0.705756
vn 0.406351 -0.580329 -0.70576
vn 0.299405 -0.642074 -0.70576
vn 0.299406 -0.642078 -0.705756
vn 0.183361 -0.684315 -0.705756
vn 0.183361 -0.684314 -0.705757
vn 0.061746 -0.705757 -0.705758
vn 0.061746 -0.70576 -0.705755
vn -0.061746 -0.70576 -0.705755
vn -0.061746 -0.70576 -0.705755
vn -0.183362 -0.684316 -0.705755
vn -0.183362 -0.684315 -0.705756
vn -0.299406 -0.642078 -0.705756
vn -0.299405 -0.642078 -0.705756
vn -0.406353 -0.580332 -0.705756
vn -0.406353 -0.580332 -0.705756
vn -0.500953 -0.500953 -0.705756
vn -0.500952 -0.500952 -0.705757
vn -0.580331 -0.406353 -0.705757
vn -0.580334 -0.406354 -0.705754
vn -2e-06 1.0 -0.0
vn 0.0 1.0 0.0
vn -0.0 1.0 0.0
vn 0.0 1.0 1.1e-05
vn -0.0 1.0 0.0
vn 0.0 1.0 0.0
vn -0.0 1.0 0.0
vn -2e-06 1.0 -8e-06
vn 1.0 0.0 0.0
vn 1.0 0.0 0.0
vn -0.970232 -0.048999 -0.237167
vn -0.970231 -0.048999 -0.237171
vn -0.985872 3e-06 -0.167502
vn -0.747686 0.090106 -0.65791
vn -0.833721 -0.045209 -0.550333
vn -0.751031 -0.045637 -0.658688
vn -0.47332 0.047857 -0.87959
vn -0.383094 -0.025124 -0.923367
vn -0.383089 -0.025124 -0.92337
vn 0.0 0.029976 -0.999551
vn 0.06683 -0.026242 -0.997419
vn 0.0668 -0.026242 -0.997421
vn 0.473692 0.027062 -0.880275
vn 0.524042 -0.022691 -0.85139
vn 0.985871 0.0 -0.167505
vn 0.989256 0.015377 -0.145385
vn 0.860908 -0.021148 -0.50832
vn 0.834387 -0.021122 -0.550775
vn 0.86051 0.028376 -0.508643
vn 0.524027 -0.022691 -0.851399
vn -1.0 3e-06 0.0
vn -1.0 3e-06 0.0
vn -0.0 0.0 -1.0
vn -0.0 0.0 -1.0
vn -0.0 0.0 -1.0
vn 0.0 0.0 -1.0
vn 0.0 0.0 -1.0
vn 0.0 0.0 -1.0
vn 0.0 0.0 -1.0
vn -0.0 0.0 -1.0
vn 0.0 0.0 -1.0
vn -0.0 0.0 -1.0
vn 0.0 0.0 -1.0
vn -0.0 0.0 -1.0
vn 0.0 0.0 -1.0
vn 0.0 0.0 -1.0
vn 0.0 0.0 -1.0
vn 0.0 0.0 -1.0
vn 0.0 0.0 -1.0
vn 0.0 0.0 -1.0
vn 0.0 0.0 -1.0
vn 0.0 0.0 -1.0
vn 0.0 0.0 -1.0
vn 0.0 -0.0 -1.0
vn 0.0 0.0 -1.0
vn 0.0 -0.0 -1.0
vn 0.0 0.0 -1.0
vn 0.0 0.0 -1.0
vn 0.0 -0.0 -1.0
vn 0.0 0.0 -1.0
vn 0.0 -0.0 -1.0
vn 0.0 0.0 -1.0
vn 0.0 -0.0 -1.0
vn 0.0 0.0 -1.0
vn 0.0 -0.0 -1.0
vn 0.0 0.0 -1.0
vn 0.0 -0.0 -1.0
vn 0.0 0.0 -1.0
vn 0.0 -0.0 -1.0
vn 0.0 0.0 -1.0
vn 0.0 0.0 -1.0
vn 0.0 0.0 -1.0
vn 0.0 0.0 -1.0
vn -0.0 0.0 -1.0
vn 0.0 0.0 -1.0
vn -0.0 0.0 -1.0
vn 0.0 0.0 -1.0
vn -0.0 0.0 -1.0
vn 0.0 0.0 -1.0
vn -0.0 0.0 -1.0
vn 0.0 0.0 -1.0
vn -0.0 0.0 -1.0
vn 0.0 0.0 -1.0
vn -0.0 0.0 -1.0
vn 0.0 0.0 -1.0
vn -0.0 0.0 -1.0
vn 0.0 0.0 -1.0
vn -0.0 0.0 -1.0
vn 0.0 0.0 -1.0
vn -0.0 0.0 -1.0
vn 0.0 0.0 -1.0
vn 0.0 0.0 -1.0
vn 0.0 0.0 -1.0
vn 0.0 0.0 -1.0
vn 0.0 0.0 -1.0
vn 0.0 0.0 -1.0
vn 0.0 0.0 -1.0
vn 0.0 0.0 -1.0
vn 0.0 0.0 -1.0
vn 0.0 0.0 -1.0
vn 0.0 0.0 -1.0
vn 0.0 0.0 -1.0
vn 0.0 0.0 -1.0
vn 0.0 0.0 -1.0
vn 0.0 0.0 -1.0
vn 0.0 0.0 -1.0
vn 0.0 0.0 -1.0
vn 0.0 0.0 -1.0
vn 0.0 0.0 -1.0
vn 0.0 0.0 -1.0
vn 0.0 0.0 -1.0
vn 0.0 0.0 -1.0
vn 0.845259 -0.533172 -0.035568
vn 0.856859 -0.51544 0.010672
vn 0.853597 -0.520934 0.000199
vn 0.866567 -0.499059 -0.001244
vn 0.867658 -0.497162 -2.3e-05
vn 0.868828 -0.495114 0.000435
vn 0.86654 -0.499106 -0.001281
vn 0.870239 -0.492611 0.004399
vn 0.85811 -0.513438 -0.00546
vn 0.860516 -0.509419 -0.002243
vn 0.854287 -0.519774 -0.005344
vn 0.862426 -0.506172 0.003276
vn 0.860762 -0.509003 0.002448
vn 0.818484 -0.574528 0.001197
vn 0.839179 -0.542971 -0.030993
vn 0.842314 -0.536831 -0.048171
vn 0.849555 -0.527358 -0.012255
vn 0.841289 -0.54056 -0.005162
vn 0.83003 -0.557718 -1e-06
vn 0.823811 -0.566864 2e-05
vn 0.817251 -0.576282 1.8e-05
vn 0.815913 -0.578175 -0.000433
vn 0.818548 -0.574436 0.001274
vn 0.818341 -0.574732 -0.000927
vn 0.825398 -0.564547 0.002253
vn 0.827988 -0.560719 0.005429
vn 0.81421 -0.580554 -0.004422
vn 0.842532 -0.536493 0.048123
vn 0.845715 -0.533635 0.000186
vn 0.835612 -0.549308 0.003592
vn 0.832067 -0.554651 0.005202
vn 0.840469 -0.540681 0.035714
vn 0.216015 -0.975197 -0.048257
vn 0.243894 -0.969792 -0.004298
vn 0.243903 -0.96979 -0.004315
vn 0.246284 -0.969159 -0.008603
vn 0.24333 -0.969925 -0.005961
vn 0.243333 -0.969924 -0.005964
vn 0.231274 -0.972888 -0.000847
vn 0.231279 -0.972887 -0.000848
vn 0.212165 -0.977234 0.000625
vn 0.198565 -0.980084 -0.002724
vn 0.18901 -0.981942 -0.008123
vn 0.188157 -0.982097 -0.009056
vn 0.18837 -0.98206 -0.00863
vn 0.191284 -0.981477 -0.010662
vn 0.216401 -0.975118 0.048115
vn 0.211973 -0.976623 0.035693
vn 0.195867 -0.980524 0.014465
vn 0.190531 -0.981674 -0.003683
vn 0.191872 -0.981408 0.004866
vn 0.191859 -0.98141 0.00494
vn 0.19074 -0.981583 0.010689
vn 0.195741 -0.980646 0.00439
vn 0.202034 -0.979376 0.002196
vn 0.220787 -0.975321 -0.001191
vn 0.23434 -0.972151 0.002495
vn 0.242924 -0.970004 0.008989
vn 0.259928 -0.965628 0.001069
vn 0.242432 -0.970158 0.004575
vn 0.243309 -0.9699 0.009686
vn 0.242926 -0.970003 0.008991
vn -0.52542 -0.850734 0.013589
vn -0.536813 -0.842312 -0.048401
vn -0.499114 -0.866536 -0.001292
vn -0.507046 -0.861919 -2.3e-05
vn -0.497161 -0.867658 -2.4e-05
vn -0.495113 -0.868829 0.000435
vn -0.499095 -0.866546 -0.001278
vn -0.492602 -0.870243 0.004407
vn -0.513459 -0.858097 -0.005467
vn -0.509436 -0.860505 -0.002247
vn -0.501998 -0.864869 -3.4e-05
vn -0.515418 -0.856872 0.010654
vn -0.509619 -0.8604 0.000234
vn -0.524301 -0.851533 -0.000439
vn -0.524284 -0.851543 -0.000436
vn -0.540594 -0.84127 -0.004772
vn -0.550274 -0.834927 -0.009712
vn -0.556103 -0.830994 -0.014118
vn -0.574395 -0.818577 0.001308
vn -0.566861 -0.823814 2.1e-05
vn -0.576283 -0.81725 1.9e-05
vn -0.57817 -0.815916 -0.000431
vn -0.574437 -0.818548 0.001273
vn -0.57474 -0.818336 -0.000927
vn -0.564562 -0.825387 0.002251
vn -0.560705 -0.827998 0.005451
vn -0.580491 -0.814255 -0.004375
vn -0.53649 -0.842534 0.048115
vn -0.534187 -0.845328 0.008069
vn -0.549662 -0.835384 0.002209
vn -0.556966 -0.830535 -1e-06
vn -0.540699 -0.84046 0.035676
vn -0.977327 -0.209452 -0.030996
vn -0.969792 -0.243894 -0.004297
vn -0.96979 -0.243901 -0.004312
vn -0.969159 -0.246287 -0.008608
vn -0.969926 -0.243329 -0.005963
vn -0.975199 -0.216008 -0.048234
vn -0.969925 -0.243332 -0.005966
vn -0.972889 -0.231273 -0.000849
vn -0.972887 -0.231277 -0.000849
vn -0.977235 -0.21216 0.000624
vn -0.980879 -0.194584 -0.003703
vn -0.981942 -0.189007 -0.008125
vn -0.982098 -0.188155 -0.009059
vn -0.982097 -0.188156 -0.009057
vn -0.981674 -0.190531 -0.003683
vn -0.970366 -0.241404 0.01068
vn -0.980513 -0.195917 0.014502
vn -0.981583 -0.190739 0.010689
vn -0.981408 -0.191873 0.00487
vn -0.981408 -0.191872 0.004872
vn -0.975114 -0.216395 0.048236
vn -0.97532 -0.220793 -0.001192
vn -0.979376 -0.202032 0.002196
vn -0.980646 -0.195741 0.004389
vn -0.976623 -0.211975 0.035695
vn -0.965635 -0.2599 0.001073
vn -0.970158 -0.242433 0.004573
vn -0.969917 -0.243256 0.009376
vn -0.971194 -0.238265 0.003562
vn -0.974279 -0.2232 0.031011
vn -0.866558 0.499075 0.001087
vn -0.829626 0.558243 0.009235
vn -0.842533 0.536491 0.048119
vn -0.845778 0.533533 -0.00119
vn -0.835378 0.549671 0.0022
vn -0.835383 0.549663 0.002196
vn -0.856859 0.51544 0.010672
vn -0.857843 0.513826 0.009379
vn -0.857667 0.514127 0.008985
vn -0.853119 0.52171 0.002495
vn -0.856556 0.515972 -0.00924
vn -0.857431 0.514579 0.004576
vn -0.858207 0.513286 -0.004303
vn -0.855792 0.517302 0.004322
vn -0.856598 0.515962 -0.004886
vn -0.857199 0.514863 -0.011237
vn -0.856562 0.515961 -0.009256
vn -0.851243 0.524767 -0.002219
vn -0.851249 0.524757 -0.002223
vn -0.833381 0.552694 -0.002489
vn -0.841004 0.541028 0.001201
vn -0.842314 0.536815 -0.048342
vn -0.828423 0.560031 -0.008985
vn -0.828423 0.560031 -0.008985
vn -0.828192 0.560361 -0.00969
vn -0.83185 0.554812 0.014487
vn -0.828957 0.55921 0.01069
vn -0.829632 0.558289 0.004894
vn -0.830507 0.556992 -0.00432
vn -0.827891 0.560873 0.004295
vn -0.828734 0.559625 -0.004577
vn -0.818486 0.574525 -0.001067
vn -0.20945 0.977328 -0.030992
vn -0.223211 0.974277 0.030999
vn -0.188564 0.982017 -0.009269
vn -0.184456 0.982838 0.002257
vn -0.170406 0.985374 2.3e-05
vn -0.168097 0.98577 -0.000433
vn -0.172606 0.98499 0.001275
vn -0.172603 0.984991 0.001273
vn -0.165237 0.986244 -0.00441
vn -0.189008 0.98196 0.005443
vn -0.216407 0.975117 0.048104
vn -0.219043 0.975526 0.019214
vn -0.20432 0.978855 0.009829
vn -0.196231 0.980543 0.005335
vn -0.21196 0.976627 0.035675
vn -0.18948 0.981847 -0.008651
vn -0.232152 0.972567 0.014759
vn -0.235198 0.971788 0.01763
vn -0.232931 0.972377 0.015057
vn -0.23293 0.972377 0.015054
vn -0.227406 0.973782 0.005859
vn -0.238704 0.971078 -0.005295
vn -0.234572 0.971969 -0.015904
vn -0.234419 0.971975 -0.017698
vn -0.234419 0.971975 -0.017671
vn -0.230106 0.973154 -0.004727
vn -0.230096 0.973156 -0.004716
vn -0.221263 0.975177 -0.008574
vn -0.197538 0.974987 -0.101882
vn -0.198461 0.980049 -0.010787
vn -0.211932 0.977279 0.003388
vn -0.216015 0.975197 -0.048257
vn 0.540699 0.84046 0.035676
vn 0.536493 0.842532 0.048123
vn 0.533635 0.845715 0.000186
vn 0.549305 0.835614 0.003592
vn 0.515437 0.856861 0.010669
vn 0.499047 0.866574 0.00108
vn 0.493651 0.86966 -0.000125
vn 0.501935 0.864905 -8.4e-05
vn 0.506403 0.862293 -0.002823
vn 0.523562 0.85195 0.008007
vn 0.508596 0.861003 0.001935
vn 0.533172 0.845259 -0.035568
vn 0.51725 0.855834 0.000202
vn 0.5109 0.859638 -0.00166
vn 0.50455 0.863373 -0.003952
vn 0.536822 0.842315 -0.048249
vn 0.542973 0.839178 -0.03099
vn 0.557626 0.830092 -0.000203
vn 0.540926 0.84107 -0.000186
vn 0.525122 0.851019 -0.003609
vn 0.574479 0.818519 0.001238
vn 0.576282 0.817251 1.8e-05
vn 0.578191 0.815902 -0.000437
vn 0.574427 0.818555 0.001282
vn 0.580531 0.814226 -0.004405
vn 0.560714 0.827992 0.005437
vn 0.564553 0.825394 0.002252
vn 0.554591 0.832106 0.005335
vn 0.569238 0.822161 -0.004294
vn 0.564995 0.825091 -0.002448
vn 0.97788 0.209071 -0.006379
vn 0.980698 0.19545 0.005612
vn 0.979906 0.19864 0.018093
vn 0.979906 0.198769 0.016603
vn 0.980512 0.195923 0.014506
vn 0.975118 0.216408 0.048097
vn 0.975275 0.220969 -0.003311
vn 0.979081 0.20336 0.006677
vn 0.979078 0.203374 0.006661
vn 0.976765 0.214121 0.009036
vn 0.967347 0.228345 0.109993
vn 0.971245 0.237611 0.014961
vn 0.971544 0.236777 0.006293
vn 0.974275 0.223224 0.030969
vn 0.974699 0.220671 -0.035587
vn 0.965652 0.259837 -0.001277
vn 0.965063 0.262016 -1.9e-05
vn 0.964455 0.264246 0.000431
vn 0.965649 0.259846 -0.00127
vn 0.963658 0.267103 0.004453
vn 0.969828 0.243728 -0.005436
vn 0.968699 0.248228 -0.00225
vn 0.971607 0.236541 -0.00534
vn 0.973476 0.228578 -0.009787
vn 0.97796 0.207257 -0.025258
vn 0.976692 0.213787 -0.019183
vn 0.975197 0.216015 -0.048261
vn 0.978203 0.205889 -0.026992
vn 0.978204 0.205886 -0.026997
vn 0.973277 0.229 0.017075
vn 0.978867 0.203784 -0.017081
vn 0.978866 0.203787 -0.017076
vn -0.214568 0.975828 -0.041467
vn -0.199402 0.979871 -0.009524
vn -0.207353 0.978266 5e-06
vn -0.233374 0.972265 -0.015407
vn -0.225474 0.974249 -6e-06
vn -0.225469 0.97425 1e-06
vn -0.842299 0.536602 -0.050903
vn -0.852516 0.522474 -0.015409
vn -0.841739 0.538289 -0.041465
vn -0.833873 0.551875 -0.009516
vn -0.843327 0.537291 0.010904
vn -0.84833 0.529468 5e-06
vn -0.97503 -0.216162 -0.050893
vn -0.972265 -0.233374 -0.015408
vn -0.975821 -0.214592 -0.041517
vn -0.979871 -0.199402 -0.009524
vn -0.976244 -0.216401 0.010898
vn -0.974249 -0.225474 -6e-06
vn -0.522473 -0.852517 -0.015412
vn -0.529468 -0.84833 5e-06
vn -0.538263 -0.841753 -0.041525
vn -0.551875 -0.833873 -0.009516
vn -0.545126 -0.838354 1e-06
vn -0.529462 -0.848333 -4e-06
vn 0.216163 -0.97503 -0.050896
vn 0.233374 -0.972265 -0.015407
vn 0.214564 -0.97583 -0.041459
vn 0.199402 -0.979871 -0.009525
vn 0.216402 -0.976244 0.010897
vn 0.225474 -0.974249 -6e-06
vn 0.842302 -0.536601 -0.050868
vn 0.852517 -0.522473 -0.015409
vn 0.841726 -0.538313 -0.041417
vn 0.833873 -0.551875 -0.009524
vn 0.843328 -0.537289 0.010899
vn 0.848333 -0.529462 -6e-06
vn 0.972265 0.233374 -0.015407
vn 0.974249 0.225474 -5e-06
vn 0.97583 0.214563 -0.041457
vn 0.979871 0.199402 -0.009525
vn 0.978267 0.207348 -2e-06
vn 0.974249 0.225476 -7e-06
vn 0.538313 0.841727 -0.041421
vn 0.551875 0.833872 -0.009524
vn 0.545118 0.838359 5e-06
vn 0.522473 0.852517 -0.015409
vn 0.529465 0.848332 0.0
vn 0.529465 0.848332 0.0
vn -0.821778 -0.569808 0.0
vn -0.821778 -0.569808 -0.0
vn -0.716782 -0.697297 0.0
vn -0.716782 -0.697297 -0.0
vn -0.592235 -0.805765 0.0
vn -0.592235 -0.805765 -0.0
vn -0.451533 -0.892254 0.0
vn -0.451533 -0.892254 -0.0
vn -0.298515 -0.954405 0.0
vn -0.298515 -0.954405 -0.0
vn -0.137354 -0.990522 0.0
vn -0.137354 -0.990522 -0.0
vn 0.027555 -0.99962 0.0
vn 0.027555 -0.99962 0.0
vn 0.19171 -0.981452 0.0
vn 0.19171 -0.981452 0.0
vn 0.350638 -0.936511 0.0
vn 0.350638 -0.936511 0.0
vn 0.5 -0.866025 0.0
vn 0.5 -0.866025 0.0
vn 0.635724 -0.771917 0.0
vn 0.635724 -0.771917 0.0
vn 0.754107 -0.656752 0.0
vn 0.754107 -0.656752 0.0
vn 0.851919 -0.523673 0.0
vn 0.851919 -0.523673 0.0
vn 0.926494 -0.37631 0.0
vn 0.926494 -0.37631 0.0
vn 0.975796 -0.218681 0.0
vn 0.975796 -0.218681 0.0
vn 0.998482 -0.055088 0.0
vn 0.998482 -0.055088 0.0
vn 0.993931 0.110008 0.0
vn 0.993931 0.110008 0.0
vn 0.962268 0.272104 0.0
vn 0.962268 0.272104 0.0
vn 0.904357 0.426776 0.0
vn 0.904357 0.426776 0.0
vn 0.027736 0.999615 0.000997
vn 0.038671 0.999252 0.0
vn 0.027678 0.999616 0.001003
vn 0.020275 0.999793 0.001778
vn 0.020235 0.999794 0.001783
vn 0.010637 0.999939 0.003089
vn -0.00302 0.999764 0.021515
vn -0.029914 0.99949 0.011195
vn -0.001972 0.999984 0.005285
vn 0.01064 0.999939 0.003089
vn -0.021625 0.999661 0.014484
vn -0.021613 0.999661 0.014488
vn -0.036815 0.999278 0.009412
vn -0.068548 0.997648 0.0
vn -0.072598 0.997336 0.007081
vn -0.867891 -0.496754 0.0
vn 0.038671 0.999252 -0.0
vn 0.134233 0.99095 0.0
vn 0.134233 0.99095 -0.0
vn 0.294755 0.955573 0.0
vn 0.294755 0.955573 -0.0
vn 0.447313 0.894378 0.0
vn 0.447313 0.894378 -0.0
vn 0.587785 0.809017 0.0
vn 0.587785 0.809017 -0.0
vn 0.712376 0.701798 0.0
vn 0.712376 0.701798 -0.0
vn 0.81772 0.575617 0.0
vn 0.81772 0.575617 -0.0
vn 0.864147 0.50324 0.0
vn 0.864147 0.50324 -0.0
vn -0.867891 -0.496754 0.0
vn -0.907359 -0.420358 0.0
vn -0.907359 -0.420358 0.0
vn -0.963963 -0.266037 0.0
vn -0.963963 -0.266037 0.0
vn -0.994522 -0.104529 0.0
vn -0.994522 -0.104529 0.0
vn -0.99821 0.059804 0.0
vn -0.99821 0.059804 0.0
vn -0.974928 0.222521 0.0
vn -0.974928 0.222521 0.0
vn -0.925304 0.379226 0.0
vn -0.925304 0.379226 0.0
vn -0.85068 0.525683 0.0
vn -0.85068 0.525683 0.0
vn -0.753072 0.657939 0.0
vn -0.753072 0.657939 0.0
vn -0.635116 0.772417 0.0
vn -0.635116 0.772417 0.0
vn -0.5 0.866025 0.0
vn -0.5 0.866025 0.0
vn -0.351375 0.936235 0.0
vn -0.351375 0.936235 0.0
vn -0.193256 0.981148 0.0
vn -0.193256 0.981148 0.0
vn -0.067719 0.997704 0.0
vn -0.097045 0.99426 0.045053
vn -0.37304 -0.563634 -0.736992
vn 0.493066 0.745102 -0.449121
vn 0.490074 0.852946 -0.179751
vn 0.531936 0.834977 -0.140914
vn 0.051165 0.013372 -0.998601
vn 0.119135 0.272648 -0.954709
vn 0.173418 0.327271 -0.928881
vn 0.132755 0.263989 -0.955346
vn 0.180518 0.322652 -0.929144
vn 0.215115 0.209165 -0.953927
vn 0.302902 0.607537 -0.734268
vn 0.339424 0.512354 -0.78885
vn 0.372369 0.563365 -0.737537
vn 0.386568 0.479319 -0.78792
vn 0.421064 0.789514 -0.446513
vn 0.502879 0.691811 -0.51818
vn 0.539827 0.822211 -0.180433
vn -0.340573 -0.513349 -0.787707
vn -0.303428 -0.60431 -0.73671
vn -0.216418 -0.212527 -0.952888
vn -0.173619 -0.326223 -0.929212
vn -0.133797 -0.264228 -0.955135
vn -0.139302 -0.346459 -0.927664
vn -0.051896 -0.013247 -0.998565
vn -0.528479 -0.829544 -0.18046
vn -0.388404 -0.482573 -0.785026
vn -0.420468 -0.744566 -0.518487
vn -0.517053 -0.729578 -0.44763
vn -0.539565 -0.822416 -0.180283
vn -0.492937 -0.745521 -0.448566
vn -0.486021 -0.862461 -0.141228
vn -0.461489 -0.76502 0.449191
vn -0.547373 -0.821744 0.158491
vn -0.531928 -0.834958 0.141061
vn 0.528489 0.829565 0.180336
vn 0.640278 0.76356 0.083788
vn 0.463834 0.8178 0.340677
vn 0.488266 0.853996 0.179687
vn 0.44906 0.826251 0.340079
vn 0.513333 0.684186 0.518054
vn 0.374379 0.676235 0.634465
vn 0.366241 0.493868 0.788646
vn 0.4493 0.627093 0.636305
vn 0.378652 0.48501 0.788282
vn 0.229101 0.46608 0.854566
vn 0.205904 0.215452 0.95456
vn 0.100015 0.149322 0.983717
vn 0.161892 0.244948 0.955924
vn 0.048886 0.182162 0.982053
vn 0.01725 -0.057078 0.998221
vn -0.150801 -0.11622 0.981709
vn -0.21818 -0.298945 0.928994
vn -0.117334 -0.137491 0.983529
vn -0.143009 -0.344279 0.927912
vn -0.332289 -0.399283 0.854492
vn -0.307364 -0.602123 0.736868
vn -0.335529 -0.637846 0.693233
vn -0.311243 -0.599971 0.736996
vn -0.375181 -0.615087 0.693475
vn -0.502369 -0.739402 0.448229
vn -0.455217 -0.750671 0.478822
vn -0.455245 -0.750716 0.478725
vn -0.662325 -0.134769 -0.736996
vn 0.963105 0.199672 -0.180443
vn 0.875516 0.178213 -0.449124
vn 0.949659 0.256588 -0.179749
vn 0.966555 0.21428 -0.140912
vn 0.844774 0.133594 -0.518179
vn 0.856009 0.26053 -0.446512
vn 0.61227 0.065579 -0.787924
vn 0.661664 0.135057 -0.737536
vn 0.6023 0.122282 -0.788849
vn 0.643778 0.215407 -0.734268
vn 0.300014 -0.004206 -0.953925
vn 0.354023 0.108787 -0.928888
vn 0.354036 0.10879 -0.928883
vn 0.277034 0.108551 -0.954709
vn 0.045635 -0.026723 -0.998601
vn -0.603816 -0.122172 -0.787705
vn -0.64187 -0.212755 -0.736708
vn -0.30331 0.002752 -0.952888
vn -0.353442 -0.107906 -0.929212
vn -0.281445 -0.092228 -0.955135
vn -0.343492 -0.146489 -0.927661
vn -0.046063 0.027329 -0.998565
vn -0.960267 -0.21289 -0.180456
vn -0.615871 -0.066589 -0.785028
vn -0.823803 -0.229175 -0.518486
vn -0.881503 -0.150278 -0.447626
vn -0.963059 -0.199998 -0.180328
vn -0.875723 -0.178599 -0.448566
vn -0.953522 -0.266177 -0.141231
vn -0.867276 -0.214633 0.449182
vn -0.968111 -0.194014 0.158489
vn -0.966533 -0.214279 0.14106
vn 0.96029 0.212891 0.180332
vn 0.992664 0.087171 0.083783
vn 0.90625 0.250294 0.340682
vn 0.949123 0.258613 0.179681
vn 0.901781 0.266717 0.340078
vn 0.846772 0.120811 0.518055
vn 0.742899 0.213442 0.634464
vn 0.608189 0.090243 0.788646
vn 0.761112 0.125712 0.636322
vn 0.610702 0.075205 0.788281
vn 0.491565 0.16757 0.854566
vn 0.297944 0.006753 0.95456
vn 0.17631 0.034866 0.983717
vn 0.287679 0.058729 0.955925
vn 0.163375 0.09424 0.982053
vn -0.028163 -0.052558 0.998221
vn -0.188812 0.024453 0.981709
vn -0.365663 -0.057108 0.928994
vn -0.180188 -0.014252 0.983529
vn -0.344566 -0.142321 0.927911
vn -0.517298 -0.047375 0.854493
vn -0.643099 -0.208427 0.736873
vn -0.688357 -0.21378 0.693154
vn -0.64433 -0.204157 0.736993
vn -0.700219 -0.16964 0.69348
vn -0.878063 -0.16761 0.448232
vn -0.852695 -0.208912 0.478819
vn -0.852689 -0.208911 0.47883
vn -0.563632 0.37304 -0.736994
vn 0.822207 -0.53983 -0.180443
vn 0.7451 -0.493069 -0.449121
vn 0.852945 -0.490077 -0.179749
vn 0.834976 -0.531939 -0.140913
vn 0.691809 -0.502881 -0.518181
vn 0.789514 -0.421065 -0.446512
vn 0.479318 -0.386568 -0.787921
vn 0.563367 -0.372368 -0.737536
vn 0.512356 -0.339424 -0.788849
vn 0.607538 -0.302902 -0.734267
vn 0.209167 -0.215116 -0.953926
vn 0.327257 -0.173406 -0.928888
vn 0.327267 -0.173413 -0.928883
vn 0.27265 -0.119135 -0.954709
vn 0.013372 -0.051165 -0.998601
vn -0.013247 0.051898 -0.998564
vn -0.513351 0.340575 -0.787705
vn -0.604311 0.303431 -0.736708
vn -0.212526 0.216419 -0.952888
vn -0.326221 0.173621 -0.929212
vn -0.264224 0.133796 -0.955136
vn -0.346472 0.139302 -0.92766
vn -0.013245 0.051896 -0.998565
vn -0.829545 0.528479 -0.180458
vn -0.482567 0.388404 -0.78503
vn -0.744566 0.42047 -0.518485
vn -0.729578 0.517053 -0.44763
vn -0.822403 0.539565 -0.180341
vn -0.74552 0.492943 -0.448562
vn -0.862457 0.486027 -0.141231
vn -0.765022 0.461486 0.449191
vn -0.821746 0.547371 0.15849
vn -0.834958 0.531927 0.141061
vn 0.829564 -0.528492 0.180332
vn 0.763558 -0.640281 0.083783
vn 0.8178 -0.463833 0.34068
vn 0.853995 -0.488265 0.179691
vn 0.826251 -0.44906 0.340079
vn 0.684185 -0.513334 0.518054
vn 0.676235 -0.374379 0.634466
vn 0.493868 -0.366241 0.788646
vn 0.627085 -0.449296 0.636316
vn 0.485011 -0.378652 0.788281
vn 0.46608 -0.2291 0.854566
vn 0.215454 -0.205903 0.954559
vn 0.149323 -0.100013 0.983718
vn 0.244948 -0.161889 0.955925
vn 0.182161 -0.048885 0.982053
vn -0.057078 -0.017251 0.998221
vn -0.11622 0.150802 0.981709
vn -0.298944 0.218182 0.928994
vn -0.137489 0.117334 0.983529
vn -0.344282 0.143011 0.927911
vn -0.399285 0.332286 0.854493
vn -0.602118 0.307359 0.736875
vn -0.637883 0.335559 0.693185
vn -0.599973 0.311249 0.736992
vn -0.615086 0.375178 0.693477
vn -0.739403 0.502366 0.448232
vn -0.750671 0.455219 0.478821
vn -0.750683 0.455227 0.478793
vn -0.134768 0.662326 -0.736996
vn 0.199671 -0.963106 -0.18044
vn 0.178212 -0.875514 -0.449127
vn 0.256588 -0.949659 -0.17975
vn 0.214278 -0.966555 -0.140912
vn 0.133592 -0.844773 -0.518181
vn 0.260532 -0.856008 -0.446512
vn 0.065582 -0.612272 -0.787923
vn 0.135057 -0.661664 -0.737537
vn 0.122282 -0.6023 -0.788849
vn 0.215407 -0.643778 -0.734268
vn -0.004206 -0.300014 -0.953925
vn 0.108788 -0.354023 -0.928888
vn 0.108791 -0.354039 -0.928882
vn 0.108551 -0.277034 -0.954709
vn -0.026723 -0.045635 -0.998601
vn -0.12217 0.603817 -0.787705
vn -0.212754 0.64187 -0.736708
vn 0.002753 0.303309 -0.952888
vn -0.107906 0.353441 -0.929212
vn -0.092228 0.281444 -0.955135
vn -0.146489 0.343492 -0.92766
vn 0.02733 0.046063 -0.998565
vn -0.212883 0.960268 -0.18046
vn -0.066587 0.615871 -0.785028
vn -0.229175 0.823804 -0.518485
vn -0.150279 0.881503 -0.447626
vn -0.199997 0.963056 -0.180345
vn -0.178597 0.875715 -0.448582
vn -0.266182 0.953521 -0.141227
vn -0.214629 0.867263 0.44921
vn -0.194009 0.968113 0.158488
vn -0.214272 0.966535 0.14106
vn 0.21289 -0.960291 0.18033
vn 0.087173 -0.992664 0.083784
vn 0.250294 -0.906251 0.340679
vn 0.258612 -0.94912 0.179699
vn 0.266716 -0.90178 0.340081
vn 0.120812 -0.846772 0.518055
vn 0.213444 -0.742898 0.634463
vn 0.090243 -0.608188 0.788647
vn 0.125713 -0.761118 0.636314
vn 0.075204 -0.610703 0.788281
vn 0.167569 -0.491566 0.854566
vn 0.006753 -0.297945 0.954559
vn 0.034867 -0.176307 0.983718
vn 0.058731 -0.287677 0.955925
vn 0.09424 -0.163376 0.982053
vn -0.052558 0.028163 0.998221
vn 0.024453 0.188813 0.981709
vn -0.057109 0.365667 0.928992
vn -0.014252 0.180188 0.983529
vn -0.142319 0.344566 0.927911
vn -0.047372 0.517299 0.854493
vn -0.208428 0.643103 0.73687
vn -0.213775 0.688306 0.693206
vn -0.20416 0.644326 0.736996
vn -0.169637 0.700227 0.693474
vn -0.167605 0.878066 0.448228
vn -0.208919 0.85269 0.478824
vn -0.208928 0.852728 0.478753
vn 0.373039 0.56363 -0.736996
vn -0.493065 -0.74509 -0.449141
vn -0.490075 -0.852946 -0.179749
vn -0.531936 -0.834977 -0.140913
vn -0.051165 -0.013372 -0.998601
vn -0.119134 -0.272649 -0.954709
vn -0.173421 -0.327275 -0.928879
vn -0.13275 -0.263982 -0.955349
vn -0.180519 -0.32265 -0.929145
vn -0.215115 -0.209165 -0.953927
vn -0.302902 -0.607539 -0.734266
vn -0.339425 -0.512355 -0.788849
vn -0.372369 -0.563365 -0.737537
vn -0.386569 -0.479313 -0.787923
vn -0.421067 -0.789513 -0.446511
vn -0.502882 -0.691809 -0.51818
vn -0.539831 -0.822206 -0.180443
vn 0.340575 0.513351 -0.787705
vn 0.303431 0.604311 -0.736708
vn 0.216418 0.212526 -0.952888
vn 0.17362 0.326222 -0.929212
vn 0.133796 0.264226 -0.955135
vn 0.139302 0.346472 -0.92766
vn 0.051896 0.013246 -0.998565
vn 0.528478 0.829545 -0.18046
vn 0.388402 0.482568 -0.78503
vn 0.420467 0.744568 -0.518484
vn 0.517051 0.729581 -0.447627
vn 0.539562 0.822405 -0.180341
vn 0.492936 0.745515 -0.448577
vn 0.486021 0.862461 -0.141228
vn 0.461486 0.765022 0.449191
vn 0.547371 0.821746 0.15849
vn 0.531927 0.834958 0.141061
vn -0.528489 -0.829566 0.180334
vn -0.640277 -0.763561 0.083787
vn -0.463834 -0.8178 0.340677
vn -0.488265 -0.853995 0.179691
vn -0.44906 -0.826251 0.340079
vn -0.513334 -0.684185 0.518054
vn -0.374379 -0.676235 0.634466
vn -0.366241 -0.493868 0.788646
vn -0.449307 -0.627103 0.63629
vn -0.378654 -0.48501 0.788281
vn -0.2291 -0.466079 0.854566
vn -0.205903 -0.215452 0.95456
vn -0.100014 -0.149322 0.983718
vn -0.161892 -0.24495 0.955924
vn -0.048886 -0.182162 0.982053
vn -0.01725 0.057078 0.998221
vn 0.150802 0.11622 0.981709
vn 0.218182 0.298944 0.928994
vn 0.117334 0.137488 0.983529
vn 0.143009 0.344279 0.927912
vn 0.332288 0.399283 0.854493
vn 0.307362 0.602124 0.736868
vn 0.335571 0.637903 0.693161
vn 0.311247 0.599969 0.736996
vn 0.375178 0.615083 0.69348
vn 0.50237 0.739402 0.448229
vn 0.455219 0.750671 0.478821
vn 0.455227 0.750683 0.478793
vn 0.662327 0.134768 -0.736994
vn -0.963106 -0.199675 -0.180432
vn -0.87552 -0.178217 -0.449113
vn -0.949659 -0.256587 -0.179752
vn -0.966556 -0.214276 -0.140912
vn -0.844773 -0.133595 -0.51818
vn -0.856008 -0.260529 -0.446514
vn -0.61227 -0.065579 -0.787924
vn -0.661664 -0.135057 -0.737536
vn -0.602301 -0.122282 -0.788848
vn -0.64378 -0.215411 -0.734265
vn -0.300014 0.004206 -0.953926
vn -0.354022 -0.108787 -0.928888
vn -0.354036 -0.10879 -0.928883
vn -0.277034 -0.108551 -0.954709
vn -0.045635 0.026723 -0.998601
vn 0.603815 0.12217 -0.787707
vn 0.641868 0.212753 -0.73671
vn 0.303311 -0.002752 -0.952888
vn 0.353443 0.107905 -0.929212
vn 0.281444 0.092227 -0.955135
vn 0.343492 0.146489 -0.927661
vn 0.046063 -0.027329 -0.998565
vn 0.960268 0.212886 -0.180457
vn 0.615876 0.066593 -0.785024
vn 0.823803 0.229175 -0.518486
vn 0.881502 0.150279 -0.447628
vn 0.963056 0.199997 -0.180345
vn 0.875719 0.178598 -0.448575
vn 0.953521 0.26618 -0.141228
vn 0.867267 0.214629 0.449203
vn 0.968112 0.194009 0.158489
vn 0.966534 0.214276 0.141058
vn -0.960292 -0.212887 0.18033
vn -0.992663 -0.087175 0.083788
vn -0.906251 -0.250294 0.340679
vn -0.94912 -0.258612 0.179699
vn -0.901781 -0.266716 0.340078
vn -0.846773 -0.12081 0.518055
vn -0.742898 -0.213443 0.634464
vn -0.608188 -0.090243 0.788647
vn -0.761112 -0.125712 0.636322
vn -0.610702 -0.075205 0.788281
vn -0.491567 -0.167569 0.854566
vn -0.297944 -0.006752 0.954559
vn -0.176308 -0.034866 0.983717
vn -0.287678 -0.058731 0.955925
vn -0.163375 -0.094241 0.982053
vn 0.028162 0.052558 0.998221
vn 0.188813 -0.024452 0.981709
vn 0.365666 0.057109 0.928993
vn 0.180188 0.014252 0.983529
vn 0.344565 0.14232 0.927912
vn 0.517299 0.047372 0.854493
vn 0.643103 0.208428 0.73687
vn 0.688319 0.213776 0.693193
vn 0.644327 0.20416 0.736995
vn 0.700225 0.169638 0.693476
vn 0.878065 0.167607 0.44823
vn 0.852692 0.208916 0.478822
vn 0.852719 0.208922 0.478772
vn 0.563631 -0.373041 -0.736994
vn -0.822211 0.539827 -0.180433
vn -0.745102 0.493066 -0.449121
vn -0.852947 0.490073 -0.17975
vn -0.834976 0.531939 -0.140911
vn -0.691811 0.502879 -0.51818
vn -0.789512 0.421066 -0.446514
vn -0.479317 0.38657 -0.787921
vn -0.563367 0.372369 -0.737536
vn -0.512354 0.339424 -0.78885
vn -0.607537 0.302902 -0.734268
vn -0.20917 0.215116 -0.953925
vn -0.327256 0.173408 -0.928888
vn -0.327262 0.173411 -0.928886
vn -0.272648 0.119136 -0.954709
vn -0.013372 0.051165 -0.998601
vn 0.013247 -0.051898 -0.998564
vn 0.513348 -0.340575 -0.787707
vn 0.604308 -0.30343 -0.73671
vn 0.212526 -0.216419 -0.952888
vn 0.326222 -0.17362 -0.929212
vn 0.264227 -0.133797 -0.955135
vn 0.346465 -0.139303 -0.927662
vn 0.013245 -0.051896 -0.998565
vn 0.829547 -0.528477 -0.180458
vn 0.482578 -0.388403 -0.785023
vn 0.744567 -0.420465 -0.518487
vn 0.729579 -0.517051 -0.44763
vn 0.822411 -0.539562 -0.180312
vn 0.745521 -0.492937 -0.448566
vn 0.862461 -0.486021 -0.141228
vn 0.765018 -0.461481 0.449203
vn 0.821747 -0.54737 0.158488
vn 0.83496 -0.531925 0.141059
vn -0.829565 0.528491 0.180332
vn -0.763559 0.64028 0.083784
vn -0.8178 0.463832 0.34068
vn -0.853994 0.488262 0.179704
vn -0.826252 0.449061 0.340077
vn -0.684184 0.513334 0.518054
vn -0.676235 0.37438 0.634465
vn -0.493867 0.366242 0.788646
vn -0.627092 0.449302 0.636305
vn -0.48501 0.378654 0.788281
vn -0.466079 0.229101 0.854566
vn -0.215454 0.205904 0.954559
vn -0.149323 0.100014 0.983717
vn -0.244947 0.16189 0.955925
vn -0.182162 0.048886 0.982053
vn 0.057078 0.01725 0.998221
vn 0.11622 -0.150801 0.981709
vn 0.298945 -0.21818 0.928994
vn 0.137491 -0.117334 0.983529
vn 0.34428 -0.143009 0.927911
vn 0.399284 -0.332286 0.854493
vn 0.602124 -0.307358 0.73687
vn 0.637886 -0.335555 0.693185
vn 0.599971 -0.311243 0.736996
vn 0.615087 -0.375181 0.693475
vn 0.739403 -0.50237 0.448227
vn 0.750673 -0.455214 0.478822
vn 0.750698 -0.45523 0.478766
vn 0.134771 -0.662327 -0.736994
vn -0.199675 0.963108 -0.180426
vn -0.178216 0.875519 -0.449117
vn -0.256587 0.949659 -0.179752
vn -0.214278 0.966555 -0.140914
vn -0.133594 0.844773 -0.51818
vn -0.260529 0.856008 -0.446514
vn -0.065583 0.612275 -0.78792
vn -0.135053 0.661665 -0.737537
vn -0.122278 0.602298 -0.788851
vn -0.215413 0.64378 -0.734265
vn 0.004204 0.300015 -0.953925
vn -0.108786 0.354022 -0.928889
vn -0.108789 0.354035 -0.928883
vn -0.10855 0.277034 -0.954709
vn 0.026724 0.045635 -0.998601
vn 0.122173 -0.603815 -0.787706
vn 0.212753 -0.641867 -0.736711
vn -0.002751 -0.303311 -0.952888
vn 0.107906 -0.353442 -0.929212
vn 0.092227 -0.281444 -0.955135
vn 0.146489 -0.343492 -0.927661
vn -0.027329 -0.046063 -0.998565
vn 0.21289 -0.960267 -0.180456
vn 0.066589 -0.615871 -0.785028
vn 0.229174 -0.823804 -0.518485
vn 0.150282 -0.881501 -0.447629
vn 0.199995 -0.96305 -0.180379
vn 0.178599 -0.875723 -0.448566
vn 0.266177 -0.953522 -0.141231
vn 0.214633 -0.867276 0.449182
vn 0.194014 -0.968111 0.158489
vn 0.214279 -0.966533 0.14106
vn -0.212889 0.960291 0.180333
vn -0.087175 0.992663 0.083788
vn -0.250295 0.90625 0.340682
vn -0.258614 0.949123 0.179681
vn -0.266718 0.901782 0.340074
vn -0.120809 0.846772 0.518056
vn -0.213443 0.742896 0.634466
vn -0.090248 0.608193 0.788643
vn -0.125717 0.761117 0.636314
vn -0.075208 0.610702 0.788281
vn -0.167571 0.491567 0.854565
vn -0.006754 0.297944 0.954559
vn -0.034867 0.176309 0.983717
vn -0.05873 0.287676 0.955926
vn -0.09424 0.163375 0.982053
vn 0.052558 -0.028162 0.998221
vn -0.024453 -0.188812 0.981709
vn 0.057108 -0.365663 0.928994
vn 0.014252 -0.180188 0.983529
vn 0.142321 -0.344566 0.927911
vn 0.047375 -0.517299 0.854493
vn 0.20843 -0.643102 0.736869
vn 0.213783 -0.688356 0.693154
vn 0.204158 -0.644326 0.736996
vn 0.169639 -0.70022 0.69348
vn 0.167609 -0.878063 0.448232
vn 0.208912 -0.852694 0.47882
vn 0.208911 -0.852689 0.47883
vn -0.0 0.0 1.0
vn 0.0 0.0 1.0
vn 0.0 0.0 1.0
vn 0.0 0.0 1.0
vn 0.0 0.0 1.0
vn -0.0 0.0 1.0
vn 0.0 0.0 1.0
vn -0.0 -0.0 1.0
vn -0.0 -0.0 1.0
vn 0.0 0.0 1.0
vn 0.0 0.0 1.0
vn 0.0 -0.0 1.0
vn 0.0 0.0 1.0
vn 0.0 -0.0 1.0
vn 0.0 0.0 1.0
vn 0.0 -0.0 1.0
vn 0.0 0.0 1.0
vn 0.0 -0.0 1.0
vn 0.0 0.0 1.0
vn 0.0 -0.0 1.0
vn 0.0 0.0 1.0
vn 0.0 -0.0 1.0
vn 0.0 0.0 1.0
vn 0.0 -0.0 1.0
vn 0.0 0.0 1.0
vn 0.0 -0.0 1.0
vn 0.0 0.0 1.0
vn 0.0 0.0 1.0
vn -0.0 0.0 1.0
vn 0.0 0.0 1.0
vn -0.0 0.0 1.0
vn 0.0 0.0 1.0
vn -0.0 0.0 1.0
vn 0.0 0.0 1.0
vn -0.0 0.0 1.0
vn 0.0 -0.0 1.0
vn 0.0 0.0 1.0
vn -0.0 0.0 1.0
vn 0.0 0.0 1.0
vn 0.0 0.0 1.0
vn 0.0 0.0 1.0
vn 0.0 0.0 1.0
vn 0.0 0.0 1.0
vn 0.0 0.0 1.0
vn 0.0 0.0 1.0
vn -0.0 0.0 1.0
vn -0.0 0.0 1.0
vn 0.0 0.0 1.0
vn 0.0 0.0 1.0
vn 0.0 -0.0 1.0
vn 0.0 0.0 1.0
vn 0.0 -0.0 1.0
vn 0.0 0.0 1.0
vn 0.0 -0.0 1.0
vn 0.0 0.0 1.0
vn 0.0 0.0 1.0
vn 0.0 0.0 1.0
vn 0.0 0.0 1.0
vn -0.0 0.0 1.0
vn 0.0 0.0 1.0
vn 0.0 0.0 1.0
vn 0.0 0.0 1.0
vn 0.0 0.0 1.0
vn 0.0 0.0 1.0
vn 0.0 0.0 1.0
vn 0.0 0.0 1.0
vn 0.0 0.0 1.0
vn 0.0 0.0 1.0
vn 0.0 0.0 1.0
vn 0.0 0.0 1.0
vn 0.0 0.0 1.0
vn 0.0 0.0 1.0
vn 0.0 -0.0 1.0
vn 0.0 -0.0 1.0
vn 0.0 0.0 1.0
vn 0.0 0.0 1.0
vn 0.0 0.0 1.0
vn 0.0 0.0 1.0
vn 0.0 -0.0 1.0
vn -0.0 0.0 1.0
vn 0.0 0.0 1.0
vn -0.0 0.0 1.0
vn 0.0 0.0 1.0
vn -0.0 0.0 1.0
vn 0.0 0.0 1.0
vn -0.0 0.0 1.0
vn 0.0 0.0 1.0
vn -0.0 0.0 1.0
vn -0.0 0.0 1.0
vn 0.0 0.0 1.0
vn 0.0 -0.0 1.0
vn 0.0 0.0 1.0
vn 0.0 -0.0 1.0
vn 0.0 -0.0 1.0
vn 0.0 0.0 1.0
vn 0.0 -0.0 1.0
vn 0.0 0.0 1.0
vn 0.0 -0.0 1.0
vn -0.0 0.0 1.0
vn -0.0 0.0 1.0
vn 0.835553 -0.549404 -0.002547
vn 0.844632 -0.535298 0.007205
vn 0.873056 -0.471076 0.125937
vn 0.87213 -0.471212 0.131712
vn 0.872138 -0.471211 0.131664
vn 0.884487 -0.463419 0.0541
vn 0.884488 -0.463417 0.05409
vn 0.889618 -0.456088 0.023728
vn 0.889613 -0.456098 0.023752
vn 0.896704 -0.442556 0.008142
vn 0.893987 -0.448016 -0.008253
vn 0.89169 -0.451728 -0.028809
vn 0.89169 -0.451729 -0.028813
vn 0.889951 -0.452524 -0.056647
vn 0.889956 -0.452526 -0.056563
vn 0.781702 -0.622557 0.036933
vn 0.776731 -0.629726 0.011566
vn 0.7775 -0.626188 -0.058159
vn 0.777499 -0.626188 -0.058165
vn 0.776628 -0.629512 -0.023735
vn 0.776628 -0.629512 -0.023742
vn 0.774216 -0.632897 -0.005546
vn 0.770628 -0.637145 0.01333
vn 0.785449 -0.613492 0.081835
vn 0.78545 -0.613489 0.081851
vn 0.784561 -0.618498 0.043871
vn 0.835553 -0.549404 -0.002552
vn 0.835523 -0.54945 -0.002552
vn 0.153862 -0.987901 -0.019422
vn 0.153863 -0.9879 -0.019481
vn 0.150467 -0.988592 -0.006722
vn 0.150465 -0.988593 -0.006719
vn 0.146619 -0.989192 -0.001575
vn 0.15005 -0.988674 0.003047
vn 0.149991 -0.988683 0.002994
vn 0.157201 -0.987519 0.009701
vn 0.165967 -0.985812 0.025074
vn 0.165968 -0.985812 0.025074
vn 0.167971 -0.985258 0.032449
vn 0.20157 -0.979474 -1e-06
vn 0.20156 -0.979476 3e-06
vn 0.218467 -0.975844 8e-06
vn 0.252286 -0.966808 0.040426
vn 0.251622 -0.966841 0.043638
vn 0.251627 -0.966841 0.043615
vn 0.263253 -0.964618 0.014494
vn 0.263256 -0.964617 0.014489
vn 0.27127 -0.962489 0.005167
vn 0.271288 -0.962485 0.005155
vn 0.2798 -0.960058 0.0
vn 0.284461 -0.958684 0.002665
vn 0.278092 -0.960552 -0.001981
vn 0.273995 -0.961701 -0.007581
vn 0.273988 -0.961703 -0.007593
vn 0.272191 -0.962056 -0.018957
vn 0.272191 -0.962057 -0.018923
vn -0.535637 -0.844445 -0.002416
vn -0.535628 -0.844451 -0.002416
vn -0.498729 -0.866443 0.023383
vn -0.502682 -0.862912 0.051895
vn -0.502686 -0.862909 0.051919
vn -0.492961 -0.869861 0.018186
vn -0.492961 -0.869861 0.018186
vn -0.420535 -0.902865 -0.089363
vn -0.449197 -0.893007 0.027582
vn -0.449193 -0.893009 0.027569
vn -0.439184 -0.898397 0.0
vn -0.435517 -0.900133 0.009271
vn -0.44099 -0.897462 -0.009521
vn -0.444664 -0.895089 -0.03302
vn -0.444673 -0.895082 -0.033081
vn -0.445319 -0.893073 -0.064128
vn -0.445318 -0.893072 -0.064133
vn -0.620287 -0.782677 -0.051575
vn -0.620282 -0.782671 -0.051733
vn -0.623449 -0.781585 -0.020901
vn -0.62345 -0.781584 -0.020893
vn -0.626803 -0.779163 -0.004881
vn -0.631118 -0.775596 0.011898
vn -0.584322 -0.811486 0.007595
vn -0.639776 -0.767201 -0.045715
vn -0.623635 -0.781649 0.010183
vn -0.576969 -0.816505 0.020658
vn -0.57697 -0.816504 0.020656
vn -0.571305 -0.819709 0.041092
vn -0.552398 -0.833529 0.009208
vn -0.552381 -0.833541 0.009188
vn -0.986766 -0.161633 -0.012946
vn -0.986765 -0.161634 -0.013009
vn -0.987429 -0.158011 -0.003942
vn -0.98743 -0.158009 -0.00394
vn -0.988018 -0.154338 -0.000928
vn -0.987536 -0.157387 0.001689
vn -0.987534 -0.157395 0.001694
vn -0.986457 -0.163928 0.005568
vn -0.984841 -0.172684 0.016371
vn -0.980869 -0.192247 0.030618
vn -0.982088 -0.183349 0.04344
vn -0.981247 -0.185446 0.05258
vn -0.984841 -0.172684 0.016371
vn -0.964293 -0.257862 0.060388
vn -0.963488 -0.267652 0.007314
vn -0.971946 -0.235204 0.000422
vn -0.975847 -0.218453 -0.000367
vn -0.962655 -0.269837 0.021992
vn -0.962654 -0.26984 0.021985
vn -0.96055 -0.277972 0.008675
vn -0.956541 -0.291574 0.003716
vn -0.958367 -0.28552 -0.003226
vn -0.959516 -0.281407 -0.011763
vn -0.959521 -0.281388 -0.011803
vn -0.959725 -0.279689 -0.026504
vn -0.959725 -0.279689 -0.026514
vn 0.894921 -0.446225 0.0
vn 0.920847 -0.389925 0.0
vn 0.920847 -0.389925 0.0
vn 0.774204 -0.632937 0.0
vn 0.667183 -0.744894 0.0
vn 0.667183 -0.744894 0.0
vn 0.529179 -0.84851 0.0
vn 0.529179 -0.84851 0.0
vn 0.375415 -0.926857 0.0
vn 0.414053 -0.907509 -0.07062
vn 0.33504 -0.942204 0.0
vn 0.145076 -0.989421 0.0
vn 0.082373 -0.996602 0.0
vn 0.039235 -0.998602 -0.035409
vn -0.003926 -0.999992 0.0
vn -0.090199 -0.995924 0.0
vn -0.133038 -0.990478 -0.035409
vn -0.175795 -0.984427 -0.0
vn -0.301538 -0.953454 0.0
vn -0.259434 -0.963175 -0.070619
vn -0.34243 -0.939543 -0.0
vn -0.626837 -0.779151 0.0
vn -0.704324 -0.709878 0.0
vn -0.733862 -0.678375 -0.035409
vn -0.76295 -0.646457 0.0
vn -0.815886 -0.578213 0.0
vn -0.839567 -0.542101 -0.035409
vn -0.960555 -0.277954 0.008692
vn -0.957831 -0.287332 0.0
vn -0.936825 -0.349798 0.0
vn -0.920268 -0.389684 -0.03541
vn -0.903147 -0.429331 -0.0
vn -0.862734 -0.505657 0.0
vn -0.988251 -0.152838 0.0
vn -0.995185 -0.098017 0.0
vn -0.997863 -0.054916 -0.035409
vn -0.999931 -0.011781 0.0
vn -0.997218 0.074543 0.0
vn -0.992446 0.117464 -0.035409
vn -0.987066 0.160312 0.0
vn -0.958073 0.286525 0.0
vn -0.958073 0.286525 0.0
vn -0.926857 0.375415 0.0
vn -0.926857 0.375415 0.0
vn -0.835561 0.549391 -0.002544
vn -0.844629 0.535303 0.007196
vn -0.873056 0.471076 0.125937
vn -0.872139 0.471211 0.131659
vn -0.872133 0.471212 0.131691
vn -0.884488 0.463416 0.05409
vn -0.884487 0.463418 0.054099
vn -0.889619 0.456086 0.023723
vn -0.889614 0.456095 0.023745
vn -0.894921 0.446225 0.0
vn -0.919308 0.393538 0.0
vn -0.920846 0.389926 -0.000293
vn -0.92237 0.386308 0.0
vn -0.896706 0.442552 0.008151
vn -0.893986 0.448018 -0.008261
vn -0.891696 0.45172 -0.028761
vn -0.891689 0.45173 -0.028821
vn -0.889953 0.452524 -0.05662
vn -0.889951 0.452523 -0.056662
vn -0.781701 0.622559 0.036926
vn -0.777508 0.626196 -0.057963
vn -0.7775 0.626187 -0.05817
vn -0.776628 0.629511 -0.023746
vn -0.776628 0.629512 -0.023742
vn -0.774215 0.632898 -0.005538
vn -0.770629 0.637145 0.013328
vn -0.785451 0.613487 0.081857
vn -0.78545 0.613489 0.081848
vn -0.784561 0.618498 0.043874
vn -0.835552 0.549405 -0.002548
vn -0.835533 0.549434 -0.002548
vn -0.153863 0.9879 -0.019481
vn -0.153862 0.987901 -0.019421
vn -0.150467 0.988592 -0.006722
vn -0.150465 0.988592 -0.00672
vn -0.150055 0.988673 0.003051
vn -0.150062 0.988672 0.003057
vn -0.157198 0.987519 0.009696
vn -0.165967 0.985812 0.025074
vn -0.165968 0.985812 0.025075
vn -0.167971 0.985258 0.032448
vn -0.201559 0.979476 1e-05
vn -0.201576 0.979473 2e-06
vn -0.218467 0.975844 7e-06
vn -0.252285 0.966808 0.040423
vn -0.251621 0.966842 0.043635
vn -0.251626 0.966841 0.043611
vn -0.26325 0.964619 0.014494
vn -0.263255 0.964618 0.014486
vn -0.271268 0.96249 0.005166
vn -0.284442 0.958689 0.002654
vn -0.278089 0.960553 -0.00198
vn -0.274005 0.961698 -0.007563
vn -0.273985 0.961704 -0.007592
vn -0.272189 0.962057 -0.018952
vn -0.272189 0.962057 -0.01895
vn 0.535625 0.844453 -0.002408
vn 0.535631 0.844449 -0.002408
vn 0.498731 0.866441 0.023391
vn 0.502691 0.862904 0.051952
vn 0.502682 0.862912 0.051896
vn 0.492966 0.869858 0.018194
vn 0.492962 0.869861 0.018184
vn 0.420532 0.902865 -0.08937
vn 0.449196 0.893007 0.027582
vn 0.435521 0.900131 0.009257
vn 0.440986 0.897464 -0.009508
vn 0.444684 0.895073 -0.033165
vn 0.444671 0.895083 -0.033074
vn 0.445318 0.893072 -0.064152
vn 0.445318 0.893073 -0.064134
vn 0.620282 0.782672 -0.051717
vn 0.620282 0.782671 -0.051728
vn 0.623449 0.781585 -0.020894
vn 0.62345 0.781584 -0.020892
vn 0.626801 0.779164 -0.004889
vn 0.631119 0.775595 0.011902
vn 0.584322 0.811487 0.007597
vn 0.639775 0.767202 -0.045712
vn 0.62365 0.781638 0.010135
vn 0.57697 0.816504 0.020659
vn 0.57697 0.816504 0.020659
vn 0.571304 0.819709 0.041096
vn 0.552394 0.833533 0.009205
vn 0.552415 0.833518 0.009229
vn 0.986765 0.161633 -0.013009
vn 0.986766 0.161632 -0.012945
vn 0.987429 0.158011 -0.003943
vn 0.98743 0.158009 -0.00394
vn 0.987536 0.157386 0.001689
vn 0.98755 0.157299 0.001639
vn 0.986456 0.163931 0.005572
vn 0.984841 0.172685 0.016372
vn 0.980865 0.192271 0.030591
vn 0.982087 0.18335 0.043445
vn 0.981247 0.185446 0.052581
vn 0.984841 0.172684 0.01637
vn 0.962655 0.269836 0.021995
vn 0.975849 0.218447 -0.00036
vn 0.971945 0.235207 0.00043
vn 0.963488 0.267651 0.007321
vn 0.964293 0.25786 0.060398
vn 0.962654 0.269841 0.021983
vn 0.960549 0.277976 0.008671
vn 0.960546 0.277985 0.008661
vn 0.957832 0.28733 -0.0
vn 0.956538 0.291583 0.003726
vn 0.958367 0.28552 -0.003227
vn 0.95952 0.281394 -0.011789
vn 0.959521 0.281389 -0.011801
vn 0.959725 0.279689 -0.026509
vn 0.959725 0.279689 -0.026474
vn 0.926854 -0.375421 0.0
vn 0.926854 -0.375421 0.0
vn -0.271248 0.962495 0.005179
vn -0.2798 0.960058 0.0
vn -0.335041 0.942203 0.0
vn -0.37518 0.926275 -0.035409
vn -0.41509 0.90978 0.0
vn -0.529179 0.84851 0.0
vn -0.529179 0.84851 0.0
vn -0.667183 0.744894 0.0
vn -0.667183 0.744894 0.0
vn -0.774203 0.632937 0.0
vn -0.776741 0.629713 0.011615
vn -0.146627 0.989191 -0.001585
vn -0.145073 0.989421 0.0
vn -0.03926 0.999229 0.0
vn -0.082168 0.994113 -0.07062
vn 0.003927 0.999992 -0.0
vn 0.090197 0.995924 0.0
vn 0.133038 0.990478 -0.03541
vn 0.449204 0.893003 0.027607
vn 0.439182 0.898398 -0.0
vn 0.342431 0.939543 0.0
vn 0.301349 0.952856 -0.03541
vn 0.260082 0.965586 0.0
vn 0.175797 0.984426 0.0
vn 0.626836 0.779151 -0.0
vn 0.704324 0.709879 0.0
vn 0.733862 0.678375 -0.03541
vn 0.762951 0.646456 -0.0
vn 0.815885 0.578215 0.0
vn 0.839566 0.542102 -0.03541
vn 0.862734 0.505657 0.0
vn 0.920846 0.389928 0.0
vn 0.900894 0.428257 -0.070619
vn 0.936825 0.349799 0.0
vn 0.988018 0.154337 -0.000927
vn 0.988251 0.152838 0.0
vn 0.998489 0.05495 0.0
vn 0.9927 0.097772 -0.07062
vn 0.999931 0.011781 -0.0
vn 0.997218 -0.074543 0.0
vn 0.992446 -0.117463 -0.035409
vn 0.987066 -0.160312 0.0
vn 0.958073 -0.286524 0.0
vn 0.967132 -0.244273 -0.070619
vn 0.944806 -0.327629 0.0
vn 0.0 0.0 -1.0
vn 0.0 0.0 -1.0
vn 0.0 0.0 -1.0
vn 0.0 0.0 -1.0
vn 0.0 0.0 -1.0
vn 0.0 0.0 -1.0
vn 0.0 0.0 -1.0
vn 0.0 0.0 -1.0
vn 0.0 0.0 -1.0
vn 0.0 0.0 -1.0
vn 0.0 0.0 -1.0
vn 0.0 0.0 -1.0
vn 0.0 0.0 -1.0
vn 0.0 0.0 -1.0
vn 0.0 0.0 -1.0
vn 0.0 0.0 -1.0
vn 0.0 0.0 -1.0
vn 0.0 0.0 -1.0
vn 0.0 0.0 -1.0
vn 0.0 0.0 -1.0
vn 0.0 0.0 -1.0
vn 0.0 0.0 -1.0
vn 0.0 0.0 -1.0
vn 0.0 0.0 -1.0
vn 0.0 0.0 -1.0
vn 0.0 0.0 -1.0
vn 0.0 0.0 -1.0
vn 0.0 0.0 -1.0
vn 0.0 0.0 -1.0
vn 0.0 0.0 -1.0
vn 0.0 0.0 -1.0
vn 0.0 0.0 -1.0
vn 0.0 0.0 -1.0
vn 0.0 0.0 -1.0
vn 0.0 0.0 -1.0
vn 0.0 0.0 -1.0
vn 0.0 0.0 -1.0
vn 0.0 0.0 -1.0
vn 0.0 0.0 -1.0
vn 0.0 0.0 -1.0
vn 0.0 0.0 -1.0
vn 0.0 0.0 -1.0
vn 0.0 0.0 -1.0
vn 0.0 0.0 -1.0
vn 0.0 0.0 -1.0
vn 0.0 0.0 -1.0
vn 0.0 0.0 -1.0
vn 0.0 0.0 -1.0
vn 0.0 0.0 -1.0
vn 0.0 0.0 -1.0
vn 0.0 0.0 -1.0
vn 0.0 0.0 -1.0
vn 0.0 0.0 -1.0
vn 0.0 0.0 -1.0
vn 0.0 0.0 -1.0
vn 0.0 0.0 -1.0
vn 0.0 0.0 -1.0
vn 0.0 0.0 -1.0
vn 0.0 0.0 -1.0
vn 0.0 0.0 -1.0
vn 0.0 0.0 -1.0
vn 0.0 0.0 -1.0
vn 0.0 0.0 -1.0
vn 0.0 0.0 -1.0
vn 0.0 0.0 -1.0
vn 0.0 0.0 -1.0
vn 0.0 0.0 -1.0
vn 0.0 0.0 -1.0
vn 0.0 0.0 -1.0
vn 0.0 0.0 -1.0
vn 0.0 0.0 -1.0
vn 0.0 0.0 -1.0
vn 0.0 0.0 -1.0
vn 0.0 0.0 -1.0
vn 0.0 0.0 -1.0
vn 0.0 0.0 -1.0
vn 0.0 0.0 -1.0
vn 0.0 0.0 -1.0
vn 0.0 0.0 -1.0
vn 0.0 0.0 -1.0
vn 0.0 0.0 -1.0
vn 0.0 0.0 -1.0
vn 0.0 0.0 -1.0
vn 0.0 0.0 -1.0
vn 0.0 0.0 -1.0
vn 0.0 0.0 -1.0
vn 0.0 0.0 -1.0
vn 0.0 0.0 -1.0
vn 0.0 0.0 -1.0
vn 0.0 0.0 -1.0
vn 0.0 0.0 -1.0
vn 0.0 0.0 -1.0
vn 0.0 0.0 -1.0
vn 0.0 0.0 -1.0
vn 0.0 0.0 -1.0
vn 0.0 0.0 -1.0
vn 0.0 0.0 -1.0
vn 0.0 0.0 -1.0
vn 0.0 0.0 -1.0
vn 0.0 0.0 -1.0
vn 0.0 0.0 -1.0
vn 0.0 0.0 -1.0
vn 0.0 0.0 -1.0
vn 0.0 0.0 -1.0
vn 0.0 0.0 -1.0
vn 0.0 0.0 -1.0
vn 0.0 0.0 -1.0
vn 0.0 0.0 -1.0
vn 0.0 0.0 -1.0
vn 0.0 0.0 -1.0
vn 0.0 0.0 -1.0
vn 0.0 0.0 -1.0
vn 0.0 0.0 -1.0
vn 0.0 0.0 -1.0
vn 0.0 0.0 -1.0
vn 0.0 0.0 -1.0
vn 0.0 0.0 -1.0
vn 0.0 0.0 -1.0
vn 0.0 0.0 -1.0
vn 0.0 0.0 -1.0
vn 0.0 0.0 -1.0
vn 0.0 0.0 -1.0
vn 0.0 0.0 -1.0
vn 0.0 0.0 -1.0
vn 0.0 0.0 -1.0
vn 0.0 -0.0 -1.0
vn 0.0 0.0 -1.0
vn 0.0 0.0 -1.0
vn 0.0 0.0 -1.0
vn 0.0 0.0 -1.0
vn 0.0 0.0 -1.0
vn 0.0 0.0 -1.0
vn -0.360309 0.932833 0.0
vn -0.318401 0.945065 0.073979
vn -0.400656 0.916229 0.0
vn -0.019518 0.999121 0.037101
vn -0.063124 0.998006 0.0
vn -0.19285 0.981228 0.0
vn -0.149456 0.985997 0.073978
vn -0.235467 0.971882 0.0
vn 0.282021 0.959408 -0.0
vn 0.197329 0.980337 0.0
vn 0.154274 0.987331 0.0371
vn 0.111137 0.993805 0.0
vn 0.024098 0.99971 0.0
vn 0.363567 0.928626 0.073978
vn 0.323601 0.946193 -0.0
vn 0.444335 0.895861 0.0
vn 0.482657 0.875023 0.037101
vn 0.520724 0.853725 0.0
vn 0.59315 0.805092 0.0
vn 0.627271 0.777917 0.037101
vn 0.661062 0.750332 0.0
vn 0.723941 0.689862 0.0
vn 0.752825 0.657174 0.037101
vn 0.781312 0.62414 0.0
vn 0.832735 0.553671 0.0
vn 0.855505 0.516464 0.037102
vn 0.877823 0.478984 0.0
vn 0.916229 0.400656 0.0
vn 0.932191 0.360061 0.037101
vn 0.947662 0.319276 0.0
vn 0.971882 0.235467 0.0
vn 0.980553 0.192717 0.037101
vn 0.988706 0.149865 0.0
vn 0.998006 0.063125 0.0
vn 0.999121 0.019519 0.037101
vn 0.99971 -0.024098 0.0
vn 0.993805 -0.111137 0.0
vn 0.987331 -0.154274 0.0371
vn 0.980337 -0.197329 0.0
vn 0.516819 -0.856094 0.0
vn 0.516819 -0.856094 0.0
vn 0.657627 -0.753344 0.0
vn 0.657627 -0.753344 0.0
vn 0.778453 -0.627703 0.0
vn 0.778453 -0.627703 0.0
vn 0.875626 -0.482989 0.0
vn 0.875626 -0.482989 0.0
vn 0.946194 -0.323601 0.0
vn 0.928626 -0.363567 0.073978
vn 0.959408 -0.282021 0.0
vn -0.444337 -0.89586 0.0
vn 0.400656 -0.916229 0.0
vn 0.360061 -0.932191 0.037101
vn 0.319276 -0.947662 0.0
vn 0.235467 -0.971882 0.0
vn 0.192717 -0.980553 0.0371
vn 0.149866 -0.988706 0.0
vn 0.019531 -0.999809 0.0
vn -0.024032 -0.99697 0.073979
vn 0.063124 -0.998006 0.0
vn -0.323601 -0.946194 0.0
vn -0.363566 -0.928627 0.073977
vn -0.282021 -0.959408 -0.0
vn -0.15438 -0.988012 0.0
vn -0.196789 -0.977651 0.07398
vn -0.111136 -0.993805 -0.0
vn -0.519297 -0.851386 0.073977
vn -0.48299 -0.875626 0.0
vn -0.59315 -0.805092 0.0
vn -0.627271 -0.777917 0.037101
vn -0.661062 -0.750332 -0.0
vn -0.723941 -0.689862 0.0
vn -0.752825 -0.657174 0.037101
vn -0.781312 -0.62414 -0.0
vn -0.832736 -0.55367 0.0
vn -0.855505 -0.516464 0.0371
vn -0.877823 -0.478986 -0.0
vn -0.916229 -0.400656 0.0
vn -0.932191 -0.360061 0.037101
vn -0.947662 -0.319276 -0.0
vn -0.999809 -0.019531 -0.0
vn -0.99697 0.024032 0.073979
vn -0.998006 -0.063124 -0.0
vn -0.981228 -0.19285 0.0
vn -0.985997 -0.149456 0.073978
vn -0.971882 -0.235467 -0.0
vn -0.945542 0.323378 0.0371
vn -0.959408 0.282021 0.0
vn -0.988012 0.15438 0.0
vn -0.977651 0.196789 0.073978
vn -0.993805 0.111137 0.0
vn -0.51682 0.856094 0.0
vn -0.51682 0.856094 0.0
vn -0.657627 0.753344 0.0
vn -0.657627 0.753344 0.0
vn -0.778453 0.627703 0.0
vn -0.778453 0.627703 0.0
vn -0.875626 0.48299 0.0
vn -0.875626 0.48299 0.0
vn -0.931178 0.364565 0.0
vn 0.0 -0.0 -1.0
vn 0.0 0.0 -1.0
vn 0.0 -0.0 -1.0
vn 0.0 -0.0 -1.0
vn 0.0 0.0 -1.0
vn 0.0 -0.0 -1.0
vn 0.0 0.0 -1.0
vn 0.0 -0.0 -1.0
vn 0.0 0.0 -1.0
vn 0.0 -0.0 -1.0
vn 0.0 0.0 -1.0
vn 0.0 0.0 -1.0
vn 0.0 0.0 -1.0
vn 0.0 0.0 -1.0
vn 0.0 0.0 -1.0
vn 0.0 0.0 -1.0
vn -0.0 0.0 -1.0
vn 0.0 0.0 -1.0
vn -0.0 0.0 -1.0
vn 0.0 0.0 -1.0
vn -0.0 0.0 -1.0
vn -0.0 0.0 -1.0
vn 0.0 0.0 -1.0
vn -0.0 0.0 -1.0
vn 0.0 0.0 -1.0
vn -0.0 0.0 -1.0
vn 0.0 0.0 -1.0
vn -0.0 0.0 -1.0
vn 0.0 0.0 -1.0
vn -0.0 0.0 -1.0
vn 0.0 0.0 -1.0
vn -0.0 0.0 -1.0
vn 0.0 0.0 -1.0
vn -0.0 0.0 -1.0
vn 0.0 0.0 -1.0
vn -0.0 0.0 -1.0
vn 0.0 0.0 -1.0
vn -0.0 0.0 -1.0
vn 0.0 0.0 -1.0
vn -0.0 0.0 -1.0
vn 0.0 0.0 -1.0
vn 0.0 0.0 -1.0
vn 0.0 0.0 -1.0
vn 0.0 0.0 -1.0
vn 0.0 0.0 -1.0
vn 0.0 0.0 -1.0
vn 0.0 0.0 -1.0
vn 0.0 0.0 -1.0
vn 0.0 0.0 -1.0
vn 0.0 0.0 -1.0
vn 0.0 0.0 -1.0
vn 0.0 0.0 -1.0
vn 0.0 0.0 -1.0
vn 0.0 0.0 -1.0
vn 0.0 0.0 -1.0
vn 0.0 0.0 -1.0
vn 0.0 0.0 -1.0
vn 0.0 0.0 -1.0
vn 0.0 0.0 -1.0
vn 0.0 0.0 -1.0
vn 0.0 0.0 -1.0
vn 0.0 0.0 -1.0
vn 0.0 0.0 -1.0
vn 0.0 0.0 -1.0
vn 0.0 0.0 -1.0
vn 0.0 0.0 -1.0
vn 0.0 0.0 -1.0
vn 0.0 0.0 -1.0
vn 0.0 0.0 -1.0
vn 0.0 0.0 -1.0
vn 0.0 0.0 -1.0
vn 0.0 0.0 -1.0
vn 0.0 0.0 -1.0
vn 0.985871 -0.167507 0.0
vn 0.985871 -0.167507 0.0
vn 0.960917 0.276837 0.0
vn 0.960917 0.276837 0.0
vn 0.745641 0.666348 0.0
vn 0.745641 0.666348 0.0
vn 0.382684 0.923879 0.0
vn 0.382684 0.923879 0.0
vn -0.056071 0.998427 0.0
vn -0.056071 0.998427 0.0
vn -0.483717 0.875224 0.0
vn -0.483717 0.875224 0.0
vn -0.815562 0.57867 0.0
vn -0.815562 0.57867 0.0
vn 0.0 0.0 -1.0
vn 0.0 -0.0 -1.0
vn 0.0 0.0 -1.0
vn 0.0 -0.0 -1.0
vn -0.0 0.0 -1.0
vn 0.0 0.0 -1.0
vn -0.0 0.0 -1.0
vn -0.0 0.0 -1.0
vn 0.0 0.0 -1.0
vn -0.0 0.0 -1.0
vn 0.0 0.0 -1.0
vn 0.0 0.0 -1.0
vn 0.0 0.0 -1.0
vn 0.0 0.0 -1.0
vn 0.0 0.0 -1.0
vn 0.0 0.0 -1.0
vn 0.0 0.0 -1.0
vn 0.0 0.0 -1.0
vn 0.0 0.0 -1.0
vn 0.0 0.0 -1.0
vn 0.0 0.0 -1.0
vn 0.0 0.0 -1.0
vn 0.0 0.0 -1.0
vn 0.0 0.0 -1.0
vn 0.0 -0.0 -1.0
vn 0.902755 -0.430156 0.0
vn 0.902755 -0.430156 0.0
vn 0.566731 -0.823903 0.0
vn 0.566731 -0.823903 0.0
vn 0.078855 -0.996886 0.0
vn 0.078855 -0.996886 0.0
vn -0.430155 -0.902755 0.0
vn -0.430155 -0.902755 0.0
vn -0.823899 -0.566736 0.0
vn -0.823899 -0.566736 0.0
vn -0.996886 -0.078853 0.0
vn -0.996886 -0.078853 0.0
vn 0.0 -0.0 1.0
vn 0.0 0.0 1.0
vn 0.0 0.0 1.0
vn 0.0 -0.0 1.0
vn 0.0 0.0 1.0
vn 0.0 -0.0 1.0
vn 0.0 0.0 1.0
vn 0.0 -0.0 1.0
vn 0.0 0.0 1.0
vn 0.0 0.0 1.0
vn 0.0 0.0 1.0
vn 0.0 0.0 1.0
vn 0.0 0.0 1.0
vn 0.0 0.0 1.0
vn 0.0 0.0 1.0
vn 0.0 0.0 1.0
vn 0.0 0.0 1.0
vn 0.0 0.0 1.0
vn 0.0 0.0 1.0
vn 0.0 0.0 1.0
vn 0.0 0.0 1.0
vn 0.0 0.0 1.0
vn 0.0 0.0 1.0
vn -0.0 0.0 1.0
vn 0.0 0.0 1.0
vn -0.902755 0.430154 0.0
vn -0.902755 0.430154 0.0
vn -0.566731 0.823903 0.0
vn -0.566731 0.823903 0.0
vn -0.078853 0.996886 0.0
vn -0.078853 0.996886 0.0
vn 0.430155 0.902755 0.0
vn 0.430155 0.902755 -0.0
vn 0.823902 0.566733 0.0
vn 0.823902 0.566733 -0.0
vn 0.996886 0.078853 0.0
vn 0.996886 0.078853 -0.0
vn -0.991445 0.130527 0.0
vn -0.991445 0.130527 0.0
vn -0.923879 -0.382685 0.0
vn -0.923879 -0.382685 -0.0
vn -0.608762 -0.793353 0.0
vn -0.608762 -0.793353 -0.0
vn -0.130527 -0.991445 0.0
vn -0.130527 -0.991445 -0.0
vn 0.382684 -0.923879 0.0
vn 0.382684 -0.923879 0.0
vn 0.793352 -0.608763 0.0
vn 0.793352 -0.608763 0.0
vn 0.985871 -0.167507 0.0
vn 0.985871 -0.167507 0.0
vn 0.960917 0.276836 0.0
vn 0.960917 0.276836 0.0
vn 0.745641 0.666348 0.0
vn 0.745641 0.666348 0.0
vn 0.382685 0.923879 0.0
vn 0.382685 0.923879 0.0
vn -0.056071 0.998427 0.0
vn -0.056071 0.998427 0.0
vn -0.483718 0.875224 0.0
vn -0.483718 0.875224 0.0
vn -0.815561 0.578671 0.0
vn -0.815561 0.578671 0.0
vn 0.0 0.0 -1.0
vn 0.0 -0.0 -1.0
vn 0.0 0.0 -1.0
vn 0.0 -0.0 -1.0
vn -0.0 0.0 -1.0
vn 0.0 -0.0 -1.0
vn 0.0 0.0 -1.0
vn -0.0 0.0 -1.0
vn 0.0 0.0 -1.0
vn -0.0 0.0 -1.0
vn 0.0 0.0 -1.0
vn -0.0 0.0 -1.0
vn 0.0 0.0 -1.0
vn 0.0 0.0 -1.0
vn 0.0 0.0 -1.0
vn 0.0 0.0 -1.0
vn 0.0 0.0 -1.0
vn 0.0 0.0 -1.0
vn 0.0 0.0 -1.0
vn 0.0 0.0 -1.0
vn 0.0 0.0 -1.0
vn 0.0 0.0 -1.0
vn 0.0 0.0 -1.0
vn 0.0 0.0 -1.0
vn 0.0 -0.0 -1.0
vn 0.0 0.0 -1.0
vn 0.369186 -0.929356 0.0
vn 0.369186 -0.929356 0.0
vn -0.070602 -0.997505 0.0
vn -0.070602 -0.997505 0.0
vn -0.496416 -0.868085 0.0
vn -0.496416 -0.868085 0.0
vn -0.823902 -0.566732 0.0
vn -0.823902 -0.566732 0.0
vn -0.988206 -0.153129 0.0
vn -0.988206 -0.153129 0.0
vn -0.956785 0.290797 0.0
vn -0.956785 0.290797 0.0
vn -0.73586 0.677133 0.0
vn -0.73586 0.677133 0.0
vn 0.0 0.0 1.0
vn 0.0 0.0 1.0
vn 0.0 0.0 1.0
vn 0.0 0.0 1.0
vn 0.0 0.0 1.0
vn 0.0 0.0 1.0
vn 0.0 0.0 1.0
vn 0.0 0.0 1.0
vn 0.0 0.0 1.0
vn 0.0 0.0 1.0
vn 0.0 0.0 1.0
vn 0.0 0.0 1.0
vn -0.0 0.0 1.0
vn 0.0 0.0 1.0
vn 0.0 0.0 1.0
vn -0.0 0.0 1.0
vn 0.0 0.0 1.0
vn -0.0 0.0 1.0
vn 0.0 -0.0 1.0
vn 0.0 0.0 1.0
vn 0.0 0.0 1.0
vn 0.0 -0.0 1.0
vn 0.0 0.0 1.0
vn 0.0 -0.0 1.0
vn 0.0 0.0 1.0
vn 0.0 0.0 1.0
vn -0.334182 0.942509 0.0
vn -0.334182 0.942509 0.0
vn 0.181847 0.983327 0.0
vn 0.181847 0.983327 -0.0
vn 0.649148 0.760662 0.0
vn 0.649148 0.760662 -0.0
vn 0.942509 0.334182 0.0
vn 0.942509 0.334182 -0.0
vn 0.983326 -0.18185 0.0
vn 0.983326 -0.18185 0.0
vn 0.760664 -0.649146 0.0
vn 0.760664 -0.649146 0.0
vn -0.991445 0.130527 0.0
vn -0.991445 0.130527 0.0
vn -0.923879 -0.382684 0.0
vn -0.923879 -0.382684 -0.0
vn -0.608761 -0.793354 0.0
vn -0.608761 -0.793354 -0.0
vn -0.130526 -0.991445 0.0
vn -0.130526 -0.991445 -0.0
vn 0.382684 -0.923879 0.0
vn 0.382684 -0.923879 0.0
vn 0.793354 -0.608761 0.0
vn 0.793354 -0.608761 0.0
vn 0.991445 -0.130526 0.0
vn 0.991445 -0.130526 0.0
vn 0.923879 0.382684 0.0
vn 0.923879 0.382684 0.0
vn 0.608763 0.793352 0.0
vn 0.608763 0.793352 0.0
vn 0.130523 0.991445 0.0
vn 0.130523 0.991445 0.0
vn -0.382683 0.92388 0.0
vn -0.382683 0.92388 0.0
vn -0.793352 0.608763 0.0
vn -0.793352 0.608763 0.0
vn 0.0 0.0 -1.0
vn -0.0 0.0 -1.0
vn 0.0 0.0 -1.0
vn 0.0 0.0 -1.0
vn -0.0 0.0 -1.0
vn 0.0 -0.0 -1.0
vn 0.0 0.0 -1.0
vn 0.0 -0.0 -1.0
vn 0.0 0.0 -1.0
vn 0.0 0.0 -1.0
vn 0.0 -0.0 -1.0
vn 0.0 0.0 -1.0
vn 0.0 0.0 -1.0
vn 0.0 0.0 -1.0
vn 0.0 0.0 -1.0
vn 0.0 0.0 -1.0
vn 0.0 0.0 -1.0
vn 0.0 0.0 -1.0
vn 0.0 0.0 -1.0
vn 0.0 0.0 -1.0
vn 0.0 0.0 -1.0
vn -0.0 0.0 -1.0
vn 0.0 0.0 -1.0
vn -0.0 0.0 -1.0
vn 0.0 0.0 -1.0
vn -0.396097 -0.918209 0.0
vn -0.396097 -0.918209 0.0
vn -0.755267 -0.655417 0.0
vn -0.755267 -0.655417 0.0
vn -0.964847 -0.262813 0.0
vn -0.964847 -0.262813 0.0
vn -0.983326 0.18185 0.0
vn -0.983326 0.18185 0.0
vn -0.807049 0.590484 0.0
vn -0.807049 0.590484 0.0
vn -0.470919 0.882177 0.0
vn -0.470919 0.882177 0.0
vn -0.041525 0.999137 0.0
vn -0.041525 0.999137 0.0
vn 0.0 0.0 1.0
vn 0.0 0.0 1.0
vn -0.0 0.0 1.0
vn 0.0 0.0 1.0
vn 0.0 0.0 1.0
vn 0.0 0.0 1.0
vn 0.0 0.0 1.0
vn 0.0 0.0 1.0
vn 0.0 0.0 1.0
vn 0.0 0.0 1.0
vn 0.0 0.0 1.0
vn 0.0 -0.0 1.0
vn 0.0 0.0 1.0
vn 0.0 -0.0 1.0
vn 0.0 0.0 1.0
vn 0.0 -0.0 1.0
vn 0.0 0.0 1.0
vn -0.0 -0.0 1.0
vn 0.0 -0.0 1.0
vn -0.0 -0.0 1.0
vn 0.0 0.0 1.0
vn -0.0 0.0 1.0
vn 0.0 0.0 1.0
vn -0.0 0.0 1.0
vn -0.0 0.0 1.0
vn 0.430155 0.902755 0.0
vn 0.430155 0.902755 -0.0
vn 0.823903 0.566731 0.0
vn 0.823903 0.566731 -0.0
vn 0.996886 0.078853 0.0
vn 0.996886 0.078853 -0.0
vn 0.902755 -0.430155 0.0
vn 0.902755 -0.430155 0.0
vn 0.566732 -0.823903 0.0
vn 0.566732 -0.823903 0.0
vn 0.078853 -0.996886 0.0
vn 0.078853 -0.996886 0.0
vn -0.991445 0.130525 0.0
vn -0.991445 0.130525 0.0
vn -0.923879 -0.382684 0.0
vn -0.923879 -0.382684 -0.0
vn -0.608763 -0.793352 0.0
vn -0.608763 -0.793352 -0.0
vn -0.130527 -0.991445 0.0
vn -0.130527 -0.991445 -0.0
vn 0.382687 -0.923878 0.0
vn 0.382687 -0.923878 0.0
vn 0.793353 -0.608762 0.0
vn 0.793353 -0.608762 0.0
vn 0.942509 0.33418 0.0
vn 0.942509 0.33418 -0.0
vn 0.983327 -0.181846 0.0
vn 0.983327 -0.181846 0.0
vn 0.760662 -0.649148 0.0
vn 0.760662 -0.649148 0.0
vn 0.334178 -0.94251 0.0
vn 0.334178 -0.94251 0.0
vn -0.181847 -0.983327 0.0
vn -0.181847 -0.983327 0.0
vn -0.649146 -0.760664 0.0
vn -0.649146 -0.760664 0.0
vn -0.991445 0.130526 0.0
vn -0.991445 0.130526 0.0
vn -0.923879 -0.382684 0.0
vn -0.923879 -0.382684 -0.0
vn -0.608761 -0.793354 0.0
vn -0.608761 -0.793354 -0.0
vn -0.130527 -0.991445 0.0
vn -0.130527 -0.991445 -0.0
vn 0.382683 -0.92388 0.0
vn 0.382683 -0.92388 0.0
vn 0.793354 -0.60876 0.0
vn 0.793354 -0.60876 0.0
vn 0.991445 -0.130526 0.0
vn 0.991445 -0.130526 0.0
vn 0.92388 0.382681 0.0
vn 0.92388 0.382681 0.0
vn 0.608763 0.793352 0.0
vn 0.608763 0.793352 0.0
vn 0.130523 0.991445 0.0
vn 0.130523 0.991445 0.0
vn -0.382682 0.92388 0.0
vn -0.382682 0.92388 0.0
vn -0.793353 0.608762 0.0
vn -0.793353 0.608762 0.0
vn 0.0 0.0 -1.0
vn 0.0 0.0 -1.0
vn 0.0 0.0 -1.0
vn 0.0 0.0 -1.0
vn 0.0 0.0 -1.0
vn 0.0 0.0 -1.0
vn 0.0 0.0 -1.0
vn -0.0 0.0 -1.0
vn 0.0 0.0 -1.0
vn -0.0 0.0 -1.0
vn 0.0 0.0 -1.0
vn -0.0 0.0 -1.0
vn 0.0 0.0 -1.0
vn -0.0 -0.0 -1.0
vn -0.0 0.0 -1.0
vn 0.0 -0.0 -1.0
vn 0.0 0.0 -1.0
vn 0.0 -0.0 -1.0
vn 0.0 0.0 -1.0
vn 0.0 -0.0 -1.0
vn 0.0 -0.0 -1.0
vn 0.0 0.0 -1.0
vn 0.0 0.0 -1.0
vn 0.0 0.0 -1.0
vn 0.0 0.0 -1.0
vn -0.929355 -0.369188 0.0
vn -0.929355 -0.369188 0.0
vn -0.997504 0.070607 0.0
vn -0.997504 0.070607 0.0
vn -0.868087 0.496413 0.0
vn -0.868087 0.496413 0.0
vn -0.566733 0.823901 0.0
vn -0.566733 0.823901 0.0
vn -0.153129 0.988206 0.0
vn -0.153129 0.988206 0.0
vn 0.290803 0.956783 0.0
vn 0.290803 0.956783 -0.0
vn 0.677138 0.735856 0.0
vn 0.677138 0.735856 -0.0
vn 0.0 0.0 1.0
vn 0.0 0.0 1.0
vn 0.0 0.0 1.0
vn 0.0 -0.0 1.0
vn 0.0 0.0 1.0
vn 0.0 -0.0 1.0
vn 0.0 0.0 1.0
vn 0.0 -0.0 1.0
vn 0.0 -0.0 1.0
vn -0.0 0.0 1.0
vn 0.0 0.0 1.0
vn -0.0 0.0 1.0
vn 0.0 0.0 1.0
vn -0.0 0.0 1.0
vn -0.0 0.0 1.0
vn 0.0 0.0 1.0
vn 0.0 0.0 1.0
vn 0.0 0.0 1.0
vn 0.0 0.0 1.0
vn 0.0 0.0 1.0
vn 0.0 0.0 1.0
vn 0.0 0.0 1.0
vn 0.0 0.0 1.0
vn 0.0 0.0 1.0
vn 0.0 0.0 1.0
vn 0.985871 -0.167507 0.0
vn 0.985871 -0.167507 0.0
vn 0.960917 0.276837 0.0
vn 0.960917 0.276837 0.0
vn 0.745642 0.666346 0.0
vn 0.745642 0.666346 0.0
vn 0.382684 0.923879 0.0
vn 0.382684 0.923879 0.0
vn -0.056072 0.998427 0.0
vn -0.056072 0.998427 0.0
vn -0.483717 0.875224 0.0
vn -0.483717 0.875224 0.0
vn -0.815562 0.57867 0.0
vn -0.815562 0.57867 0.0
vn 0.0 0.0 -1.0
vn 0.0 -0.0 -1.0
vn -0.0 0.0 -1.0
vn 0.0 0.0 -1.0
vn -0.0 0.0 -1.0
vn -0.0 0.0 -1.0
vn 0.0 0.0 -1.0
vn -0.0 0.0 -1.0
vn 0.0 0.0 -1.0
vn 0.0 0.0 -1.0
vn 0.0 0.0 -1.0
vn 0.0 0.0 -1.0
vn 0.0 0.0 -1.0
vn 0.0 0.0 -1.0
vn 0.0 0.0 -1.0
vn 0.0 0.0 -1.0
vn 0.0 0.0 -1.0
vn 0.0 0.0 -1.0
vn 0.0 0.0 -1.0
vn 0.0 0.0 -1.0
vn 0.0 0.0 -1.0
vn 0.0 0.0 -1.0
vn 0.0 -0.0 -1.0
vn 0.0 0.0 -1.0
vn 0.0 -0.0 -1.0
vn -0.902756 0.430154 0.0
vn -0.902756 0.430154 0.0
vn -0.566733 0.823902 0.0
vn -0.566733 0.823902 0.0
vn -0.078853 0.996886 0.0
vn -0.078853 0.996886 0.0
vn 0.430155 0.902755 0.0
vn 0.430155 0.902755 -0.0
vn 0.823901 0.566733 0.0
vn 0.823901 0.566733 -0.0
vn 0.996886 0.078853 0.0
vn 0.996886 0.078853 -0.0
vn 0.0 -0.0 1.0
vn 0.0 0.0 1.0
vn 0.0 0.0 1.0
vn 0.0 -0.0 1.0
vn 0.0 0.0 1.0
vn 0.0 -0.0 1.0
vn 0.0 0.0 1.0
vn 0.0 -0.0 1.0
vn 0.0 0.0 1.0
vn 0.0 0.0 1.0
vn 0.0 0.0 1.0
vn 0.0 0.0 1.0
vn 0.0 0.0 1.0
vn 0.0 0.0 1.0
vn 0.0 0.0 1.0
vn 0.0 0.0 1.0
vn 0.0 0.0 1.0
vn 0.0 0.0 1.0
vn 0.0 0.0 1.0
vn 0.0 0.0 1.0
vn 0.0 0.0 1.0
vn 0.0 0.0 1.0
vn 0.0 0.0 1.0
vn -0.0 0.0 1.0
vn 0.0 0.0 1.0
vn 0.902754 -0.430156 0.0
vn 0.902754 -0.430156 0.0
vn 0.566734 -0.823901 0.0
vn 0.566734 -0.823901 0.0
vn 0.07885 -0.996886 0.0
vn 0.07885 -0.996886 0.0
vn -0.430149 -0.902758 0.0
vn -0.430149 -0.902758 0.0
vn -0.823904 -0.566729 0.0
vn -0.823904 -0.566729 0.0
vn -0.996886 -0.078856 0.0
vn -0.996886 -0.078856 0.0
vn -0.991445 0.130527 0.0
vn -0.991445 0.130527 0.0
vn -0.92388 -0.382683 0.0
vn -0.92388 -0.382683 -0.0
vn -0.60876 -0.793355 0.0
vn -0.60876 -0.793355 -0.0
vn -0.130527 -0.991445 0.0
vn -0.130527 -0.991445 -0.0
vn 0.382684 -0.923879 0.0
vn 0.382684 -0.923879 0.0
vn 0.793354 -0.60876 0.0
vn 0.793354 -0.60876 0.0
vn 0.985871 -0.167506 0.0
vn 0.985871 -0.167506 0.0
vn 0.960917 0.276837 0.0
vn 0.960917 0.276837 0.0
vn 0.745643 0.666346 0.0
vn 0.745643 0.666346 0.0
vn 0.382683 0.92388 0.0
vn 0.382683 0.92388 0.0
vn -0.056071 0.998427 0.0
vn -0.056071 0.998427 0.0
vn -0.483716 0.875225 0.0
vn -0.483716 0.875225 0.0
vn -0.815563 0.578668 0.0
vn -0.815563 0.578668 0.0
vn 0.0 0.0 -1.0
vn 0.0 0.0 -1.0
vn 0.0 0.0 -1.0
vn 0.0 0.0 -1.0
vn 0.0 0.0 -1.0
vn 0.0 0.0 -1.0
vn 0.0 -0.0 -1.0
vn 0.0 0.0 -1.0
vn 0.0 0.0 -1.0
vn 0.0 -0.0 -1.0
vn 0.0 0.0 -1.0
vn 0.0 -0.0 -1.0
vn -0.0 0.0 -1.0
vn 0.0 -0.0 -1.0
vn 0.0 0.0 -1.0
vn -0.0 0.0 -1.0
vn 0.0 0.0 -1.0
vn -0.0 0.0 -1.0
vn 0.0 0.0 -1.0
vn -0.0 0.0 -1.0
vn 0.0 0.0 -1.0
vn 0.0 0.0 -1.0
vn 0.0 0.0 -1.0
vn 0.0 0.0 -1.0
vn 0.0 0.0 -1.0
vn -0.334178 0.94251 0.0
vn -0.334178 0.94251 0.0
vn 0.181846 0.983327 0.0
vn 0.181846 0.983327 -0.0
vn 0.649148 0.760662 0.0
vn 0.649148 0.760662 -0.0
vn 0.942508 0.334185 0.0
vn 0.942508 0.334185 -0.0
vn 0.983326 -0.181852 0.0
vn 0.983326 -0.181852 0.0
vn 0.760666 -0.649144 0.0
vn 0.760666 -0.649144 0.0
vn 0.0 0.0 1.0
vn 0.0 0.0 1.0
vn 0.0 0.0 1.0
vn 0.0 0.0 1.0
vn 0.0 0.0 1.0
vn 0.0 0.0 1.0
vn 0.0 0.0 1.0
vn 0.0 0.0 1.0
vn 0.0 0.0 1.0
vn 0.0 0.0 1.0
vn 0.0 0.0 1.0
vn 0.0 0.0 1.0
vn -0.0 0.0 1.0
vn 0.0 0.0 1.0
vn 0.0 0.0 1.0
vn -0.0 0.0 1.0
vn 0.0 0.0 1.0
vn -0.0 0.0 1.0
vn 0.0 -0.0 1.0
vn -0.0 0.0 1.0
vn 0.0 0.0 1.0
vn 0.0 -0.0 1.0
vn 0.0 0.0 1.0
vn 0.0 -0.0 1.0
vn 0.0 0.0 1.0
vn 0.334175 -0.942511 0.0
vn 0.334175 -0.942511 0.0
vn -0.181846 -0.983327 0.0
vn -0.181846 -0.983327 0.0
vn -0.649147 -0.760663 0.0
vn -0.649147 -0.760663 0.0
vn -0.942509 -0.33418 0.0
vn -0.942509 -0.33418 0.0
vn -0.983327 0.181846 0.0
vn -0.983327 0.181846 0.0
vn -0.760662 0.649148 0.0
vn -0.760662 0.649148 0.0
vn -0.991445 0.130527 0.0
vn -0.991445 0.130527 0.0
vn -0.92388 -0.382683 0.0
vn -0.92388 -0.382683 -0.0
vn -0.608761 -0.793354 0.0
vn -0.608761 -0.793354 -0.0
vn -0.130526 -0.991445 0.0
vn -0.130526 -0.991445 -0.0
vn 0.382681 -0.92388 0.0
vn 0.382681 -0.92388 0.0
vn 0.793355 -0.60876 0.0
vn 0.793355 -0.60876 0.0
vn 0.396098 0.918208 0.0
vn 0.396098 0.918208 -0.0
vn 0.755268 0.655416 0.0
vn 0.755268 0.655416 -0.0
vn 0.964848 0.26281 0.0
vn 0.964848 0.26281 -0.0
vn 0.983327 -0.181848 0.0
vn 0.983327 -0.181848 0.0
vn 0.80705 -0.590483 0.0
vn 0.80705 -0.590483 0.0
vn 0.470919 -0.882176 0.0
vn 0.470919 -0.882176 0.0
vn 0.041525 -0.999137 0.0
vn 0.041525 -0.999137 0.0
vn 0.0 0.0 1.0
vn 0.0 0.0 1.0
vn 0.0 0.0 1.0
vn 0.0 -0.0 1.0
vn 0.0 0.0 1.0
vn 0.0 -0.0 1.0
vn 0.0 -0.0 1.0
vn -0.0 0.0 1.0
vn 0.0 0.0 1.0
vn -0.0 0.0 1.0
vn 0.0 0.0 1.0
vn -0.0 0.0 1.0
vn -0.0 0.0 1.0
vn -0.0 0.0 1.0
vn 0.0 0.0 1.0
vn 0.0 0.0 1.0
vn 0.0 0.0 1.0
vn 0.0 0.0 1.0
vn 0.0 0.0 1.0
vn 0.0 0.0 1.0
vn 0.0 0.0 1.0
vn 0.0 0.0 1.0
vn 0.0 0.0 1.0
vn 0.0 -0.0 1.0
vn 0.0 0.0 1.0
vn -0.430156 -0.902754 0.0
vn -0.430156 -0.902754 0.0
vn -0.823902 -0.566732 0.0
vn -0.823902 -0.566732 0.0
vn -0.996886 -0.078854 0.0
vn -0.996886 -0.078854 0.0
vn -0.902755 0.430155 0.0
vn -0.902755 0.430155 0.0
vn -0.566731 0.823903 0.0
vn -0.566731 0.823903 0.0
vn -0.078853 0.996886 0.0
vn -0.078853 0.996886 0.0
vn -0.991445 0.130523 0.0
vn -0.991445 0.130523 0.0
vn -0.92388 -0.382683 0.0
vn -0.92388 -0.382683 -0.0
vn -0.60876 -0.793355 0.0
vn -0.60876 -0.793355 -0.0
vn -0.130527 -0.991445 0.0
vn -0.130527 -0.991445 -0.0
vn 0.382685 -0.923879 0.0
vn 0.382685 -0.923879 0.0
vn 0.793353 -0.608762 0.0
vn 0.793353 -0.608762 0.0
vn 0.991445 -0.130526 0.0
vn 0.991445 -0.130526 0.0
vn 0.923879 0.382684 0.0
vn 0.923879 0.382684 0.0
vn 0.608762 0.793353 0.0
vn 0.608762 0.793353 0.0
vn 0.130527 0.991445 0.0
vn 0.130527 0.991445 0.0
vn -0.382683 0.92388 0.0
vn -0.382683 0.92388 0.0
vn -0.793352 0.608764 0.0
vn -0.793352 0.608764 0.0
vn 0.0 0.0 -1.0
vn 0.0 0.0 -1.0
vn 0.0 0.0 -1.0
vn 0.0 0.0 -1.0
vn 0.0 0.0 -1.0
vn 0.0 0.0 -1.0
vn 0.0 0.0 -1.0
vn 0.0 0.0 -1.0
vn 0.0 0.0 -1.0
vn -0.0 0.0 -1.0
vn 0.0 0.0 -1.0
vn -0.0 0.0 -1.0
vn 0.0 0.0 -1.0
vn 0.0 0.0 -1.0
vn -0.0 0.0 -1.0
vn 0.0 -0.0 -1.0
vn 0.0 0.0 -1.0
vn 0.0 -0.0 -1.0
vn 0.0 0.0 -1.0
vn 0.0 -0.0 -1.0
vn 0.0 -0.0 -1.0
vn 0.0 0.0 -1.0
vn 0.0 0.0 -1.0
vn 0.0 0.0 -1.0
vn 0.0 0.0 -1.0
vn 0.985871 -0.167505 0.0
vn 0.985871 -0.167505 0.0
vn 0.960917 0.276836 0.0
vn 0.960917 0.276836 0.0
vn 0.745644 0.666345 0.0
vn 0.745644 0.666345 0.0
vn 0.382682 0.92388 0.0
vn 0.382682 0.92388 0.0
vn -0.056069 0.998427 0.0
vn -0.056069 0.998427 0.0
vn -0.483719 0.875224 0.0
vn -0.483719 0.875224 0.0
vn -0.815562 0.57867 0.0
vn -0.815562 0.57867 0.0
vn 0.0 0.0 -1.0
vn 0.0 0.0 -1.0
vn 0.0 0.0 -1.0
vn 0.0 0.0 -1.0
vn 0.0 0.0 -1.0
vn 0.0 0.0 -1.0
vn 0.0 -0.0 -1.0
vn 0.0 0.0 -1.0
vn 0.0 0.0 -1.0
vn 0.0 -0.0 -1.0
vn 0.0 0.0 -1.0
vn 0.0 -0.0 -1.0
vn -0.0 0.0 -1.0
vn 0.0 -0.0 -1.0
vn 0.0 0.0 -1.0
vn -0.0 0.0 -1.0
vn 0.0 0.0 -1.0
vn -0.0 0.0 -1.0
vn 0.0 0.0 -1.0
vn -0.0 0.0 -1.0
vn 0.0 0.0 -1.0
vn 0.0 0.0 -1.0
vn 0.0 0.0 -1.0
vn 0.0 0.0 -1.0
vn 0.0 0.0 -1.0
vn 0.942509 0.33418 0.0
vn 0.942509 0.33418 -0.0
vn 0.983327 -0.181847 0.0
vn 0.983327 -0.181847 0.0
vn 0.760662 -0.649148 0.0
vn 0.760662 -0.649148 0.0
vn 0.334181 -0.942509 0.0
vn 0.334181 -0.942509 0.0
vn -0.181846 -0.983327 0.0
vn -0.181846 -0.983327 0.0
vn -0.649148 -0.760662 0.0
vn -0.649148 -0.760662 0.0
vn 0.0 0.0 1.0
vn 0.0 0.0 1.0
vn 0.0 0.0 1.0
vn 0.0 0.0 1.0
vn 0.0 0.0 1.0
vn 0.0 0.0 1.0
vn 0.0 0.0 1.0
vn 0.0 0.0 1.0
vn 0.0 0.0 1.0
vn 0.0 0.0 1.0
vn 0.0 0.0 1.0
vn 0.0 0.0 1.0
vn -0.0 0.0 1.0
vn 0.0 0.0 1.0
vn 0.0 0.0 1.0
vn -0.0 0.0 1.0
vn 0.0 0.0 1.0
vn -0.0 0.0 1.0
vn 0.0 -0.0 1.0
vn -0.0 0.0 1.0
vn 0.0 0.0 1.0
vn 0.0 -0.0 1.0
vn 0.0 0.0 1.0
vn 0.0 -0.0 1.0
vn 0.0 0.0 1.0
vn -0.942508 -0.334182 0.0
vn -0.942508 -0.334182 0.0
vn -0.983327 0.181847 0.0
vn -0.983327 0.181847 0.0
vn -0.760662 0.649148 0.0
vn -0.760662 0.649148 0.0
vn -0.334183 0.942508 0.0
vn -0.334183 0.942508 0.0
vn 0.181846 0.983327 0.0
vn 0.181846 0.983327 -0.0
vn 0.649149 0.760662 0.0
vn 0.649149 0.760662 -0.0
vn -0.991445 0.130526 0.0
vn -0.991445 0.130526 0.0
vn -0.923879 -0.382685 0.0
vn -0.923879 -0.382685 -0.0
vn -0.608761 -0.793354 0.0
vn -0.608761 -0.793354 -0.0
vn -0.130527 -0.991445 0.0
vn -0.130527 -0.991445 -0.0
vn 0.382683 -0.92388 0.0
vn 0.382683 -0.92388 0.0
vn 0.793354 -0.608761 0.0
vn 0.793354 -0.608761 0.0
vn 0.0 0.0 1.0
vn 0.0 0.0 1.0
vn 0.0 0.0 1.0
vn -0.0 0.0 1.0
vn 0.0 0.0 1.0
vn 0.0 0.0 1.0
vn 0.0 0.0 1.0
vn -0.0 0.0 1.0
vn 0.147836 -0.989012 0.0
vn 0.147836 -0.989012 0.0
vn 0.076213 -0.971595 0.22404
vn -0.148411 -0.988926 -0.0
vn -0.148411 -0.988926 -0.0
vn -0.077103 -0.96866 0.236122
vn -0.070045 -0.997544 0.0
vn 0.069473 -0.997584 0.0
vn 0.166018 0.986123 0.0
vn 0.166018 0.986123 0.0
vn 0.081719 0.988899 -0.124097
vn 0.086249 0.996274 0.0
vn -0.080346 0.996767 0.0
vn -0.082086 0.994874 -0.059053
vn -0.164036 0.986454 0.0
vn -0.164036 0.986454 0.0
vn -0.013591 0.999908 0.0
vn -0.013591 0.999908 0.0
vn -0.358393 0.933571 0.0
vn -0.358393 0.933571 0.0
vn -0.659013 0.752132 0.0
vn -0.659013 0.752132 0.0
vn 0.0 0.0 1.0
vn 0.0 0.0 1.0
vn 0.0 0.0 1.0
vn 0.0 0.0 1.0
vn 0.0 0.0 1.0
vn 0.0 -0.0 1.0
vn 0.0 0.0 1.0
vn 0.0 0.0 1.0
vn 0.659016 0.752129 0.0
vn 0.659016 0.752129 0.0
vn 0.358392 0.933571 0.0
vn 0.358392 0.933571 0.0
vn 0.013601 0.999907 0.0
vn 0.013601 0.999907 0.0
vn -0.707107 -0.707107 0.0
vn -0.707107 -0.707107 0.0
vn 0.607917 -0.794 0.0
vn 0.607917 -0.794 0.0
vn 0.0 0.0 -1.0
vn 0.0 0.0 -1.0
vn 0.0 0.0 -1.0
vn 0.0 0.0 -1.0
f 3748//1 3760//1 3750//1 
f 3812//2 3826//2 3816//2 
f 3565//3 3649//3 3566//3 
f 3749//4 3794//4 3746//4 
f 3798//5 3818//5 3794//5 
f 3820//6 3787//6 3818//6 
f 3790//7 3732//7 3787//7 
f 3735//8 3637//8 3732//8 
f 3654//9 3649//9 3565//9 
f 3558//10 3654//10 3565//10 
f 3655//11 3654//11 3558//11 
f 3557//12 3655//12 3558//12 
f 3659//13 3655//13 3557//13 
f 3798//14 3794//14 3749//14 
f 3755//15 3798//15 3749//15 
f 3814//16 3798//16 3755//16 
f 3762//17 3814//17 3755//17 
f 3823//18 3814//18 3762//18 
f 3659//19 3557//19 3556//19 
f 3660//20 3659//20 3556//20 
f 3667//21 3659//21 3660//21 
f 3659//22 3667//22 3762//22 
f 3755//23 3659//23 3762//23 
f 3655//24 3659//24 3755//24 
f 3749//25 3655//25 3755//25 
f 3654//26 3655//26 3749//26 
f 3746//27 3654//27 3749//27 
f 3649//28 3654//28 3746//28 
f 3762//29 3667//29 3766//29 
f 3781//30 3762//30 3766//30 
f 3823//31 3762//31 3781//31 
f 3825//32 3823//32 3781//32 
f 3836//33 3823//33 3825//33 
f 3820//34 3818//34 3798//34 
f 3814//35 3820//35 3798//35 
f 3833//36 3820//36 3814//36 
f 3823//37 3833//37 3814//37 
f 3842//38 3833//38 3823//38 
f 3836//39 3842//39 3823//39 
f 3846//40 3842//40 3836//40 
f 3790//41 3787//41 3820//41 
f 3833//42 3790//42 3820//42 
f 3800//43 3790//43 3833//43 
f 3842//44 3800//44 3833//44 
f 3812//45 3800//45 3842//45 
f 3846//46 3812//46 3842//46 
f 3826//47 3812//47 3846//47 
f 3735//48 3732//48 3790//48 
f 3800//49 3735//49 3790//49 
f 3737//50 3735//50 3800//50 
f 3812//51 3737//51 3800//51 
f 3748//52 3737//52 3812//52 
f 3816//53 3748//53 3812//53 
f 3760//54 3748//54 3816//54 
f 3638//55 3637//55 3735//55 
f 3737//56 3638//56 3735//56 
f 3641//57 3638//57 3737//57 
f 3748//58 3641//58 3737//58 
f 3642//59 3641//59 3748//59 
f 3750//60 3642//60 3748//60 
f 3644//61 3642//61 3750//61 
f 4329//62 4356//62 4325//62 
f 4452//63 4497//63 4453//63 
f 4521//64 4568//64 4519//64 
f 4593//65 4574//65 4590//65 
f 4577//66 4539//66 4574//66 
f 4541//67 4447//67 4539//67 
f 4448//68 4336//68 4447//68 
f 4335//69 4219//69 4336//69 
f 4569//70 4568//70 4521//70 
f 4530//71 4569//71 4521//71 
f 4576//72 4569//72 4530//72 
f 4532//73 4576//73 4530//73 
f 4579//74 4576//74 4532//74 
f 4577//75 4574//75 4593//75 
f 4603//76 4577//76 4593//76 
f 4589//77 4577//77 4603//77 
f 4612//78 4589//78 4603//78 
f 4596//79 4589//79 4612//79 
f 4579//80 4532//80 4534//80 
f 4586//81 4579//81 4534//81 
f 4592//82 4579//82 4586//82 
f 4579//83 4592//83 4612//83 
f 4603//84 4579//84 4612//84 
f 4576//85 4579//85 4603//85 
f 4593//86 4576//86 4603//86 
f 4569//87 4576//87 4593//87 
f 4590//88 4569//88 4593//88 
f 4568//89 4569//89 4590//89 
f 4541//90 4539//90 4577//90 
f 4589//91 4541//91 4577//91 
f 4548//92 4541//92 4589//92 
f 4596//93 4548//93 4589//93 
f 4554//94 4548//94 4596//94 
f 4571//95 4554//95 4596//95 
f 4556//96 4554//96 4571//96 
f 4612//97 4592//97 4614//97 
f 4607//98 4612//98 4614//98 
f 4596//99 4612//99 4607//99 
f 4599//100 4596//100 4607//100 
f 4571//101 4596//101 4599//101 
f 4448//102 4447//102 4541//102 
f 4548//103 4448//103 4541//103 
f 4450//104 4448//104 4548//104 
f 4554//105 4450//105 4548//105 
f 4452//106 4450//106 4554//106 
f 4556//107 4452//107 4554//107 
f 4497//108 4452//108 4556//108 
f 4335//109 4336//109 4448//109 
f 4450//110 4335//110 4448//110 
f 4330//111 4335//111 4450//111 
f 4452//112 4330//112 4450//112 
f 4329//113 4330//113 4452//113 
f 4453//114 4329//114 4452//114 
f 4356//115 4329//115 4453//115 
f 4216//116 4219//116 4335//116 
f 4330//117 4216//117 4335//117 
f 4209//118 4216//118 4330//118 
f 4329//119 4209//119 4330//119 
f 4200//120 4209//120 4329//120 
f 4325//121 4200//121 4329//121 
f 4198//122 4200//122 4325//122 
f 4158//123 4169//123 4156//123 
f 4228//124 4287//124 4225//124 
f 4591//125 4578//125 4588//125 
f 4557//126 4475//126 4555//126 
f 4477//127 4364//127 4475//127 
f 4363//128 4249//128 4364//128 
f 4244//129 4173//129 4249//129 
f 4171//130 4143//130 4173//130 
f 4587//131 4578//131 4591//131 
f 4601//132 4587//132 4591//132 
f 4595//133 4587//133 4601//133 
f 4606//134 4595//134 4601//134 
f 4604//135 4595//135 4606//135 
f 4477//136 4475//136 4557//136 
f 4559//137 4477//137 4557//137 
f 4482//138 4477//138 4559//138 
f 4563//139 4482//139 4559//139 
f 4483//140 4482//140 4563//140 
f 4604//141 4606//141 4611//141 
f 4605//142 4604//142 4611//142 
f 4600//143 4604//143 4605//143 
f 4604//144 4600//144 4563//144 
f 4559//145 4604//145 4563//145 
f 4595//146 4604//146 4559//146 
f 4557//147 4595//147 4559//147 
f 4587//148 4595//148 4557//148 
f 4555//149 4587//149 4557//149 
f 4578//150 4587//150 4555//150 
f 4363//151 4364//151 4477//151 
f 4482//152 4363//152 4477//152 
f 4362//153 4363//153 4482//153 
f 4483//154 4362//154 4482//154 
f 4361//155 4362//155 4483//155 
f 4422//156 4361//156 4483//156 
f 4360//157 4361//157 4422//157 
f 4563//158 4600//158 4566//158 
f 4547//159 4563//159 4566//159 
f 4483//160 4563//160 4547//160 
f 4484//161 4483//161 4547//161 
f 4422//162 4483//162 4484//162 
f 4244//163 4249//163 4363//163 
f 4362//164 4244//164 4363//164 
f 4232//165 4244//165 4362//165 
f 4361//166 4232//166 4362//166 
f 4228//167 4232//167 4361//167 
f 4360//168 4228//168 4361//168 
f 4287//169 4228//169 4360//169 
f 4171//170 4173//170 4244//170 
f 4232//171 4171//171 4244//171 
f 4162//172 4171//172 4232//172 
f 4228//173 4162//173 4232//173 
f 4158//174 4162//174 4228//174 
f 4225//175 4158//175 4228//175 
f 4169//176 4158//176 4225//176 
f 4139//177 4143//177 4171//177 
f 4162//178 4139//178 4171//178 
f 4129//179 4139//179 4162//179 
f 4158//180 4129//180 4162//180 
f 4121//181 4129//181 4158//181 
f 4156//182 4121//182 4158//182 
f 4117//183 4121//183 4156//183 
f 3406//184 3434//184 3437//184 
f 3411//185 3406//185 3437//185 
f 3419//186 3406//186 3411//186 
f 3420//187 3419//187 3411//187 
f 3445//188 3419//188 3420//188 
f 3447//189 3445//189 3420//189 
f 3526//190 3445//190 3447//190 
f 3529//191 3526//191 3447//191 
f 3610//192 3526//192 3529//192 
f 3609//193 3610//193 3529//193 
f 3703//194 3610//194 3609//194 
f 3701//195 3703//195 3609//195 
f 3780//196 3703//196 3701//196 
f 3777//197 3780//197 3701//197 
f 3398//198 3428//198 3434//198 
f 3406//199 3398//199 3434//199 
f 3401//200 3398//200 3406//200 
f 3419//201 3401//201 3406//201 
f 3439//202 3401//202 3419//202 
f 3445//203 3439//203 3419//203 
f 3520//204 3439//204 3445//204 
f 3526//205 3520//205 3445//205 
f 3611//206 3520//206 3526//206 
f 3610//207 3611//207 3526//207 
f 3718//208 3611//208 3610//208 
f 3703//209 3718//209 3610//209 
f 3788//210 3718//210 3703//210 
f 3780//211 3788//211 3703//211 
f 3391//212 3426//212 3428//212 
f 3398//213 3391//213 3428//213 
f 3396//214 3391//214 3398//214 
f 3401//215 3396//215 3398//215 
f 3438//216 3396//216 3401//216 
f 3439//217 3438//217 3401//217 
f 3518//218 3438//218 3439//218 
f 3520//219 3518//219 3439//219 
f 3612//220 3518//220 3520//220 
f 3611//221 3612//221 3520//221 
f 3721//222 3612//222 3611//222 
f 3718//223 3721//223 3611//223 
f 3793//224 3721//224 3718//224 
f 3788//225 3793//225 3718//225 
f 3388//226 3424//226 3426//226 
f 3391//227 3388//227 3426//227 
f 3394//228 3388//228 3391//228 
f 3396//229 3394//229 3391//229 
f 3436//230 3394//230 3396//230 
f 3438//231 3436//231 3396//231 
f 3517//232 3436//232 3438//232 
f 3518//233 3517//233 3438//233 
f 3614//234 3517//234 3518//234 
f 3612//235 3614//235 3518//235 
f 3729//236 3614//236 3612//236 
f 3721//237 3729//237 3612//237 
f 3797//238 3729//238 3721//238 
f 3793//239 3797//239 3721//239 
f 1757//240 1853//240 1854//240 
f 1759//241 1757//241 1854//241 
f 1701//242 1757//242 1759//242 
f 1704//243 1701//243 1759//243 
f 1670//244 1701//244 1704//244 
f 1672//245 1670//245 1704//245 
f 1692//246 1670//246 1672//246 
f 1697//247 1692//247 1672//247 
f 1744//248 1692//248 1697//248 
f 1746//249 1744//249 1697//249 
f 1838//250 1744//250 1746//250 
f 1841//251 1838//251 1746//251 
f 1924//252 1838//252 1841//252 
f 1923//253 1924//253 1841//253 
f 1753//254 1851//254 1853//254 
f 1757//255 1753//255 1853//255 
f 1691//256 1753//256 1757//256 
f 1701//257 1691//257 1757//257 
f 1658//258 1691//258 1701//258 
f 1670//259 1658//259 1701//259 
f 1679//260 1658//260 1670//260 
f 1692//261 1679//261 1670//261 
f 1737//262 1679//262 1692//262 
f 1744//263 1737//263 1692//263 
f 1837//264 1737//264 1744//264 
f 1838//265 1837//265 1744//265 
f 1931//266 1837//266 1838//266 
f 1924//267 1931//267 1838//267 
f 1745//268 1850//268 1851//268 
f 1753//269 1745//269 1851//269 
f 1681//270 1745//270 1753//270 
f 1691//271 1681//271 1753//271 
f 1649//272 1681//272 1691//272 
f 1658//273 1649//273 1691//273 
f 1668//274 1649//274 1658//274 
f 1679//275 1668//275 1658//275 
f 1726//276 1668//276 1679//276 
f 1737//277 1726//277 1679//277 
f 1833//278 1726//278 1737//278 
f 1837//279 1833//279 1737//279 
f 1932//280 1833//280 1837//280 
f 1931//281 1932//281 1837//281 
f 1743//282 1849//282 1850//282 
f 1745//283 1743//283 1850//283 
f 1675//284 1743//284 1745//284 
f 1681//285 1675//285 1745//285 
f 1646//286 1675//286 1681//286 
f 1649//287 1646//287 1681//287 
f 1666//288 1646//288 1649//288 
f 1668//289 1666//289 1649//289 
f 1724//290 1666//290 1668//290 
f 1726//291 1724//291 1668//291 
f 1832//292 1724//292 1726//292 
f 1833//293 1832//293 1726//293 
f 1934//294 1832//294 1833//294 
f 1932//295 1934//295 1833//295 
f 1143//296 1276//296 1274//296 
f 1142//297 1143//297 1274//297 
f 1034//298 1143//298 1142//298 
f 1035//299 1034//299 1142//299 
f 941//300 1034//300 1035//300 
f 943//301 941//301 1035//301 
f 899//302 941//302 943//302 
f 903//303 899//303 943//303 
f 889//304 899//304 903//304 
f 891//305 889//305 903//305 
f 907//306 889//306 891//306 
f 908//307 907//307 891//307 
f 963//308 907//308 908//308 
f 965//309 963//309 908//309 
f 1144//310 1281//310 1276//310 
f 1143//311 1144//311 1276//311 
f 1032//312 1144//312 1143//312 
f 1034//313 1032//313 1143//313 
f 930//314 1032//314 1034//314 
f 941//315 930//315 1034//315 
f 892//316 930//316 941//316 
f 899//317 892//317 941//317 
f 879//318 892//318 899//318 
f 889//319 879//319 899//319 
f 902//320 879//320 889//320 
f 907//321 902//321 889//321 
f 955//322 902//322 907//322 
f 963//323 955//323 907//323 
f 1145//324 1286//324 1281//324 
f 1144//325 1145//325 1281//325 
f 1030//326 1145//326 1144//326 
f 1032//327 1030//327 1144//327 
f 922//328 1030//328 1032//328 
f 930//329 922//329 1032//329 
f 887//330 922//330 930//330 
f 892//331 887//331 930//331 
f 864//332 887//332 892//332 
f 879//333 864//333 892//333 
f 897//334 864//334 879//334 
f 902//335 897//335 879//335 
f 950//336 897//336 902//336 
f 955//337 950//337 902//337 
f 1149//338 1289//338 1286//338 
f 1145//339 1149//339 1286//339 
f 1029//340 1149//340 1145//340 
f 1030//341 1029//341 1145//341 
f 920//342 1029//342 1030//342 
f 922//343 920//343 1030//343 
f 884//344 920//344 922//344 
f 887//345 884//345 922//345 
f 863//346 884//346 887//346 
f 864//347 863//347 887//347 
f 896//348 863//348 864//348 
f 897//349 896//349 864//349 
f 949//350 896//350 897//350 
f 950//351 949//351 897//351 
f 1329//352 1318//352 1331//352 
f 1262//353 1202//353 1265//353 
f 890//354 898//354 893//354 
f 918//355 1005//355 921//355 
f 1003//356 1120//356 1005//356 
f 1121//357 1237//357 1120//357 
f 1244//358 1310//358 1237//358 
f 1312//359 1346//359 1310//359 
f 894//360 898//360 890//360 
f 881//361 894//361 890//361 
f 888//362 894//362 881//362 
f 871//363 888//363 881//363 
f 877//364 888//364 871//364 
f 1003//365 1005//365 918//365 
f 915//366 1003//366 918//366 
f 997//367 1003//367 915//367 
f 913//368 997//368 915//368 
f 992//369 997//369 913//369 
f 877//370 871//370 866//370 
f 872//371 877//371 866//371 
f 882//372 877//372 872//372 
f 877//373 882//373 913//373 
f 915//374 877//374 913//374 
f 888//375 877//375 915//375 
f 918//376 888//376 915//376 
f 894//377 888//377 918//377 
f 921//378 894//378 918//378 
f 898//379 894//379 921//379 
f 1121//380 1120//380 1003//380 
f 997//381 1121//381 1003//381 
f 1122//382 1121//382 997//382 
f 992//383 1122//383 997//383 
f 1123//384 1122//384 992//384 
f 1057//385 1123//385 992//385 
f 1124//386 1123//386 1057//386 
f 913//387 882//387 910//387 
f 931//388 913//388 910//388 
f 992//389 913//389 931//389 
f 988//390 992//390 931//390 
f 1057//391 992//391 988//391 
f 1244//392 1237//392 1121//392 
f 1122//393 1244//393 1121//393 
f 1257//394 1244//394 1122//394 
f 1123//395 1257//395 1122//395 
f 1262//396 1257//396 1123//396 
f 1124//397 1262//397 1123//397 
f 1202//398 1262//398 1124//398 
f 1312//399 1310//399 1244//399 
f 1257//400 1312//400 1244//400 
f 1325//401 1312//401 1257//401 
f 1262//402 1325//402 1257//402 
f 1329//403 1325//403 1262//403 
f 1265//404 1329//404 1262//404 
f 1318//405 1329//405 1265//405 
f 1349//406 1346//406 1312//406 
f 1325//407 1349//407 1312//407 
f 1359//408 1349//408 1325//408 
f 1329//409 1359//409 1325//409 
f 1365//410 1359//410 1329//410 
f 1331//411 1365//411 1329//411 
f 1369//412 1365//412 1331//412 
f 3318//413 3298//413 3300//413 
f 2196//414 2173//414 2195//414 
f 2887//415 2874//415 2873//415 
f 2218//416 2246//416 2250//416 
f 2178//417 2173//417 2196//417 
f 2198//418 2178//418 2196//418 
f 2180//419 2178//419 2198//419 
f 3298//420 3318//420 3317//420 
f 3316//421 3298//421 3317//421 
f 3291//422 3298//422 3316//422 
f 3310//423 3291//423 3316//423 
f 3289//424 3291//424 3310//424 
f 3275//425 3289//425 3310//425 
f 3306//426 3275//426 3310//426 
f 3261//427 3275//427 3306//427 
f 3301//428 3261//428 3306//428 
f 3249//429 3261//429 3301//429 
f 3273//430 3249//430 3301//430 
f 3233//431 3249//431 3273//431 
f 3262//432 3233//432 3273//432 
f 3200//433 3233//433 3262//433 
f 3222//434 3200//434 3262//434 
f 3186//435 3200//435 3222//435 
f 3173//436 3186//436 3222//436 
f 3219//437 3173//437 3222//437 
f 3134//438 3173//438 3219//438 
f 3159//439 3134//439 3219//439 
f 3129//440 3134//440 3159//440 
f 3129//441 3159//441 3147//441 
f 3136//442 3129//442 3147//442 
f 3107//443 3129//443 3136//443 
f 3113//444 3107//444 3136//444 
f 3090//445 3107//445 3113//445 
f 3091//446 3090//446 3113//446 
f 3070//447 3090//447 3091//447 
f 3078//448 3070//448 3091//448 
f 3067//449 3070//449 3078//449 
f 3031//450 3067//450 3078//450 
f 2911//451 2874//451 2887//451 
f 2910//452 2911//452 2887//452 
f 2946//453 2911//453 2910//453 
f 2934//454 2946//454 2910//454 
f 3028//455 2946//455 2934//455 
f 3025//456 3028//456 2934//456 
f 3031//457 3028//457 3025//457 
f 3029//458 3031//458 3025//458 
f 3067//459 3031//459 3029//459 
f 2836//460 2873//460 2874//460 
f 2835//461 2836//461 2874//461 
f 2784//462 2836//462 2835//462 
f 2785//463 2784//463 2835//463 
f 2646//464 2784//464 2785//464 
f 2643//465 2646//465 2785//465 
f 2636//466 2646//466 2643//466 
f 2630//467 2580//467 2600//467 
f 2636//468 2630//468 2600//468 
f 2632//469 2630//469 2636//469 
f 2643//470 2632//470 2636//470 
f 2442//471 2428//471 2441//471 
f 2460//472 2442//472 2441//472 
f 2491//473 2442//473 2460//473 
f 2505//474 2491//474 2460//474 
f 2552//475 2491//475 2505//475 
f 2568//476 2552//476 2505//476 
f 2580//477 2552//477 2568//477 
f 2584//478 2580//478 2568//478 
f 2600//479 2580//479 2584//479 
f 2254//480 2218//480 2250//480 
f 2288//481 2254//481 2250//481 
f 2257//482 2254//482 2288//482 
f 2313//483 2257//483 2288//483 
f 2314//484 2257//484 2313//484 
f 2314//485 2313//485 2320//485 
f 2343//486 2314//486 2320//486 
f 2336//487 2314//487 2343//487 
f 2367//488 2336//488 2343//488 
f 2385//489 2336//489 2367//489 
f 2398//490 2385//490 2367//490 
f 2386//491 2385//491 2398//491 
f 2402//492 2386//492 2398//492 
f 2428//493 2386//493 2402//493 
f 2421//494 2428//494 2402//494 
f 2441//495 2428//495 2421//495 
f 2180//496 2198//496 2208//496 
f 2214//497 2180//497 2208//497 
f 2188//498 2180//498 2214//498 
f 2224//499 2188//499 2214//499 
f 2200//500 2188//500 2224//500 
f 2246//501 2200//501 2224//501 
f 2212//502 2200//502 2246//502 
f 2218//503 2212//503 2246//503 
f 3239//504 3240//504 3257//504 
f 2360//505 2374//505 2364//505 
f 2405//506 2414//506 2411//506 
f 2430//507 2414//507 2405//507 
f 2452//508 2430//508 2405//508 
f 2464//509 2430//509 2452//509 
f 2481//510 2464//510 2452//510 
f 2473//511 2481//511 2452//511 
f 2581//512 2481//512 2473//512 
f 2553//513 2581//513 2473//513 
f 2594//514 2581//514 2553//514 
f 2593//515 2594//515 2553//515 
f 2604//516 2594//516 2593//516 
f 2228//517 2223//517 2199//517 
f 2202//518 2228//518 2199//518 
f 2233//519 2228//519 2202//519 
f 2206//520 2233//520 2202//520 
f 2237//521 2233//521 2206//521 
f 2234//522 2237//522 2206//522 
f 2244//523 2237//523 2234//523 
f 2262//524 2244//524 2234//524 
f 2239//525 2262//525 2234//525 
f 2296//526 2262//526 2239//526 
f 2278//527 2296//527 2239//527 
f 2325//528 2296//528 2278//528 
f 2285//529 2325//529 2278//529 
f 2337//530 2325//530 2285//530 
f 2346//531 2337//531 2285//531 
f 2364//532 2337//532 2346//532 
f 2355//533 2364//533 2346//533 
f 2360//534 2364//534 2355//534 
f 2411//535 2374//535 2360//535 
f 2395//536 2411//536 2360//536 
f 2405//537 2411//537 2395//537 
f 3210//538 3240//538 3239//538 
f 3290//539 3296//539 3270//539 
f 3268//540 3290//540 3270//540 
f 3280//541 3290//541 3268//541 
f 3263//542 3280//542 3268//542 
f 3276//543 3280//543 3263//543 
f 3250//544 3276//544 3263//544 
f 3257//545 3276//545 3250//545 
f 3248//546 3257//546 3250//546 
f 3239//547 3257//547 3248//547 
f 3124//548 3122//548 3131//548 
f 3087//549 3122//549 3124//549 
f 3087//550 3124//550 3089//550 
f 3079//551 3087//551 3089//551 
f 3081//552 3087//552 3079//552 
f 3058//553 3081//553 3079//553 
f 3022//554 3081//554 3058//554 
f 3032//555 3022//555 3058//555 
f 3021//556 3022//556 3032//556 
f 3010//557 3021//557 3032//557 
f 2906//558 3021//558 3010//558 
f 2928//559 2906//559 3010//559 
f 2894//560 2906//560 2928//560 
f 3210//561 3239//561 3201//561 
f 3192//562 3210//562 3201//562 
f 3188//563 3210//563 3192//563 
f 3154//564 3188//564 3192//564 
f 3131//565 3188//565 3154//565 
f 3128//566 3131//566 3154//566 
f 3124//567 3131//567 3128//567 
f 2880//568 2850//568 2846//568 
f 2894//569 2880//569 2846//569 
f 2892//570 2880//570 2894//570 
f 2928//571 2892//571 2894//571 
f 2656//572 2604//572 2593//572 
f 2629//573 2656//573 2593//573 
f 2735//574 2656//574 2629//574 
f 2736//575 2735//575 2629//575 
f 2850//576 2735//576 2736//576 
f 2831//577 2850//577 2736//577 
f 2846//578 2850//578 2831//578 
f 59//579 96//579 91//579 
f 153//580 116//580 124//580 
f 62//581 89//581 93//581 
f 76//582 89//582 62//582 
f 32//583 76//583 62//583 
f 69//584 76//584 32//584 
f 17//585 13//585 44//585 
f 49//586 17//586 44//586 
f 66//587 69//587 32//587 
f 28//588 66//588 32//588 
f 49//589 66//589 28//589 
f 19//590 49//590 28//590 
f 17//591 49//591 19//591 
f 168//592 174//592 141//592 
f 137//593 168//593 141//593 
f 163//594 168//594 137//594 
f 133//595 163//595 137//595 
f 160//596 163//596 133//596 
f 126//597 160//597 133//597 
f 154//598 160//598 126//598 
f 150//599 154//599 126//599 
f 119//600 150//600 126//600 
f 145//601 150//601 119//601 
f 106//602 145//602 119//602 
f 128//603 145//603 106//603 
f 100//604 128//604 106//604 
f 123//605 128//605 100//605 
f 88//606 123//606 100//606 
f 113//607 123//607 88//607 
f 84//608 113//608 88//608 
f 107//609 113//609 84//609 
f 93//610 107//610 84//610 
f 64//611 93//611 84//611 
f 62//612 93//612 64//612 
f 103//613 116//613 153//613 
f 134//614 140//614 173//614 
f 171//615 134//615 173//615 
f 130//616 134//616 171//616 
f 130//617 171//617 167//617 
f 159//618 130//618 167//618 
f 124//619 130//619 159//619 
f 156//620 124//620 159//620 
f 153//621 124//621 156//621 
f 110//622 96//622 59//622 
f 75//623 110//623 59//623 
f 81//624 110//624 75//624 
f 52//625 10//625 14//625 
f 68//626 52//626 14//626 
f 26//627 68//627 14//627 
f 72//628 68//628 26//628 
f 29//629 72//629 26//629 
f 78//630 72//630 29//630 
f 54//631 78//631 29//631 
f 91//632 78//632 54//632 
f 56//633 91//633 54//633 
f 59//634 91//634 56//634 
f 103//635 153//635 147//635 
f 139//636 103//636 147//636 
f 97//637 103//637 139//637 
f 120//638 97//638 139//638 
f 81//639 97//639 120//639 
f 111//640 81//640 120//640 
f 110//641 81//641 111//641 
f 10//642 52//642 46//642 
f 42//643 10//643 46//643 
f 1//644 10//644 42//644 
f 39//645 1//645 42//645 
f 3//646 1//646 39//646 
f 36//647 3//647 39//647 
f 6//648 3//648 36//648 
f 33//649 6//649 36//649 
f 13//650 6//650 33//650 
f 40//651 13//651 33//651 
f 44//652 13//652 40//652 
f 2096//653 2097//653 2100//653 
f 2092//654 2079//654 2094//654 
f 1709//655 1787//655 1712//655 
f 1883//656 1960//656 1884//656 
f 1962//657 2040//657 1960//657 
f 2042//658 2066//658 2040//658 
f 2069//659 2077//659 2066//659 
f 2081//660 2050//660 2077//660 
f 1785//661 1787//661 1709//661 
f 1703//662 1785//662 1709//662 
f 1770//663 1785//663 1703//663 
f 1698//664 1770//664 1703//664 
f 1767//665 1770//665 1698//665 
f 1962//666 1960//666 1883//666 
f 1882//667 1962//667 1883//667 
f 1967//668 1962//668 1882//668 
f 1881//669 1967//669 1882//669 
f 1969//670 1967//670 1881//670 
f 1767//671 1698//671 1694//671 
f 1762//672 1767//672 1694//672 
f 1791//673 1767//673 1762//673 
f 1767//674 1791//674 1881//674 
f 1882//675 1767//675 1881//675 
f 1770//676 1767//676 1882//676 
f 1883//677 1770//677 1882//677 
f 1785//678 1770//678 1883//678 
f 1884//679 1785//679 1883//679 
f 1787//680 1785//680 1884//680 
f 1881//681 1791//681 1880//681 
f 1905//682 1881//682 1880//682 
f 1969//683 1881//683 1905//683 
f 1970//684 1969//684 1905//684 
f 2020//685 1969//685 1970//685 
f 2042//686 2040//686 1962//686 
f 1967//687 2042//687 1962//687 
f 2046//688 2042//688 1967//688 
f 1969//689 2046//689 1967//689 
f 2047//690 2046//690 1969//690 
f 2020//691 2047//691 1969//691 
f 2051//692 2047//692 2020//692 
f 2069//693 2066//693 2042//693 
f 2046//694 2069//694 2042//694 
f 2086//695 2069//695 2046//695 
f 2047//696 2086//696 2046//696 
f 2092//697 2086//697 2047//697 
f 2051//698 2092//698 2047//698 
f 2079//699 2092//699 2051//699 
f 2081//700 2077//700 2069//700 
f 2086//701 2081//701 2069//701 
f 2090//702 2081//702 2086//702 
f 2092//703 2090//703 2086//703 
f 2096//704 2090//704 2092//704 
f 2094//705 2096//705 2092//705 
f 2097//706 2096//706 2094//706 
f 2052//707 2050//707 2081//707 
f 2090//708 2052//708 2081//708 
f 2058//709 2052//709 2090//709 
f 2096//710 2058//710 2090//710 
f 2060//711 2058//711 2096//711 
f 2100//712 2060//712 2096//712 
f 2063//713 2060//713 2100//713 
f 431//714 402//714 306//714 
f 310//715 431//715 306//715 
f 500//716 431//716 310//716 
f 329//717 500//717 310//717 
f 502//718 500//718 329//718 
f 585//719 502//719 329//719 
f 344//720 585//720 329//720 
f 631//721 585//721 344//721 
f 363//722 631//722 344//722 
f 658//723 631//723 363//723 
f 363//724 219//724 681//724 
f 662//725 363//725 681//725 
f 658//726 363//726 662//726 
f 681//727 219//727 369//727 
f 371//728 681//728 369//728 
f 692//729 681//729 371//729 
f 376//730 692//730 371//730 
f 693//731 692//731 376//731 
f 693//732 376//732 377//732 
f 378//733 693//733 377//733 
f 701//734 693//734 378//734 
f 379//735 701//735 378//735 
f 690//736 701//736 379//736 
f 380//737 690//737 379//737 
f 688//738 690//738 380//738 
f 679//739 688//739 380//739 
f 318//740 309//740 399//740 
f 490//741 318//741 399//741 
f 330//742 318//742 490//742 
f 507//743 330//743 490//743 
f 352//744 330//744 507//744 
f 554//745 352//745 507//745 
f 218//746 352//746 554//746 
f 679//747 380//747 375//747 
f 370//748 679//748 375//748 
f 661//749 679//749 370//749 
f 364//750 661//750 370//750 
f 645//751 661//751 364//751 
f 218//752 645//752 364//752 
f 628//753 645//753 218//753 
f 554//754 628//754 218//754 
f 398//755 304//755 308//755 
f 408//756 397//756 307//756 
f 303//757 408//757 307//757 
f 413//758 408//758 303//758 
f 301//759 413//759 303//759 
f 434//760 413//760 301//760 
f 295//761 434//761 301//761 
f 438//762 434//762 295//762 
f 196//763 438//763 295//763 
f 196//764 197//764 449//764 
f 447//765 196//765 449//765 
f 438//766 196//766 447//766 
f 197//767 296//767 443//767 
f 445//768 197//768 443//768 
f 449//769 197//769 445//769 
f 304//770 398//770 404//770 
f 406//771 304//771 404//771 
f 302//772 304//772 406//772 
f 429//773 302//773 406//773 
f 296//774 302//774 429//774 
f 432//775 296//775 429//775 
f 443//776 296//776 432//776 
f 530//777 332//777 211//777 
f 210//778 331//778 525//778 
f 529//779 210//779 525//779 
f 496//780 206//780 325//780 
f 206//781 496//781 505//781 
f 511//782 206//782 505//782 
f 331//783 206//783 511//783 
f 521//784 331//784 511//784 
f 525//785 331//785 521//785 
f 332//786 530//786 527//786 
f 523//787 332//787 527//787 
f 207//788 332//788 523//788 
f 207//789 523//789 513//789 
f 509//790 207//790 513//790 
f 205//791 207//791 509//791 
f 498//792 205//792 509//792 
f 326//793 205//793 498//793 
f 494//794 326//794 498//794 
f 325//795 326//795 494//795 
f 492//796 325//796 494//796 
f 496//797 325//797 492//797 
f 280//798 193//798 458//798 
f 461//799 280//799 458//799 
f 279//800 275//800 467//800 
f 465//801 279//801 467//801 
f 457//802 279//802 465//802 
f 192//803 279//803 457//803 
f 275//804 270//804 477//804 
f 473//805 275//805 477//805 
f 467//806 275//806 473//806 
f 270//807 271//807 485//807 
f 481//808 270//808 485//808 
f 477//809 270//809 481//809 
f 271//810 276//810 479//810 
f 483//811 271//811 479//811 
f 485//812 271//812 483//812 
f 280//813 461//813 463//813 
f 471//814 280//814 463//814 
f 276//815 280//815 471//815 
f 475//816 276//816 471//816 
f 479//817 276//817 475//817 
f 244//818 608//818 613//818 
f 240//819 244//819 613//819 
f 617//820 607//820 243//820 
f 239//821 617//821 243//821 
f 622//822 617//822 239//822 
f 235//823 622//823 239//823 
f 235//824 231//824 641//824 
f 633//825 235//825 641//825 
f 622//826 235//826 633//826 
f 231//827 232//827 653//827 
f 648//828 231//828 653//828 
f 641//829 231//829 648//829 
f 232//830 236//830 646//830 
f 650//831 232//831 646//831 
f 653//832 232//832 650//832 
f 240//833 613//833 615//833 
f 629//834 240//834 615//834 
f 236//835 240//835 629//835 
f 635//836 236//836 629//836 
f 646//837 236//837 635//837 
f 246//838 610//838 614//838 
f 242//839 246//839 614//839 
f 618//840 609//840 245//840 
f 241//841 618//841 245//841 
f 623//842 618//842 241//842 
f 237//843 623//843 241//843 
f 237//844 233//844 642//844 
f 634//845 237//845 642//845 
f 623//846 237//846 634//846 
f 233//847 234//847 654//847 
f 649//848 233//848 654//848 
f 642//849 233//849 649//849 
f 234//850 238//850 647//850 
f 651//851 234//851 647//851 
f 654//852 234//852 651//852 
f 242//853 614//853 616//853 
f 630//854 242//854 616//854 
f 238//855 242//855 630//855 
f 636//856 238//856 630//856 
f 647//857 238//857 636//857 
f 282//858 195//858 460//858 
f 462//859 282//859 460//859 
f 281//860 277//860 468//860 
f 466//861 281//861 468//861 
f 459//862 281//862 466//862 
f 194//863 281//863 459//863 
f 277//864 272//864 478//864 
f 474//865 277//865 478//865 
f 468//866 277//866 474//866 
f 272//867 273//867 486//867 
f 482//868 272//868 486//868 
f 478//869 272//869 482//869 
f 282//870 462//870 464//870 
f 472//871 282//871 464//871 
f 278//872 282//872 472//872 
f 476//873 278//873 472//873 
f 274//874 278//874 476//874 
f 480//875 274//875 476//875 
f 273//876 274//876 480//876 
f 484//877 273//877 480//877 
f 486//878 273//878 484//878 
f 532//879 334//879 213//879 
f 212//880 333//880 526//880 
f 531//881 212//881 526//881 
f 497//882 208//882 327//882 
f 208//883 497//883 506//883 
f 512//884 208//884 506//884 
f 333//885 208//885 512//885 
f 522//886 333//886 512//886 
f 526//887 333//887 522//887 
f 510//888 328//888 209//888 
f 328//889 510//889 499//889 
f 495//890 328//890 499//890 
f 327//891 328//891 495//891 
f 493//892 327//892 495//892 
f 497//893 327//893 493//893 
f 334//894 532//894 528//894 
f 524//895 334//895 528//895 
f 209//896 334//896 524//896 
f 514//897 209//897 524//897 
f 510//898 209//898 514//898 
f 626//899 358//899 360//899 
f 359//900 357//900 620//900 
f 625//901 359//901 620//901 
f 599//902 355//902 353//902 
f 355//903 599//903 601//903 
f 605//904 355//904 601//904 
f 357//905 355//905 605//905 
f 612//906 357//906 605//906 
f 620//907 357//907 612//907 
f 604//908 354//908 356//908 
f 354//909 604//909 600//909 
f 598//910 354//910 600//910 
f 353//911 354//911 598//911 
f 595//912 353//912 598//912 
f 599//913 353//913 595//913 
f 358//914 626//914 621//914 
f 619//915 358//915 621//915 
f 356//916 358//916 619//916 
f 606//917 356//917 619//917 
f 604//918 356//918 606//918 
f 2749//919 2620//919 2611//919 
f 2666//920 2749//920 2611//920 
f 2758//921 2749//921 2666//921 
f 2685//922 2742//922 2751//922 
f 2664//923 2685//923 2751//923 
f 2612//924 2685//924 2664//924 
f 2610//925 2612//925 2664//925 
f 2496//926 2492//926 2494//926 
f 2492//927 2496//927 2512//927 
f 2556//928 2492//928 2512//928 
f 2610//929 2492//929 2556//929 
f 2609//930 2610//930 2556//930 
f 2612//931 2610//931 2609//931 
f 2453//932 2494//932 2492//932 
f 2435//933 2453//933 2492//933 
f 2438//934 2453//934 2435//934 
f 2493//935 2504//935 2495//935 
f 2455//936 2493//936 2495//936 
f 2437//937 2493//937 2455//937 
f 2437//938 2455//938 2440//938 
f 2439//939 2437//939 2440//939 
f 2436//940 2437//940 2439//940 
f 2427//941 2436//941 2439//941 
f 2435//942 2436//942 2427//942 
f 2434//943 2435//943 2427//943 
f 2438//944 2435//944 2434//944 
f 2611//945 2620//945 2613//945 
f 2576//946 2611//946 2613//946 
f 2493//947 2611//947 2576//947 
f 2511//948 2493//948 2576//948 
f 2504//949 2493//949 2511//949 
f 2775//950 2782//950 2773//950 
f 2746//951 2776//951 2755//951 
f 2761//952 2775//952 2773//952 
f 2745//953 2761//953 2773//953 
f 2754//954 2761//954 2745//954 
f 2800//955 2782//955 2775//955 
f 2804//956 2800//956 2775//956 
f 2809//957 2800//957 2804//957 
f 2828//958 2809//958 2804//958 
f 2825//959 2809//959 2828//959 
f 2830//960 2825//960 2828//960 
f 2829//961 2830//961 2828//961 
f 2826//962 2830//962 2829//962 
f 2824//963 2826//963 2829//963 
f 2805//964 2824//964 2829//964 
f 2801//965 2824//965 2805//965 
f 2776//966 2746//966 2764//966 
f 2774//967 2776//967 2764//967 
f 2805//968 2776//968 2774//968 
f 2795//969 2805//969 2774//969 
f 2801//970 2805//970 2795//970 
f 2748//971 2772//971 2757//971 
f 2766//972 2747//972 2756//972 
f 2771//973 2766//973 2756//973 
f 2780//974 2766//974 2771//974 
f 2792//975 2780//975 2771//975 
f 2798//976 2792//976 2771//976 
f 2807//977 2792//977 2798//977 
f 2820//978 2807//978 2798//978 
f 2815//979 2807//979 2820//979 
f 2823//980 2815//980 2820//980 
f 2821//981 2823//981 2820//981 
f 2817//982 2823//982 2821//982 
f 2813//983 2817//983 2821//983 
f 2799//984 2813//984 2821//984 
f 2794//985 2813//985 2799//985 
f 2772//986 2748//986 2763//986 
f 2768//987 2772//987 2763//987 
f 2799//988 2772//988 2768//988 
f 2790//989 2799//989 2768//989 
f 2794//990 2799//990 2790//990 
f 2984//991 2982//991 2989//991 
f 2994//992 2984//992 2989//992 
f 2991//993 2981//993 2983//993 
f 2993//994 2991//994 2983//994 
f 2996//995 2991//995 2993//995 
f 3008//996 2996//996 2993//996 
f 3008//997 3017//997 3012//997 
f 3006//998 3008//998 3012//998 
f 2996//999 3008//999 3006//999 
f 3017//1000 3018//1000 3019//1000 
f 3015//1001 3017//1001 3019//1001 
f 3012//1002 3017//1002 3015//1002 
f 3018//1003 3009//1003 3014//1003 
f 3016//1004 3018//1004 3014//1004 
f 3019//1005 3018//1005 3016//1005 
f 2994//1006 2989//1006 2992//1006 
f 3004//1007 2994//1007 2992//1007 
f 3009//1008 2994//1008 3004//1008 
f 3007//1009 3009//1009 3004//1009 
f 3014//1010 3009//1010 3007//1010 
f 2744//1011 2770//1011 2753//1011 
f 2765//1012 2743//1012 2752//1012 
f 2769//1013 2765//1013 2752//1013 
f 2779//1014 2765//1014 2769//1014 
f 2791//1015 2779//1015 2769//1015 
f 2796//1016 2791//1016 2769//1016 
f 2806//1017 2791//1017 2796//1017 
f 2818//1018 2806//1018 2796//1018 
f 2814//1019 2806//1019 2818//1019 
f 2822//1020 2814//1020 2818//1020 
f 2819//1021 2822//1021 2818//1021 
f 2816//1022 2822//1022 2819//1022 
f 2812//1023 2816//1023 2819//1023 
f 2797//1024 2812//1024 2819//1024 
f 2793//1025 2812//1025 2797//1025 
f 2770//1026 2744//1026 2762//1026 
f 2767//1027 2770//1027 2762//1027 
f 2797//1028 2770//1028 2767//1028 
f 2789//1029 2797//1029 2767//1029 
f 2793//1030 2797//1030 2789//1030 
f 2509//1031 2523//1031 2507//1031 
f 2506//1032 2522//1032 2520//1032 
f 2508//1033 2506//1033 2520//1033 
f 2540//1034 2535//1034 2542//1034 
f 2535//1035 2540//1035 2538//1035 
f 2533//1036 2535//1036 2538//1036 
f 2522//1037 2535//1037 2533//1037 
f 2528//1038 2522//1038 2533//1038 
f 2520//1039 2522//1039 2528//1039 
f 2534//1040 2543//1040 2536//1040 
f 2543//1041 2534//1041 2539//1041 
f 2541//1042 2543//1042 2539//1042 
f 2542//1043 2543//1043 2541//1043 
f 2545//1044 2542//1044 2541//1044 
f 2540//1045 2542//1045 2545//1045 
f 2523//1046 2509//1046 2517//1046 
f 2521//1047 2523//1047 2517//1047 
f 2536//1048 2523//1048 2521//1048 
f 2532//1049 2536//1049 2521//1049 
f 2534//1050 2536//1050 2532//1050 
f 2872//1051 2843//1051 2839//1051 
f 2912//1052 2872//1052 2839//1052 
f 2912//1053 2953//1053 2942//1053 
f 2929//1054 2912//1054 2942//1054 
f 2872//1055 2912//1055 2929//1055 
f 3047//1056 2953//1056 2912//1056 
f 3061//1057 3047//1057 2912//1057 
f 3086//1058 3047//1058 3061//1058 
f 3061//1059 3120//1059 3137//1059 
f 3104//1060 3061//1060 3137//1060 
f 3086//1061 3061//1061 3104//1061 
f 3121//1062 3094//1062 3119//1062 
f 3141//1063 3094//1063 3121//1063 
f 3180//1064 3141//1064 3121//1064 
f 3197//1065 3141//1065 3180//1065 
f 3085//1066 3119//1066 3094//1066 
f 2995//1067 3085//1067 3094//1067 
f 3030//1068 3085//1068 2995//1068 
f 2995//1069 2916//1069 2939//1069 
f 3026//1070 2995//1070 2939//1070 
f 3030//1071 2995//1071 3026//1071 
f 2852//1072 2916//1072 2995//1072 
f 2844//1073 2852//1073 2995//1073 
f 2842//1074 2852//1074 2844//1074 
f 2653//1075 2842//1075 2844//1075 
f 2649//1076 2842//1076 2653//1076 
f 3141//1077 3197//1077 3224//1077 
f 3244//1078 3141//1078 3224//1078 
f 3162//1079 3141//1079 3244//1079 
f 3196//1080 3162//1080 3244//1080 
f 3120//1081 3162//1081 3196//1081 
f 3179//1082 3120//1082 3196//1082 
f 3137//1083 3120//1083 3179//1083 
f 2899//1084 2660//1084 2659//1084 
f 2900//1085 2660//1085 2899//1085 
f 3040//1086 2900//1086 2899//1086 
f 3039//1087 2900//1087 3040//1087 
f 3099//1088 3039//1088 3040//1088 
f 3100//1089 3039//1089 3099//1089 
f 3110//1090 3100//1090 3099//1090 
f 3109//1091 3100//1091 3110//1091 
f 3074//1092 3109//1092 3110//1092 
f 3073//1093 3109//1093 3074//1093 
f 2972//1094 3073//1094 3074//1094 
f 2973//1095 3073//1095 2972//1095 
f 2833//1096 2973//1096 2972//1096 
f 2834//1097 2973//1097 2833//1097 
f 3555//1098 3556//1098 3456//1098 
f 3448//1099 3555//1099 3456//1099 
f 3448//1100 3456//1100 3450//1100 
f 3408//1101 3448//1101 3450//1101 
f 3397//1102 3448//1102 3408//1102 
f 3397//1103 3408//1103 3399//1103 
f 3384//1104 3397//1104 3399//1104 
f 3390//1105 3397//1105 3384//1105 
f 3390//1106 3384//1106 3392//1106 
f 3400//1107 3390//1107 3392//1107 
f 3432//1108 3390//1108 3400//1108 
f 3432//1109 3400//1109 3433//1109 
f 3446//1110 3432//1110 3433//1110 
f 3525//1111 3432//1111 3446//1111 
f 3541//1112 3644//1112 3643//1112 
f 3525//1113 3541//1113 3643//1113 
f 3528//1114 3541//1114 3525//1114 
f 3446//1115 3528//1115 3525//1115 
f 3704//1116 3600//1116 3671//1116 
f 3600//1117 3636//1117 3671//1117 
f 3600//1118 3583//1118 3636//1118 
f 3623//1119 3600//1119 3663//1119 
f 3600//1120 3697//1120 3663//1120 
f 3600//1121 3704//1121 3697//1121 
f 4533//1122 4534//1122 4412//1122 
f 4390//1123 4533//1123 4412//1123 
f 4390//1124 4412//1124 4392//1124 
f 4294//1125 4390//1125 4392//1125 
f 4239//1126 4390//1126 4294//1126 
f 4239//1127 4294//1127 4246//1127 
f 4175//1128 4239//1128 4246//1128 
f 4154//1129 4239//1129 4175//1129 
f 4154//1130 4175//1130 4157//1130 
f 4130//1131 4154//1131 4157//1131 
f 4114//1132 4154//1132 4130//1132 
f 4114//1133 4130//1133 4118//1133 
f 4113//1134 4114//1134 4118//1134 
f 4134//1135 4114//1135 4113//1135 
f 4145//1136 4198//1136 4197//1136 
f 4134//1137 4145//1137 4197//1137 
f 4138//1138 4145//1138 4134//1138 
f 4113//1139 4138//1139 4134//1139 
f 4481//1140 4371//1140 4511//1140 
f 4371//1141 4487//1141 4511//1141 
f 4371//1142 4446//1142 4487//1142 
f 4306//1143 4371//1143 4367//1143 
f 4371//1144 4432//1144 4367//1144 
f 4371//1145 4481//1145 4432//1145 
f 4573//1146 4610//1146 4611//1146 
f 4572//1147 4610//1147 4573//1147 
f 4514//1148 4572//1148 4573//1148 
f 4513//1149 4572//1149 4514//1149 
f 4383//1150 4513//1150 4514//1150 
f 4382//1151 4513//1151 4383//1151 
f 4258//1152 4382//1152 4383//1152 
f 4257//1153 4382//1153 4258//1153 
f 4168//1154 4257//1154 4258//1154 
f 4167//1155 4257//1155 4168//1155 
f 4123//1156 4167//1156 4168//1156 
f 4122//1157 4167//1157 4123//1157 
f 4117//1158 4122//1158 4123//1158 
f 4116//1159 4122//1159 4117//1159 
f 4395//1160 4370//1160 4458//1160 
f 4370//1161 4501//1161 4458//1161 
f 4370//1162 4507//1162 4501//1162 
f 4235//1163 4370//1163 4282//1163 
f 4370//1164 4328//1164 4282//1164 
f 4370//1165 4395//1165 4328//1165 
f 3796//1166 3797//1166 3843//1166 
f 3845//1167 3796//1167 3843//1167 
f 3845//1168 3843//1168 3840//1168 
f 3835//1169 3845//1169 3840//1169 
f 3821//1170 3845//1170 3835//1170 
f 3821//1171 3835//1171 3817//1171 
f 3778//1172 3821//1172 3817//1172 
f 3738//1173 3821//1173 3778//1173 
f 3738//1174 3778//1174 3736//1174 
f 3675//1175 3738//1175 3736//1175 
f 3616//1176 3738//1176 3675//1176 
f 3616//1177 3675//1177 3615//1177 
f 3588//1178 3616//1178 3615//1178 
f 3493//1179 3616//1179 3588//1179 
f 3467//1180 3424//1180 3423//1180 
f 3493//1181 3467//1181 3423//1181 
f 3496//1182 3467//1182 3493//1182 
f 3588//1183 3496//1183 3493//1183 
f 3543//1184 3599//1184 3596//1184 
f 3599//1185 3645//1185 3596//1185 
f 3599//1186 3679//1186 3645//1186 
f 3515//1187 3599//1187 3481//1187 
f 3599//1188 3502//1188 3481//1188 
f 3599//1189 3543//1189 3502//1189 
f 1933//1190 1934//1190 2030//1190 
f 2039//1191 1933//1191 2030//1191 
f 2039//1192 2030//1192 2037//1192 
f 2078//1193 2039//1193 2037//1193 
f 2091//1194 2039//1194 2078//1194 
f 2091//1195 2078//1195 2089//1195 
f 2104//1196 2091//1196 2089//1196 
f 2098//1197 2091//1197 2104//1197 
f 2098//1198 2104//1198 2095//1198 
f 2088//1199 2098//1199 2095//1199 
f 2054//1200 2098//1200 2088//1200 
f 2054//1201 2088//1201 2053//1201 
f 2041//1202 2054//1202 2053//1202 
f 1963//1203 2054//1203 2041//1203 
f 1949//1204 1849//1204 1848//1204 
f 1963//1205 1949//1205 1848//1205 
f 1961//1206 1949//1206 1963//1206 
f 2041//1207 1961//1207 1963//1207 
f 1865//1208 1892//1208 1911//1208 
f 1797//1209 1892//1209 1824//1209 
f 1892//1210 1855//1210 1824//1210 
f 1803//1211 1892//1211 1778//1211 
f 1892//1212 1784//1212 1778//1212 
f 1873//1213 1892//1213 1828//1213 
f 1892//1214 1825//1214 1828//1214 
f 1892//1215 1803//1215 1825//1215 
f 1892//1216 1797//1216 1784//1216 
f 1892//1217 1865//1217 1855//1217 
f 948//1218 949//1218 1061//1218 
f 1096//1219 948//1219 1061//1219 
f 1096//1220 1061//1220 1094//1220 
f 1190//1221 1096//1221 1094//1221 
f 1249//1222 1096//1222 1190//1222 
f 1249//1223 1190//1223 1242//1223 
f 1308//1224 1249//1224 1242//1224 
f 1333//1225 1249//1225 1308//1225 
f 1333//1226 1308//1226 1330//1226 
f 1358//1227 1333//1227 1330//1227 
f 1371//1228 1333//1228 1358//1228 
f 1371//1229 1358//1229 1367//1229 
f 1372//1230 1371//1230 1367//1230 
f 1354//1231 1371//1231 1372//1231 
f 1344//1232 1289//1232 1288//1232 
f 1354//1233 1344//1233 1288//1233 
f 1350//1234 1344//1234 1354//1234 
f 1372//1235 1350//1235 1354//1235 
f 991//1236 1114//1236 1038//1236 
f 985//1237 1114//1237 971//1237 
f 1114//1238 987//1238 971//1238 
f 1079//1239 1114//1239 1021//1239 
f 1114//1240 998//1240 1021//1240 
f 1180//1241 1114//1241 1130//1241 
f 1114//1242 1119//1242 1130//1242 
f 1114//1243 1079//1243 1119//1243 
f 1114//1244 985//1244 998//1244 
f 1114//1245 991//1245 987//1245 
f 905//1246 865//1246 866//1246 
f 904//1247 865//1247 905//1247 
f 967//1248 904//1248 905//1248 
f 966//1249 904//1249 967//1249 
f 1102//1250 966//1250 967//1250 
f 1101//1251 966//1251 1102//1251 
f 1224//1252 1101//1252 1102//1252 
f 1223//1253 1101//1253 1224//1253 
f 1320//1254 1223//1254 1224//1254 
f 1319//1255 1223//1255 1320//1255 
f 1364//1256 1319//1256 1320//1256 
f 1363//1257 1319//1257 1364//1257 
f 1369//1258 1363//1258 1364//1258 
f 1368//1259 1363//1259 1369//1259 
f 978//1260 1115//1260 975//1260 
f 1053//1261 1115//1261 1009//1261 
f 1115//1262 981//1262 1009//1262 
f 1167//1263 1115//1263 1116//1263 
f 1115//1264 1089//1264 1116//1264 
f 1256//1265 1115//1265 1212//1265 
f 1115//1266 1208//1266 1212//1266 
f 1115//1267 1167//1267 1208//1267 
f 1115//1268 1053//1268 1089//1268 
f 1115//1269 978//1269 981//1269 
f 1731//1270 1715//1270 1716//1270 
f 1732//1271 1731//1271 1716//1271 
f 1695//1272 1731//1272 1732//1272 
f 1696//1273 1695//1273 1732//1273 
f 1628//1274 1695//1274 1696//1274 
f 1629//1275 1628//1275 1696//1275 
f 1606//1276 1628//1276 1629//1276 
f 1607//1277 1606//1277 1629//1277 
f 1563//1278 1606//1278 1607//1278 
f 1564//1279 1563//1279 1607//1279 
f 1532//1280 1563//1280 1564//1280 
f 1533//1281 1532//1281 1564//1281 
f 1707//1282 1699//1282 1700//1282 
f 1708//1283 1707//1283 1700//1283 
f 1661//1284 1707//1284 1708//1284 
f 1662//1285 1661//1285 1708//1285 
f 1622//1286 1661//1286 1662//1286 
f 1623//1287 1622//1287 1662//1287 
f 1600//1288 1622//1288 1623//1288 
f 1601//1289 1600//1289 1623//1289 
f 1551//1290 1600//1290 1601//1290 
f 1552//1291 1551//1291 1601//1291 
f 1517//1292 1551//1292 1552//1292 
f 1518//1293 1517//1293 1552//1293 
f 3964//1294 3960//1294 3961//1294 
f 3965//1295 3964//1295 3961//1295 
f 3943//1296 3964//1296 3965//1296 
f 3944//1297 3943//1297 3965//1297 
f 3904//1298 3943//1298 3944//1298 
f 3905//1299 3904//1299 3944//1299 
f 3878//1300 3904//1300 3905//1300 
f 3879//1301 3878//1301 3905//1301 
f 3838//1302 3878//1302 3879//1302 
f 3839//1303 3838//1303 3879//1303 
f 3773//1304 3838//1304 3839//1304 
f 3774//1305 3773//1305 3839//1305 
f 3978//1306 3973//1306 3974//1306 
f 3979//1307 3978//1307 3974//1307 
f 3969//1308 3978//1308 3979//1308 
f 3970//1309 3969//1309 3979//1309 
f 3936//1310 3969//1310 3970//1310 
f 3937//1311 3936//1311 3970//1311 
f 3893//1312 3936//1312 3937//1312 
f 3894//1313 3893//1313 3937//1313 
f 3874//1314 3893//1314 3894//1314 
f 3875//1315 3874//1315 3894//1315 
f 3855//1316 3874//1316 3875//1316 
f 3856//1317 3855//1317 3875//1317 
f 3791//1318 3855//1318 3856//1318 
f 3792//1319 3791//1319 3856//1319 
f 4689//1320 4704//1320 4705//1320 
f 16//1321 13//1321 17//1321 
f 2149//1322 2345//1322 2346//1322 
f 2285//1323 2149//1323 2346//1323 
f 1976//1324 2149//1324 2285//1324 
f 2278//1325 1976//1325 2285//1325 
f 2239//1326 1976//1326 2278//1326 
f 1976//1327 2239//1327 2234//1327 
f 2206//1328 1976//1328 2234//1328 
f 2202//1329 1976//1329 2206//1329 
f 1977//1330 2199//1330 2204//1330 
f 1977//1331 2204//1331 2215//1331 
f 2235//1332 1977//1332 2215//1332 
f 2252//1333 1977//1333 2235//1333 
f 1977//1334 2252//1334 2280//1334 
f 2305//1335 1977//1335 2280//1335 
f 1978//1336 1977//1336 2305//1336 
f 2736//1337 2629//1337 2529//1337 
f 2848//1338 2736//1338 2529//1338 
f 2529//1339 2629//1339 2593//1339 
f 2553//1340 2529//1340 2593//1340 
f 2345//1341 2529//1341 2553//1341 
f 2473//1342 2345//1342 2553//1342 
f 2345//1343 2473//1343 2452//1343 
f 2405//1344 2345//1344 2452//1344 
f 2395//1345 2345//1345 2405//1345 
f 2345//1346 2395//1346 2360//1346 
f 2355//1347 2345//1347 2360//1347 
f 2346//1348 2345//1348 2355//1348 
f 2848//1349 2894//1349 2846//1349 
f 2831//1350 2848//1350 2846//1350 
f 2736//1351 2848//1351 2831//1351 
f 3240//1352 3279//1352 3257//1352 
f 3279//1353 3240//1353 3210//1353 
f 3188//1354 3279//1354 3210//1354 
f 3131//1355 3279//1355 3188//1355 
f 3279//1356 3131//1356 3122//1356 
f 3087//1357 3279//1357 3122//1357 
f 3081//1358 3279//1358 3087//1358 
f 3279//1359 3081//1359 3022//1359 
f 3021//1360 3279//1360 3022//1360 
f 2848//1361 3279//1361 3021//1361 
f 2906//1362 2848//1362 3021//1362 
f 2894//1363 2848//1363 2906//1363 
f 3630//1364 3292//1364 3296//1364 
f 3288//1365 3292//1365 3630//1365 
f 3630//1366 3296//1366 3290//1366 
f 3280//1367 3630//1367 3290//1367 
f 3279//1368 3630//1368 3280//1368 
f 3276//1369 3279//1369 3280//1369 
f 3257//1370 3279//1370 3276//1370 
f 2895//1371 2935//1371 3277//1371 
f 2855//1372 2895//1372 3277//1372 
f 3277//1373 2935//1373 3020//1373 
f 3037//1374 3277//1374 3020//1374 
f 3088//1375 3277//1375 3037//1375 
f 3277//1376 3088//1376 3096//1376 
f 3132//1377 3277//1377 3096//1377 
f 3138//1378 3277//1378 3132//1378 
f 3277//1379 3138//1379 3209//1379 
f 3215//1380 3277//1380 3209//1380 
f 3252//1381 3277//1381 3215//1381 
f 2348//1382 1978//1382 2305//1382 
f 2347//1383 2348//1383 2305//1383 
f 2361//1384 2348//1384 2347//1384 
f 2348//1385 2361//1385 2370//1385 
f 2406//1386 2348//1386 2370//1386 
f 2410//1387 2348//1387 2406//1387 
f 2348//1388 2410//1388 2470//1388 
f 2472//1389 2348//1389 2470//1389 
f 2351//1390 2348//1390 2472//1390 
f 2591//1391 2662//1391 2849//1391 
f 2351//1392 2591//1392 2849//1392 
f 2583//1393 2591//1393 2351//1393 
f 2472//1394 2583//1394 2351//1394 
f 2849//1395 2662//1395 2759//1395 
f 2847//1396 2849//1396 2759//1396 
f 2855//1397 2849//1397 2847//1397 
f 2860//1398 2855//1398 2847//1398 
f 2895//1399 2855//1399 2860//1399 
f 176//1400 88//1400 100//1400 
f 84//1401 88//1401 176//1401 
f 16//1402 17//1402 19//1402 
f 28//1403 16//1403 19//1403 
f 80//1404 16//1404 28//1404 
f 80//1405 28//1405 32//1405 
f 62//1406 80//1406 32//1406 
f 176//1407 80//1407 62//1407 
f 64//1408 176//1408 62//1408 
f 84//1409 176//1409 64//1409 
f 176//1410 100//1410 106//1410 
f 119//1411 176//1411 106//1411 
f 126//1412 176//1412 119//1412 
f 176//1413 126//1413 133//1413 
f 137//1414 176//1414 133//1414 
f 141//1415 176//1415 137//1415 
f 178//1416 141//1416 135//1416 
f 178//1417 135//1417 131//1417 
f 125//1418 178//1418 131//1418 
f 117//1419 178//1419 125//1419 
f 178//1420 117//1420 104//1420 
f 98//1421 178//1421 104//1421 
f 82//1422 178//1422 98//1422 
f 178//1423 82//1423 74//1423 
f 60//1424 178//1424 74//1424 
f 57//1425 178//1425 60//1425 
f 26//1426 53//1426 29//1426 
f 9//1427 53//1427 26//1427 
f 14//1428 9//1428 26//1428 
f 10//1429 9//1429 14//1429 
f 9//1430 10//1430 1//1430 
f 3//1431 9//1431 1//1431 
f 16//1432 9//1432 3//1432 
f 6//1433 16//1433 3//1433 
f 13//1434 16//1434 6//1434 
f 184//1435 182//1435 63//1435 
f 83//1436 184//1436 63//1436 
f 87//1437 184//1437 83//1437 
f 184//1438 87//1438 99//1438 
f 105//1439 184//1439 99//1439 
f 118//1440 184//1440 105//1440 
f 184//1441 118//1441 127//1441 
f 132//1442 184//1442 127//1442 
f 136//1443 184//1443 132//1443 
f 183//1444 140//1444 134//1444 
f 130//1445 183//1445 134//1445 
f 124//1446 183//1446 130//1446 
f 183//1447 124//1447 116//1447 
f 103//1448 183//1448 116//1448 
f 97//1449 183//1449 103//1449 
f 183//1450 97//1450 81//1450 
f 75//1451 183//1451 81//1451 
f 149//1452 183//1452 75//1452 
f 149//1453 75//1453 59//1453 
f 56//1454 149//1454 59//1454 
f 53//1455 149//1455 56//1455 
f 54//1456 53//1456 56//1456 
f 29//1457 53//1457 54//1457 
f 178//1458 57//1458 30//1458 
f 25//1459 178//1459 30//1459 
f 21//1460 178//1460 25//1460 
f 20//1461 21//1461 25//1461 
f 22//1462 21//1462 20//1462 
f 15//1463 22//1463 20//1463 
f 11//1464 22//1464 15//1464 
f 22//1465 11//1465 2//1465 
f 4//1466 22//1466 2//1466 
f 48//1467 22//1467 4//1467 
f 58//1468 27//1468 31//1468 
f 55//1469 58//1469 31//1469 
f 182//1470 58//1470 55//1470 
f 61//1471 182//1471 55//1471 
f 63//1472 182//1472 61//1472 
f 48//1473 4//1473 5//1473 
f 12//1474 48//1474 5//1474 
f 58//1475 48//1475 12//1475 
f 18//1476 58//1476 12//1476 
f 27//1477 58//1477 18//1477 
f 4691//1478 4704//1478 4689//1478 
f 4553//1479 4691//1479 4689//1479 
f 4542//1480 4691//1480 4553//1480 
f 4542//1481 4553//1481 4540//1481 
f 4160//1482 4542//1482 4540//1482 
f 4152//1483 4542//1483 4160//1483 
f 4152//1484 4160//1484 4151//1484 
f 4059//1485 4152//1485 4151//1485 
f 4057//1486 4152//1486 4059//1486 
f 4057//1487 4059//1487 4056//1487 
f 3957//1488 4057//1488 4056//1488 
f 3953//1489 4057//1489 3957//1489 
f 3277//1490 3252//1490 3258//1490 
f 3278//1491 3277//1491 3258//1491 
f 3293//1492 3277//1492 3278//1492 
f 3288//1493 3293//1493 3278//1493 
f 3629//1494 3293//1494 3288//1494 
f 3630//1495 3629//1495 3288//1495 
f 3640//1496 3629//1496 3630//1496 
f 3953//1497 3640//1497 3630//1497 
f 3952//1498 3640//1498 3953//1498 
f 3957//1499 3952//1499 3953//1499 
f 1976//1500 2202//1500 2199//1500 
f 1977//1501 1976//1501 2199//1501 
f 1711//1502 1976//1502 1977//1502 
f 1596//1503 1711//1503 1977//1503 
f 184//1504 136//1504 140//1504 
f 183//1505 184//1505 140//1505 
f 819//1506 184//1506 183//1506 
f 396//1507 819//1507 183//1507 
f 823//1508 819//1508 396//1508 
f 822//1509 823//1509 396//1509 
f 1014//1510 823//1510 822//1510 
f 878//1511 1014//1511 822//1511 
f 1018//1512 1014//1512 878//1512 
f 1017//1513 1018//1513 878//1513 
f 1387//1514 1018//1514 1017//1514 
f 1229//1515 1387//1515 1017//1515 
f 1389//1516 1387//1516 1229//1516 
f 1388//1517 1389//1517 1229//1517 
f 1445//1518 1389//1518 1388//1518 
f 1416//1519 1445//1519 1388//1519 
f 1448//1520 1445//1520 1416//1520 
f 1447//1521 1448//1521 1416//1521 
f 1594//1522 1448//1522 1447//1522 
f 1491//1523 1594//1523 1447//1523 
f 1596//1524 1594//1524 1491//1524 
f 1595//1525 1596//1525 1491//1525 
f 1711//1526 1596//1526 1595//1526 
f 176//1527 141//1527 178//1527 
f 179//1528 176//1528 178//1528 
f 187//1529 176//1529 179//1529 
f 719//1530 187//1530 179//1530 
f 718//1531 187//1531 719//1531 
f 744//1532 718//1532 719//1532 
f 743//1533 718//1533 744//1533 
f 1362//1534 1385//1534 1384//1534 
f 1264//1535 1385//1535 1362//1535 
f 1264//1536 1362//1536 1263//1536 
f 1222//1537 1264//1537 1263//1537 
f 1170//1538 1264//1538 1222//1538 
f 1170//1539 1222//1539 1169//1539 
f 1201//1540 1170//1540 1169//1540 
f 1214//1541 1170//1541 1201//1541 
f 1386//1542 1408//1542 1409//1542 
f 1353//1543 1386//1543 1409//1543 
f 1352//1544 1386//1544 1353//1544 
f 1214//1545 1352//1545 1353//1545 
f 1213//1546 1352//1546 1214//1546 
f 1201//1547 1213//1547 1214//1547 
f 1409//1548 1408//1548 1410//1548 
f 1437//1549 1409//1549 1410//1549 
f 1450//1550 1409//1550 1437//1550 
f 1450//1551 1437//1551 1449//1551 
f 1544//1552 1450//1552 1449//1552 
f 1545//1553 1450//1553 1544//1553 
f 1602//1554 1545//1554 1544//1554 
f 1761//1555 1545//1555 1602//1555 
f 1761//1556 1602//1556 1760//1556 
f 2075//1557 1761//1557 1760//1557 
f 2141//1558 1761//1558 2075//1558 
f 2141//1559 2075//1559 2140//1559 
f 2387//1560 2141//1560 2140//1560 
f 2444//1561 2141//1561 2387//1561 
f 2444//1562 2387//1562 2443//1562 
f 2930//1563 2444//1563 2443//1563 
f 2931//1564 2444//1564 2930//1564 
f 3033//1565 2931//1565 2930//1565 
f 3320//1566 2931//1566 3033//1566 
f 3320//1567 3033//1567 3319//1567 
f 3475//1568 3320//1568 3319//1568 
f 3602//1569 3320//1569 3475//1569 
f 3602//1570 3475//1570 3601//1570 
f 3834//1571 3602//1571 3601//1571 
f 3902//1572 3602//1572 3834//1572 
f 3902//1573 3834//1573 3901//1573 
f 3951//1574 3902//1574 3901//1574 
f 4027//1575 3902//1575 3951//1575 
f 4027//1576 3951//1576 4026//1576 
f 4064//1577 4027//1577 4026//1577 
f 4071//1578 4027//1578 4064//1578 
f 4071//1579 4064//1579 4070//1579 
f 4100//1580 4071//1580 4070//1580 
f 4101//1581 4071//1581 4100//1581 
f 3857//1582 3847//1582 3848//1582 
f 3858//1583 3857//1583 3848//1583 
f 3808//1584 3857//1584 3858//1584 
f 3809//1585 3808//1585 3858//1585 
f 3692//1586 3808//1586 3809//1586 
f 3693//1587 3692//1587 3809//1587 
f 3572//1588 3692//1588 3693//1588 
f 3573//1589 3572//1589 3693//1589 
f 3441//1590 3572//1590 3573//1590 
f 3442//1591 3441//1591 3573//1591 
f 3380//1592 3441//1592 3442//1592 
f 3381//1593 3380//1593 3442//1593 
f 2106//1594 2110//1594 2105//1594 
f 2110//1595 2106//1595 2111//1595 
f 2087//1596 2110//1596 2111//1596 
f 2070//1597 2110//1597 2087//1597 
f 2071//1598 2070//1598 2087//1598 
f 1986//1599 2070//1599 2071//1599 
f 1987//1600 1986//1600 2071//1600 
f 1857//1601 1986//1601 1987//1601 
f 1858//1602 1857//1602 1987//1602 
f 1718//1603 1857//1603 1858//1603 
f 1719//1604 1718//1604 1858//1604 
f 1641//1605 1718//1605 1719//1605 
f 1642//1606 1641//1606 1719//1606 
f 1378//1607 1373//1607 1374//1607 
f 1379//1608 1378//1608 1374//1608 
f 1340//1609 1378//1609 1379//1609 
f 1341//1610 1340//1610 1379//1610 
f 1238//1611 1340//1611 1341//1611 
f 1239//1612 1238//1612 1341//1612 
f 1069//1613 1238//1613 1239//1613 
f 1070//1614 1069//1614 1239//1614 
f 924//1615 1069//1615 1070//1615 
f 925//1616 924//1616 1070//1616 
f 856//1617 924//1617 925//1617 
f 857//1618 856//1618 925//1618 
f 1380//1619 1375//1619 1376//1619 
f 1381//1620 1380//1620 1376//1620 
f 1342//1621 1380//1621 1381//1621 
f 1343//1622 1342//1622 1381//1622 
f 1240//1623 1342//1623 1343//1623 
f 1241//1624 1240//1624 1343//1624 
f 1067//1625 1240//1625 1241//1625 
f 1068//1626 1067//1626 1241//1626 
f 926//1627 1067//1627 1068//1627 
f 927//1628 926//1628 1068//1628 
f 858//1629 926//1629 927//1629 
f 859//1630 858//1630 927//1630 
f 2112//1631 2107//1631 2108//1631 
f 2113//1632 2112//1632 2108//1632 
f 2072//1633 2112//1633 2113//1633 
f 2073//1634 2072//1634 2113//1634 
f 1988//1635 2072//1635 2073//1635 
f 1989//1636 1988//1636 2073//1636 
f 1859//1637 1988//1637 1989//1637 
f 1860//1638 1859//1638 1989//1638 
f 1720//1639 1859//1639 1860//1639 
f 1721//1640 1720//1640 1860//1640 
f 1643//1641 1720//1641 1721//1641 
f 1644//1642 1643//1642 1721//1642 
f 3859//1643 3849//1643 3850//1643 
f 3860//1644 3859//1644 3850//1644 
f 3810//1645 3859//1645 3860//1645 
f 3811//1646 3810//1646 3860//1646 
f 3694//1647 3810//1647 3811//1647 
f 3695//1648 3694//1648 3811//1648 
f 3574//1649 3694//1649 3695//1649 
f 3575//1650 3574//1650 3695//1650 
f 3443//1651 3574//1651 3575//1651 
f 3444//1652 3443//1652 3575//1652 
f 3382//1653 3443//1653 3444//1653 
f 3383//1654 3382//1654 3444//1654 
f 4624//1655 4619//1655 4620//1655 
f 4625//1656 4624//1656 4620//1656 
f 4582//1657 4624//1657 4625//1657 
f 4583//1658 4582//1658 4625//1658 
f 4495//1659 4582//1659 4583//1659 
f 4496//1660 4495//1660 4583//1660 
f 4333//1661 4495//1661 4496//1661 
f 4334//1662 4333//1662 4496//1662 
f 4180//1663 4333//1663 4334//1663 
f 4181//1664 4180//1664 4334//1664 
f 4111//1665 4180//1665 4181//1665 
f 4112//1666 4111//1666 4181//1666 
f 4622//1667 4617//1667 4618//1667 
f 4623//1668 4622//1668 4618//1668 
f 4580//1669 4622//1669 4623//1669 
f 4581//1670 4580//1670 4623//1670 
f 4493//1671 4580//1671 4581//1671 
f 4494//1672 4493//1672 4581//1672 
f 4331//1673 4493//1673 4494//1673 
f 4331//1674 4494//1674 4332//1674 
f 4211//1675 4331//1675 4332//1675 
f 4178//1676 4331//1676 4211//1676 
f 4179//1677 4178//1677 4211//1677 
f 4109//1678 4178//1678 4179//1678 
f 4110//1679 4109//1679 4179//1679 
f 170//1680 174//1680 787//1680 
f 784//1681 170//1681 787//1681 
f 146//1682 773//1682 747//1682 
f 773//1683 146//1683 152//1683 
f 157//1684 773//1684 152//1684 
f 776//1685 773//1685 157//1685 
f 158//1686 776//1686 157//1686 
f 784//1687 776//1687 158//1687 
f 166//1688 784//1688 158//1688 
f 170//1689 784//1689 166//1689 
f 721//1690 717//1690 114//1690 
f 121//1691 721//1691 114//1691 
f 747//1692 721//1692 121//1692 
f 138//1693 747//1693 121//1693 
f 146//1694 747//1694 138//1694 
f 683//1695 639//1695 71//1695 
f 79//1696 683//1696 71//1696 
f 696//1697 683//1697 79//1697 
f 94//1698 696//1698 79//1698 
f 708//1699 696//1699 94//1699 
f 95//1700 708//1700 94//1700 
f 717//1701 708//1701 95//1701 
f 109//1702 717//1702 95//1702 
f 114//1703 717//1703 109//1703 
f 594//1704 520//1704 47//1704 
f 51//1705 594//1705 47//1705 
f 639//1706 594//1706 51//1706 
f 67//1707 639//1707 51//1707 
f 71//1708 639//1708 67//1708 
f 487//1709 436//1709 37//1709 
f 38//1710 487//1710 37//1710 
f 520//1711 487//1711 38//1711 
f 43//1712 520//1712 38//1712 
f 47//1713 520//1713 43//1713 
f 638//1714 670//1714 65//1714 
f 50//1715 638//1715 65//1715 
f 534//1716 638//1716 50//1716 
f 45//1717 534//1717 50//1717 
f 519//1718 534//1718 45//1718 
f 41//1719 519//1719 45//1719 
f 436//1720 519//1720 41//1720 
f 34//1721 436//1721 41//1721 
f 37//1722 436//1722 34//1722 
f 697//1723 702//1723 90//1723 
f 77//1724 697//1724 90//1724 
f 670//1725 697//1725 77//1725 
f 70//1726 670//1726 77//1726 
f 65//1727 670//1727 70//1727 
f 723//1728 129//1728 122//1728 
f 112//1729 723//1729 122//1729 
f 713//1730 723//1730 112//1730 
f 108//1731 713//1731 112//1731 
f 702//1732 713//1732 108//1732 
f 92//1733 702//1733 108//1733 
f 90//1734 702//1734 92//1734 
f 144//1735 129//1735 723//1735 
f 734//1736 144//1736 723//1736 
f 151//1737 144//1737 734//1737 
f 767//1738 151//1738 734//1738 
f 155//1739 151//1739 767//1739 
f 779//1740 155//1740 767//1740 
f 161//1741 155//1741 779//1741 
f 162//1742 161//1742 779//1742 
f 782//1743 162//1743 779//1743 
f 169//1744 162//1744 782//1744 
f 788//1745 169//1745 782//1745 
f 172//1746 169//1746 788//1746 
f 2225//1747 2223//1747 2222//1747 
f 2227//1748 2225//1748 2222//1748 
f 2295//1749 2245//1749 2289//1749 
f 2245//1750 2295//1750 2253//1750 
f 2243//1751 2245//1751 2253//1751 
f 2240//1752 2245//1752 2243//1752 
f 2241//1753 2240//1753 2243//1753 
f 2227//1754 2240//1754 2241//1754 
f 2229//1755 2227//1755 2241//1755 
f 2225//1756 2227//1756 2229//1756 
f 2339//1757 2357//1757 2363//1757 
f 2342//1758 2339//1758 2363//1758 
f 2289//1759 2339//1759 2342//1759 
f 2302//1760 2289//1760 2342//1760 
f 2295//1761 2289//1761 2302//1761 
f 2446//1762 2514//1762 2457//1762 
f 2432//1763 2446//1763 2457//1763 
f 2433//1764 2446//1764 2432//1764 
f 2412//1765 2433//1765 2432//1765 
f 2394//1766 2433//1766 2412//1766 
f 2401//1767 2394//1767 2412//1767 
f 2357//1768 2394//1768 2401//1768 
f 2368//1769 2357//1769 2401//1769 
f 2363//1770 2357//1770 2368//1770 
f 2548//1771 2605//1771 2595//1771 
f 2564//1772 2548//1772 2595//1772 
f 2514//1773 2548//1773 2564//1773 
f 2483//1774 2514//1774 2564//1774 
f 2457//1775 2514//1775 2483//1775 
f 2625//1776 2827//1776 2760//1776 
f 2640//1777 2625//1777 2760//1777 
f 2605//1778 2625//1778 2640//1778 
f 2606//1779 2605//1779 2640//1779 
f 2595//1780 2605//1780 2606//1780 
f 2883//1781 2902//1781 2893//1781 
f 2882//1782 2883//1782 2893//1782 
f 2827//1783 2883//1783 2882//1783 
f 2837//1784 2827//1784 2882//1784 
f 2760//1785 2827//1785 2837//1785 
f 3059//1786 3075//1786 3076//1786 
f 3060//1787 3059//1787 3076//1787 
f 3013//1788 3059//1788 3060//1788 
f 3027//1789 3013//1789 3060//1789 
f 2976//1790 3013//1790 3027//1790 
f 3011//1791 2976//1791 3027//1791 
f 2902//1792 2976//1792 3011//1792 
f 2908//1793 2902//1793 3011//1793 
f 2893//1794 2902//1794 2908//1794 
f 3157//1795 3172//1795 3156//1795 
f 3127//1796 3157//1796 3156//1796 
f 3117//1797 3157//1797 3127//1797 
f 3118//1798 3117//1798 3127//1798 
f 3075//1799 3117//1799 3118//1799 
f 3080//1800 3075//1800 3118//1800 
f 3076//1801 3075//1801 3080//1801 
f 3199//1802 3172//1802 3157//1802 
f 3170//1803 3199//1803 3157//1803 
f 3230//1804 3199//1804 3170//1804 
f 3231//1805 3230//1805 3170//1805 
f 3247//1806 3230//1806 3231//1806 
f 3253//1807 3247//1807 3231//1807 
f 3254//1808 3247//1808 3253//1808 
f 3259//1809 3254//1809 3253//1809 
f 3260//1810 3259//1810 3253//1810 
f 3264//1811 3259//1811 3260//1811 
f 3271//1812 3264//1812 3260//1812 
f 3272//1813 3264//1813 3271//1813 
f 798//1814 814//1814 744//1814 
f 719//1815 798//1815 744//1815 
f 794//1816 798//1816 719//1816 
f 185//1817 794//1817 719//1817 
f 185//1818 719//1818 179//1818 
f 178//1819 185//1819 179//1819 
f 177//1820 185//1820 178//1820 
f 21//1821 177//1821 178//1821 
f 175//1822 177//1822 21//1822 
f 115//1823 175//1823 21//1823 
f 22//1824 115//1824 21//1824 
f 148//1825 115//1825 22//1825 
f 148//1826 22//1826 48//1826 
f 58//1827 148//1827 48//1827 
f 181//1828 148//1828 58//1828 
f 182//1829 181//1829 58//1829 
f 190//1830 181//1830 182//1830 
f 184//1831 190//1831 182//1831 
f 833//1832 190//1832 184//1832 
f 833//1833 184//1833 819//1833 
f 823//1834 833//1834 819//1834 
f 928//1835 833//1835 823//1835 
f 1014//1836 928//1836 823//1836 
f 1046//1837 928//1837 1014//1837 
f 1018//1838 1046//1838 1014//1838 
f 1398//1839 1046//1839 1018//1839 
f 1398//1840 1018//1840 1387//1840 
f 1389//1841 1398//1841 1387//1841 
f 1430//1842 1398//1842 1389//1842 
f 1445//1843 1430//1843 1389//1843 
f 1451//1844 1430//1844 1445//1844 
f 1448//1845 1451//1845 1445//1845 
f 1604//1846 1451//1846 1448//1846 
f 1604//1847 1448//1847 1594//1847 
f 1596//1848 1604//1848 1594//1848 
f 1786//1849 1604//1849 1596//1849 
f 1977//1850 1786//1850 1596//1850 
f 1813//1851 1786//1851 1977//1851 
f 2005//1852 1813//1852 1977//1852 
f 2351//1853 2849//1853 2853//1853 
f 2379//1854 2351//1854 2853//1854 
f 2005//1855 1977//1855 1978//1855 
f 2348//1856 2005//1856 1978//1856 
f 2354//1857 2005//1857 2348//1857 
f 2351//1858 2354//1858 2348//1858 
f 2378//1859 2354//1859 2351//1859 
f 2379//1860 2378//1860 2351//1860 
f 3626//1861 3293//1861 3629//1861 
f 2853//1862 2849//1862 2855//1862 
f 3277//1863 2853//1863 2855//1863 
f 3283//1864 2853//1864 3277//1864 
f 3293//1865 3283//1865 3277//1865 
f 3314//1866 3283//1866 3293//1866 
f 3626//1867 3314//1867 3293//1867 
f 3952//1868 3957//1868 3946//1868 
f 3626//1869 3952//1869 3946//1869 
f 3640//1870 3952//1870 3626//1870 
f 3629//1871 3640//1871 3626//1871 
f 3957//1872 4056//1872 4055//1872 
f 3971//1873 3957//1873 4055//1873 
f 3946//1874 3957//1874 3971//1874 
f 4151//1875 4160//1875 4133//1875 
f 4055//1876 4151//1876 4133//1876 
f 4059//1877 4151//1877 4055//1877 
f 4056//1878 4059//1878 4055//1878 
f 4160//1879 4540//1879 4520//1879 
f 4164//1880 4160//1880 4520//1880 
f 4133//1881 4160//1881 4164//1881 
f 4689//1882 4705//1882 4662//1882 
f 4520//1883 4689//1883 4662//1883 
f 4553//1884 4689//1884 4520//1884 
f 4540//1885 4553//1885 4520//1885 
f 1395//1886 1396//1886 1385//1886 
f 1264//1887 1395//1887 1385//1887 
f 1305//1888 1395//1888 1264//1888 
f 1264//1889 1170//1889 1261//1889 
f 1295//1890 1264//1890 1261//1890 
f 1305//1891 1264//1891 1295//1891 
f 1353//1892 1409//1892 1377//1892 
f 1282//1893 1353//1893 1377//1893 
f 1214//1894 1353//1894 1282//1894 
f 1275//1895 1214//1895 1282//1895 
f 1170//1896 1214//1896 1275//1896 
f 1228//1897 1170//1897 1275//1897 
f 1261//1898 1170//1898 1228//1898 
f 1545//1899 1761//1899 1559//1899 
f 1452//1900 1545//1900 1559//1900 
f 1450//1901 1545//1901 1452//1901 
f 1415//1902 1450//1902 1452//1902 
f 1409//1903 1450//1903 1415//1903 
f 1414//1904 1409//1904 1415//1904 
f 1377//1905 1409//1905 1414//1905 
f 2141//1906 2444//1906 2145//1906 
f 2031//1907 2141//1907 2145//1907 
f 1761//1908 2141//1908 2031//1908 
f 1792//1909 1761//1909 2031//1909 
f 1559//1910 1761//1910 1792//1910 
f 2931//1911 3023//1911 2927//1911 
f 2448//1912 2931//1912 2927//1912 
f 2444//1913 2931//1913 2448//1913 
f 2447//1914 2444//1914 2448//1914 
f 2145//1915 2444//1915 2447//1915 
f 3143//1916 3023//1916 2931//1916 
f 3320//1917 3143//1917 2931//1917 
f 3312//1918 3143//1918 3320//1918 
f 3602//1919 3312//1919 3320//1919 
f 3593//1920 3312//1920 3602//1920 
f 3806//1921 3593//1921 3602//1921 
f 3902//1922 3806//1922 3602//1922 
f 3887//1923 3806//1923 3902//1923 
f 4027//1924 3887//1924 3902//1924 
f 4023//1925 3887//1925 4027//1925 
f 4058//1926 4071//1926 4065//1926 
f 4027//1927 4071//1927 4058//1927 
f 4039//1928 4027//1928 4058//1928 
f 4023//1929 4027//1929 4039//1929 
f 4076//1930 4065//1930 4071//1930 
f 4101//1931 4076//1931 4071//1931 
f 4089//1932 4076//1932 4101//1932 
f 3801//1933 3716//1933 3717//1933 
f 3802//1934 3801//1934 3717//1934 
f 3803//1935 3801//1935 3802//1935 
f 3804//1936 3803//1936 3802//1936 
f 3714//1937 3803//1937 3804//1937 
f 3715//1938 3714//1938 3804//1938 
f 3534//1939 3714//1939 3715//1939 
f 3535//1940 3534//1940 3715//1940 
f 3356//1941 3534//1941 3535//1941 
f 3357//1942 3356//1942 3535//1942 
f 3163//1943 3356//1943 3357//1943 
f 3164//1944 3163//1944 3357//1944 
f 2917//1945 3163//1945 3164//1945 
f 2918//1946 2917//1946 3164//1946 
f 2569//1947 2917//1947 2918//1947 
f 2570//1948 2569//1948 2918//1948 
f 2329//1949 2569//1949 2570//1949 
f 2330//1950 2329//1950 2570//1950 
f 2130//1951 2329//1951 2330//1951 
f 2131//1952 2130//1952 2330//1952 
f 1951//1953 2130//1953 2131//1953 
f 1952//1954 1951//1954 2131//1954 
f 1771//1955 1951//1955 1952//1955 
f 1772//1956 1771//1956 1952//1956 
f 3715//1957 3772//1957 3756//1957 
f 1918//1958 1735//1958 1772//1958 
f 1952//1959 1918//1959 1772//1959 
f 2125//1960 1918//1960 1952//1960 
f 2131//1961 2125//1961 1952//1961 
f 2167//1962 2125//1962 2131//1962 
f 2311//1963 2167//1963 2131//1963 
f 2330//1964 2311//1964 2131//1964 
f 2566//1965 2311//1965 2330//1965 
f 2570//1966 2566//1966 2330//1966 
f 2915//1967 2566//1967 2570//1967 
f 2918//1968 2915//1968 2570//1968 
f 2925//1969 2915//1969 2918//1969 
f 3133//1970 2925//1970 2918//1970 
f 3164//1971 3133//1971 2918//1971 
f 3182//1972 3133//1972 3164//1972 
f 3363//1973 3182//1973 3164//1973 
f 3357//1974 3363//1974 3164//1974 
f 3527//1975 3363//1975 3357//1975 
f 3535//1976 3527//1976 3357//1976 
f 3570//1977 3527//1977 3535//1977 
f 3535//1978 3715//1978 3756//1978 
f 3646//1979 3535//1979 3756//1979 
f 3570//1980 3535//1980 3646//1980 
f 3853//1981 3772//1981 3715//1981 
f 3804//1982 3853//1982 3715//1982 
f 3852//1983 3853//1983 3804//1983 
f 3802//1984 3852//1984 3804//1984 
f 3844//1985 3852//1985 3802//1985 
f 3717//1986 3844//1986 3802//1986 
f 3757//1987 3844//1987 3717//1987 
f 1732//1988 1716//1988 1758//1988 
f 1775//1989 1732//1989 1758//1989 
f 1696//1990 1732//1990 1775//1990 
f 1717//1991 1696//1991 1775//1991 
f 1629//1992 1696//1992 1717//1992 
f 1630//1993 1629//1993 1717//1993 
f 1607//1994 1629//1994 1630//1994 
f 1605//1995 1607//1995 1630//1995 
f 1564//1996 1607//1996 1605//1996 
f 1553//1997 1564//1997 1605//1997 
f 1533//1998 1564//1998 1553//1998 
f 1515//1999 1533//1999 1553//1999 
f 1708//2000 1700//2000 1727//2000 
f 1751//2001 1708//2001 1727//2001 
f 1662//2002 1708//2002 1751//2002 
f 1702//2003 1662//2003 1751//2003 
f 1623//2004 1662//2004 1702//2004 
f 1626//2005 1623//2005 1702//2005 
f 1601//2006 1623//2006 1626//2006 
f 1599//2007 1601//2007 1626//2007 
f 1552//2008 1601//2008 1599//2008 
f 1539//2009 1552//2009 1599//2009 
f 1518//2010 1552//2010 1539//2010 
f 1502//2011 1518//2011 1539//2011 
f 3965//2012 3961//2012 3976//2012 
f 3987//2013 3965//2013 3976//2013 
f 3944//2014 3965//2014 3987//2014 
f 3962//2015 3944//2015 3987//2015 
f 3905//2016 3944//2016 3962//2016 
f 3910//2017 3905//2017 3962//2017 
f 3879//2018 3905//2018 3910//2018 
f 3873//2019 3879//2019 3910//2019 
f 3839//2020 3879//2020 3873//2020 
f 3813//2021 3839//2021 3873//2021 
f 3774//2022 3839//2022 3813//2022 
f 3733//2023 3774//2023 3813//2023 
f 3979//2024 3974//2024 3990//2024 
f 3996//2025 3979//2025 3990//2025 
f 3970//2026 3979//2026 3996//2026 
f 3985//2027 3970//2027 3996//2027 
f 3937//2028 3970//2028 3985//2028 
f 3950//2029 3937//2029 3985//2029 
f 3894//2030 3937//2030 3950//2030 
f 3898//2031 3894//2031 3950//2031 
f 3875//2032 3894//2032 3898//2032 
f 3868//2033 3875//2033 3898//2033 
f 3856//2034 3875//2034 3868//2034 
f 3827//2035 3856//2035 3868//2035 
f 3792//2036 3856//2036 3827//2036 
f 3761//2037 3792//2037 3827//2037 
f 2985//2038 2710//2038 2963//2038 
f 2710//2039 2979//2039 2950//2039 
f 2710//2040 2923//2040 2890//2040 
f 2710//2041 2861//2041 2802//2041 
f 2710//2042 2654//2042 2618//2042 
f 2488//2043 2710//2043 2557//2043 
f 2710//2044 2573//2044 2557//2044 
f 2710//2045 2618//2045 2573//2045 
f 2710//2046 2802//2046 2654//2046 
f 2710//2047 2890//2047 2861//2047 
f 2710//2048 2950//2048 2923//2048 
f 2710//2049 2985//2049 2979//2049 
f 2985//2050 2963//2050 2964//2050 
f 2986//2051 2985//2051 2964//2051 
f 2979//2052 2985//2052 2986//2052 
f 2980//2053 2979//2053 2986//2053 
f 2950//2054 2979//2054 2980//2054 
f 2951//2055 2950//2055 2980//2055 
f 2923//2056 2950//2056 2951//2056 
f 2924//2057 2923//2057 2951//2057 
f 2890//2058 2923//2058 2924//2058 
f 2891//2059 2890//2059 2924//2059 
f 2861//2060 2890//2060 2891//2060 
f 2862//2061 2861//2061 2891//2061 
f 2802//2062 2861//2062 2862//2062 
f 2803//2063 2802//2063 2862//2063 
f 2654//2064 2802//2064 2803//2064 
f 2655//2065 2654//2065 2803//2065 
f 2618//2066 2654//2066 2655//2066 
f 2619//2067 2618//2067 2655//2067 
f 2573//2068 2618//2068 2619//2068 
f 2574//2069 2573//2069 2619//2069 
f 2557//2070 2573//2070 2574//2070 
f 2558//2071 2557//2071 2574//2071 
f 2488//2072 2557//2072 2558//2072 
f 2489//2073 2488//2073 2558//2073 
f 2551//2074 2471//2074 2489//2074 
f 2558//2075 2551//2075 2489//2075 
f 2588//2076 2551//2076 2558//2076 
f 2574//2077 2588//2077 2558//2077 
f 2617//2078 2588//2078 2574//2078 
f 2617//2079 2574//2079 2619//2079 
f 2655//2080 2617//2080 2619//2080 
f 2808//2081 2617//2081 2655//2081 
f 2808//2082 2655//2082 2803//2082 
f 2862//2083 2808//2083 2803//2083 
f 2896//2084 2808//2084 2862//2084 
f 2891//2085 2896//2085 2862//2085 
f 2960//2086 2896//2086 2891//2086 
f 2960//2087 2891//2087 2924//2087 
f 2951//2088 2960//2088 2924//2088 
f 2998//2089 2960//2089 2951//2089 
f 2974//2090 2986//2090 2964//2090 
f 2998//2091 2951//2091 2980//2091 
f 2986//2092 2998//2092 2980//2092 
f 2990//2093 2998//2093 2986//2093 
f 2974//2094 2990//2094 2986//2094 
f 3285//2095 3269//2095 3274//2095 
f 2301//2096 2211//2096 2231//2096 
f 2242//2097 2301//2097 2231//2097 
f 2259//2098 2301//2098 2242//2098 
f 2301//2099 2259//2099 2297//2099 
f 2308//2100 2301//2100 2297//2100 
f 2322//2101 2301//2101 2308//2101 
f 2322//2102 2308//2102 2323//2102 
f 2359//2103 2322//2103 2323//2103 
f 2369//2104 2322//2104 2359//2104 
f 2369//2105 2359//2105 2362//2105 
f 2384//2106 2369//2106 2362//2106 
f 2409//2107 2369//2107 2384//2107 
f 2550//2108 2466//2108 2469//2108 
f 2555//2109 2550//2109 2469//2109 
f 2582//2110 2550//2110 2555//2110 
f 2579//2111 2582//2111 2555//2111 
f 2598//2112 2582//2112 2579//2112 
f 2409//2113 2384//2113 2400//2113 
f 2419//2114 2409//2114 2400//2114 
f 2420//2115 2409//2115 2419//2115 
f 2422//2116 2420//2116 2419//2116 
f 2466//2117 2420//2117 2422//2117 
f 2463//2118 2466//2118 2422//2118 
f 2469//2119 2466//2119 2463//2119 
f 2856//2120 2885//2120 2859//2120 
f 2854//2121 2856//2121 2859//2121 
f 2661//2122 2854//2122 2859//2122 
f 2711//2123 2854//2123 2661//2123 
f 2598//2124 2579//2124 2599//2124 
f 2615//2125 2598//2125 2599//2125 
f 2661//2126 2598//2126 2615//2126 
f 2657//2127 2661//2127 2615//2127 
f 2711//2128 2661//2128 2657//2128 
f 3038//2129 2941//2129 3035//2129 
f 3049//2130 3038//2130 3035//2130 
f 3066//2131 3038//2131 3049//2131 
f 2885//2132 2856//2132 2886//2132 
f 2905//2133 2885//2133 2886//2133 
f 2936//2134 2885//2134 2905//2134 
f 2932//2135 2936//2135 2905//2135 
f 2941//2136 2936//2136 2932//2136 
f 2988//2137 2941//2137 2932//2137 
f 3035//2138 2941//2138 2988//2138 
f 3066//2139 3049//2139 3068//2139 
f 3092//2140 3066//2140 3068//2140 
f 3098//2141 3066//2141 3092//2141 
f 3093//2142 3098//2142 3092//2142 
f 3140//2143 3098//2143 3093//2143 
f 3140//2144 3093//2144 3130//2144 
f 3152//2145 3140//2145 3130//2145 
f 3175//2146 3140//2146 3152//2146 
f 3171//2147 3175//2147 3152//2147 
f 3198//2148 3175//2148 3171//2148 
f 3207//2149 3198//2149 3171//2149 
f 3198//2150 3207//2150 3208//2150 
f 3242//2151 3198//2151 3208//2151 
f 3285//2152 3198//2152 3242//2152 
f 3255//2153 3285//2153 3242//2153 
f 3269//2154 3285//2154 3255//2154 
f 3297//2155 3300//2155 3299//2155 
f 3285//2156 3297//2156 3299//2156 
f 3295//2157 3297//2157 3285//2157 
f 3274//2158 3295//2158 3285//2158 
f 2211//2159 2203//2159 2205//2159 
f 2220//2160 2211//2160 2205//2160 
f 2231//2161 2211//2161 2220//2161 
f 2197//2162 2203//2162 2211//2162 
f 2193//2163 2197//2163 2211//2163 
f 2194//2164 2197//2164 2193//2164 
f 1693//2165 1694//2165 1648//2165 
f 1647//2166 1693//2166 1648//2166 
f 1647//2167 1648//2167 1650//2167 
f 1654//2168 1647//2168 1650//2168 
f 1669//2169 1647//2169 1654//2169 
f 1669//2170 1654//2170 1673//2170 
f 1710//2171 1669//2171 1673//2171 
f 1752//2172 1669//2172 1710//2172 
f 1752//2173 1710//2173 1754//2173 
f 1814//2174 1752//2174 1754//2174 
f 1878//2175 1752//2175 1814//2175 
f 1878//2176 1814//2176 1879//2176 
f 1904//2177 1878//2177 1879//2177 
f 1994//2178 1878//2178 1904//2178 
f 2017//2179 2063//2179 2062//2179 
f 1994//2180 2017//2180 2062//2180 
f 1990//2181 2017//2181 1994//2181 
f 1904//2182 1990//2182 1994//2182 
f 1947//2183 1893//2183 1896//2183 
f 1893//2184 1845//2184 1896//2184 
f 1893//2185 1812//2185 1845//2185 
f 1973//2186 1893//2186 2004//2186 
f 1893//2187 1983//2187 2004//2187 
f 1893//2188 1947//2188 1983//2188 
f 1836//2189 1893//2189 1889//2189 
f 1893//2190 1937//2190 1889//2190 
f 1893//2191 1973//2191 1937//2191 
f 1812//2192 1893//2192 1781//2192 
f 1893//2193 1800//2193 1781//2193 
f 1893//2194 1836//2194 1800//2194 
f 1983//2195 1947//2195 2007//2195 
f 2004//2196 1983//2196 2007//2196 
f 1973//2197 2004//2197 1995//2197 
f 1937//2198 1973//2198 1995//2198 
f 1889//2199 1937//2199 1885//2199 
f 1836//2200 1889//2200 1885//2200 
f 1800//2201 1836//2201 1768//2201 
f 1781//2202 1800//2202 1768//2202 
f 1896//2203 1845//2203 1897//2203 
f 1947//2204 1896//2204 1897//2204 
f 1812//2205 1781//2205 1788//2205 
f 1845//2206 1812//2206 1788//2206 
f 1947//2207 1897//2207 1898//2207 
f 2008//2208 1947//2208 1898//2208 
f 2007//2209 1947//2209 2008//2209 
f 2004//2210 2007//2210 2008//2210 
f 1996//2211 2004//2211 2008//2211 
f 1995//2212 2004//2212 1996//2212 
f 1937//2213 1995//2213 1996//2213 
f 1886//2214 1937//2214 1996//2214 
f 1885//2215 1937//2215 1886//2215 
f 1836//2216 1885//2216 1886//2216 
f 1769//2217 1836//2217 1886//2217 
f 1768//2218 1836//2218 1769//2218 
f 1781//2219 1768//2219 1769//2219 
f 1789//2220 1781//2220 1769//2220 
f 1788//2221 1781//2221 1789//2221 
f 1845//2222 1788//2222 1789//2222 
f 1898//2223 1845//2223 1789//2223 
f 1897//2224 1845//2224 1898//2224 
f 1769//2225 1686//2225 1678//2225 
f 1789//2226 1769//2226 1678//2226 
f 1789//2227 1678//2227 1712//2227 
f 1787//2228 1789//2228 1712//2228 
f 1898//2229 1789//2229 1787//2229 
f 1769//2230 1886//2230 1821//2230 
f 1725//2231 1769//2231 1821//2231 
f 1686//2232 1769//2232 1725//2232 
f 2008//2233 2066//2233 2077//2233 
f 1996//2234 2008//2234 2077//2234 
f 1996//2235 2077//2235 2050//2235 
f 1997//2236 1996//2236 2050//2236 
f 1886//2237 1996//2237 1997//2237 
f 1900//2238 1886//2238 1997//2238 
f 1821//2239 1886//2239 1900//2239 
f 1898//2240 1787//2240 1884//2240 
f 1960//2241 1898//2241 1884//2241 
f 2008//2242 1898//2242 1960//2242 
f 2040//2243 2008//2243 1960//2243 
f 2066//2244 2008//2244 2040//2244 
f 1653//2245 1650//2245 1648//2245 
f 1659//2246 1673//2246 1654//2246 
f 2052//2247 1997//2247 2050//2247 
f 1901//2248 1821//2248 1900//2248 
f 1820//2249 1725//2249 1821//2249 
f 1722//2250 1686//2250 1725//2250 
f 1684//2251 1678//2251 1686//2251 
f 1671//2252 1712//2252 1678//2252 
f 1998//2253 1997//2253 2052//2253 
f 2058//2254 1998//2254 2052//2254 
f 2006//2255 1998//2255 2058//2255 
f 2060//2256 2006//2256 2058//2256 
f 2010//2257 2006//2257 2060//2257 
f 1820//2258 1821//2258 1901//2258 
f 1902//2259 1820//2259 1901//2259 
f 1819//2260 1820//2260 1902//2260 
f 1903//2261 1819//2261 1902//2261 
f 1815//2262 1819//2262 1903//2262 
f 2010//2263 2060//2263 2063//2263 
f 2017//2264 2010//2264 2063//2264 
f 1990//2265 2010//2265 2017//2265 
f 2010//2266 1990//2266 1903//2266 
f 1902//2267 2010//2267 1903//2267 
f 2006//2268 2010//2268 1902//2268 
f 1901//2269 2006//2269 1902//2269 
f 1998//2270 2006//2270 1901//2270 
f 1900//2271 1998//2271 1901//2271 
f 1997//2272 1998//2272 1900//2272 
f 1722//2273 1725//2273 1820//2273 
f 1819//2274 1722//2274 1820//2274 
f 1714//2275 1722//2275 1819//2275 
f 1815//2276 1714//2276 1819//2276 
f 1713//2277 1714//2277 1815//2277 
f 1754//2278 1713//2278 1815//2278 
f 1710//2279 1713//2279 1754//2279 
f 1903//2280 1990//2280 1904//2280 
f 1879//2281 1903//2281 1904//2281 
f 1815//2282 1903//2282 1879//2282 
f 1814//2283 1815//2283 1879//2283 
f 1754//2284 1815//2284 1814//2284 
f 1684//2285 1686//2285 1722//2285 
f 1714//2286 1684//2286 1722//2286 
f 1667//2287 1684//2287 1714//2287 
f 1713//2288 1667//2288 1714//2288 
f 1659//2289 1667//2289 1713//2289 
f 1710//2290 1659//2290 1713//2290 
f 1673//2291 1659//2291 1710//2291 
f 1671//2292 1678//2292 1684//2292 
f 1667//2293 1671//2293 1684//2293 
f 1660//2294 1671//2294 1667//2294 
f 1659//2295 1660//2295 1667//2295 
f 1653//2296 1660//2296 1659//2296 
f 1654//2297 1653//2297 1659//2297 
f 1650//2298 1653//2298 1654//2298 
f 1709//2299 1712//2299 1671//2299 
f 1660//2300 1709//2300 1671//2300 
f 1703//2301 1709//2301 1660//2301 
f 1653//2302 1703//2302 1660//2302 
f 1698//2303 1703//2303 1653//2303 
f 1648//2304 1698//2304 1653//2304 
f 1694//2305 1698//2305 1648//2305 
f 2062//2306 2063//2306 2100//2306 
f 2103//2307 2062//2307 2100//2307 
f 2103//2308 2100//2308 2097//2308 
f 2094//2309 2103//2309 2097//2309 
f 2083//2310 2103//2310 2094//2310 
f 2083//2311 2094//2311 2079//2311 
f 2051//2312 2083//2312 2079//2312 
f 2022//2313 2083//2313 2051//2313 
f 2022//2314 2051//2314 2020//2314 
f 1970//2315 2022//2315 2020//2315 
f 1906//2316 2022//2316 1970//2316 
f 1906//2317 1970//2317 1905//2317 
f 1880//2318 1906//2318 1905//2318 
f 1790//2319 1906//2319 1880//2319 
f 1762//2320 1694//2320 1693//2320 
f 1790//2321 1762//2321 1693//2321 
f 1791//2322 1762//2322 1790//2322 
f 1880//2323 1791//2323 1790//2323 
f 152//2324 117//2324 125//2324 
f 18//2325 12//2325 45//2325 
f 50//2326 18//2326 45//2326 
f 27//2327 18//2327 50//2327 
f 65//2328 27//2328 50//2328 
f 31//2329 27//2329 65//2329 
f 70//2330 31//2330 65//2330 
f 55//2331 31//2331 70//2331 
f 132//2332 127//2332 161//2332 
f 162//2333 132//2333 161//2333 
f 136//2334 132//2334 162//2334 
f 169//2335 136//2335 162//2335 
f 140//2336 136//2336 169//2336 
f 172//2337 140//2337 169//2337 
f 173//2338 140//2338 172//2338 
f 83//2339 92//2339 108//2339 
f 112//2340 83//2340 108//2340 
f 87//2341 83//2341 112//2341 
f 122//2342 87//2342 112//2342 
f 99//2343 87//2343 122//2343 
f 129//2344 99//2344 122//2344 
f 105//2345 99//2345 129//2345 
f 144//2346 105//2346 129//2346 
f 118//2347 105//2347 144//2347 
f 151//2348 118//2348 144//2348 
f 127//2349 118//2349 151//2349 
f 155//2350 127//2350 151//2350 
f 161//2351 127//2351 155//2351 
f 55//2352 70//2352 77//2352 
f 90//2353 55//2353 77//2353 
f 61//2354 55//2354 90//2354 
f 92//2355 61//2355 90//2355 
f 63//2356 61//2356 92//2356 
f 83//2357 63//2357 92//2357 
f 104//2358 117//2358 152//2358 
f 135//2359 141//2359 174//2359 
f 170//2360 135//2360 174//2360 
f 131//2361 135//2361 170//2361 
f 131//2362 170//2362 166//2362 
f 158//2363 131//2363 166//2363 
f 125//2364 131//2364 158//2364 
f 157//2365 125//2365 158//2365 
f 152//2366 125//2366 157//2366 
f 109//2367 74//2367 82//2367 
f 60//2368 74//2368 109//2368 
f 104//2369 152//2369 146//2369 
f 138//2370 104//2370 146//2370 
f 98//2371 104//2371 138//2371 
f 121//2372 98//2372 138//2372 
f 82//2373 98//2373 121//2373 
f 114//2374 82//2374 121//2374 
f 109//2375 82//2375 114//2375 
f 60//2376 109//2376 95//2376 
f 94//2377 60//2377 95//2377 
f 57//2378 60//2378 94//2378 
f 79//2379 57//2379 94//2379 
f 30//2380 57//2380 79//2380 
f 71//2381 30//2381 79//2381 
f 25//2382 30//2382 71//2382 
f 67//2383 25//2383 71//2383 
f 20//2384 25//2384 67//2384 
f 51//2385 20//2385 67//2385 
f 15//2386 20//2386 51//2386 
f 47//2387 15//2387 51//2387 
f 11//2388 15//2388 47//2388 
f 43//2389 11//2389 47//2389 
f 2//2390 11//2390 43//2390 
f 38//2391 2//2391 43//2391 
f 4//2392 2//2392 38//2392 
f 37//2393 4//2393 38//2393 
f 5//2394 4//2394 37//2394 
f 34//2395 5//2395 37//2395 
f 12//2396 5//2396 34//2396 
f 41//2397 12//2397 34//2397 
f 45//2398 12//2398 41//2398 
f 2253//2399 2252//2399 2235//2399 
f 3296//2400 3272//2400 3270//2400 
f 3088//2401 3037//2401 3060//2401 
f 3076//2402 3088//2402 3060//2402 
f 3080//2403 3088//2403 3076//2403 
f 2895//2404 2837//2404 2882//2404 
f 2893//2405 2895//2405 2882//2405 
f 2935//2406 2895//2406 2893//2406 
f 2908//2407 2935//2407 2893//2407 
f 3020//2408 2935//2408 2908//2408 
f 3011//2409 3020//2409 2908//2409 
f 3037//2410 3020//2410 3011//2410 
f 3027//2411 3037//2411 3011//2411 
f 3060//2412 3037//2412 3027//2412 
f 3254//2413 3259//2413 3278//2413 
f 3258//2414 3254//2414 3278//2414 
f 3247//2415 3254//2415 3258//2415 
f 3264//2416 3272//2416 3296//2416 
f 3292//2417 3264//2417 3296//2417 
f 3259//2418 3264//2418 3292//2418 
f 3288//2419 3259//2419 3292//2419 
f 3278//2420 3259//2420 3288//2420 
f 3230//2421 3247//2421 3258//2421 
f 3252//2422 3230//2422 3258//2422 
f 3199//2423 3230//2423 3252//2423 
f 3215//2424 3199//2424 3252//2424 
f 3172//2425 3199//2425 3215//2425 
f 3209//2426 3172//2426 3215//2426 
f 3156//2427 3172//2427 3209//2427 
f 3138//2428 3156//2428 3209//2428 
f 3127//2429 3156//2429 3138//2429 
f 3132//2430 3127//2430 3138//2430 
f 3118//2431 3127//2431 3132//2431 
f 3080//2432 3118//2432 3132//2432 
f 3096//2433 3080//2433 3132//2433 
f 3088//2434 3080//2434 3096//2434 
f 2280//2435 2252//2435 2253//2435 
f 2204//2436 2199//2436 2223//2436 
f 2225//2437 2204//2437 2223//2437 
f 2215//2438 2204//2438 2225//2438 
f 2215//2439 2225//2439 2229//2439 
f 2241//2440 2215//2440 2229//2440 
f 2235//2441 2215//2441 2241//2441 
f 2243//2442 2235//2442 2241//2442 
f 2253//2443 2235//2443 2243//2443 
f 2406//2444 2368//2444 2401//2444 
f 2412//2445 2406//2445 2401//2445 
f 2410//2446 2406//2446 2412//2446 
f 2432//2447 2410//2447 2412//2447 
f 2470//2448 2410//2448 2432//2448 
f 2457//2449 2470//2449 2432//2449 
f 2472//2450 2470//2450 2457//2450 
f 2483//2451 2472//2451 2457//2451 
f 2583//2452 2472//2452 2483//2452 
f 2564//2453 2583//2453 2483//2453 
f 2591//2454 2583//2454 2564//2454 
f 2280//2455 2253//2455 2295//2455 
f 2302//2456 2280//2456 2295//2456 
f 2305//2457 2280//2457 2302//2457 
f 2342//2458 2305//2458 2302//2458 
f 2347//2459 2305//2459 2342//2459 
f 2363//2460 2347//2460 2342//2460 
f 2361//2461 2347//2461 2363//2461 
f 2368//2462 2361//2462 2363//2462 
f 2370//2463 2361//2463 2368//2463 
f 2406//2464 2370//2464 2368//2464 
f 2837//2465 2895//2465 2860//2465 
f 2847//2466 2837//2466 2860//2466 
f 2760//2467 2837//2467 2847//2467 
f 2759//2468 2760//2468 2847//2468 
f 2640//2469 2760//2469 2759//2469 
f 2662//2470 2640//2470 2759//2470 
f 2606//2471 2640//2471 2662//2471 
f 2591//2472 2606//2472 2662//2472 
f 2595//2473 2606//2473 2591//2473 
f 2564//2474 2595//2474 2591//2474 
f 2173//2475 2194//2475 2195//2475 
f 2197//2476 2194//2476 2173//2476 
f 3105//2477 3093//2477 3092//2477 
f 3062//2478 3105//2478 3092//2478 
f 3313//2479 3318//2479 3300//2479 
f 3297//2480 3313//2480 3300//2480 
f 3311//2481 3313//2481 3297//2481 
f 2197//2482 2173//2482 2174//2482 
f 2175//2483 2197//2483 2174//2483 
f 2203//2484 2197//2484 2175//2484 
f 2181//2485 2203//2485 2175//2485 
f 2205//2486 2203//2486 2181//2486 
f 2230//2487 2271//2487 2297//2487 
f 2259//2488 2230//2488 2297//2488 
f 2221//2489 2230//2489 2259//2489 
f 2242//2490 2221//2490 2259//2490 
f 2220//2491 2205//2491 2181//2491 
f 2185//2492 2220//2492 2181//2492 
f 2231//2493 2220//2493 2185//2493 
f 2189//2494 2231//2494 2185//2494 
f 2242//2495 2231//2495 2189//2495 
f 2217//2496 2242//2496 2189//2496 
f 2221//2497 2242//2497 2217//2497 
f 2413//2498 2458//2498 2422//2498 
f 2419//2499 2413//2499 2422//2499 
f 2399//2500 2413//2500 2419//2500 
f 2400//2501 2399//2501 2419//2501 
f 2380//2502 2399//2502 2400//2502 
f 2384//2503 2380//2503 2400//2503 
f 2358//2504 2380//2504 2384//2504 
f 2362//2505 2358//2505 2384//2505 
f 2335//2506 2358//2506 2362//2506 
f 2359//2507 2335//2507 2362//2507 
f 2274//2508 2335//2508 2359//2508 
f 2323//2509 2274//2509 2359//2509 
f 2271//2510 2274//2510 2323//2510 
f 2308//2511 2271//2511 2323//2511 
f 2297//2512 2271//2512 2308//2512 
f 2863//2513 2909//2513 2886//2513 
f 2856//2514 2863//2514 2886//2514 
f 2857//2515 2863//2515 2856//2515 
f 2854//2516 2857//2516 2856//2516 
f 2709//2517 2857//2517 2854//2517 
f 2711//2518 2709//2518 2854//2518 
f 2658//2519 2709//2519 2711//2519 
f 2657//2520 2658//2520 2711//2520 
f 2644//2521 2658//2521 2657//2521 
f 2615//2522 2644//2522 2657//2522 
f 2614//2523 2644//2523 2615//2523 
f 2599//2524 2614//2524 2615//2524 
f 2578//2525 2614//2525 2599//2525 
f 2579//2526 2578//2526 2599//2526 
f 2544//2527 2578//2527 2579//2527 
f 2555//2528 2544//2528 2579//2528 
f 2462//2529 2544//2529 2555//2529 
f 2469//2530 2462//2530 2555//2530 
f 2458//2531 2462//2531 2469//2531 
f 2463//2532 2458//2532 2469//2532 
f 2422//2533 2458//2533 2463//2533 
f 3062//2534 3092//2534 3068//2534 
f 3049//2535 3062//2535 3068//2535 
f 3046//2536 3062//2536 3049//2536 
f 3035//2537 3046//2537 3049//2537 
f 3003//2538 3046//2538 3035//2538 
f 2988//2539 3003//2539 3035//2539 
f 2937//2540 3003//2540 2988//2540 
f 2932//2541 2937//2541 2988//2541 
f 2909//2542 2937//2542 2932//2542 
f 2905//2543 2909//2543 2932//2543 
f 2886//2544 2909//2544 2905//2544 
f 3158//2545 3181//2545 3152//2545 
f 3130//2546 3158//2546 3152//2546 
f 3148//2547 3158//2547 3130//2547 
f 3093//2548 3148//2548 3130//2548 
f 3106//2549 3148//2549 3093//2549 
f 3105//2550 3106//2550 3093//2550 
f 3311//2551 3297//2551 3295//2551 
f 3274//2552 3311//2552 3295//2552 
f 3303//2553 3311//2553 3274//2553 
f 3269//2554 3303//2554 3274//2554 
f 3294//2555 3303//2555 3269//2555 
f 3255//2556 3294//2556 3269//2556 
f 3282//2557 3294//2557 3255//2557 
f 3242//2558 3282//2558 3255//2558 
f 3238//2559 3282//2559 3242//2559 
f 3208//2560 3238//2560 3242//2560 
f 3235//2561 3238//2561 3208//2561 
f 3207//2562 3235//2562 3208//2562 
f 3181//2563 3235//2563 3207//2563 
f 3171//2564 3181//2564 3207//2564 
f 3152//2565 3181//2565 3171//2565 
f 2193//2566 2195//2566 2194//2566 
f 2210//2567 2214//2567 2208//2567 
f 2198//2568 2210//2568 2208//2568 
f 2193//2569 2210//2569 2198//2569 
f 2196//2570 2193//2570 2198//2570 
f 2195//2571 2193//2571 2196//2571 
f 2321//2572 2320//2572 2313//2572 
f 2288//2573 2321//2573 2313//2573 
f 2298//2574 2321//2574 2288//2574 
f 2298//2575 2288//2575 2250//2575 
f 2246//2576 2298//2576 2250//2576 
f 2210//2577 2298//2577 2246//2577 
f 2224//2578 2210//2578 2246//2578 
f 2214//2579 2210//2579 2224//2579 
f 2343//2580 2320//2580 2321//2580 
f 2353//2581 2343//2581 2321//2581 
f 2367//2582 2343//2582 2353//2582 
f 2398//2583 2367//2583 2353//2583 
f 2393//2584 2398//2584 2353//2584 
f 2402//2585 2398//2585 2393//2585 
f 2423//2586 2402//2586 2393//2586 
f 2421//2587 2402//2587 2423//2587 
f 2441//2588 2421//2588 2423//2588 
f 2451//2589 2441//2589 2423//2589 
f 2460//2590 2441//2590 2451//2590 
f 2547//2591 2460//2591 2451//2591 
f 2505//2592 2460//2592 2547//2592 
f 2568//2593 2505//2593 2547//2593 
f 2554//2594 2568//2594 2547//2594 
f 2584//2595 2568//2595 2554//2595 
f 2601//2596 2584//2596 2554//2596 
f 2600//2597 2584//2597 2601//2597 
f 2636//2598 2600//2598 2601//2598 
f 2631//2599 2636//2599 2601//2599 
f 2646//2600 2636//2600 2631//2600 
f 2832//2601 2646//2601 2631//2601 
f 2784//2602 2646//2602 2832//2602 
f 2832//2603 2888//2603 2873//2603 
f 2836//2604 2832//2604 2873//2604 
f 2784//2605 2832//2605 2836//2605 
f 2940//2606 3024//2606 3025//2606 
f 2934//2607 2940//2607 3025//2607 
f 2907//2608 2940//2608 2934//2608 
f 2910//2609 2907//2609 2934//2609 
f 2888//2610 2907//2610 2910//2610 
f 2887//2611 2888//2611 2910//2611 
f 2873//2612 2888//2612 2887//2612 
f 3069//2613 3084//2613 3070//2613 
f 3067//2614 3069//2614 3070//2614 
f 3024//2615 3069//2615 3067//2615 
f 3029//2616 3024//2616 3067//2616 
f 3025//2617 3024//2617 3029//2617 
f 3174//2618 3134//2618 3123//2618 
f 3123//2619 3134//2619 3129//2619 
f 3107//2620 3123//2620 3129//2620 
f 3084//2621 3123//2621 3107//2621 
f 3090//2622 3084//2622 3107//2622 
f 3070//2623 3084//2623 3090//2623 
f 3249//2624 3233//2624 3195//2624 
f 3284//2625 3249//2625 3195//2625 
f 3261//2626 3249//2626 3284//2626 
f 3195//2627 3233//2627 3200//2627 
f 3186//2628 3195//2628 3200//2628 
f 3174//2629 3195//2629 3186//2629 
f 3173//2630 3174//2630 3186//2630 
f 3134//2631 3174//2631 3173//2631 
f 3284//2632 3291//2632 3289//2632 
f 3275//2633 3284//2633 3289//2633 
f 3261//2634 3284//2634 3275//2634 
f 3298//2635 3291//2635 3284//2635 
f 3299//2636 3298//2636 3284//2636 
f 3300//2637 3298//2637 3299//2637 
f 2964//2638 2898//2638 2901//2638 
f 2974//2639 2964//2639 2901//2639 
f 2608//2640 2525//2640 2597//2640 
f 2602//2641 2608//2641 2597//2641 
f 2778//2642 2608//2642 2602//2642 
f 2783//2643 2778//2643 2602//2643 
f 2898//2644 2778//2644 2783//2644 
f 2884//2645 2898//2645 2783//2645 
f 2901//2646 2898//2646 2884//2646 
f 2468//2647 2489//2647 2471//2647 
f 2461//2648 2468//2648 2471//2648 
f 2525//2649 2468//2649 2461//2649 
f 2510//2650 2525//2650 2461//2650 
f 2597//2651 2525//2651 2510//2651 
f 2467//2652 2488//2652 2489//2652 
f 2468//2653 2467//2653 2489//2653 
f 2524//2654 2467//2654 2468//2654 
f 2525//2655 2524//2655 2468//2655 
f 2607//2656 2524//2656 2525//2656 
f 2608//2657 2607//2657 2525//2657 
f 2777//2658 2607//2658 2608//2658 
f 2778//2659 2777//2659 2608//2659 
f 2897//2660 2777//2660 2778//2660 
f 2898//2661 2897//2661 2778//2661 
f 2963//2662 2897//2662 2898//2662 
f 2964//2663 2963//2663 2898//2663 
f 2607//2664 2710//2664 2524//2664 
f 2710//2665 2467//2665 2524//2665 
f 2710//2666 2488//2666 2467//2666 
f 2963//2667 2710//2667 2897//2667 
f 2710//2668 2777//2668 2897//2668 
f 2710//2669 2607//2669 2777//2669 
f 3783//2670 3792//2670 3761//2670 
f 3739//2671 3783//2671 3761//2671 
f 3829//2672 3783//2672 3739//2672 
f 3789//2673 3829//2673 3739//2673 
f 3867//2674 3829//2674 3789//2674 
f 3863//2675 3867//2675 3789//2675 
f 3890//2676 3867//2676 3863//2676 
f 3892//2677 3890//2677 3863//2677 
f 3941//2678 3890//2678 3892//2678 
f 3954//2679 3941//2679 3892//2679 
f 3974//2680 3941//2680 3954//2680 
f 3990//2681 3974//2681 3954//2681 
f 3961//2682 3947//2682 3976//2682 
f 3947//2683 3961//2683 3932//2683 
f 3928//2684 3947//2684 3932//2684 
f 3899//2685 3947//2685 3928//2685 
f 3899//2686 3928//2686 3891//2686 
f 3884//2687 3899//2687 3891//2687 
f 3869//2688 3899//2688 3884//2688 
f 3869//2689 3884//2689 3872//2689 
f 3862//2690 3869//2690 3872//2690 
f 3822//2691 3869//2691 3862//2691 
f 3851//2692 3822//2692 3862//2692 
f 3747//2693 3822//2693 3851//2693 
f 3799//2694 3747//2694 3851//2694 
f 3758//2695 3774//2695 3733//2695 
f 3705//2696 3758//2696 3733//2696 
f 3763//2697 3758//2697 3705//2697 
f 3747//2698 3763//2698 3705//2698 
f 3779//2699 3763//2699 3747//2699 
f 3799//2700 3779//2700 3747//2700 
f 1514//2701 1518//2701 1502//2701 
f 1498//2702 1514//2702 1502//2702 
f 1524//2703 1514//2703 1498//2703 
f 1507//2704 1524//2704 1498//2704 
f 1557//2705 1524//2705 1507//2705 
f 1543//2706 1557//2706 1507//2706 
f 1598//2707 1557//2707 1543//2707 
f 1593//2708 1598//2708 1543//2708 
f 1617//2709 1598//2709 1593//2709 
f 1621//2710 1617//2710 1593//2710 
f 1636//2711 1617//2711 1621//2711 
f 1664//2712 1636//2712 1621//2712 
f 1700//2713 1636//2713 1664//2713 
f 1727//2714 1700//2714 1664//2714 
f 1528//2715 1533//2715 1515//2715 
f 1505//2716 1528//2716 1515//2716 
f 1549//2717 1528//2717 1505//2717 
f 1530//2718 1549//2718 1505//2718 
f 1588//2719 1549//2719 1530//2719 
f 1582//2720 1588//2720 1530//2720 
f 1614//2721 1588//2721 1582//2721 
f 1618//2722 1614//2722 1582//2722 
f 1652//2723 1614//2723 1618//2723 
f 1680//2724 1652//2724 1618//2724 
f 1716//2725 1652//2725 1680//2725 
f 1758//2726 1716//2726 1680//2726 
f 1954//2727 1842//2727 1919//2727 
f 3537//2728 3359//2728 3364//2728 
f 3571//2729 3537//2729 3364//2729 
f 3717//2730 3537//2730 3571//2730 
f 3757//2731 3717//2731 3571//2731 
f 2572//2732 2332//2732 2328//2732 
f 2567//2733 2572//2733 2328//2733 
f 2920//2734 2572//2734 2567//2734 
f 2926//2735 2920//2735 2567//2735 
f 3166//2736 2920//2736 2926//2736 
f 3183//2737 3166//2737 2926//2737 
f 3359//2738 3166//2738 3183//2738 
f 3324//2739 3359//2739 3183//2739 
f 3364//2740 3359//2740 3324//2740 
f 2133//2741 1954//2741 1919//2741 
f 2126//2742 2133//2742 1919//2742 
f 2332//2743 2133//2743 2126//2743 
f 2312//2744 2332//2744 2126//2744 
f 2328//2745 2332//2745 2312//2745 
f 1736//2746 1842//2746 1954//2746 
f 1774//2747 1736//2747 1954//2747 
f 1638//2748 1736//2748 1774//2748 
f 1688//2749 1638//2749 1774//2749 
f 1639//2750 1638//2750 1688//2750 
f 1690//2751 1639//2751 1688//2751 
f 1640//2752 1639//2752 1690//2752 
f 1728//2753 1640//2753 1690//2753 
f 1772//2754 1728//2754 1690//2754 
f 1735//2755 1728//2755 1772//2755 
f 3358//2756 1689//2756 3165//2756 
f 2917//2757 3801//2757 3803//2757 
f 3716//2758 2329//2758 2130//2758 
f 1951//2759 3716//2759 2130//2759 
f 3716//2760 1951//2760 1771//2760 
f 1689//2761 3716//2761 1771//2761 
f 3536//2762 3716//2762 1689//2762 
f 3358//2763 3536//2763 1689//2763 
f 2917//2764 3803//2764 3714//2764 
f 3534//2765 2917//2765 3714//2765 
f 3163//2766 2917//2766 3534//2766 
f 3356//2767 3163//2767 3534//2767 
f 3716//2768 3801//2768 2917//2768 
f 2569//2769 3716//2769 2917//2769 
f 2329//2770 3716//2770 2569//2770 
f 1689//2771 1687//2771 2571//2771 
f 2919//2772 1689//2772 2571//2772 
f 3165//2773 1689//2773 2919//2773 
f 2571//2774 1687//2774 1773//2774 
f 1953//2775 2571//2775 1773//2775 
f 2331//2776 2571//2776 1953//2776 
f 2132//2777 2331//2777 1953//2777 
f 1689//2778 1771//2778 1772//2778 
f 1690//2779 1689//2779 1772//2779 
f 1687//2780 1689//2780 1690//2780 
f 1688//2781 1687//2781 1690//2781 
f 1773//2782 1687//2782 1688//2782 
f 1774//2783 1773//2783 1688//2783 
f 1953//2784 1773//2784 1774//2784 
f 1954//2785 1953//2785 1774//2785 
f 2132//2786 1953//2786 1954//2786 
f 2133//2787 2132//2787 1954//2787 
f 2331//2788 2132//2788 2133//2788 
f 2332//2789 2331//2789 2133//2789 
f 2571//2790 2331//2790 2332//2790 
f 2572//2791 2571//2791 2332//2791 
f 2919//2792 2571//2792 2572//2792 
f 2920//2793 2919//2793 2572//2793 
f 3165//2794 2919//2794 2920//2794 
f 3166//2795 3165//2795 2920//2795 
f 3358//2796 3165//2796 3166//2796 
f 3359//2797 3358//2797 3166//2797 
f 3536//2798 3358//2798 3359//2798 
f 3537//2799 3536//2799 3359//2799 
f 3716//2800 3536//2800 3537//2800 
f 3717//2801 3716//2801 3537//2801 
f 3731//2802 3597//2802 3696//2802 
f 4090//2803 4089//2803 4101//2803 
f 4227//2804 4090//2804 4101//2804 
f 4182//2805 4090//2805 4227//2805 
f 4210//2806 4182//2806 4227//2806 
f 4311//2807 4210//2807 4227//2807 
f 4253//2808 4210//2808 4311//2808 
f 4272//2809 4253//2809 4311//2809 
f 4204//2810 4253//2810 4272//2810 
f 4136//2811 4204//2811 4272//2811 
f 4108//2812 4204//2812 4136//2812 
f 4078//2813 4108//2813 4136//2813 
f 4073//2814 4108//2814 4078//2814 
f 4072//2815 4073//2815 4078//2815 
f 4041//2816 4072//2816 4078//2816 
f 4037//2817 4072//2817 4041//2817 
f 3949//2818 4037//2818 4041//2818 
f 3934//2819 4037//2819 3949//2819 
f 3949//2820 3731//2820 3696//2820 
f 3883//2821 3949//2821 3696//2821 
f 3934//2822 3949//2822 3883//2822 
f 3379//2823 3597//2823 3731//2823 
f 3347//2824 3379//2824 3731//2824 
f 3344//2825 3379//2825 3347//2825 
f 3045//2826 3344//2826 3347//2826 
f 3042//2827 3344//2827 3045//2827 
f 3045//2828 2562//2828 2810//2828 
f 3041//2829 3045//2829 2810//2829 
f 3042//2830 3045//2830 3041//2830 
f 2562//2831 2179//2831 2454//2831 
f 2565//2832 2562//2832 2454//2832 
f 2810//2833 2562//2833 2565//2833 
f 2179//2834 2562//2834 2172//2834 
f 1891//2835 2179//2835 2172//2835 
f 1899//2836 2179//2836 1891//2836 
f 1685//2837 1899//2837 1891//2837 
f 1591//2838 1685//2838 1891//2838 
f 1603//2839 1685//2839 1591//2839 
f 1458//2840 1603//2840 1591//2840 
f 1464//2841 1603//2841 1458//2841 
f 1431//2842 1464//2842 1458//2842 
f 1418//2843 1431//2843 1458//2843 
f 1424//2844 1431//2844 1418//2844 
f 1385//2845 1424//2845 1418//2845 
f 1396//2846 1424//2846 1385//2846 
f 923//2847 917//2847 964//2847 
f 4677//2848 4662//2848 4705//2848 
f 4715//2849 4677//2849 4705//2849 
f 4681//2850 4677//2850 4715//2850 
f 4761//2851 4681//2851 4715//2851 
f 4761//2852 4715//2852 4768//2852 
f 4769//2853 4761//2853 4768//2853 
f 4770//2854 4761//2854 4769//2854 
f 4788//2855 4770//2855 4769//2855 
f 4772//2856 4770//2856 4788//2856 
f 4777//2857 4772//2857 4788//2857 
f 4787//2858 4777//2858 4788//2858 
f 4776//2859 4777//2859 4787//2859 
f 4784//2860 4776//2860 4787//2860 
f 4775//2861 4776//2861 4784//2861 
f 4782//2862 4775//2862 4784//2862 
f 4765//2863 4775//2863 4782//2863 
f 4764//2864 4765//2864 4782//2864 
f 4756//2865 4765//2865 4764//2865 
f 4762//2866 4756//2866 4764//2866 
f 4639//2867 4756//2867 4762//2867 
f 4639//2868 4762//2868 4656//2868 
f 4650//2869 4639//2869 4656//2869 
f 4550//2870 4639//2870 4650//2870 
f 4467//2871 4550//2871 4650//2871 
f 4428//2872 4550//2872 4467//2872 
f 4463//2873 4428//2873 4467//2873 
f 4088//2874 4428//2874 4463//2874 
f 4088//2875 4463//2875 4098//2875 
f 4096//2876 4088//2876 4098//2876 
f 4060//2877 4088//2877 4096//2877 
f 4045//2878 4060//2878 4096//2878 
f 4038//2879 4060//2879 4045//2879 
f 4042//2880 4038//2880 4045//2880 
f 3968//2881 4038//2881 4042//2881 
f 3897//2882 3968//2882 4042//2882 
f 3886//2883 3968//2883 3897//2883 
f 3895//2884 3886//2884 3897//2884 
f 3702//2885 3886//2885 3895//2885 
f 3507//2886 3702//2886 3895//2886 
f 3676//2887 3702//2887 3507//2887 
f 3480//2888 3676//2888 3507//2888 
f 3142//2889 2635//2889 3112//2889 
f 3480//2890 3507//2890 3506//2890 
f 3146//2891 3480//2891 3506//2891 
f 3139//2892 3480//2892 3146//2892 
f 3142//2893 3139//2893 3146//2893 
f 3114//2894 3139//2894 3142//2894 
f 3112//2895 3114//2895 3142//2895 
f 2219//2896 2201//2896 2213//2896 
f 2633//2897 2219//2897 2213//2897 
f 2634//2898 2219//2898 2633//2898 
f 2635//2899 2634//2899 2633//2899 
f 2641//2900 2634//2900 2635//2900 
f 3142//2901 2641//2901 2635//2901 
f 2201//2902 1862//2902 1866//2902 
f 2177//2903 2201//2903 1866//2903 
f 2213//2904 2201//2904 2177//2904 
f 1541//2905 1536//2905 1546//2905 
f 1866//2906 1541//2906 1546//2906 
f 1852//2907 1541//2907 1866//2907 
f 1862//2908 1852//2908 1866//2908 
f 1536//2909 1434//2909 1436//2909 
f 1522//2910 1536//2910 1436//2910 
f 1546//2911 1536//2911 1522//2911 
f 1436//2912 1434//2912 1432//2912 
f 1336//2913 1436//2913 1432//2913 
f 1355//2914 1436//2914 1336//2914 
f 1327//2915 1355//2915 1336//2915 
f 1323//2916 1355//2916 1327//2916 
f 964//2917 1323//2917 1327//2917 
f 942//2918 964//2918 1327//2918 
f 923//2919 964//2919 942//2919 
f 814//2920 917//2920 923//2920 
f 781//2921 814//2921 923//2921 
f 744//2922 814//2922 781//2922 
f 3271//2923 3265//2923 3268//2923 
f 3270//2924 3271//2924 3268//2924 
f 3272//2925 3271//2925 3270//2925 
f 3201//2926 3246//2926 3206//2926 
f 3246//2927 3201//2927 3239//2927 
f 3248//2928 3246//2928 3239//2928 
f 3251//2929 3246//2929 3248//2929 
f 3250//2930 3251//2930 3248//2930 
f 3265//2931 3251//2931 3250//2931 
f 3263//2932 3265//2932 3250//2932 
f 3268//2933 3265//2933 3263//2933 
f 3155//2934 3135//2934 3128//2934 
f 3154//2935 3155//2935 3128//2935 
f 3206//2936 3155//2936 3154//2936 
f 3192//2937 3206//2937 3154//2937 
f 3201//2938 3206//2938 3192//2938 
f 3043//2939 2975//2939 3032//2939 
f 3058//2940 3043//2940 3032//2940 
f 3057//2941 3043//2941 3058//2941 
f 3079//2942 3057//2942 3058//2942 
f 3097//2943 3057//2943 3079//2943 
f 3089//2944 3097//2944 3079//2944 
f 3135//2945 3097//2945 3089//2945 
f 3124//2946 3135//2946 3089//2946 
f 3128//2947 3135//2947 3124//2947 
f 2938//2948 2881//2948 2892//2948 
f 2928//2949 2938//2949 2892//2949 
f 2975//2950 2938//2950 2928//2950 
f 3010//2951 2975//2951 2928//2951 
f 3032//2952 2975//2952 3010//2952 
f 2866//2953 2667//2953 2735//2953 
f 2850//2954 2866//2954 2735//2954 
f 2881//2955 2866//2955 2850//2955 
f 2880//2956 2881//2956 2850//2956 
f 2892//2957 2881//2957 2880//2957 
f 2603//2958 2587//2958 2594//2958 
f 2604//2959 2603//2959 2594//2959 
f 2667//2960 2603//2960 2604//2960 
f 2656//2961 2667//2961 2604//2961 
f 2735//2962 2667//2962 2656//2962 
f 2431//2963 2415//2963 2414//2963 
f 2430//2964 2431//2964 2414//2964 
f 2480//2965 2431//2965 2430//2965 
f 2464//2966 2480//2966 2430//2966 
f 2513//2967 2480//2967 2464//2967 
f 2481//2968 2513//2968 2464//2968 
f 2587//2969 2513//2969 2481//2969 
f 2581//2970 2587//2970 2481//2970 
f 2594//2971 2587//2971 2581//2971 
f 2338//2972 2325//2972 2337//2972 
f 2364//2973 2338//2973 2337//2973 
f 2375//2974 2338//2974 2364//2974 
f 2374//2975 2375//2975 2364//2975 
f 2415//2976 2375//2976 2374//2976 
f 2411//2977 2415//2977 2374//2977 
f 2414//2978 2415//2978 2411//2978 
f 2296//2979 2325//2979 2338//2979 
f 2324//2980 2296//2980 2338//2980 
f 2262//2981 2296//2981 2324//2981 
f 2261//2982 2262//2982 2324//2982 
f 2244//2983 2262//2983 2261//2983 
f 2238//2984 2244//2984 2261//2984 
f 2237//2985 2244//2985 2238//2985 
f 2233//2986 2237//2986 2238//2986 
f 2232//2987 2233//2987 2238//2987 
f 2228//2988 2233//2988 2232//2988 
f 2222//2989 2228//2989 2232//2989 
f 2223//2990 2228//2990 2222//2990 
f 788//2991 785//2991 171//2991 
f 173//2992 788//2992 171//2992 
f 172//2993 788//2993 173//2993 
f 147//2994 774//2994 748//2994 
f 774//2995 147//2995 153//2995 
f 156//2996 774//2996 153//2996 
f 777//2997 774//2997 156//2997 
f 159//2998 777//2998 156//2998 
f 785//2999 777//2999 159//2999 
f 167//3000 785//3000 159//3000 
f 171//3001 785//3001 167//3001 
f 720//3002 716//3002 111//3002 
f 120//3003 720//3003 111//3003 
f 748//3004 720//3004 120//3004 
f 139//3005 748//3005 120//3005 
f 147//3006 748//3006 139//3006 
f 684//3007 640//3007 72//3007 
f 78//3008 684//3008 72//3008 
f 695//3009 684//3009 78//3009 
f 91//3010 695//3010 78//3010 
f 707//3011 695//3011 91//3011 
f 96//3012 707//3012 91//3012 
f 716//3013 707//3013 96//3013 
f 110//3014 716//3014 96//3014 
f 111//3015 716//3015 110//3015 
f 593//3016 517//3016 46//3016 
f 52//3017 593//3017 46//3017 
f 640//3018 593//3018 52//3018 
f 68//3019 640//3019 52//3019 
f 72//3020 640//3020 68//3020 
f 488//3021 437//3021 36//3021 
f 39//3022 488//3022 36//3022 
f 517//3023 488//3023 39//3023 
f 42//3024 517//3024 39//3024 
f 46//3025 517//3025 42//3025 
f 518//3026 535//3026 44//3026 
f 40//3027 518//3027 44//3027 
f 437//3028 518//3028 40//3028 
f 33//3029 437//3029 40//3029 
f 36//3030 437//3030 33//3030 
f 698//3031 703//3031 89//3031 
f 76//3032 698//3032 89//3032 
f 669//3033 698//3033 76//3033 
f 69//3034 669//3034 76//3034 
f 637//3035 669//3035 69//3035 
f 66//3036 637//3036 69//3036 
f 535//3037 637//3037 66//3037 
f 49//3038 535//3038 66//3038 
f 44//3039 535//3039 49//3039 
f 722//3040 128//3040 123//3040 
f 113//3041 722//3041 123//3041 
f 712//3042 722//3042 113//3042 
f 107//3043 712//3043 113//3043 
f 703//3044 712//3044 107//3044 
f 93//3045 703//3045 107//3045 
f 89//3046 703//3046 93//3046 
f 145//3047 128//3047 722//3047 
f 735//3048 145//3048 722//3048 
f 150//3049 145//3049 735//3049 
f 766//3050 150//3050 735//3050 
f 154//3051 150//3051 766//3051 
f 778//3052 154//3052 766//3052 
f 160//3053 154//3053 778//3053 
f 163//3054 160//3054 778//3054 
f 783//3055 163//3055 778//3055 
f 168//3056 163//3056 783//3056 
f 787//3057 168//3057 783//3057 
f 174//3058 168//3058 787//3058 
f 4102//3059 4109//3059 4110//3059 
f 4103//3060 4102//3060 4110//3060 
f 4125//3061 4102//3061 4103//3061 
f 4126//3062 4125//3062 4103//3062 
f 4184//3063 4125//3063 4126//3063 
f 4185//3064 4184//3064 4126//3064 
f 4319//3065 4184//3065 4185//3065 
f 4320//3066 4319//3066 4185//3066 
f 4461//3067 4319//3067 4320//3067 
f 4461//3068 4320//3068 4462//3068 
f 4531//3069 4461//3069 4462//3069 
f 4561//3070 4461//3070 4531//3070 
f 4562//3071 4561//3071 4531//3071 
f 4617//3072 4561//3072 4562//3072 
f 4618//3073 4617//3073 4562//3073 
f 4125//3074 4184//3074 4167//3074 
f 4122//3075 4125//3075 4167//3075 
f 4102//3076 4125//3076 4122//3076 
f 4116//3077 4102//3077 4122//3077 
f 4109//3078 4102//3078 4116//3078 
f 4163//3079 4109//3079 4116//3079 
f 4178//3080 4109//3080 4163//3080 
f 4286//3081 4178//3081 4163//3081 
f 4331//3082 4178//3082 4286//3082 
f 4426//3083 4331//3083 4286//3083 
f 4493//3084 4331//3084 4426//3084 
f 4549//3085 4493//3085 4426//3085 
f 4580//3086 4493//3086 4549//3086 
f 4602//3087 4580//3087 4549//3087 
f 4622//3088 4580//3088 4602//3088 
f 4610//3089 4622//3089 4602//3089 
f 4617//3090 4622//3090 4610//3090 
f 4572//3091 4617//3091 4610//3091 
f 4561//3092 4617//3092 4572//3092 
f 4513//3093 4561//3093 4572//3093 
f 4461//3094 4561//3094 4513//3094 
f 4382//3095 4461//3095 4513//3095 
f 4319//3096 4461//3096 4382//3096 
f 4257//3097 4319//3097 4382//3097 
f 4184//3098 4319//3098 4257//3098 
f 4167//3099 4184//3099 4257//3099 
f 4106//3100 4111//3100 4112//3100 
f 4107//3101 4106//3101 4112//3101 
f 4146//3102 4106//3102 4107//3102 
f 4147//3103 4146//3103 4107//3103 
f 4247//3104 4146//3104 4147//3104 
f 4248//3105 4247//3105 4147//3105 
f 4406//3106 4247//3106 4248//3106 
f 4407//3107 4406//3107 4248//3107 
f 4551//3108 4406//3108 4407//3108 
f 4552//3109 4551//3109 4407//3109 
f 4619//3110 4551//3110 4552//3110 
f 4620//3111 4619//3111 4552//3111 
f 4575//3112 4613//3112 4624//3112 
f 4582//3113 4575//3113 4624//3113 
f 4502//3114 4575//3114 4582//3114 
f 4495//3115 4502//3115 4582//3115 
f 4357//3116 4502//3116 4495//3116 
f 4333//3117 4357//3117 4495//3117 
f 4197//3118 4357//3118 4333//3118 
f 4180//3119 4197//3119 4333//3119 
f 4134//3120 4197//3120 4180//3120 
f 4111//3121 4134//3121 4180//3121 
f 4114//3122 4134//3122 4111//3122 
f 4106//3123 4114//3123 4111//3123 
f 4154//3124 4114//3124 4106//3124 
f 4146//3125 4154//3125 4106//3125 
f 4239//3126 4154//3126 4146//3126 
f 4247//3127 4239//3127 4146//3127 
f 4390//3128 4239//3128 4247//3128 
f 4406//3129 4390//3129 4247//3129 
f 4533//3130 4390//3130 4406//3130 
f 4551//3131 4533//3131 4406//3131 
f 4594//3132 4533//3132 4551//3132 
f 4619//3133 4594//3133 4551//3133 
f 4613//3134 4594//3134 4619//3134 
f 4624//3135 4613//3135 4619//3135 
f 3377//3136 3382//3136 3383//3136 
f 3378//3137 3377//3137 3383//3137 
f 3417//3138 3377//3138 3378//3138 
f 3418//3139 3417//3139 3378//3139 
f 3499//3140 3417//3140 3418//3140 
f 3500//3141 3499//3141 3418//3141 
f 3633//3142 3499//3142 3500//3142 
f 3634//3143 3633//3143 3500//3143 
f 3770//3144 3633//3144 3634//3144 
f 3771//3145 3770//3145 3634//3145 
f 3849//3146 3770//3146 3771//3146 
f 3850//3147 3849//3147 3771//3147 
f 3443//3148 3382//3148 3432//3148 
f 3525//3149 3443//3149 3432//3149 
f 3574//3150 3443//3150 3525//3150 
f 3643//3151 3574//3151 3525//3151 
f 3694//3152 3574//3152 3643//3152 
f 3764//3153 3694//3153 3643//3153 
f 3810//3154 3694//3154 3764//3154 
f 3831//3155 3810//3155 3764//3155 
f 3859//3156 3810//3156 3831//3156 
f 3841//3157 3859//3157 3831//3157 
f 3849//3158 3859//3158 3841//3158 
f 3784//3159 3849//3159 3841//3159 
f 3770//3160 3849//3160 3784//3160 
f 3669//3161 3770//3161 3784//3161 
f 3633//3162 3770//3162 3669//3162 
f 3555//3163 3633//3163 3669//3163 
f 3499//3164 3633//3164 3555//3164 
f 3448//3165 3499//3165 3555//3165 
f 3417//3166 3499//3166 3448//3166 
f 3397//3167 3417//3167 3448//3167 
f 3377//3168 3417//3168 3397//3168 
f 3390//3169 3377//3169 3397//3169 
f 3382//3170 3377//3170 3390//3170 
f 3432//3171 3382//3171 3390//3171 
f 1631//3172 1643//3172 1644//3172 
f 1632//3173 1631//3173 1644//3173 
f 1655//3174 1631//3174 1632//3174 
f 1656//3175 1655//3175 1632//3175 
f 1733//3176 1655//3176 1656//3176 
f 1734//3177 1733//3177 1656//3177 
f 1846//3178 1733//3178 1734//3178 
f 1847//3179 1846//3179 1734//3179 
f 1958//3180 1846//3180 1847//3180 
f 1959//3181 1958//3181 1847//3181 
f 2048//3182 1958//3182 1959//3182 
f 2049//3183 2048//3183 1959//3183 
f 2107//3184 2048//3184 2049//3184 
f 2108//3185 2107//3185 2049//3185 
f 1790//3186 1655//3186 1733//3186 
f 1846//3187 1790//3187 1733//3187 
f 1906//3188 1790//3188 1846//3188 
f 1958//3189 1906//3189 1846//3189 
f 2022//3190 1906//3190 1958//3190 
f 2048//3191 2022//3191 1958//3191 
f 2083//3192 2022//3192 2048//3192 
f 2107//3193 2083//3193 2048//3193 
f 2103//3194 2083//3194 2107//3194 
f 2112//3195 2103//3195 2107//3195 
f 2062//3196 2103//3196 2112//3196 
f 2072//3197 2062//3197 2112//3197 
f 1994//3198 2062//3198 2072//3198 
f 1988//3199 1994//3199 2072//3199 
f 1878//3200 1994//3200 1988//3200 
f 1859//3201 1878//3201 1988//3201 
f 1752//3202 1878//3202 1859//3202 
f 1720//3203 1752//3203 1859//3203 
f 1669//3204 1752//3204 1720//3204 
f 1643//3205 1669//3205 1720//3205 
f 1647//3206 1669//3206 1643//3206 
f 1631//3207 1647//3207 1643//3207 
f 1693//3208 1647//3208 1631//3208 
f 1655//3209 1693//3209 1631//3209 
f 1790//3210 1693//3210 1655//3210 
f 852//3211 858//3211 859//3211 
f 853//3212 852//3212 859//3212 
f 875//3213 852//3213 853//3213 
f 876//3214 875//3214 853//3214 
f 934//3215 875//3215 876//3215 
f 935//3216 934//3216 876//3216 
f 1047//3217 934//3217 935//3217 
f 1048//3218 1047//3218 935//3218 
f 1198//3219 1047//3219 1048//3219 
f 1199//3220 1198//3220 1048//3220 
f 1315//3221 1198//3221 1199//3221 
f 1316//3222 1315//3222 1199//3222 
f 1375//3223 1315//3223 1316//3223 
f 1376//3224 1375//3224 1316//3224 
f 1368//3225 1324//3225 1375//3225 
f 1380//3226 1368//3226 1375//3226 
f 1363//3227 1368//3227 1380//3227 
f 1342//3228 1363//3228 1380//3228 
f 1319//3229 1363//3229 1342//3229 
f 1223//3230 1319//3230 1342//3230 
f 1240//3231 1223//3231 1342//3231 
f 1101//3232 1223//3232 1240//3232 
f 1067//3233 1101//3233 1240//3233 
f 966//3234 1101//3234 1067//3234 
f 926//3235 966//3235 1067//3235 
f 904//3236 966//3236 926//3236 
f 858//3237 904//3237 926//3237 
f 865//3238 904//3238 858//3238 
f 852//3239 865//3239 858//3239 
f 880//3240 865//3240 852//3240 
f 875//3241 880//3241 852//3241 
f 929//3242 880//3242 875//3242 
f 934//3243 929//3243 875//3243 
f 1052//3244 929//3244 934//3244 
f 1047//3245 1052//3245 934//3245 
f 1203//3246 1052//3246 1047//3246 
f 1198//3247 1203//3247 1047//3247 
f 1324//3248 1203//3248 1198//3248 
f 1315//3249 1324//3249 1198//3249 
f 1375//3250 1324//3250 1315//3250 
f 850//3251 856//3251 857//3251 
f 851//3252 850//3252 857//3252 
f 873//3253 850//3253 851//3253 
f 874//3254 873//3254 851//3254 
f 932//3255 873//3255 874//3255 
f 933//3256 932//3256 874//3256 
f 1049//3257 932//3257 933//3257 
f 1050//3258 1049//3258 933//3258 
f 1196//3259 1049//3259 1050//3259 
f 1197//3260 1196//3260 1050//3260 
f 1313//3261 1196//3261 1197//3261 
f 1314//3262 1313//3262 1197//3262 
f 1373//3263 1313//3263 1314//3263 
f 1374//3264 1373//3264 1314//3264 
f 862//3265 895//3265 856//3265 
f 850//3266 862//3266 856//3266 
f 883//3267 862//3267 850//3267 
f 873//3268 883//3268 850//3268 
f 919//3269 883//3269 873//3269 
f 932//3270 919//3270 873//3270 
f 1028//3271 919//3271 932//3271 
f 1049//3272 1028//3272 932//3272 
f 1148//3273 1028//3273 1049//3273 
f 1196//3274 1148//3274 1049//3274 
f 1288//3275 1148//3275 1196//3275 
f 1313//3276 1288//3276 1196//3276 
f 1354//3277 1288//3277 1313//3277 
f 1373//3278 1354//3278 1313//3278 
f 1371//3279 1354//3279 1373//3279 
f 1378//3280 1371//3280 1373//3280 
f 1333//3281 1371//3281 1378//3281 
f 1340//3282 1333//3282 1378//3282 
f 1249//3283 1333//3283 1340//3283 
f 1238//3284 1249//3284 1340//3284 
f 1096//3285 1249//3285 1238//3285 
f 1069//3286 1096//3286 1238//3286 
f 948//3287 1096//3287 1069//3287 
f 924//3288 948//3288 1069//3288 
f 895//3289 948//3289 924//3289 
f 856//3290 895//3290 924//3290 
f 1642//3291 1633//3291 1641//3291 
f 1633//3292 1642//3292 1634//3292 
f 1663//3293 1633//3293 1634//3293 
f 1682//3294 1633//3294 1663//3294 
f 1683//3295 1682//3295 1663//3295 
f 1793//3296 1682//3296 1683//3296 
f 1794//3297 1793//3297 1683//3297 
f 1916//3298 1793//3298 1794//3298 
f 1917//3299 1916//3299 1794//3299 
f 2043//3300 1916//3300 1917//3300 
f 2044//3301 2043//3301 1917//3301 
f 2105//3302 2043//3302 2044//3302 
f 2106//3303 2105//3303 2044//3303 
f 1718//3304 1665//3304 1723//3304 
f 1831//3305 1718//3305 1723//3305 
f 1857//3306 1718//3306 1831//3306 
f 1933//3307 1857//3307 1831//3307 
f 1986//3308 1857//3308 1933//3308 
f 2039//3309 1986//3309 1933//3309 
f 2070//3310 1986//3310 2039//3310 
f 2091//3311 2070//3311 2039//3311 
f 2110//3312 2070//3312 2091//3312 
f 2098//3313 2110//3313 2091//3313 
f 2105//3314 2110//3314 2098//3314 
f 2054//3315 2105//3315 2098//3315 
f 2043//3316 2105//3316 2054//3316 
f 1963//3317 2043//3317 2054//3317 
f 1916//3318 2043//3318 1963//3318 
f 1848//3319 1916//3319 1963//3319 
f 1793//3320 1916//3320 1848//3320 
f 1742//3321 1793//3321 1848//3321 
f 1682//3322 1793//3322 1742//3322 
f 1674//3323 1682//3323 1742//3323 
f 1633//3324 1682//3324 1674//3324 
f 1645//3325 1633//3325 1674//3325 
f 1641//3326 1633//3326 1645//3326 
f 1665//3327 1641//3327 1645//3327 
f 1718//3328 1641//3328 1665//3328 
f 3375//3329 3380//3329 3381//3329 
f 3376//3330 3375//3330 3381//3330 
f 3415//3331 3375//3331 3376//3331 
f 3416//3332 3415//3332 3376//3332 
f 3497//3333 3415//3333 3416//3333 
f 3498//3334 3497//3334 3416//3334 
f 3631//3335 3497//3335 3498//3335 
f 3632//3336 3631//3336 3498//3336 
f 3768//3337 3631//3337 3632//3337 
f 3769//3338 3768//3338 3632//3338 
f 3847//3339 3768//3339 3769//3339 
f 3848//3340 3847//3340 3769//3340 
f 3380//3341 3387//3341 3393//3341 
f 3435//3342 3380//3342 3393//3342 
f 3441//3343 3380//3343 3435//3343 
f 3516//3344 3441//3344 3435//3344 
f 3572//3345 3441//3345 3516//3345 
f 3613//3346 3572//3346 3516//3346 
f 3692//3347 3572//3347 3613//3347 
f 3728//3348 3692//3348 3613//3348 
f 3808//3349 3692//3349 3728//3349 
f 3796//3350 3808//3350 3728//3350 
f 3857//3351 3808//3351 3796//3351 
f 3845//3352 3857//3352 3796//3352 
f 3847//3353 3857//3353 3845//3353 
f 3821//3354 3847//3354 3845//3354 
f 3768//3355 3847//3355 3821//3355 
f 3738//3356 3768//3356 3821//3356 
f 3631//3357 3768//3357 3738//3357 
f 3616//3358 3631//3358 3738//3358 
f 3497//3359 3631//3359 3616//3359 
f 3493//3360 3497//3360 3616//3360 
f 3415//3361 3497//3361 3493//3361 
f 3423//3362 3415//3362 3493//3362 
f 3375//3363 3415//3363 3423//3363 
f 3387//3364 3375//3364 3423//3364 
f 3380//3365 3375//3365 3387//3365 
f 1423//3366 1305//3366 1295//3366 
f 4063//3367 4089//3367 4090//3367 
f 2914//3368 2901//3368 2884//3368 
f 2592//3369 2567//3369 2328//3369 
f 1531//3370 1728//3370 1735//3370 
f 1531//3371 1735//3371 1918//3371 
f 2125//3372 1531//3372 1918//3372 
f 2152//3373 1531//3373 2125//3373 
f 2167//3374 2152//3374 2125//3374 
f 1461//3375 1637//3375 1736//3375 
f 1638//3376 1461//3376 1736//3376 
f 1608//3377 1461//3377 1638//3377 
f 1639//3378 1608//3378 1638//3378 
f 1640//3379 1608//3379 1639//3379 
f 2270//3380 2328//3380 2312//3380 
f 1637//3381 2126//3381 1919//3381 
f 1842//3382 1637//3382 1919//3382 
f 1736//3383 1637//3383 1842//3383 
f 3350//3384 3364//3384 3324//3384 
f 3183//3385 3350//3385 3324//3385 
f 2592//3386 3350//3386 3183//3386 
f 2926//3387 2592//3387 3183//3387 
f 2567//3388 2592//3388 2926//3388 
f 3571//3389 3364//3389 3350//3389 
f 3977//3390 3571//3390 3350//3390 
f 3757//3391 3571//3391 3977//3391 
f 4036//3392 3772//3392 3853//3392 
f 3852//3393 4036//3393 3853//3393 
f 3977//3394 4036//3394 3852//3394 
f 3844//3395 3977//3395 3852//3395 
f 3757//3396 3977//3396 3844//3396 
f 3267//3397 3133//3397 3182//3397 
f 3267//3398 3182//3398 3363//3398 
f 3527//3399 3267//3399 3363//3399 
f 3854//3400 3267//3400 3527//3400 
f 3570//3401 3854//3401 3527//3401 
f 3646//3402 3854//3402 3570//3402 
f 2925//3403 3133//3403 3077//3403 
f 2915//3404 2925//3404 3077//3404 
f 2566//3405 2915//3405 3077//3405 
f 2914//3406 2566//3406 3077//3406 
f 2311//3407 2566//3407 2914//3407 
f 2990//3408 2974//3408 3108//3408 
f 3048//3409 2990//3409 3108//3409 
f 2998//3410 2990//3410 3048//3410 
f 2960//3411 2998//3411 3048//3411 
f 2454//3412 2471//3412 2551//3412 
f 2588//3413 2454//3413 2551//3413 
f 2565//3414 2454//3414 2588//3414 
f 2617//3415 2565//3415 2588//3415 
f 2810//3416 2565//3416 2617//3416 
f 2808//3417 2810//3417 2617//3417 
f 2896//3418 2810//3418 2808//3418 
f 2117//3419 2602//3419 2597//3419 
f 2510//3420 2117//3420 2597//3420 
f 1685//3421 2117//3421 2510//3421 
f 2461//3422 1685//3422 2510//3422 
f 1899//3423 1685//3423 2461//3423 
f 2471//3424 1899//3424 2461//3424 
f 2179//3425 1899//3425 2471//3425 
f 2454//3426 2179//3426 2471//3426 
f 2152//3427 2167//3427 2311//3427 
f 2914//3428 2152//3428 2311//3428 
f 2783//3429 2152//3429 2914//3429 
f 2884//3430 2783//3430 2914//3430 
f 4036//3431 4076//3431 4089//3431 
f 4063//3432 4036//3432 4089//3432 
f 3772//3433 4036//3433 4063//3433 
f 3854//3434 3772//3434 4063//3434 
f 3756//3435 3772//3435 3854//3435 
f 3646//3436 3756//3436 3854//3436 
f 4065//3437 4076//3437 4036//3437 
f 3977//3438 4065//3438 4036//3438 
f 4058//3439 4065//3439 3977//3439 
f 3350//3440 3789//3440 3739//3440 
f 3734//3441 3954//3441 3892//3441 
f 3863//3442 3734//3442 3892//3442 
f 3996//3443 3990//3443 4039//3443 
f 4058//3444 3996//3444 4039//3444 
f 3350//3445 3739//3445 3761//3445 
f 3827//3446 3350//3446 3761//3446 
f 3977//3447 3350//3447 3827//3447 
f 3868//3448 3977//3448 3827//3448 
f 3977//3449 3868//3449 3898//3449 
f 3950//3450 3977//3450 3898//3450 
f 4058//3451 3977//3451 3950//3451 
f 3985//3452 4058//3452 3950//3452 
f 3996//3453 4058//3453 3985//3453 
f 4039//3454 3990//3454 3954//3454 
f 3734//3455 4039//3455 3954//3455 
f 4023//3456 4039//3456 3734//3456 
f 3887//3457 4023//3457 3734//3457 
f 3312//3458 3734//3458 3143//3458 
f 3734//3459 3312//3459 3593//3459 
f 3806//3460 3734//3460 3593//3460 
f 3887//3461 3734//3461 3806//3461 
f 3734//3462 3863//3462 3789//3462 
f 3350//3463 3734//3463 3789//3463 
f 3143//3464 3734//3464 3350//3464 
f 2592//3465 3143//3465 3350//3465 
f 3023//3466 3143//3466 2592//3466 
f 2927//3467 3023//3467 2592//3467 
f 2592//3468 2328//3468 2270//3468 
f 2448//3469 2592//3469 2270//3469 
f 2927//3470 2592//3470 2448//3470 
f 2270//3471 2031//3471 2145//3471 
f 2447//3472 2270//3472 2145//3472 
f 2448//3473 2270//3473 2447//3473 
f 1637//3474 1553//3474 1605//3474 
f 1630//3475 1637//3475 1605//3475 
f 1637//3476 1630//3476 1717//3476 
f 2270//3477 1637//3477 1717//3477 
f 2126//3478 1637//3478 2270//3478 
f 2312//3479 2126//3479 2270//3479 
f 2270//3480 1717//3480 1775//3480 
f 1758//3481 2270//3481 1775//3481 
f 2031//3482 2270//3482 1758//3482 
f 1680//3483 2031//3483 1758//3483 
f 1792//3484 2031//3484 1680//3484 
f 1618//3485 1792//3485 1680//3485 
f 1559//3486 1792//3486 1618//3486 
f 1582//3487 1559//3487 1618//3487 
f 1452//3488 1559//3488 1582//3488 
f 1505//3489 1515//3489 1415//3489 
f 1452//3490 1505//3490 1415//3490 
f 1530//3491 1505//3491 1452//3491 
f 1582//3492 1530//3492 1452//3492 
f 1415//3493 1515//3493 1553//3493 
f 1637//3494 1415//3494 1553//3494 
f 1414//3495 1415//3495 1637//3495 
f 1377//3496 1414//3496 1637//3496 
f 1461//3497 1261//3497 1228//3497 
f 1275//3498 1461//3498 1228//3498 
f 1637//3499 1461//3499 1275//3499 
f 1282//3500 1637//3500 1275//3500 
f 1377//3501 1637//3501 1282//3501 
f 1492//3502 1431//3502 1424//3502 
f 1396//3503 1492//3503 1424//3503 
f 1423//3504 1492//3504 1396//3504 
f 1395//3505 1423//3505 1396//3505 
f 1305//3506 1423//3506 1395//3506 
f 1603//3507 1464//3507 1539//3507 
f 1599//3508 1603//3508 1539//3508 
f 1685//3509 1603//3509 1599//3509 
f 1685//3510 1599//3510 1626//3510 
f 1702//3511 1685//3511 1626//3511 
f 2117//3512 1685//3512 1702//3512 
f 1751//3513 2117//3513 1702//3513 
f 1464//3514 1431//3514 1498//3514 
f 1502//3515 1464//3515 1498//3515 
f 1539//3516 1464//3516 1502//3516 
f 1664//3517 1621//3517 1492//3517 
f 2117//3518 1664//3518 1492//3518 
f 1727//3519 1664//3519 2117//3519 
f 1751//3520 1727//3520 2117//3520 
f 1492//3521 1621//3521 1593//3521 
f 1543//3522 1492//3522 1593//3522 
f 1431//3523 1492//3523 1543//3523 
f 1507//3524 1431//3524 1543//3524 
f 1498//3525 1431//3525 1507//3525 
f 3167//3526 3344//3526 3042//3526 
f 3041//3527 3167//3527 3042//3527 
f 2810//3528 3167//3528 3041//3528 
f 3379//3529 3344//3529 3167//3529 
f 3281//3530 3379//3530 3167//3530 
f 3597//3531 3379//3531 3281//3531 
f 3696//3532 3597//3532 3281//3532 
f 3355//3533 3696//3533 3281//3533 
f 3883//3534 3696//3534 3355//3534 
f 3355//3535 3747//3535 3705//3535 
f 3355//3536 3705//3536 3733//3536 
f 3813//3537 3355//3537 3733//3537 
f 3883//3538 3355//3538 3813//3538 
f 3873//3539 3883//3539 3813//3539 
f 3934//3540 3883//3540 3873//3540 
f 3910//3541 3934//3541 3873//3541 
f 4037//3542 3934//3542 3910//3542 
f 4037//3543 3910//3543 3962//3543 
f 3987//3544 4037//3544 3962//3544 
f 4072//3545 4037//3545 3987//3545 
f 3976//3546 4072//3546 3987//3546 
f 3854//3547 3947//3547 3899//3547 
f 3869//3548 3854//3548 3899//3548 
f 3822//3549 3854//3549 3869//3549 
f 4108//3550 3854//3550 4204//3550 
f 4072//3551 3976//3551 3947//3551 
f 3854//3552 4072//3552 3947//3552 
f 4073//3553 4072//3553 3854//3553 
f 4108//3554 4073//3554 3854//3554 
f 4063//3555 4090//3555 4182//3555 
f 4210//3556 4063//3556 4182//3556 
f 3854//3557 4063//3557 4210//3557 
f 4253//3558 3854//3558 4210//3558 
f 4204//3559 3854//3559 4253//3559 
f 1608//3560 1640//3560 1728//3560 
f 1531//3561 1608//3561 1728//3561 
f 1461//3562 1608//3562 1531//3562 
f 1435//3563 1461//3563 1531//3563 
f 1261//3564 1461//3564 1435//3564 
f 1423//3565 1295//3565 1261//3565 
f 1435//3566 1423//3566 1261//3566 
f 1492//3567 1423//3567 1435//3567 
f 1531//3568 1492//3568 1435//3568 
f 2117//3569 1492//3569 1531//3569 
f 2152//3570 2117//3570 1531//3570 
f 2602//3571 2117//3571 2152//3571 
f 2783//3572 2602//3572 2152//3572 
f 3077//3573 3133//3573 3267//3573 
f 3108//3574 3077//3574 3267//3574 
f 2914//3575 3077//3575 3108//3575 
f 2974//3576 2914//3576 3108//3576 
f 2901//3577 2914//3577 2974//3577 
f 3854//3578 3822//3578 3747//3578 
f 3355//3579 3854//3579 3747//3579 
f 3267//3580 3854//3580 3355//3580 
f 3281//3581 3267//3581 3355//3581 
f 3108//3582 3267//3582 3281//3582 
f 3167//3583 3108//3583 3281//3583 
f 3048//3584 3108//3584 3167//3584 
f 2810//3585 3048//3585 3167//3585 
f 2960//3586 3048//3586 2810//3586 
f 2896//3587 2960//3587 2810//3587 
f 4124//3588 4101//3588 4100//3588 
f 4227//3589 4101//3589 4124//3589 
f 4227//3590 4124//3590 4226//3590 
f 4259//3591 4227//3591 4226//3591 
f 4311//3592 4227//3592 4259//3592 
f 4311//3593 4259//3593 4310//3593 
f 4288//3594 4311//3594 4310//3594 
f 4272//3595 4311//3595 4288//3595 
f 4099//3596 4077//3596 4078//3596 
f 4136//3597 4099//3597 4078//3597 
f 4135//3598 4099//3598 4136//3598 
f 4272//3599 4135//3599 4136//3599 
f 4271//3600 4135//3600 4272//3600 
f 4288//3601 4271//3601 4272//3601 
f 4078//3602 4077//3602 4075//3602 
f 4054//3603 4078//3603 4075//3603 
f 4041//3604 4078//3604 4054//3604 
f 4041//3605 4054//3605 4040//3605 
f 3948//3606 4041//3606 4040//3606 
f 3949//3607 4041//3607 3948//3607 
f 3888//3608 3949//3608 3948//3608 
f 3731//3609 3949//3609 3888//3609 
f 3731//3610 3888//3610 3730//3610 
f 3413//3611 3731//3611 3730//3611 
f 3347//3612 3731//3612 3413//3612 
f 3347//3613 3413//3613 3346//3613 
f 3103//3614 3347//3614 3346//3614 
f 3045//3615 3347//3615 3103//3615 
f 3045//3616 3103//3616 3044//3616 
f 2561//3617 3045//3617 3044//3617 
f 2562//3618 3045//3618 2561//3618 
f 2456//3619 2562//3619 2561//3619 
f 2172//3620 2562//3620 2456//3620 
f 2172//3621 2456//3621 2171//3621 
f 2009//3622 2172//3622 2171//3622 
f 1891//3623 2172//3623 2009//3623 
f 1891//3624 2009//3624 1890//3624 
f 1657//3625 1891//3625 1890//3625 
f 1591//3626 1891//3626 1657//3626 
f 1591//3627 1657//3627 1590//3627 
f 1542//3628 1591//3628 1590//3628 
f 1458//3629 1591//3629 1542//3629 
f 1458//3630 1542//3630 1457//3630 
f 1427//3631 1458//3631 1457//3631 
f 1418//3632 1458//3632 1427//3632 
f 1418//3633 1427//3633 1417//3633 
f 1384//3634 1418//3634 1417//3634 
f 1385//3635 1418//3635 1384//3635 
f 4651//3636 4775//3636 4765//3636 
f 4035//3637 4038//3637 3968//3637 
f 1610//3638 1590//3638 1657//3638 
f 928//3639 1437//3639 1410//3639 
f 1610//3640 1683//3640 1663//3640 
f 2044//3641 2396//3641 2106//3641 
f 2292//3642 1987//3642 2071//3642 
f 2087//3643 2292//3643 2071//3643 
f 2396//3644 2292//3644 2087//3644 
f 2111//3645 2396//3645 2087//3645 
f 2106//3646 2396//3646 2111//3646 
f 1522//3647 1663//3647 1634//3647 
f 1546//3648 1522//3648 1634//3648 
f 1546//3649 1634//3649 1642//3649 
f 1719//3650 1546//3650 1642//3650 
f 1866//3651 1546//3651 1719//3651 
f 1858//3652 1866//3652 1719//3652 
f 2177//3653 1866//3653 1858//3653 
f 794//3654 977//3654 874//3654 
f 851//3655 794//3655 874//3655 
f 798//3656 794//3656 851//3656 
f 1341//3657 1379//3657 1413//3657 
f 1239//3658 1341//3658 1413//3658 
f 798//3659 851//3659 857//3659 
f 925//3660 798//3660 857//3660 
f 1413//3661 798//3661 925//3661 
f 1070//3662 1413//3662 925//3662 
f 1239//3663 1413//3663 1070//3663 
f 977//3664 1197//3664 1050//3664 
f 933//3665 977//3665 1050//3665 
f 874//3666 977//3666 933//3666 
f 1362//3667 1314//3667 1197//3667 
f 977//3668 1362//3668 1197//3668 
f 1263//3669 1362//3669 977//3669 
f 1222//3670 1263//3670 977//3670 
f 1352//3671 1213//3671 976//3671 
f 1386//3672 1352//3672 976//3672 
f 859//3673 181//3673 190//3673 
f 976//3674 927//3674 1068//3674 
f 190//3675 833//3675 876//3675 
f 853//3676 190//3676 876//3676 
f 859//3677 190//3677 853//3677 
f 976//3678 1068//3678 1241//3678 
f 1343//3679 976//3679 1241//3679 
f 1386//3680 976//3680 1343//3680 
f 1381//3681 1386//3681 1343//3681 
f 1408//3682 1386//3682 1381//3682 
f 1376//3683 1408//3683 1381//3683 
f 1410//3684 1408//3684 1376//3684 
f 1316//3685 1410//3685 1376//3685 
f 928//3686 1410//3686 1316//3686 
f 928//3687 1316//3687 1199//3687 
f 1048//3688 928//3688 1199//3688 
f 833//3689 928//3689 1048//3689 
f 935//3690 833//3690 1048//3690 
f 876//3691 833//3691 935//3691 
f 1516//3692 1602//3692 1544//3692 
f 1449//3693 1516//3693 1544//3693 
f 1437//3694 1516//3694 1449//3694 
f 2157//3695 2073//3695 2113//3695 
f 2108//3696 2157//3696 2113//3696 
f 2049//3697 2157//3697 2108//3697 
f 1760//3698 1989//3698 2075//3698 
f 1516//3699 1656//3699 1632//3699 
f 1644//3700 1516//3700 1632//3700 
f 1602//3701 1516//3701 1644//3701 
f 1721//3702 1602//3702 1644//3702 
f 1760//3703 1602//3703 1721//3703 
f 1860//3704 1760//3704 1721//3704 
f 1989//3705 1760//3705 1860//3705 
f 1847//3706 1734//3706 1786//3706 
f 1813//3707 1847//3707 1786//3707 
f 1959//3708 1847//3708 1813//3708 
f 2075//3709 1989//3709 2073//3709 
f 2157//3710 2075//3710 2073//3710 
f 2140//3711 2075//3711 2157//3711 
f 2387//3712 2140//3712 2157//3712 
f 2379//3713 3033//3713 2930//3713 
f 3095//3714 3283//3714 3314//3714 
f 3418//3715 3095//3715 3314//3715 
f 3095//3716 3418//3716 3378//3716 
f 3383//3717 3095//3717 3378//3717 
f 3444//3718 3095//3718 3383//3718 
f 3575//3719 3695//3719 3834//3719 
f 3601//3720 3575//3720 3834//3720 
f 3444//3721 3575//3721 3601//3721 
f 3475//3722 3444//3722 3601//3722 
f 3095//3723 3444//3723 3475//3723 
f 3319//3724 3095//3724 3475//3724 
f 3033//3725 3095//3725 3319//3725 
f 3971//3726 3811//3726 3860//3726 
f 3946//3727 3971//3727 3860//3727 
f 3946//3728 3860//3728 3850//3728 
f 3771//3729 3946//3729 3850//3729 
f 3626//3730 3946//3730 3771//3730 
f 3634//3731 3626//3731 3771//3731 
f 3314//3732 3626//3732 3634//3732 
f 3500//3733 3314//3733 3634//3733 
f 3418//3734 3314//3734 3500//3734 
f 4026//3735 3951//3735 4074//3735 
f 4064//3736 4026//3736 4074//3736 
f 4503//3737 4181//3737 4334//3737 
f 4074//3738 4552//3738 4407//3738 
f 4248//3739 4074//3739 4407//3739 
f 4064//3740 4074//3740 4248//3740 
f 4147//3741 4064//3741 4248//3741 
f 4070//3742 4064//3742 4147//3742 
f 4107//3743 4070//3743 4147//3743 
f 4100//3744 4070//3744 4107//3744 
f 4112//3745 4100//3745 4107//3745 
f 4124//3746 4100//3746 4112//3746 
f 4625//3747 4620//3747 4677//3747 
f 4681//3748 4625//3748 4677//3748 
f 4583//3749 4625//3749 4681//3749 
f 4503//3750 4583//3750 4681//3750 
f 4496//3751 4583//3751 4503//3751 
f 4334//3752 4496//3752 4503//3752 
f 4124//3753 4112//3753 4181//3753 
f 4503//3754 4124//3754 4181//3754 
f 4226//3755 4124//3755 4503//3755 
f 4259//3756 4226//3756 4503//3756 
f 4504//3757 4099//3757 4135//3757 
f 4271//3758 4504//3758 4135//3758 
f 4288//3759 4504//3759 4271//3759 
f 4126//3760 4103//3760 4077//3760 
f 4099//3761 4126//3761 4077//3761 
f 4185//3762 4126//3762 4099//3762 
f 4504//3763 4185//3763 4099//3763 
f 4320//3764 4185//3764 4504//3764 
f 3975//3765 4142//3765 4035//3765 
f 3948//3766 3975//3766 3888//3766 
f 3975//3767 3948//3767 4040//3767 
f 4054//3768 3975//3768 4040//3768 
f 4142//3769 3975//3769 4054//3769 
f 4075//3770 4142//3770 4054//3770 
f 4077//3771 4142//3771 4075//3771 
f 3336//3772 3416//3772 3376//3772 
f 3381//3773 3336//3773 3376//3773 
f 3442//3774 3336//3774 3381//3774 
f 3676//3775 3442//3775 3573//3775 
f 3730//3776 3498//3776 3413//3776 
f 3702//3777 3676//3777 3573//3777 
f 3702//3778 3573//3778 3693//3778 
f 3809//3779 3702//3779 3693//3779 
f 3975//3780 3702//3780 3809//3780 
f 3975//3781 3809//3781 3858//3781 
f 3848//3782 3975//3782 3858//3782 
f 3888//3783 3975//3783 3848//3783 
f 3769//3784 3888//3784 3848//3784 
f 3730//3785 3888//3785 3769//3785 
f 3632//3786 3730//3786 3769//3786 
f 3498//3787 3730//3787 3632//3787 
f 3413//3788 3498//3788 3416//3788 
f 3336//3789 3413//3789 3416//3789 
f 3346//3790 3413//3790 3336//3790 
f 3103//3791 3346//3791 3336//3791 
f 3112//3792 2561//3792 3044//3792 
f 3103//3793 3112//3793 3044//3793 
f 3114//3794 3112//3794 3103//3794 
f 3336//3795 3114//3795 3103//3795 
f 3139//3796 3114//3796 3336//3796 
f 1794//3797 1683//3797 1610//3797 
f 1657//3798 1794//3798 1610//3798 
f 1917//3799 1794//3799 1657//3799 
f 1890//3800 1917//3800 1657//3800 
f 2044//3801 1917//3801 1890//3801 
f 2009//3802 2044//3802 1890//3802 
f 2396//3803 2044//3803 2009//3803 
f 2171//3804 2396//3804 2009//3804 
f 2456//3805 2396//3805 2171//3805 
f 1413//3806 1610//3806 1397//3806 
f 1542//3807 1590//3807 1610//3807 
f 1413//3808 1542//3808 1610//3808 
f 1457//3809 1542//3809 1413//3809 
f 1374//3810 1314//3810 1362//3810 
f 1384//3811 1374//3811 1362//3811 
f 1379//3812 1374//3812 1384//3812 
f 1417//3813 1379//3813 1384//3813 
f 1413//3814 1379//3814 1417//3814 
f 1427//3815 1413//3815 1417//3815 
f 1457//3816 1413//3816 1427//3816 
f 4639//3817 4550//3817 4494//3817 
f 4581//3818 4639//3818 4494//3818 
f 4756//3819 4639//3819 4581//3819 
f 4077//3820 4103//3820 4110//3820 
f 4179//3821 4077//3821 4110//3821 
f 4142//3822 4077//3822 4179//3822 
f 4211//3823 4142//3823 4179//3823 
f 4550//3824 4142//3824 4211//3824 
f 4332//3825 4550//3825 4211//3825 
f 4494//3826 4550//3826 4332//3826 
f 4756//3827 4581//3827 4623//3827 
f 4618//3828 4756//3828 4623//3828 
f 4765//3829 4756//3829 4618//3829 
f 4562//3830 4765//3830 4618//3830 
f 4651//3831 4765//3831 4562//3831 
f 4531//3832 4651//3832 4562//3832 
f 4504//3833 4651//3833 4531//3833 
f 4462//3834 4504//3834 4531//3834 
f 4320//3835 4504//3835 4462//3835 
f 3834//3836 3695//3836 3811//3836 
f 3971//3837 3834//3837 3811//3837 
f 3901//3838 3834//3838 3971//3838 
f 4055//3839 3901//3839 3971//3839 
f 3951//3840 3901//3840 4055//3840 
f 4133//3841 3951//3841 4055//3841 
f 4074//3842 3951//3842 4133//3842 
f 4164//3843 4074//3843 4133//3843 
f 4520//3844 4074//3844 4164//3844 
f 4677//3845 4620//3845 4552//3845 
f 4074//3846 4677//3846 4552//3846 
f 4662//3847 4677//3847 4074//3847 
f 4520//3848 4662//3848 4074//3848 
f 3095//3849 3033//3849 2379//3849 
f 2853//3850 3095//3850 2379//3850 
f 3283//3851 3095//3851 2853//3851 
f 1813//3852 2005//3852 2157//3852 
f 2049//3853 1813//3853 2157//3853 
f 1959//3854 1813//3854 2049//3854 
f 2379//3855 2930//3855 2443//3855 
f 2387//3856 2379//3856 2443//3856 
f 2378//3857 2379//3857 2387//3857 
f 2157//3858 2378//3858 2387//3858 
f 2354//3859 2378//3859 2157//3859 
f 2005//3860 2354//3860 2157//3860 
f 1437//3861 928//3861 1046//3861 
f 1398//3862 1437//3862 1046//3862 
f 1516//3863 1437//3863 1398//3863 
f 1430//3864 1516//3864 1398//3864 
f 1451//3865 1516//3865 1430//3865 
f 1786//3866 1734//3866 1656//3866 
f 1516//3867 1786//3867 1656//3867 
f 1604//3868 1786//3868 1516//3868 
f 1451//3869 1604//3869 1516//3869 
f 976//3870 1213//3870 1201//3870 
f 175//3871 976//3871 1201//3871 
f 115//3872 976//3872 175//3872 
f 181//3873 859//3873 927//3873 
f 976//3874 181//3874 927//3874 
f 148//3875 181//3875 976//3875 
f 115//3876 148//3876 976//3876 
f 175//3877 1201//3877 1169//3877 
f 1222//3878 175//3878 1169//3878 
f 177//3879 175//3879 1222//3879 
f 977//3880 177//3880 1222//3880 
f 185//3881 177//3881 977//3881 
f 794//3882 185//3882 977//3882 
f 1397//3883 1323//3883 964//3883 
f 917//3884 1397//3884 964//3884 
f 1413//3885 1397//3885 917//3885 
f 814//3886 1413//3886 917//3886 
f 798//3887 1413//3887 814//3887 
f 1610//3888 1663//3888 1522//3888 
f 1436//3889 1610//3889 1522//3889 
f 1397//3890 1610//3890 1436//3890 
f 1355//3891 1397//3891 1436//3891 
f 1323//3892 1397//3892 1355//3892 
f 2177//3893 1858//3893 1987//3893 
f 2292//3894 2177//3894 1987//3894 
f 2213//3895 2177//3895 2292//3895 
f 2633//3896 2213//3896 2292//3896 
f 2635//3897 2633//3897 2292//3897 
f 2396//3898 2635//3898 2292//3898 
f 3112//3899 2635//3899 2396//3899 
f 2456//3900 3112//3900 2396//3900 
f 2561//3901 3112//3901 2456//3901 
f 3336//3902 3442//3902 3676//3902 
f 3480//3903 3336//3903 3676//3903 
f 3139//3904 3336//3904 3480//3904 
f 3975//3905 4035//3905 3968//3905 
f 3886//3906 3975//3906 3968//3906 
f 3702//3907 3975//3907 3886//3907 
f 4142//3908 4550//3908 4428//3908 
f 4088//3909 4142//3909 4428//3909 
f 4035//3910 4142//3910 4088//3910 
f 4060//3911 4035//3911 4088//3911 
f 4038//3912 4035//3912 4060//3912 
f 4504//3913 4288//3913 4772//3913 
f 4777//3914 4504//3914 4772//3914 
f 4651//3915 4504//3915 4777//3915 
f 4776//3916 4651//3916 4777//3916 
f 4775//3917 4651//3917 4776//3917 
f 4772//3918 4288//3918 4310//3918 
f 4259//3919 4772//3919 4310//3919 
f 4770//3920 4772//3920 4259//3920 
f 4503//3921 4770//3921 4259//3921 
f 4761//3922 4770//3922 4503//3922 
f 4681//3923 4761//3923 4503//3923 
f 781//3924 743//3924 744//3924 
f 2642//3925 2632//3925 2643//3925 
f 3508//3926 3149//3926 3147//3926 
f 3159//3927 3508//3927 3147//3927 
f 3219//3928 3508//3928 3159//3928 
f 3508//3929 3219//3929 3222//3929 
f 3262//3930 3508//3930 3222//3930 
f 3273//3931 3508//3931 3262//3931 
f 3508//3932 3273//3932 3301//3932 
f 3306//3933 3508//3933 3301//3933 
f 3310//3934 3508//3934 3306//3934 
f 3508//3935 3310//3935 3316//3935 
f 3317//3936 3508//3936 3316//3936 
f 3318//3937 3508//3937 3317//3937 
f 3507//3938 3313//3938 3311//3938 
f 3303//3939 3507//3939 3311//3939 
f 3294//3940 3507//3940 3303//3940 
f 3507//3941 3294//3941 3282//3941 
f 3238//3942 3507//3942 3282//3942 
f 3235//3943 3507//3943 3238//3943 
f 3146//3944 3158//3944 3148//3944 
f 3507//3945 3235//3945 3181//3945 
f 3158//3946 3507//3946 3181//3946 
f 3506//3947 3507//3947 3158//3947 
f 3146//3948 3506//3948 3158//3948 
f 3149//3949 3078//3949 3091//3949 
f 2642//3950 2643//3950 2785//3950 
f 2835//3951 2642//3951 2785//3951 
f 2961//3952 2642//3952 2835//3952 
f 2874//3953 2961//3953 2835//3953 
f 3031//3954 3078//3954 3149//3954 
f 2961//3955 2874//3955 2911//3955 
f 2946//3956 2961//3956 2911//3956 
f 3149//3957 2961//3957 2946//3957 
f 3028//3958 3149//3958 2946//3958 
f 3031//3959 3149//3959 3028//3959 
f 3149//3960 3091//3960 3113//3960 
f 3136//3961 3149//3961 3113//3961 
f 3147//3962 3149//3962 3136//3962 
f 2216//3963 2254//3963 2257//3963 
f 2216//3964 2257//3964 2314//3964 
f 2336//3965 2216//3965 2314//3965 
f 2385//3966 2216//3966 2336//3966 
f 2216//3967 2385//3967 2386//3967 
f 2428//3968 2216//3968 2386//3968 
f 2426//3969 2216//3969 2428//3969 
f 2442//3970 2426//3970 2428//3970 
f 2491//3971 2426//3971 2442//3971 
f 2426//3972 2491//3972 2552//3972 
f 2580//3973 2426//3973 2552//3973 
f 2642//3974 2426//3974 2580//3974 
f 2630//3975 2642//3975 2580//3975 
f 2632//3976 2642//3976 2630//3976 
f 2217//3977 2201//3977 2219//3977 
f 1862//3978 2201//3978 2217//3978 
f 1862//3979 2217//3979 2189//3979 
f 2185//3980 1862//3980 2189//3980 
f 2181//3981 1862//3981 2185//3981 
f 1861//3982 2175//3982 2174//3982 
f 1861//3983 2174//3983 2173//3983 
f 2178//3984 1861//3984 2173//3984 
f 2180//3985 1861//3985 2178//3985 
f 1861//3986 2180//3986 2188//3986 
f 2200//3987 1861//3987 2188//3987 
f 2109//3988 1861//3988 2200//3988 
f 2212//3989 2109//3989 2200//3989 
f 2216//3990 2109//3990 2212//3990 
f 2218//3991 2216//3991 2212//3991 
f 2254//3992 2216//3992 2218//3992 
f 2578//3993 2544//3993 2219//3993 
f 2634//3994 2578//3994 2219//3994 
f 2614//3995 2578//3995 2634//3995 
f 2641//3996 2614//3996 2634//3996 
f 2644//3997 2614//3997 2641//3997 
f 2219//3998 2544//3998 2462//3998 
f 2458//3999 2219//3999 2462//3999 
f 2413//4000 2219//4000 2458//4000 
f 2219//4001 2413//4001 2399//4001 
f 2380//4002 2219//4002 2399//4002 
f 2358//4003 2219//4003 2380//4003 
f 2219//4004 2358//4004 2335//4004 
f 2274//4005 2219//4005 2335//4005 
f 2271//4006 2219//4006 2274//4006 
f 2219//4007 2271//4007 2230//4007 
f 2221//4008 2219//4008 2230//4008 
f 2217//4009 2219//4009 2221//4009 
f 3146//4010 3148//4010 3106//4010 
f 3105//4011 3146//4011 3106//4011 
f 3062//4012 3146//4012 3105//4012 
f 3146//4013 3062//4013 3046//4013 
f 3003//4014 3146//4014 3046//4014 
f 3142//4015 3146//4015 3003//4015 
f 3142//4016 3003//4016 2937//4016 
f 2909//4017 3142//4017 2937//4017 
f 2641//4018 3142//4018 2909//4018 
f 2863//4019 2641//4019 2909//4019 
f 2857//4020 2641//4020 2863//4020 
f 2641//4021 2857//4021 2709//4021 
f 2658//4022 2641//4022 2709//4022 
f 2644//4023 2641//4023 2658//4023 
f 4716//4024 4705//4024 4704//4024 
f 1862//4025 2181//4025 2175//4025 
f 1861//4026 1862//4026 2175//4026 
f 1852//4027 1862//4027 1861//4027 
f 1627//4028 1852//4028 1861//4028 
f 1541//4029 1852//4029 1627//4029 
f 1540//4030 1541//4030 1627//4030 
f 1536//4031 1541//4031 1540//4031 
f 1465//4032 1536//4032 1540//4032 
f 1434//4033 1536//4033 1465//4033 
f 1433//4034 1434//4034 1465//4034 
f 1432//4035 1434//4035 1433//4035 
f 1405//4036 1432//4036 1433//4036 
f 1336//4037 1432//4037 1405//4037 
f 1335//4038 1336//4038 1405//4038 
f 1327//4039 1336//4039 1335//4039 
f 1127//4040 1327//4040 1335//4040 
f 942//4041 1327//4041 1127//4041 
f 940//4042 942//4042 1127//4042 
f 923//4043 942//4043 940//4043 
f 839//4044 923//4044 940//4044 
f 781//4045 923//4045 839//4045 
f 775//4046 781//4046 839//4046 
f 743//4047 781//4047 775//4047 
f 3895//4048 4043//4048 3896//4048 
f 3508//4049 3895//4049 3896//4049 
f 3507//4050 3895//4050 3508//4050 
f 3318//4051 3507//4051 3508//4051 
f 3313//4052 3507//4052 3318//4052 
f 4043//4053 3895//4053 3897//4053 
f 4042//4054 4043//4054 3897//4054 
f 4097//4055 4043//4055 4042//4055 
f 4097//4056 4042//4056 4045//4056 
f 4096//4057 4097//4057 4045//4057 
f 4464//4058 4097//4058 4096//4058 
f 4464//4059 4096//4059 4098//4059 
f 4463//4060 4464//4060 4098//4060 
f 4653//4061 4464//4061 4463//4061 
f 4467//4062 4653//4062 4463//4062 
f 4653//4063 4467//4063 4650//4063 
f 4656//4064 4653//4064 4650//4064 
f 4763//4065 4653//4065 4656//4065 
f 4763//4066 4656//4066 4762//4066 
f 4764//4067 4763//4067 4762//4067 
f 4783//4068 4763//4068 4764//4068 
f 4783//4069 4764//4069 4782//4069 
f 4784//4070 4783//4070 4782//4070 
f 4789//4071 4783//4071 4784//4071 
f 4789//4072 4784//4072 4787//4072 
f 4788//4073 4789//4073 4787//4073 
f 4771//4074 4789//4074 4788//4074 
f 4771//4075 4788//4075 4769//4075 
f 4768//4076 4771//4076 4769//4076 
f 4716//4077 4771//4077 4768//4077 
f 4715//4078 4716//4078 4768//4078 
f 4705//4079 4716//4079 4715//4079 
f 3224//4080 3197//4080 3198//4080 
f 3285//4081 3224//4081 3198//4081 
f 3244//4082 3224//4082 3285//4082 
f 3299//4083 3244//4083 3285//4083 
f 3196//4084 3244//4084 3299//4084 
f 3284//4085 3196//4085 3299//4085 
f 3195//4086 3196//4086 3284//4086 
f 2268//4087 2299//4087 2298//4087 
f 2210//4088 2268//4088 2298//4088 
f 2248//4089 2268//4089 2210//4089 
f 2193//4090 2248//4090 2210//4090 
f 2300//4091 2248//4091 2193//4091 
f 2211//4092 2300//4092 2193//4092 
f 2301//4093 2300//4093 2211//4093 
f 3782//4094 3791//4094 3792//4094 
f 3783//4095 3782//4095 3792//4095 
f 3828//4096 3782//4096 3783//4096 
f 3829//4097 3828//4097 3783//4097 
f 3866//4098 3828//4098 3829//4098 
f 3867//4099 3866//4099 3829//4099 
f 3889//4100 3866//4100 3867//4100 
f 3890//4101 3889//4101 3867//4101 
f 3940//4102 3889//4102 3890//4102 
f 3941//4103 3940//4103 3890//4103 
f 3973//4104 3940//4104 3941//4104 
f 3974//4105 3973//4105 3941//4105 
f 3773//4106 3774//4106 3758//4106 
f 3759//4107 3773//4107 3758//4107 
f 3759//4108 3758//4108 3763//4108 
f 3779//4109 3759//4109 3763//4109 
f 3795//4110 3759//4110 3779//4110 
f 3795//4111 3779//4111 3799//4111 
f 3851//4112 3795//4112 3799//4112 
f 3861//4113 3795//4113 3851//4113 
f 3861//4114 3851//4114 3862//4114 
f 3872//4115 3861//4115 3862//4115 
f 3885//4116 3861//4116 3872//4116 
f 3885//4117 3872//4117 3884//4117 
f 3891//4118 3885//4118 3884//4118 
f 3929//4119 3885//4119 3891//4119 
f 3932//4120 3961//4120 3960//4120 
f 3929//4121 3932//4121 3960//4121 
f 3928//4122 3932//4122 3929//4122 
f 3891//4123 3928//4123 3929//4123 
f 1513//4124 1517//4124 1518//4124 
f 1514//4125 1513//4125 1518//4125 
f 1523//4126 1513//4126 1514//4126 
f 1524//4127 1523//4127 1514//4127 
f 1556//4128 1523//4128 1524//4128 
f 1557//4129 1556//4129 1524//4129 
f 1597//4130 1556//4130 1557//4130 
f 1598//4131 1597//4131 1557//4131 
f 1616//4132 1597//4132 1598//4132 
f 1617//4133 1616//4133 1598//4133 
f 1635//4134 1616//4134 1617//4134 
f 1636//4135 1635//4135 1617//4135 
f 1699//4136 1635//4136 1636//4136 
f 1700//4137 1699//4137 1636//4137 
f 1527//4138 1532//4138 1533//4138 
f 1528//4139 1527//4139 1533//4139 
f 1548//4140 1527//4140 1528//4140 
f 1549//4141 1548//4141 1528//4141 
f 1587//4142 1548//4142 1549//4142 
f 1588//4143 1587//4143 1549//4143 
f 1613//4144 1587//4144 1588//4144 
f 1614//4145 1613//4145 1588//4145 
f 1651//4146 1613//4146 1614//4146 
f 1652//4147 1651//4147 1614//4147 
f 1715//4148 1651//4148 1652//4148 
f 1716//4149 1715//4149 1652//4149 
f 1135//4150 1115//4150 1193//4150 
f 1115//4151 1248//4151 1193//4151 
f 1115//4152 1256//4152 1248//4152 
f 975//4153 1115//4153 1008//4153 
f 1115//4154 1064//4154 1008//4154 
f 1115//4155 1135//4155 1064//4155 
f 1010//4156 1089//4156 1053//4156 
f 1009//4157 1010//4157 1053//4157 
f 981//4158 1010//4158 1009//4158 
f 1156//4159 1208//4159 1167//4159 
f 1116//4160 1156//4160 1167//4160 
f 1089//4161 1156//4161 1116//4161 
f 1277//4162 1248//4162 1256//4162 
f 1212//4163 1277//4163 1256//4163 
f 1208//4164 1277//4164 1212//4164 
f 1193//4165 1248//4165 1204//4165 
f 1135//4166 1193//4166 1204//4166 
f 961//4167 981//4167 978//4167 
f 975//4168 961//4168 978//4168 
f 1008//4169 961//4169 975//4169 
f 1064//4170 1135//4170 1058//4170 
f 1008//4171 1064//4171 1058//4171 
f 981//4172 961//4172 962//4172 
f 1011//4173 981//4173 962//4173 
f 1010//4174 981//4174 1011//4174 
f 1089//4175 1010//4175 1011//4175 
f 1157//4176 1089//4176 1011//4176 
f 1156//4177 1089//4177 1157//4177 
f 1208//4178 1156//4178 1157//4178 
f 1278//4179 1208//4179 1157//4179 
f 1277//4180 1208//4180 1278//4180 
f 1248//4181 1277//4181 1278//4181 
f 1205//4182 1248//4182 1278//4182 
f 1204//4183 1248//4183 1205//4183 
f 1135//4184 1204//4184 1205//4184 
f 1059//4185 1135//4185 1205//4185 
f 1058//4186 1135//4186 1059//4186 
f 1008//4187 1058//4187 1059//4187 
f 962//4188 1008//4188 1059//4188 
f 961//4189 1008//4189 962//4189 
f 1011//4190 1005//4190 1120//4190 
f 1157//4191 1011//4191 1120//4191 
f 1059//4192 986//4192 916//4192 
f 962//4193 1059//4193 916//4193 
f 1157//4194 1120//4194 1237//4194 
f 1310//4195 1157//4195 1237//4195 
f 1278//4196 1157//4196 1310//4196 
f 962//4197 916//4197 893//4197 
f 898//4198 962//4198 893//4198 
f 1011//4199 962//4199 898//4199 
f 921//4200 1011//4200 898//4200 
f 1005//4201 1011//4201 921//4201 
f 1278//4202 1310//4202 1346//4202 
f 1338//4203 1278//4203 1346//4203 
f 1205//4204 1278//4204 1338//4204 
f 1205//4205 1338//4205 1307//4205 
f 1209//4206 1205//4206 1307//4206 
f 1059//4207 1205//4207 1209//4207 
f 1106//4208 1059//4208 1209//4208 
f 986//4209 1059//4209 1106//4209 
f 914//4210 890//4210 893//4210 
f 916//4211 914//4211 893//4211 
f 982//4212 914//4212 916//4212 
f 986//4213 982//4213 916//4213 
f 1105//4214 982//4214 986//4214 
f 1106//4215 1105//4215 986//4215 
f 1210//4216 1105//4216 1106//4216 
f 1209//4217 1210//4217 1106//4217 
f 1309//4218 1210//4218 1209//4218 
f 1307//4219 1309//4219 1209//4219 
f 1345//4220 1309//4220 1307//4220 
f 1338//4221 1345//4221 1307//4221 
f 1349//4222 1345//4222 1338//4222 
f 1346//4223 1349//4223 1338//4223 
f 909//4224 881//4224 890//4224 
f 914//4225 909//4225 890//4225 
f 972//4226 909//4226 914//4226 
f 982//4227 972//4227 914//4227 
f 1104//4228 972//4228 982//4228 
f 1105//4229 1104//4229 982//4229 
f 1219//4230 1104//4230 1105//4230 
f 1210//4231 1219//4231 1105//4231 
f 1311//4232 1219//4232 1210//4232 
f 1309//4233 1311//4233 1210//4233 
f 1356//4234 1311//4234 1309//4234 
f 1345//4235 1356//4235 1309//4235 
f 1359//4236 1356//4236 1345//4236 
f 1349//4237 1359//4237 1345//4237 
f 906//4238 871//4238 881//4238 
f 909//4239 906//4239 881//4239 
f 968//4240 906//4240 909//4240 
f 972//4241 968//4241 909//4241 
f 1103//4242 968//4242 972//4242 
f 1104//4243 1103//4243 972//4243 
f 1221//4244 1103//4244 1104//4244 
f 1219//4245 1221//4245 1104//4245 
f 1317//4246 1221//4246 1219//4246 
f 1311//4247 1317//4247 1219//4247 
f 1361//4248 1317//4248 1311//4248 
f 1356//4249 1361//4249 1311//4249 
f 1365//4250 1361//4250 1356//4250 
f 1359//4251 1365//4251 1356//4251 
f 905//4252 866//4252 871//4252 
f 906//4253 905//4253 871//4253 
f 967//4254 905//4254 906//4254 
f 968//4255 967//4255 906//4255 
f 1102//4256 967//4256 968//4256 
f 1103//4257 1102//4257 968//4257 
f 1224//4258 1102//4258 1103//4258 
f 1221//4259 1224//4259 1103//4259 
f 1320//4260 1224//4260 1221//4260 
f 1317//4261 1320//4261 1221//4261 
f 1364//4262 1320//4262 1317//4262 
f 1361//4263 1364//4263 1317//4263 
f 1369//4264 1364//4264 1361//4264 
f 1365//4265 1369//4265 1361//4265 
f 1368//4266 1369//4266 1331//4266 
f 1324//4267 1368//4267 1331//4267 
f 1324//4268 1331//4268 1318//4268 
f 1265//4269 1324//4269 1318//4269 
f 1203//4270 1324//4270 1265//4270 
f 1203//4271 1265//4271 1202//4271 
f 1124//4272 1203//4272 1202//4272 
f 1052//4273 1203//4273 1124//4273 
f 1052//4274 1124//4274 1057//4274 
f 988//4275 1052//4275 1057//4275 
f 929//4276 1052//4276 988//4276 
f 929//4277 988//4277 931//4277 
f 910//4278 929//4278 931//4278 
f 880//4279 929//4279 910//4279 
f 872//4280 866//4280 865//4280 
f 880//4281 872//4281 865//4281 
f 882//4282 872//4282 880//4282 
f 910//4283 882//4283 880//4283 
f 1218//4284 1114//4284 1260//4284 
f 1114//4285 1232//4285 1260//4285 
f 1114//4286 1180//4286 1232//4286 
f 1038//4287 1114//4287 1109//4287 
f 1114//4288 1165//4288 1109//4288 
f 1114//4289 1218//4289 1165//4289 
f 959//4290 998//4290 985//4290 
f 971//4291 959//4291 985//4291 
f 987//4292 959//4292 971//4292 
f 1042//4293 1119//4293 1079//4293 
f 1021//4294 1042//4294 1079//4294 
f 998//4295 1042//4295 1021//4295 
f 1194//4296 1232//4296 1180//4296 
f 1130//4297 1194//4297 1180//4297 
f 1119//4298 1194//4298 1130//4298 
f 1260//4299 1232//4299 1279//4299 
f 1218//4300 1260//4300 1279//4300 
f 1022//4301 987//4301 991//4301 
f 1038//4302 1022//4302 991//4302 
f 1109//4303 1022//4303 1038//4303 
f 1165//4304 1218//4304 1171//4304 
f 1109//4305 1165//4305 1171//4305 
f 987//4306 1022//4306 1023//4306 
f 960//4307 987//4307 1023//4307 
f 959//4308 987//4308 960//4308 
f 998//4309 959//4309 960//4309 
f 1043//4310 998//4310 960//4310 
f 1042//4311 998//4311 1043//4311 
f 1119//4312 1042//4312 1043//4312 
f 1195//4313 1119//4313 1043//4313 
f 1194//4314 1119//4314 1195//4314 
f 1232//4315 1194//4315 1195//4315 
f 1280//4316 1232//4316 1195//4316 
f 1279//4317 1232//4317 1280//4317 
f 1218//4318 1279//4318 1280//4318 
f 1172//4319 1218//4319 1280//4319 
f 1171//4320 1218//4320 1172//4320 
f 1109//4321 1171//4321 1172//4321 
f 1023//4322 1109//4322 1172//4322 
f 1022//4323 1109//4323 1023//4323 
f 1043//4324 1142//4324 1195//4324 
f 908//4325 891//4325 960//4325 
f 1023//4326 908//4326 960//4326 
f 965//4327 908//4327 1023//4327 
f 1072//4328 965//4328 1023//4328 
f 1172//4329 1072//4329 1023//4329 
f 1181//4330 1072//4330 1172//4330 
f 1195//4331 1142//4331 1274//4331 
f 1326//4332 1195//4332 1274//4332 
f 1280//4333 1195//4333 1326//4333 
f 960//4334 891//4334 903//4334 
f 943//4335 960//4335 903//4335 
f 1043//4336 960//4336 943//4336 
f 1035//4337 1043//4337 943//4337 
f 1142//4338 1043//4338 1035//4338 
f 1280//4339 1326//4339 1348//4339 
f 1332//4340 1280//4340 1348//4340 
f 1172//4341 1280//4341 1332//4341 
f 1298//4342 1172//4342 1332//4342 
f 1181//4343 1172//4343 1298//4343 
f 1065//4344 1094//4344 1061//4344 
f 1187//4345 1242//4345 1190//4345 
f 1276//4346 1326//4346 1274//4346 
f 1351//4347 1332//4347 1348//4347 
f 1337//4348 1298//4348 1332//4348 
f 1299//4349 1181//4349 1298//4349 
f 1182//4350 1072//4350 1181//4350 
f 1071//4351 965//4351 1072//4351 
f 1328//4352 1326//4352 1276//4352 
f 1281//4353 1328//4353 1276//4353 
f 1334//4354 1328//4354 1281//4354 
f 1286//4355 1334//4355 1281//4355 
f 1339//4356 1334//4356 1286//4356 
f 1337//4357 1332//4357 1351//4357 
f 1360//4358 1337//4358 1351//4358 
f 1347//4359 1337//4359 1360//4359 
f 1370//4360 1347//4360 1360//4360 
f 1357//4361 1347//4361 1370//4361 
f 1339//4362 1286//4362 1289//4362 
f 1344//4363 1339//4363 1289//4363 
f 1350//4364 1339//4364 1344//4364 
f 1339//4365 1350//4365 1370//4365 
f 1360//4366 1339//4366 1370//4366 
f 1334//4367 1339//4367 1360//4367 
f 1351//4368 1334//4368 1360//4368 
f 1328//4369 1334//4369 1351//4369 
f 1348//4370 1328//4370 1351//4370 
f 1326//4371 1328//4371 1348//4371 
f 1370//4372 1350//4372 1372//4372 
f 1367//4373 1370//4373 1372//4373 
f 1357//4374 1370//4374 1367//4374 
f 1358//4375 1357//4375 1367//4375 
f 1330//4376 1357//4376 1358//4376 
f 1299//4377 1298//4377 1337//4377 
f 1347//4378 1299//4378 1337//4378 
f 1304//4379 1299//4379 1347//4379 
f 1357//4380 1304//4380 1347//4380 
f 1306//4381 1304//4381 1357//4381 
f 1330//4382 1306//4382 1357//4382 
f 1308//4383 1306//4383 1330//4383 
f 1182//4384 1181//4384 1299//4384 
f 1304//4385 1182//4385 1299//4385 
f 1185//4386 1182//4386 1304//4386 
f 1306//4387 1185//4387 1304//4387 
f 1187//4388 1185//4388 1306//4388 
f 1308//4389 1187//4389 1306//4389 
f 1242//4390 1187//4390 1308//4390 
f 1071//4391 1072//4391 1182//4391 
f 1185//4392 1071//4392 1182//4392 
f 1066//4393 1071//4393 1185//4393 
f 1187//4394 1066//4394 1185//4394 
f 1065//4395 1066//4395 1187//4395 
f 1190//4396 1065//4396 1187//4396 
f 1094//4397 1065//4397 1190//4397 
f 963//4398 965//4398 1071//4398 
f 1066//4399 963//4399 1071//4399 
f 955//4400 963//4400 1066//4400 
f 1065//4401 955//4401 1066//4401 
f 950//4402 955//4402 1065//4402 
f 1061//4403 950//4403 1065//4403 
f 949//4404 950//4404 1061//4404 
f 1149//4405 1288//4405 1289//4405 
f 1148//4406 1288//4406 1149//4406 
f 1029//4407 1148//4407 1149//4407 
f 1028//4408 1148//4408 1029//4408 
f 920//4409 1028//4409 1029//4409 
f 919//4410 1028//4410 920//4410 
f 884//4411 919//4411 920//4411 
f 883//4412 919//4412 884//4412 
f 863//4413 883//4413 884//4413 
f 862//4414 883//4414 863//4414 
f 896//4415 862//4415 863//4415 
f 895//4416 862//4416 896//4416 
f 949//4417 895//4417 896//4417 
f 948//4418 895//4418 949//4418 
f 2001//4419 1892//4419 1966//4419 
f 1892//4420 1922//4420 1966//4420 
f 1892//4421 1873//4421 1922//4421 
f 1911//4422 1892//4422 1957//4422 
f 1892//4423 1993//4423 1957//4423 
f 1892//4424 2001//4424 1993//4424 
f 1804//4425 1784//4425 1797//4425 
f 1824//4426 1804//4426 1797//4426 
f 1855//4427 1804//4427 1824//4427 
f 1763//4428 1825//4428 1803//4428 
f 1778//4429 1763//4429 1803//4429 
f 1784//4430 1763//4430 1778//4430 
f 1869//4431 1922//4431 1873//4431 
f 1828//4432 1869//4432 1873//4432 
f 1825//4433 1869//4433 1828//4433 
f 1966//4434 1922//4434 1979//4434 
f 2001//4435 1966//4435 1979//4435 
f 1912//4436 1855//4436 1865//4436 
f 1911//4437 1912//4437 1865//4437 
f 1957//4438 1912//4438 1911//4438 
f 1993//4439 2001//4439 2015//4439 
f 1957//4440 1993//4440 2015//4440 
f 1855//4441 1912//4441 1913//4441 
f 1805//4442 1855//4442 1913//4442 
f 1804//4443 1855//4443 1805//4443 
f 1784//4444 1804//4444 1805//4444 
f 1764//4445 1784//4445 1805//4445 
f 1763//4446 1784//4446 1764//4446 
f 1825//4447 1763//4447 1764//4447 
f 1870//4448 1825//4448 1764//4448 
f 1869//4449 1825//4449 1870//4449 
f 1922//4450 1869//4450 1870//4450 
f 1980//4451 1922//4451 1870//4451 
f 1979//4452 1922//4452 1980//4452 
f 2001//4453 1979//4453 1980//4453 
f 2016//4454 2001//4454 1980//4454 
f 2015//4455 2001//4455 2016//4455 
f 1957//4456 2015//4456 2016//4456 
f 1913//4457 1957//4457 2016//4457 
f 1912//4458 1957//4458 1913//4458 
f 1764//4459 1704//4459 1759//4459 
f 1870//4460 1764//4460 1759//4460 
f 2016//4461 2057//4461 2018//4461 
f 1913//4462 2016//4462 2018//4462 
f 1870//4463 1759//4463 1854//4463 
f 1938//4464 1870//4464 1854//4464 
f 1980//4465 1870//4465 1938//4465 
f 1913//4466 2018//4466 1923//4466 
f 1841//4467 1913//4467 1923//4467 
f 1805//4468 1913//4468 1841//4468 
f 1805//4469 1841//4469 1746//4469 
f 1697//4470 1805//4470 1746//4470 
f 1764//4471 1805//4471 1697//4471 
f 1672//4472 1764//4472 1697//4472 
f 1704//4473 1764//4473 1672//4473 
f 1980//4474 1938//4474 2027//4474 
f 2061//4475 1980//4475 2027//4475 
f 2016//4476 1980//4476 2061//4476 
f 2080//4477 2016//4477 2061//4477 
f 2057//4478 2016//4478 2080//4478 
f 2028//4479 2037//4479 2030//4479 
f 2074//4480 2089//4480 2078//4480 
f 1853//4481 1938//4481 1854//4481 
f 2029//4482 2061//4482 2027//4482 
f 2064//4483 2080//4483 2061//4483 
f 2082//4484 2057//4484 2080//4484 
f 2059//4485 2018//4485 2057//4485 
f 2019//4486 1923//4486 2018//4486 
f 1943//4487 1938//4487 1853//4487 
f 1851//4488 1943//4488 1853//4488 
f 1944//4489 1943//4489 1851//4489 
f 1850//4490 1944//4490 1851//4490 
f 1948//4491 1944//4491 1850//4491 
f 2064//4492 2061//4492 2029//4492 
f 2036//4493 2064//4493 2029//4493 
f 2076//4494 2064//4494 2036//4494 
f 2038//4495 2076//4495 2036//4495 
f 2085//4496 2076//4496 2038//4496 
f 1948//4497 1850//4497 1849//4497 
f 1949//4498 1948//4498 1849//4498 
f 1961//4499 1948//4499 1949//4499 
f 1948//4500 1961//4500 2038//4500 
f 2036//4501 1948//4501 2038//4501 
f 1944//4502 1948//4502 2036//4502 
f 2029//4503 1944//4503 2036//4503 
f 1943//4504 1944//4504 2029//4504 
f 2027//4505 1943//4505 2029//4505 
f 1938//4506 1943//4506 2027//4506 
f 2082//4507 2080//4507 2064//4507 
f 2076//4508 2082//4508 2064//4508 
f 2093//4509 2082//4509 2076//4509 
f 2085//4510 2093//4510 2076//4510 
f 2099//4511 2093//4511 2085//4511 
f 2095//4512 2099//4512 2085//4512 
f 2104//4513 2099//4513 2095//4513 
f 2038//4514 1961//4514 2041//4514 
f 2053//4515 2038//4515 2041//4515 
f 2085//4516 2038//4516 2053//4516 
f 2088//4517 2085//4517 2053//4517 
f 2095//4518 2085//4518 2088//4518 
f 2059//4519 2057//4519 2082//4519 
f 2093//4520 2059//4520 2082//4520 
f 2065//4521 2059//4521 2093//4521 
f 2099//4522 2065//4522 2093//4522 
f 2074//4523 2065//4523 2099//4523 
f 2104//4524 2074//4524 2099//4524 
f 2089//4525 2074//4525 2104//4525 
f 2019//4526 2018//4526 2059//4526 
f 2065//4527 2019//4527 2059//4527 
f 2021//4528 2019//4528 2065//4528 
f 2074//4529 2021//4529 2065//4529 
f 2028//4530 2021//4530 2074//4530 
f 2078//4531 2028//4531 2074//4531 
f 2037//4532 2028//4532 2078//4532 
f 1924//4533 1923//4533 2019//4533 
f 2021//4534 1924//4534 2019//4534 
f 1931//4535 1924//4535 2021//4535 
f 2028//4536 1931//4536 2021//4536 
f 1932//4537 1931//4537 2028//4537 
f 2030//4538 1932//4538 2028//4538 
f 1934//4539 1932//4539 2030//4539 
f 1743//4540 1848//4540 1849//4540 
f 1742//4541 1848//4541 1743//4541 
f 1675//4542 1742//4542 1743//4542 
f 1674//4543 1742//4543 1675//4543 
f 1646//4544 1674//4544 1675//4544 
f 1645//4545 1674//4545 1646//4545 
f 1666//4546 1645//4546 1646//4546 
f 1665//4547 1645//4547 1666//4547 
f 1724//4548 1665//4548 1666//4548 
f 1723//4549 1665//4549 1724//4549 
f 1832//4550 1723//4550 1724//4550 
f 1831//4551 1723//4551 1832//4551 
f 1934//4552 1831//4552 1832//4552 
f 1933//4553 1831//4553 1934//4553 
f 3551//4554 3599//4554 3515//4554 
f 3639//4555 3599//4555 3598//4555 
f 3599//4556 3554//4556 3598//4556 
f 3700//4557 3599//4557 3670//4557 
f 3599//4558 3658//4558 3670//4558 
f 3679//4559 3599//4559 3706//4559 
f 3599//4560 3711//4560 3706//4560 
f 3599//4561 3700//4561 3711//4561 
f 3599//4562 3639//4562 3658//4562 
f 3599//4563 3551//4563 3554//4563 
f 3596//4564 3645//4564 3594//4564 
f 3543//4565 3596//4565 3594//4565 
f 3502//4566 3543//4566 3476//4566 
f 3481//4567 3502//4567 3476//4567 
f 3491//4568 3554//4568 3551//4568 
f 3515//4569 3491//4569 3551//4569 
f 3481//4570 3491//4570 3515//4570 
f 3607//4571 3658//4571 3639//4571 
f 3598//4572 3607//4572 3639//4572 
f 3554//4573 3607//4573 3598//4573 
f 3698//4574 3645//4574 3679//4574 
f 3706//4575 3698//4575 3679//4575 
f 3711//4576 3698//4576 3706//4576 
f 3719//4577 3711//4577 3700//4577 
f 3670//4578 3719//4578 3700//4578 
f 3658//4579 3719//4579 3670//4579 
f 3645//4580 3698//4580 3699//4580 
f 3595//4581 3645//4581 3699//4581 
f 3594//4582 3645//4582 3595//4582 
f 3543//4583 3594//4583 3595//4583 
f 3477//4584 3543//4584 3595//4584 
f 3476//4585 3543//4585 3477//4585 
f 3481//4586 3476//4586 3477//4586 
f 3492//4587 3481//4587 3477//4587 
f 3491//4588 3481//4588 3492//4588 
f 3554//4589 3491//4589 3492//4589 
f 3608//4590 3554//4590 3492//4590 
f 3607//4591 3554//4591 3608//4591 
f 3658//4592 3607//4592 3608//4592 
f 3720//4593 3658//4593 3608//4593 
f 3719//4594 3658//4594 3720//4594 
f 3711//4595 3719//4595 3720//4595 
f 3699//4596 3711//4596 3720//4596 
f 3698//4597 3711//4597 3699//4597 
f 3477//4598 3420//4598 3411//4598 
f 3492//4599 3477//4599 3411//4599 
f 3720//4600 3805//4600 3815//4600 
f 3699//4601 3720//4601 3815//4601 
f 3699//4602 3815//4602 3777//4602 
f 3701//4603 3699//4603 3777//4603 
f 3595//4604 3699//4604 3701//4604 
f 3595//4605 3701//4605 3609//4605 
f 3529//4606 3595//4606 3609//4606 
f 3477//4607 3595//4607 3529//4607 
f 3447//4608 3477//4608 3529//4608 
f 3420//4609 3477//4609 3447//4609 
f 3765//4610 3805//4610 3720//4610 
f 3608//4611 3765//4611 3720//4611 
f 3666//4612 3765//4612 3608//4612 
f 3492//4613 3411//4613 3437//4613 
f 3488//4614 3492//4614 3437//4614 
f 3608//4615 3492//4615 3488//4615 
f 3592//4616 3608//4616 3488//4616 
f 3666//4617 3608//4617 3592//4617 
f 3837//4618 3840//4618 3843//4618 
f 3832//4619 3817//4619 3835//4619 
f 3434//4620 3488//4620 3437//4620 
f 3591//4621 3666//4621 3592//4621 
f 3668//4622 3765//4622 3666//4622 
f 3767//4623 3805//4623 3765//4623 
f 3807//4624 3815//4624 3805//4624 
f 3819//4625 3777//4625 3815//4625 
f 3487//4626 3488//4626 3434//4626 
f 3428//4627 3487//4627 3434//4627 
f 3478//4628 3487//4628 3428//4628 
f 3426//4629 3478//4629 3428//4629 
f 3474//4630 3478//4630 3426//4630 
f 3668//4631 3666//4631 3591//4631 
f 3590//4632 3668//4632 3591//4632 
f 3672//4633 3668//4633 3590//4633 
f 3589//4634 3672//4634 3590//4634 
f 3674//4635 3672//4635 3589//4635 
f 3474//4636 3426//4636 3424//4636 
f 3467//4637 3474//4637 3424//4637 
f 3496//4638 3474//4638 3467//4638 
f 3474//4639 3496//4639 3589//4639 
f 3590//4640 3474//4640 3589//4640 
f 3478//4641 3474//4641 3590//4641 
f 3591//4642 3478//4642 3590//4642 
f 3487//4643 3478//4643 3591//4643 
f 3592//4644 3487//4644 3591//4644 
f 3488//4645 3487//4645 3592//4645 
f 3767//4646 3765//4646 3668//4646 
f 3672//4647 3767//4647 3668//4647 
f 3775//4648 3767//4648 3672//4648 
f 3674//4649 3775//4649 3672//4649 
f 3776//4650 3775//4650 3674//4650 
f 3736//4651 3776//4651 3674//4651 
f 3778//4652 3776//4652 3736//4652 
f 3589//4653 3496//4653 3588//4653 
f 3615//4654 3589//4654 3588//4654 
f 3674//4655 3589//4655 3615//4655 
f 3675//4656 3674//4656 3615//4656 
f 3736//4657 3674//4657 3675//4657 
f 3807//4658 3805//4658 3767//4658 
f 3775//4659 3807//4659 3767//4659 
f 3824//4660 3807//4660 3775//4660 
f 3776//4661 3824//4661 3775//4661 
f 3832//4662 3824//4662 3776//4662 
f 3778//4663 3832//4663 3776//4663 
f 3817//4664 3832//4664 3778//4664 
f 3819//4665 3815//4665 3807//4665 
f 3824//4666 3819//4666 3807//4666 
f 3830//4667 3819//4667 3824//4667 
f 3832//4668 3830//4668 3824//4668 
f 3837//4669 3830//4669 3832//4669 
f 3835//4670 3837//4670 3832//4670 
f 3840//4671 3837//4671 3835//4671 
f 3780//4672 3777//4672 3819//4672 
f 3830//4673 3780//4673 3819//4673 
f 3788//4674 3780//4674 3830//4674 
f 3837//4675 3788//4675 3830//4675 
f 3793//4676 3788//4676 3837//4676 
f 3843//4677 3793//4677 3837//4677 
f 3797//4678 3793//4678 3843//4678 
f 3388//4679 3423//4679 3424//4679 
f 3387//4680 3423//4680 3388//4680 
f 3394//4681 3387//4681 3388//4681 
f 3393//4682 3387//4682 3394//4682 
f 3436//4683 3393//4683 3394//4683 
f 3435//4684 3393//4684 3436//4684 
f 3517//4685 3435//4685 3436//4685 
f 3516//4686 3435//4686 3517//4686 
f 3614//4687 3516//4687 3517//4687 
f 3613//4688 3516//4688 3614//4688 
f 3729//4689 3613//4689 3614//4689 
f 3728//4690 3613//4690 3729//4690 
f 3797//4691 3728//4691 3729//4691 
f 3796//4692 3728//4692 3797//4692 
f 4238//4693 4370//4693 4235//4693 
f 4321//4694 4370//4694 4283//4694 
f 4370//4695 4242//4695 4283//4695 
f 4434//4696 4370//4696 4373//4696 
f 4370//4697 4349//4697 4373//4697 
f 4507//4698 4370//4698 4478//4698 
f 4370//4699 4474//4699 4478//4699 
f 4370//4700 4434//4700 4474//4700 
f 4370//4701 4321//4701 4349//4701 
f 4370//4702 4238//4702 4242//4702 
f 4458//4703 4501//4703 4470//4703 
f 4395//4704 4458//4704 4470//4704 
f 4328//4705 4395//4705 4322//4705 
f 4282//4706 4328//4706 4322//4706 
f 4214//4707 4242//4707 4238//4707 
f 4235//4708 4214//4708 4238//4708 
f 4282//4709 4214//4709 4235//4709 
f 4284//4710 4349//4710 4321//4710 
f 4283//4711 4284//4711 4321//4711 
f 4242//4712 4284//4712 4283//4712 
f 4522//4713 4501//4713 4507//4713 
f 4478//4714 4522//4714 4507//4714 
f 4474//4715 4522//4715 4478//4715 
f 4420//4716 4474//4716 4434//4716 
f 4373//4717 4420//4717 4434//4717 
f 4349//4718 4420//4718 4373//4718 
f 4501//4719 4522//4719 4523//4719 
f 4471//4720 4501//4720 4523//4720 
f 4470//4721 4501//4721 4471//4721 
f 4395//4722 4470//4722 4471//4722 
f 4323//4723 4395//4723 4471//4723 
f 4322//4724 4395//4724 4323//4724 
f 4282//4725 4322//4725 4323//4725 
f 4215//4726 4282//4726 4323//4726 
f 4214//4727 4282//4727 4215//4727 
f 4242//4728 4214//4728 4215//4728 
f 4285//4729 4242//4729 4215//4729 
f 4284//4730 4242//4730 4285//4730 
f 4349//4731 4284//4731 4285//4731 
f 4421//4732 4349//4732 4285//4732 
f 4420//4733 4349//4733 4421//4733 
f 4474//4734 4420//4734 4421//4734 
f 4523//4735 4474//4735 4421//4735 
f 4522//4736 4474//4736 4523//4736 
f 4149//4737 4215//4737 4143//4737 
f 4285//4738 4215//4738 4149//4738 
f 4173//4739 4143//4739 4215//4739 
f 4323//4740 4173//4740 4215//4740 
f 4249//4741 4173//4741 4323//4741 
f 4421//4742 4492//4742 4558//4742 
f 4523//4743 4421//4743 4558//4743 
f 4523//4744 4558//4744 4588//4744 
f 4578//4745 4523//4745 4588//4745 
f 4471//4746 4523//4746 4578//4746 
f 4285//4747 4149//4747 4176//4747 
f 4279//4748 4285//4748 4176//4748 
f 4421//4749 4285//4749 4279//4749 
f 4378//4750 4421//4750 4279//4750 
f 4492//4751 4421//4751 4378//4751 
f 4471//4752 4578//4752 4555//4752 
f 4475//4753 4471//4753 4555//4753 
f 4323//4754 4471//4754 4475//4754 
f 4364//4755 4323//4755 4475//4755 
f 4249//4756 4323//4756 4364//4756 
f 4560//4757 4591//4757 4588//4757 
f 4558//4758 4560//4758 4588//4758 
f 4498//4759 4560//4759 4558//4759 
f 4492//4760 4498//4760 4558//4760 
f 4379//4761 4498//4761 4492//4761 
f 4378//4762 4379//4762 4492//4762 
f 4278//4763 4379//4763 4378//4763 
f 4279//4764 4278//4764 4378//4764 
f 4174//4765 4278//4765 4279//4765 
f 4176//4766 4174//4766 4279//4766 
f 4144//4767 4174//4767 4176//4767 
f 4149//4768 4144//4768 4176//4768 
f 4139//4769 4144//4769 4149//4769 
f 4143//4770 4139//4770 4149//4770 
f 4567//4771 4601//4771 4591//4771 
f 4560//4772 4567//4772 4591//4772 
f 4508//4773 4567//4773 4560//4773 
f 4498//4774 4508//4774 4560//4774 
f 4380//4775 4508//4775 4498//4775 
f 4379//4776 4380//4776 4498//4776 
f 4266//4777 4380//4777 4379//4777 
f 4278//4778 4266//4778 4379//4778 
f 4172//4779 4266//4779 4278//4779 
f 4174//4780 4172//4780 4278//4780 
f 4132//4781 4172//4781 4174//4781 
f 4144//4782 4132//4782 4174//4782 
f 4129//4783 4132//4783 4144//4783 
f 4139//4784 4129//4784 4144//4784 
f 4570//4785 4606//4785 4601//4785 
f 4567//4786 4570//4786 4601//4786 
f 4512//4787 4570//4787 4567//4787 
f 4508//4788 4512//4788 4567//4788 
f 4381//4789 4512//4789 4508//4789 
f 4380//4790 4381//4790 4508//4790 
f 4260//4791 4381//4791 4380//4791 
f 4266//4792 4260//4792 4380//4792 
f 4170//4793 4260//4793 4266//4793 
f 4172//4794 4170//4794 4266//4794 
f 4127//4795 4170//4795 4172//4795 
f 4132//4796 4127//4796 4172//4796 
f 4121//4797 4127//4797 4132//4797 
f 4129//4798 4121//4798 4132//4798 
f 4573//4799 4611//4799 4606//4799 
f 4570//4800 4573//4800 4606//4800 
f 4514//4801 4573//4801 4570//4801 
f 4512//4802 4514//4802 4570//4802 
f 4383//4803 4514//4803 4512//4803 
f 4381//4804 4383//4804 4512//4804 
f 4258//4805 4383//4805 4381//4805 
f 4260//4806 4258//4806 4381//4806 
f 4168//4807 4258//4807 4260//4807 
f 4170//4808 4168//4808 4260//4808 
f 4123//4809 4168//4809 4170//4809 
f 4127//4810 4123//4810 4170//4810 
f 4117//4811 4123//4811 4127//4811 
f 4121//4812 4117//4812 4127//4812 
f 4116//4813 4117//4813 4156//4813 
f 4163//4814 4116//4814 4156//4814 
f 4163//4815 4156//4815 4169//4815 
f 4225//4816 4163//4816 4169//4816 
f 4286//4817 4163//4817 4225//4817 
f 4286//4818 4225//4818 4287//4818 
f 4360//4819 4286//4819 4287//4819 
f 4426//4820 4286//4820 4360//4820 
f 4426//4821 4360//4821 4422//4821 
f 4484//4822 4426//4822 4422//4822 
f 4549//4823 4426//4823 4484//4823 
f 4549//4824 4484//4824 4547//4824 
f 4566//4825 4549//4825 4547//4825 
f 4602//4826 4549//4826 4566//4826 
f 4605//4827 4611//4827 4610//4827 
f 4602//4828 4605//4828 4610//4828 
f 4600//4829 4605//4829 4602//4829 
f 4566//4830 4600//4830 4602//4830 
f 4269//4831 4371//4831 4231//4831 
f 4371//4832 4252//4832 4231//4832 
f 4371//4833 4306//4833 4252//4833 
f 4446//4834 4371//4834 4377//4834 
f 4371//4835 4316//4835 4377//4835 
f 4371//4836 4269//4836 4316//4836 
f 4511//4837 4487//4837 4524//4837 
f 4481//4838 4511//4838 4524//4838 
f 4432//4839 4481//4839 4435//4839 
f 4367//4840 4432//4840 4435//4840 
f 4306//4841 4367//4841 4290//4841 
f 4252//4842 4306//4842 4290//4842 
f 4231//4843 4252//4843 4212//4843 
f 4269//4844 4231//4844 4212//4844 
f 4446//4845 4377//4845 4459//4845 
f 4487//4846 4446//4846 4459//4846 
f 4316//4847 4269//4847 4308//4847 
f 4377//4848 4316//4848 4308//4848 
f 4487//4849 4459//4849 4460//4849 
f 4525//4850 4487//4850 4460//4850 
f 4524//4851 4487//4851 4525//4851 
f 4481//4852 4524//4852 4525//4852 
f 4436//4853 4481//4853 4525//4853 
f 4435//4854 4481//4854 4436//4854 
f 4367//4855 4435//4855 4436//4855 
f 4291//4856 4367//4856 4436//4856 
f 4290//4857 4367//4857 4291//4857 
f 4252//4858 4290//4858 4291//4858 
f 4213//4859 4252//4859 4291//4859 
f 4212//4860 4252//4860 4213//4860 
f 4269//4861 4212//4861 4213//4861 
f 4309//4862 4269//4862 4213//4862 
f 4308//4863 4269//4863 4309//4863 
f 4377//4864 4308//4864 4309//4864 
f 4460//4865 4377//4865 4309//4865 
f 4459//4866 4377//4866 4460//4866 
f 4309//4867 4303//4867 4404//4867 
f 4460//4868 4309//4868 4404//4868 
f 4191//4869 4303//4869 4309//4869 
f 4213//4870 4191//4870 4309//4870 
f 4155//4871 4191//4871 4213//4871 
f 4436//4872 4447//4872 4336//4872 
f 4291//4873 4436//4873 4336//4873 
f 4539//4874 4447//4874 4436//4874 
f 4525//4875 4539//4875 4436//4875 
f 4574//4876 4539//4876 4525//4876 
f 4460//4877 4404//4877 4519//4877 
f 4568//4878 4460//4878 4519//4878 
f 4525//4879 4460//4879 4568//4879 
f 4590//4880 4525//4880 4568//4880 
f 4574//4881 4525//4881 4590//4881 
f 4291//4882 4336//4882 4219//4882 
f 4161//4883 4291//4883 4219//4883 
f 4213//4884 4291//4884 4161//4884 
f 4140//4885 4213//4885 4161//4885 
f 4155//4886 4213//4886 4140//4886 
f 4409//4887 4392//4887 4412//4887 
f 4297//4888 4246//4888 4294//4888 
f 4216//4889 4161//4889 4219//4889 
f 4137//4890 4155//4890 4140//4890 
f 4150//4891 4191//4891 4155//4891 
f 4190//4892 4303//4892 4191//4892 
f 4302//4893 4404//4893 4303//4893 
f 4405//4894 4519//4894 4404//4894 
f 4159//4895 4161//4895 4216//4895 
f 4209//4896 4159//4896 4216//4896 
f 4153//4897 4159//4897 4209//4897 
f 4200//4898 4153//4898 4209//4898 
f 4148//4899 4153//4899 4200//4899 
f 4150//4900 4155//4900 4137//4900 
f 4128//4901 4150//4901 4137//4901 
f 4141//4902 4150//4902 4128//4902 
f 4115//4903 4141//4903 4128//4903 
f 4131//4904 4141//4904 4115//4904 
f 4148//4905 4200//4905 4198//4905 
f 4145//4906 4148//4906 4198//4906 
f 4138//4907 4148//4907 4145//4907 
f 4148//4908 4138//4908 4115//4908 
f 4128//4909 4148//4909 4115//4909 
f 4153//4910 4148//4910 4128//4910 
f 4137//4911 4153//4911 4128//4911 
f 4159//4912 4153//4912 4137//4912 
f 4140//4913 4159//4913 4137//4913 
f 4161//4914 4159//4914 4140//4914 
f 4115//4915 4138//4915 4113//4915 
f 4118//4916 4115//4916 4113//4916 
f 4131//4917 4115//4917 4118//4917 
f 4130//4918 4131//4918 4118//4918 
f 4157//4919 4131//4919 4130//4919 
f 4190//4920 4191//4920 4150//4920 
f 4141//4921 4190//4921 4150//4921 
f 4183//4922 4190//4922 4141//4922 
f 4131//4923 4183//4923 4141//4923 
f 4177//4924 4183//4924 4131//4924 
f 4157//4925 4177//4925 4131//4925 
f 4175//4926 4177//4926 4157//4926 
f 4302//4927 4303//4927 4190//4927 
f 4183//4928 4302//4928 4190//4928 
f 4299//4929 4302//4929 4183//4929 
f 4177//4930 4299//4930 4183//4930 
f 4297//4931 4299//4931 4177//4931 
f 4175//4932 4297//4932 4177//4932 
f 4246//4933 4297//4933 4175//4933 
f 4405//4934 4404//4934 4302//4934 
f 4299//4935 4405//4935 4302//4935 
f 4408//4936 4405//4936 4299//4936 
f 4297//4937 4408//4937 4299//4937 
f 4409//4938 4408//4938 4297//4938 
f 4294//4939 4409//4939 4297//4939 
f 4392//4940 4409//4940 4294//4940 
f 4521//4941 4519//4941 4405//4941 
f 4408//4942 4521//4942 4405//4942 
f 4530//4943 4521//4943 4408//4943 
f 4409//4944 4530//4944 4408//4944 
f 4532//4945 4530//4945 4409//4945 
f 4412//4946 4532//4946 4409//4946 
f 4534//4947 4532//4947 4412//4947 
f 4197//4948 4198//4948 4325//4948 
f 4357//4949 4197//4949 4325//4949 
f 4357//4950 4325//4950 4356//4950 
f 4453//4951 4357//4951 4356//4951 
f 4502//4952 4357//4952 4453//4952 
f 4502//4953 4453//4953 4497//4953 
f 4556//4954 4502//4954 4497//4954 
f 4575//4955 4502//4955 4556//4955 
f 4575//4956 4556//4956 4571//4956 
f 4599//4957 4575//4957 4571//4957 
f 4613//4958 4575//4958 4599//4958 
f 4613//4959 4599//4959 4607//4959 
f 4614//4960 4613//4960 4607//4960 
f 4594//4961 4613//4961 4614//4961 
f 4586//4962 4534//4962 4533//4962 
f 4594//4963 4586//4963 4533//4963 
f 4592//4964 4586//4964 4594//4964 
f 4614//4965 4592//4965 4594//4965 
f 3576//4966 3600//4966 3623//4966 
f 3501//4967 3600//4967 3530//4967 
f 3600//4968 3569//4968 3530//4968 
f 3503//4969 3600//4969 3479//4969 
f 3600//4970 3486//4970 3479//4970 
f 3583//4971 3600//4971 3540//4971 
f 3600//4972 3533//4972 3540//4972 
f 3600//4973 3503//4973 3533//4973 
f 3600//4974 3501//4974 3486//4974 
f 3600//4975 3576//4975 3569//4975 
f 3671//4976 3636//4976 3684//4976 
f 3704//4977 3671//4977 3684//4977 
f 3697//4978 3704//4978 3726//4978 
f 3663//4979 3697//4979 3726//4979 
f 3624//4980 3569//4980 3576//4980 
f 3623//4981 3624//4981 3576//4981 
f 3663//4982 3624//4982 3623//4982 
f 3504//4983 3486//4983 3501//4983 
f 3530//4984 3504//4984 3501//4984 
f 3569//4985 3504//4985 3530//4985 
f 3579//4986 3636//4986 3583//4986 
f 3540//4987 3579//4987 3583//4987 
f 3533//4988 3579//4988 3540//4988 
f 3468//4989 3533//4989 3503//4989 
f 3479//4990 3468//4990 3503//4990 
f 3486//4991 3468//4991 3479//4991 
f 3636//4992 3579//4992 3580//4992 
f 3685//4993 3636//4993 3580//4993 
f 3684//4994 3636//4994 3685//4994 
f 3704//4995 3684//4995 3685//4995 
f 3727//4996 3704//4996 3685//4996 
f 3726//4997 3704//4997 3727//4997 
f 3663//4998 3726//4998 3727//4998 
f 3625//4999 3663//4999 3727//4999 
f 3624//5000 3663//5000 3625//5000 
f 3569//5001 3624//5001 3625//5001 
f 3505//5002 3569//5002 3625//5002 
f 3504//5003 3569//5003 3505//5003 
f 3486//5004 3504//5004 3505//5004 
f 3469//5005 3486//5005 3505//5005 
f 3468//5006 3486//5006 3469//5006 
f 3533//5007 3468//5007 3469//5007 
f 3580//5008 3533//5008 3469//5008 
f 3579//5009 3533//5009 3580//5009 
f 3727//5010 3787//5010 3732//5010 
f 3625//5011 3727//5011 3732//5011 
f 3469//5012 3429//5012 3466//5012 
f 3580//5013 3469//5013 3466//5013 
f 3580//5014 3466//5014 3566//5014 
f 3649//5015 3580//5015 3566//5015 
f 3685//5016 3580//5016 3649//5016 
f 3407//5017 3429//5017 3469//5017 
f 3505//5018 3407//5018 3469//5018 
f 3425//5019 3407//5019 3505//5019 
f 3625//5020 3732//5020 3637//5020 
f 3550//5021 3625//5021 3637//5021 
f 3505//5022 3625//5022 3550//5022 
f 3459//5023 3505//5023 3550//5023 
f 3425//5024 3505//5024 3459//5024 
f 3685//5025 3649//5025 3746//5025 
f 3794//5026 3685//5026 3746//5026 
f 3727//5027 3685//5027 3794//5027 
f 3818//5028 3727//5028 3794//5028 
f 3787//5029 3727//5029 3818//5029 
f 3458//5030 3450//5030 3456//5030 
f 3414//5031 3399//5031 3408//5031 
f 3638//5032 3550//5032 3637//5032 
f 3457//5033 3425//5033 3459//5033 
f 3422//5034 3407//5034 3425//5034 
f 3405//5035 3429//5035 3407//5035 
f 3427//5036 3466//5036 3429//5036 
f 3465//5037 3566//5037 3466//5037 
f 3545//5038 3550//5038 3638//5038 
f 3641//5039 3545//5039 3638//5039 
f 3544//5040 3545//5040 3641//5040 
f 3642//5041 3544//5041 3641//5041 
f 3542//5042 3544//5042 3642//5042 
f 3422//5043 3425//5043 3457//5043 
f 3451//5044 3422//5044 3457//5044 
f 3412//5045 3422//5045 3451//5045 
f 3449//5046 3412//5046 3451//5046 
f 3402//5047 3412//5047 3449//5047 
f 3542//5048 3642//5048 3644//5048 
f 3541//5049 3542//5049 3644//5049 
f 3528//5050 3542//5050 3541//5050 
f 3542//5051 3528//5051 3449//5051 
f 3451//5052 3542//5052 3449//5052 
f 3544//5053 3542//5053 3451//5053 
f 3457//5054 3544//5054 3451//5054 
f 3545//5055 3544//5055 3457//5055 
f 3459//5056 3545//5056 3457//5056 
f 3550//5057 3545//5057 3459//5057 
f 3449//5058 3528//5058 3446//5058 
f 3433//5059 3449//5059 3446//5059 
f 3402//5060 3449//5060 3433//5060 
f 3400//5061 3402//5061 3433//5061 
f 3392//5062 3402//5062 3400//5062 
f 3405//5063 3407//5063 3422//5063 
f 3412//5064 3405//5064 3422//5064 
f 3395//5065 3405//5065 3412//5065 
f 3402//5066 3395//5066 3412//5066 
f 3389//5067 3395//5067 3402//5067 
f 3392//5068 3389//5068 3402//5068 
f 3384//5069 3389//5069 3392//5069 
f 3427//5070 3429//5070 3405//5070 
f 3395//5071 3427//5071 3405//5071 
f 3421//5072 3427//5072 3395//5072 
f 3389//5073 3421//5073 3395//5073 
f 3414//5074 3421//5074 3389//5074 
f 3384//5075 3414//5075 3389//5075 
f 3399//5076 3414//5076 3384//5076 
f 3465//5077 3466//5077 3427//5077 
f 3421//5078 3465//5078 3427//5078 
f 3464//5079 3465//5079 3421//5079 
f 3414//5080 3464//5080 3421//5080 
f 3458//5081 3464//5081 3414//5081 
f 3408//5082 3458//5082 3414//5082 
f 3450//5083 3458//5083 3408//5083 
f 3565//5084 3566//5084 3465//5084 
f 3464//5085 3565//5085 3465//5085 
f 3558//5086 3565//5086 3464//5086 
f 3458//5087 3558//5087 3464//5087 
f 3557//5088 3558//5088 3458//5088 
f 3456//5089 3557//5089 3458//5089 
f 3556//5090 3557//5090 3456//5090 
f 3643//5091 3644//5091 3750//5091 
f 3764//5092 3643//5092 3750//5092 
f 3764//5093 3750//5093 3760//5093 
f 3816//5094 3764//5094 3760//5094 
f 3831//5095 3764//5095 3816//5095 
f 3831//5096 3816//5096 3826//5096 
f 3846//5097 3831//5097 3826//5097 
f 3841//5098 3831//5098 3846//5098 
f 3841//5099 3846//5099 3836//5099 
f 3825//5100 3841//5100 3836//5100 
f 3784//5101 3841//5101 3825//5101 
f 3784//5102 3825//5102 3781//5102 
f 3766//5103 3784//5103 3781//5103 
f 3669//5104 3784//5104 3766//5104 
f 3660//5105 3556//5105 3555//5105 
f 3669//5106 3660//5106 3555//5106 
f 3667//5107 3660//5107 3669//5107 
f 3766//5108 3667//5108 3669//5108 
f 2834//5109 2900//5109 3039//5109 
f 2660//5110 2900//5110 2834//5110 
f 2590//5111 2660//5111 2834//5111 
f 2449//5112 2660//5112 2590//5112 
f 3109//5113 3073//5113 2973//5113 
f 2834//5114 3109//5114 2973//5114 
f 3100//5115 3109//5115 2834//5115 
f 3039//5116 3100//5116 2834//5116 
f 2417//5117 2516//5117 2660//5117 
f 2449//5118 2417//5118 2660//5118 
f 2383//5119 2417//5119 2449//5119 
f 2391//5120 2383//5120 2449//5120 
f 2589//5121 2834//5121 2833//5121 
f 2590//5122 2834//5122 2589//5122 
f 2450//5123 2590//5123 2589//5123 
f 2449//5124 2590//5124 2450//5124 
f 2392//5125 2449//5125 2450//5125 
f 2391//5126 2449//5126 2392//5126 
f 2382//5127 2391//5127 2392//5127 
f 2383//5128 2391//5128 2382//5128 
f 2416//5129 2383//5129 2382//5129 
f 2417//5130 2383//5130 2416//5130 
f 2515//5131 2417//5131 2416//5131 
f 2516//5132 2417//5132 2515//5132 
f 2659//5133 2516//5133 2515//5133 
f 2660//5134 2516//5134 2659//5134 
f 3061//5135 2912//5135 2833//5135 
f 2972//5136 3061//5136 2833//5136 
f 3120//5137 3061//5137 2972//5137 
f 3074//5138 3120//5138 2972//5138 
f 3162//5139 3120//5139 3074//5139 
f 3110//5140 3162//5140 3074//5140 
f 3141//5141 3162//5141 3110//5141 
f 3099//5142 3141//5142 3110//5142 
f 3094//5143 3141//5143 3099//5143 
f 3040//5144 3094//5144 3099//5144 
f 2995//5145 3094//5145 3040//5145 
f 2899//5146 2995//5146 3040//5146 
f 2844//5147 2995//5147 2899//5147 
f 2659//5148 2844//5148 2899//5148 
f 2653//5149 2844//5149 2659//5149 
f 2833//5150 2912//5150 2839//5150 
f 2648//5151 2833//5151 2839//5151 
f 2589//5152 2833//5152 2648//5152 
f 2498//5153 2589//5153 2648//5153 
f 2450//5154 2589//5154 2498//5154 
f 2397//5155 2450//5155 2498//5155 
f 2392//5156 2450//5156 2397//5156 
f 2352//5157 2392//5157 2397//5157 
f 2382//5158 2392//5158 2352//5158 
f 2333//5159 2382//5159 2352//5159 
f 2416//5160 2382//5160 2333//5160 
f 2372//5161 2416//5161 2333//5161 
f 2515//5162 2416//5162 2372//5162 
f 2429//5163 2515//5163 2372//5163 
f 2659//5164 2515//5164 2429//5164 
f 2577//5165 2659//5165 2429//5165 
f 2653//5166 2659//5166 2577//5166 
f 2616//5167 2649//5167 2653//5167 
f 2577//5168 2616//5168 2653//5168 
f 2577//5169 2537//5169 2546//5169 
f 2563//5170 2577//5170 2546//5170 
f 2616//5171 2577//5171 2563//5171 
f 2445//5172 2537//5172 2577//5172 
f 2429//5173 2445//5173 2577//5173 
f 2408//5174 2445//5174 2429//5174 
f 2429//5175 2372//5175 2356//5175 
f 2388//5176 2429//5176 2356//5176 
f 2408//5177 2429//5177 2388//5177 
f 2371//5178 2397//5178 2373//5178 
f 2352//5179 2397//5179 2371//5179 
f 2315//5180 2352//5180 2371//5180 
f 2299//5181 2352//5181 2315//5181 
f 2407//5182 2373//5182 2397//5182 
f 2498//5183 2407//5183 2397//5183 
f 2459//5184 2407//5184 2498//5184 
f 2498//5185 2575//5185 2549//5185 
f 2465//5186 2498//5186 2549//5186 
f 2459//5187 2498//5187 2465//5187 
f 2637//5188 2575//5188 2498//5188 
f 2648//5189 2637//5189 2498//5189 
f 2650//5190 2637//5190 2648//5190 
f 2839//5191 2650//5191 2648//5191 
f 2843//5192 2650//5192 2839//5192 
f 2352//5193 2299//5193 2268//5193 
f 2248//5194 2352//5194 2268//5194 
f 2333//5195 2352//5195 2248//5195 
f 2300//5196 2333//5196 2248//5196 
f 2372//5197 2333//5197 2300//5197 
f 2316//5198 2372//5198 2300//5198 
f 2356//5199 2372//5199 2316//5199 
f 2953//5200 2940//5200 2942//5200 
f 3024//5201 2940//5201 2953//5201 
f 3047//5202 3024//5202 2953//5202 
f 3069//5203 3024//5203 3047//5203 
f 3084//5204 3069//5204 3047//5204 
f 3086//5205 3084//5205 3047//5205 
f 3123//5206 3084//5206 3086//5206 
f 3104//5207 3123//5207 3086//5207 
f 3174//5208 3123//5208 3104//5208 
f 3137//5209 3174//5209 3104//5209 
f 3195//5210 3174//5210 3137//5210 
f 3179//5211 3195//5211 3137//5211 
f 3196//5212 3195//5212 3179//5212 
f 2929//5213 2942//5213 2940//5213 
f 2907//5214 2929//5214 2940//5214 
f 2872//5215 2929//5215 2907//5215 
f 2888//5216 2872//5216 2907//5216 
f 2843//5217 2872//5217 2888//5217 
f 2832//5218 2843//5218 2888//5218 
f 2650//5219 2843//5219 2832//5219 
f 2631//5220 2650//5220 2832//5220 
f 2637//5221 2650//5221 2631//5221 
f 2601//5222 2637//5222 2631//5222 
f 2575//5223 2637//5223 2601//5223 
f 2554//5224 2575//5224 2601//5224 
f 2549//5225 2575//5225 2554//5225 
f 2547//5226 2549//5226 2554//5226 
f 2465//5227 2549//5227 2547//5227 
f 2451//5228 2465//5228 2547//5228 
f 2459//5229 2465//5229 2451//5229 
f 2423//5230 2459//5230 2451//5230 
f 2407//5231 2459//5231 2423//5231 
f 2393//5232 2407//5232 2423//5232 
f 2373//5233 2407//5233 2393//5233 
f 2353//5234 2373//5234 2393//5234 
f 2371//5235 2373//5235 2353//5235 
f 2321//5236 2371//5236 2353//5236 
f 2315//5237 2371//5237 2321//5237 
f 2298//5238 2315//5238 2321//5238 
f 2299//5239 2315//5239 2298//5239 
f 2582//5240 2563//5240 2550//5240 
f 2616//5241 2563//5241 2582//5241 
f 2598//5242 2616//5242 2582//5242 
f 2649//5243 2616//5243 2598//5243 
f 2661//5244 2649//5244 2598//5244 
f 2842//5245 2649//5245 2661//5245 
f 2859//5246 2842//5246 2661//5246 
f 2852//5247 2842//5247 2859//5247 
f 2885//5248 2852//5248 2859//5248 
f 2916//5249 2852//5249 2885//5249 
f 2936//5250 2916//5250 2885//5250 
f 2939//5251 2916//5251 2936//5251 
f 2941//5252 2939//5252 2936//5252 
f 3026//5253 2939//5253 2941//5253 
f 3038//5254 3026//5254 2941//5254 
f 3030//5255 3026//5255 3038//5255 
f 3066//5256 3030//5256 3038//5256 
f 3085//5257 3030//5257 3066//5257 
f 3098//5258 3085//5258 3066//5258 
f 3119//5259 3085//5259 3098//5259 
f 3140//5260 3119//5260 3098//5260 
f 3121//5261 3119//5261 3140//5261 
f 3175//5262 3121//5262 3140//5262 
f 3180//5263 3121//5263 3175//5263 
f 3198//5264 3180//5264 3175//5264 
f 3197//5265 3180//5265 3198//5265 
f 2550//5266 2563//5266 2546//5266 
f 2537//5267 2550//5267 2546//5267 
f 2466//5268 2550//5268 2537//5268 
f 2445//5269 2466//5269 2537//5269 
f 2420//5270 2466//5270 2445//5270 
f 2409//5271 2420//5271 2445//5271 
f 2408//5272 2409//5272 2445//5272 
f 2369//5273 2409//5273 2408//5273 
f 2388//5274 2369//5274 2408//5274 
f 2322//5275 2369//5275 2388//5275 
f 2356//5276 2322//5276 2388//5276 
f 2301//5277 2322//5277 2356//5277 
f 2316//5278 2301//5278 2356//5278 
f 2300//5279 2301//5279 2316//5279 
f 2477//5280 2478//5280 2474//5280 
f 2478//5281 2540//5281 2482//5281 
f 2540//5282 2478//5282 2477//5282 
f 2479//5283 2540//5283 2477//5283 
f 2486//5284 2540//5284 2479//5284 
f 2503//5285 2508//5285 2520//5285 
f 2530//5286 2503//5286 2520//5286 
f 2501//5287 2503//5287 2530//5287 
f 2540//5288 2501//5288 2530//5288 
f 2490//5289 2501//5289 2540//5289 
f 2486//5290 2490//5290 2540//5290 
f 2533//5291 2538//5291 2540//5291 
f 2530//5292 2533//5292 2540//5292 
f 2528//5293 2533//5293 2530//5293 
f 2520//5294 2528//5294 2530//5294 
f 2521//5295 2534//5295 2532//5295 
f 2502//5296 2540//5296 2545//5296 
f 2541//5297 2502//5297 2545//5297 
f 2521//5298 2517//5298 2509//5298 
f 2502//5299 2521//5299 2509//5299 
f 2534//5300 2521//5300 2502//5300 
f 2541//5301 2534//5301 2502//5301 
f 2539//5302 2534//5302 2541//5302 
f 2487//5303 2482//5303 2540//5303 
f 2502//5304 2487//5304 2540//5304 
f 2497//5305 2487//5305 2502//5305 
f 2793//5306 2816//5306 2812//5306 
f 2814//5307 2791//5307 2806//5307 
f 2723//5308 2728//5308 2743//5308 
f 2765//5309 2723//5309 2743//5309 
f 2703//5310 2723//5310 2765//5310 
f 2699//5311 2703//5311 2765//5311 
f 2814//5312 2822//5312 2683//5312 
f 2699//5313 2814//5313 2683//5313 
f 2791//5314 2814//5314 2699//5314 
f 2765//5315 2791//5315 2699//5315 
f 2779//5316 2791//5316 2765//5316 
f 2767//5317 2762//5317 2744//5317 
f 2725//5318 2767//5318 2744//5318 
f 2789//5319 2767//5319 2725//5319 
f 2725//5320 2713//5320 2701//5320 
f 2793//5321 2725//5321 2701//5321 
f 2789//5322 2725//5322 2793//5322 
f 2793//5323 2701//5323 2687//5323 
f 2681//5324 2793//5324 2687//5324 
f 2673//5325 2793//5325 2681//5325 
f 2683//5326 2822//5326 2816//5326 
f 2793//5327 2683//5327 2816//5327 
f 2679//5328 2683//5328 2793//5328 
f 2673//5329 2679//5329 2793//5329 
f 2947//5330 2948//5330 2943//5330 
f 2948//5331 2957//5331 2952//5331 
f 2992//5332 2959//5332 2957//5332 
f 2992//5333 2989//5333 2982//5333 
f 2970//5334 2992//5334 2982//5334 
f 2959//5335 2992//5335 2970//5335 
f 2962//5336 2959//5336 2970//5336 
f 2957//5337 2959//5337 2962//5337 
f 2992//5338 2957//5338 2948//5338 
f 2947//5339 2992//5339 2948//5339 
f 3004//5340 2992//5340 2947//5340 
f 2949//5341 3004//5341 2947//5341 
f 2956//5342 3004//5342 2949//5342 
f 2969//5343 2971//5343 3004//5343 
f 2956//5344 2969//5344 3004//5344 
f 2958//5345 2969//5345 2956//5345 
f 3006//5346 2991//5346 2996//5346 
f 3005//5347 2991//5347 3006//5347 
f 3012//5348 3005//5348 3006//5348 
f 3015//5349 3005//5349 3012//5349 
f 3016//5350 3014//5350 3005//5350 
f 3015//5351 3016//5351 3005//5351 
f 3019//5352 3016//5352 3015//5352 
f 3005//5353 3014//5353 3007//5353 
f 3004//5354 3005//5354 3007//5354 
f 2991//5355 3005//5355 3004//5355 
f 2971//5356 2991//5356 3004//5356 
f 2981//5357 2991//5357 2971//5357 
f 2700//5358 2680//5358 2684//5358 
f 2726//5359 2763//5359 2748//5359 
f 2708//5360 2680//5360 2768//5360 
f 2763//5361 2708//5361 2768//5361 
f 2708//5362 2763//5362 2726//5362 
f 2714//5363 2708//5363 2726//5363 
f 2702//5364 2708//5364 2714//5364 
f 2682//5365 2674//5365 2680//5365 
f 2708//5366 2682//5366 2680//5366 
f 2688//5367 2682//5367 2708//5367 
f 2702//5368 2688//5368 2708//5368 
f 2792//5369 2766//5369 2780//5369 
f 2724//5370 2729//5370 2747//5370 
f 2766//5371 2724//5371 2747//5371 
f 2704//5372 2724//5372 2766//5372 
f 2700//5373 2704//5373 2766//5373 
f 2700//5374 2766//5374 2792//5374 
f 2807//5375 2700//5375 2792//5375 
f 2815//5376 2700//5376 2807//5376 
f 2794//5377 2790//5377 2768//5377 
f 2680//5378 2794//5378 2768//5378 
f 2813//5379 2794//5379 2680//5379 
f 2700//5380 2813//5380 2680//5380 
f 2817//5381 2813//5381 2700//5381 
f 2815//5382 2817//5382 2700//5382 
f 2823//5383 2817//5383 2815//5383 
f 2830//5384 2663//5384 2670//5384 
f 2672//5385 2830//5385 2670//5385 
f 2692//5386 2830//5386 2672//5386 
f 2727//5387 2745//5387 2773//5387 
f 2788//5388 2727//5388 2773//5388 
f 2717//5389 2727//5389 2788//5389 
f 2788//5390 2773//5390 2782//5390 
f 2800//5391 2788//5391 2782//5391 
f 2809//5392 2788//5392 2800//5392 
f 2788//5393 2809//5393 2825//5393 
f 2830//5394 2788//5394 2825//5394 
f 2717//5395 2788//5395 2830//5395 
f 2692//5396 2717//5396 2830//5396 
f 2698//5397 2717//5397 2692//5397 
f 2663//5398 2830//5398 2826//5398 
f 2824//5399 2663//5399 2826//5399 
f 2801//5400 2663//5400 2824//5400 
f 2764//5401 2746//5401 2718//5401 
f 2705//5402 2764//5402 2718//5402 
f 2774//5403 2764//5403 2705//5403 
f 2705//5404 2718//5404 2712//5404 
f 2693//5405 2705//5405 2712//5405 
f 2686//5406 2705//5406 2693//5406 
f 2705//5407 2686//5407 2671//5407 
f 2663//5408 2705//5408 2671//5408 
f 2774//5409 2705//5409 2663//5409 
f 2801//5410 2774//5410 2663//5410 
f 2795//5411 2774//5411 2801//5411 
f 2502//5412 2509//5412 2507//5412 
f 2500//5413 2502//5413 2507//5413 
f 2497//5414 2502//5414 2500//5414 
f 2485//5415 2497//5415 2500//5415 
f 2487//5416 2497//5416 2485//5416 
f 2482//5417 2487//5417 2485//5417 
f 2476//5418 2482//5418 2485//5418 
f 2478//5419 2482//5419 2476//5419 
f 2474//5420 2478//5420 2476//5420 
f 2475//5421 2474//5421 2476//5421 
f 2477//5422 2474//5422 2475//5422 
f 2479//5423 2477//5423 2475//5423 
f 2484//5424 2479//5424 2475//5424 
f 2486//5425 2479//5425 2484//5425 
f 2490//5426 2486//5426 2484//5426 
f 2499//5427 2490//5427 2484//5427 
f 2501//5428 2490//5428 2499//5428 
f 2503//5429 2501//5429 2499//5429 
f 2506//5430 2503//5430 2499//5430 
f 2508//5431 2503//5431 2506//5431 
f 2725//5432 2744//5432 2753//5432 
f 2720//5433 2725//5433 2753//5433 
f 2713//5434 2725//5434 2720//5434 
f 2701//5435 2713//5435 2720//5435 
f 2695//5436 2701//5436 2720//5436 
f 2687//5437 2701//5437 2695//5437 
f 2676//5438 2687//5438 2695//5438 
f 2681//5439 2687//5439 2676//5439 
f 2673//5440 2681//5440 2676//5440 
f 2675//5441 2673//5441 2676//5441 
f 2679//5442 2673//5442 2675//5442 
f 2683//5443 2679//5443 2675//5443 
f 2694//5444 2683//5444 2675//5444 
f 2699//5445 2683//5445 2694//5445 
f 2743//5446 2719//5446 2752//5446 
f 2719//5447 2743//5447 2728//5447 
f 2723//5448 2719//5448 2728//5448 
f 2694//5449 2719//5449 2723//5449 
f 2703//5450 2694//5450 2723//5450 
f 2699//5451 2694//5451 2703//5451 
f 2984//5452 2968//5452 2970//5452 
f 2982//5453 2984//5453 2970//5453 
f 2948//5454 2955//5454 2945//5454 
f 2955//5455 2948//5455 2952//5455 
f 2957//5456 2955//5456 2952//5456 
f 2968//5457 2955//5457 2957//5457 
f 2962//5458 2968//5458 2957//5458 
f 2970//5459 2968//5459 2962//5459 
f 2956//5460 2944//5460 2954//5460 
f 2944//5461 2956//5461 2949//5461 
f 2947//5462 2944//5462 2949//5462 
f 2945//5463 2944//5463 2947//5463 
f 2943//5464 2945//5464 2947//5464 
f 2948//5465 2945//5465 2943//5465 
f 2981//5466 2967//5466 2983//5466 
f 2967//5467 2981//5467 2971//5467 
f 2969//5468 2967//5468 2971//5468 
f 2954//5469 2967//5469 2969//5469 
f 2958//5470 2954//5470 2969//5470 
f 2956//5471 2954//5471 2958//5471 
f 2726//5472 2748//5472 2757//5472 
f 2722//5473 2726//5473 2757//5473 
f 2714//5474 2726//5474 2722//5474 
f 2702//5475 2714//5475 2722//5475 
f 2697//5476 2702//5476 2722//5476 
f 2688//5477 2702//5477 2697//5477 
f 2678//5478 2688//5478 2697//5478 
f 2682//5479 2688//5479 2678//5479 
f 2674//5480 2682//5480 2678//5480 
f 2677//5481 2674//5481 2678//5481 
f 2680//5482 2674//5482 2677//5482 
f 2684//5483 2680//5483 2677//5483 
f 2696//5484 2684//5484 2677//5484 
f 2700//5485 2684//5485 2696//5485 
f 2747//5486 2721//5486 2756//5486 
f 2721//5487 2747//5487 2729//5487 
f 2724//5488 2721//5488 2729//5488 
f 2696//5489 2721//5489 2724//5489 
f 2704//5490 2696//5490 2724//5490 
f 2700//5491 2696//5491 2704//5491 
f 2718//5492 2746//5492 2755//5492 
f 2716//5493 2718//5493 2755//5493 
f 2712//5494 2718//5494 2716//5494 
f 2693//5495 2712//5495 2716//5495 
f 2691//5496 2693//5496 2716//5496 
f 2686//5497 2693//5497 2691//5497 
f 2669//5498 2686//5498 2691//5498 
f 2671//5499 2686//5499 2669//5499 
f 2663//5500 2671//5500 2669//5500 
f 2668//5501 2663//5501 2669//5501 
f 2670//5502 2663//5502 2668//5502 
f 2672//5503 2670//5503 2668//5503 
f 2690//5504 2672//5504 2668//5504 
f 2692//5505 2672//5505 2690//5505 
f 2732//5506 2754//5506 2745//5506 
f 2727//5507 2732//5507 2745//5507 
f 2715//5508 2732//5508 2727//5508 
f 2717//5509 2715//5509 2727//5509 
f 2690//5510 2715//5510 2717//5510 
f 2698//5511 2690//5511 2717//5511 
f 2692//5512 2690//5512 2698//5512 
f 2665//5513 2610//5513 2664//5513 
f 3054//5514 2770//5514 2797//5514 
f 3053//5515 3054//5515 2797//5515 
f 2819//5516 3053//5516 2797//5516 
f 3001//5517 3053//5517 2819//5517 
f 2818//5518 3001//5518 2819//5518 
f 2877//5519 3001//5519 2818//5519 
f 2796//5520 2877//5520 2818//5520 
f 2751//5521 2877//5521 2796//5521 
f 2664//5522 2694//5522 2675//5522 
f 2676//5523 2664//5523 2675//5523 
f 2665//5524 2664//5524 2676//5524 
f 2695//5525 2665//5525 2676//5525 
f 2720//5526 2665//5526 2695//5526 
f 2751//5527 2796//5527 2769//5527 
f 2752//5528 2751//5528 2769//5528 
f 2664//5529 2751//5529 2752//5529 
f 2719//5530 2664//5530 2752//5530 
f 2694//5531 2664//5531 2719//5531 
f 2753//5532 2761//5532 2754//5532 
f 2732//5533 2753//5533 2754//5533 
f 2720//5534 2753//5534 2732//5534 
f 3018//5535 3017//5535 3054//5535 
f 3055//5536 3018//5536 3054//5536 
f 3009//5537 3018//5537 3055//5537 
f 3054//5538 3017//5538 3008//5538 
f 2993//5539 3054//5539 3008//5539 
f 2983//5540 3054//5540 2993//5540 
f 2967//5541 2828//5541 2983//5541 
f 2761//5542 2753//5542 2770//5542 
f 3054//5543 2761//5543 2770//5543 
f 2775//5544 2761//5544 3054//5544 
f 2983//5545 2775//5545 3054//5545 
f 2804//5546 2775//5546 2983//5546 
f 2828//5547 2804//5547 2983//5547 
f 2677//5548 2678//5548 2666//5548 
f 2665//5549 2677//5549 2666//5549 
f 3055//5550 2968//5550 2984//5550 
f 2994//5551 3055//5551 2984//5551 
f 3009//5552 3055//5552 2994//5552 
f 2665//5553 2720//5553 2732//5553 
f 2715//5554 2665//5554 2732//5554 
f 2690//5555 2665//5555 2715//5555 
f 2828//5556 2967//5556 2954//5556 
f 2944//5557 2828//5557 2954//5557 
f 2829//5558 2828//5558 2944//5558 
f 2945//5559 2829//5559 2944//5559 
f 2955//5560 2829//5560 2945//5560 
f 2665//5561 2690//5561 2668//5561 
f 2669//5562 2665//5562 2668//5562 
f 2677//5563 2665//5563 2669//5563 
f 2691//5564 2677//5564 2669//5564 
f 2696//5565 2677//5565 2691//5565 
f 2716//5566 2696//5566 2691//5566 
f 2666//5567 2678//5567 2697//5567 
f 2722//5568 2666//5568 2697//5568 
f 2758//5569 2666//5569 2722//5569 
f 2758//5570 2722//5570 2757//5570 
f 2772//5571 2758//5571 2757//5571 
f 2878//5572 2758//5572 2772//5572 
f 2799//5573 2878//5573 2772//5573 
f 3002//5574 2878//5574 2799//5574 
f 2821//5575 3002//5575 2799//5575 
f 3055//5576 3002//5576 2821//5576 
f 2820//5577 3055//5577 2821//5577 
f 2798//5578 3055//5578 2820//5578 
f 2829//5579 2955//5579 2968//5579 
f 3055//5580 2829//5580 2968//5580 
f 2805//5581 2829//5581 3055//5581 
f 2798//5582 2805//5582 3055//5582 
f 2776//5583 2805//5583 2798//5583 
f 2771//5584 2776//5584 2798//5584 
f 2755//5585 2776//5585 2771//5585 
f 2756//5586 2755//5586 2771//5586 
f 2716//5587 2755//5587 2756//5587 
f 2721//5588 2716//5588 2756//5588 
f 2696//5589 2716//5589 2721//5589 
f 2665//5590 2436//5590 2435//5590 
f 2492//5591 2665//5591 2435//5591 
f 2610//5592 2665//5592 2492//5592 
f 2665//5593 2542//5593 2535//5593 
f 2436//5594 2484//5594 2475//5594 
f 2437//5595 2436//5595 2475//5595 
f 2437//5596 2475//5596 2476//5596 
f 2485//5597 2437//5597 2476//5597 
f 2493//5598 2437//5598 2485//5598 
f 2665//5599 2535//5599 2522//5599 
f 2506//5600 2665//5600 2522//5600 
f 2436//5601 2665//5601 2506//5601 
f 2499//5602 2436//5602 2506//5602 
f 2484//5603 2436//5603 2499//5603 
f 2493//5604 2485//5604 2500//5604 
f 2507//5605 2493//5605 2500//5605 
f 2611//5606 2493//5606 2507//5606 
f 2523//5607 2611//5607 2507//5607 
f 2666//5608 2611//5608 2523//5608 
f 2536//5609 2666//5609 2523//5609 
f 2665//5610 2666//5610 2536//5610 
f 2543//5611 2665//5611 2536//5611 
f 2542//5612 2665//5612 2543//5612 
f 2264//5613 2326//5613 2327//5613 
f 2265//5614 2264//5614 2327//5614 
f 2291//5615 2326//5615 2264//5615 
f 2267//5616 2291//5616 2264//5616 
f 2264//5617 2265//5617 2260//5617 
f 2263//5618 2264//5618 2260//5618 
f 2267//5619 2264//5619 2263//5619 
f 2265//5620 2327//5620 2276//5620 
f 2269//5621 2265//5621 2276//5621 
f 2260//5622 2265//5622 2269//5622 
f 3228//5623 3169//5623 3168//5623 
f 3227//5624 3228//5624 3168//5624 
f 3204//5625 3169//5625 3228//5625 
f 3225//5626 3204//5626 3228//5626 
f 3228//5627 3227//5627 3232//5627 
f 3229//5628 3228//5628 3232//5628 
f 3225//5629 3228//5629 3229//5629 
f 3227//5630 3168//5630 3217//5630 
f 3223//5631 3227//5631 3217//5631 
f 3232//5632 3227//5632 3223//5632 
f 3051//5633 3054//5633 3053//5633 
f 2758//5634 2878//5634 2876//5634 
f 2811//5635 2758//5635 2876//5635 
f 2749//5636 2758//5636 2811//5636 
f 3002//5637 2997//5637 2977//5637 
f 2933//5638 3002//5638 2977//5638 
f 2878//5639 3002//5639 2933//5639 
f 2879//5640 2878//5640 2933//5640 
f 2876//5641 2878//5641 2879//5641 
f 3002//5642 3055//5642 3036//5642 
f 3000//5643 3002//5643 3036//5643 
f 2997//5644 3002//5644 3000//5644 
f 3054//5645 3051//5645 3063//5645 
f 3056//5646 3054//5646 3063//5646 
f 3055//5647 3054//5647 3056//5647 
f 3052//5648 3055//5648 3056//5648 
f 3036//5649 3055//5649 3052//5649 
f 3001//5650 2987//5650 2999//5650 
f 3034//5651 3001//5651 2999//5651 
f 3053//5652 3001//5652 3034//5652 
f 3050//5653 3053//5653 3034//5653 
f 3051//5654 3053//5654 3050//5654 
f 2913//5655 2877//5655 2875//5655 
f 3001//5656 2877//5656 2913//5656 
f 2978//5657 3001//5657 2913//5657 
f 2987//5658 3001//5658 2978//5658 
f 2877//5659 2751//5659 2742//5659 
f 2871//5660 2877//5660 2742//5660 
f 2875//5661 2877//5661 2871//5661 
f 2975//5662 2978//5662 2913//5662 
f 2875//5663 2975//5663 2913//5663 
f 2938//5664 2975//5664 2875//5664 
f 2871//5665 2938//5665 2875//5665 
f 2881//5666 2938//5666 2871//5666 
f 2866//5667 2881//5667 2871//5667 
f 2742//5668 2866//5668 2871//5668 
f 2667//5669 2866//5669 2742//5669 
f 2685//5670 2667//5670 2742//5670 
f 2603//5671 2667//5671 2685//5671 
f 2612//5672 2603//5672 2685//5672 
f 2587//5673 2603//5673 2612//5673 
f 2609//5674 2587//5674 2612//5674 
f 2513//5675 2587//5675 2609//5675 
f 3206//5676 3168//5676 3155//5676 
f 3217//5677 3168//5677 3206//5677 
f 3013//5678 2976//5678 2977//5678 
f 3059//5679 3013//5679 2977//5679 
f 3075//5680 3059//5680 2977//5680 
f 2997//5681 3075//5681 2977//5681 
f 3117//5682 3075//5682 2997//5682 
f 3000//5683 3117//5683 2997//5683 
f 3157//5684 3117//5684 3000//5684 
f 3036//5685 3157//5685 3000//5685 
f 3169//5686 3157//5686 3036//5686 
f 3169//5687 3036//5687 3052//5687 
f 3056//5688 3169//5688 3052//5688 
f 3168//5689 3169//5689 3056//5689 
f 3063//5690 3168//5690 3056//5690 
f 3168//5691 3063//5691 3051//5691 
f 3050//5692 3168//5692 3051//5692 
f 3155//5693 3168//5693 3050//5693 
f 3034//5694 3155//5694 3050//5694 
f 3135//5695 3155//5695 3034//5695 
f 2999//5696 3135//5696 3034//5696 
f 3097//5697 3135//5697 2999//5697 
f 2987//5698 3097//5698 2999//5698 
f 3057//5699 3097//5699 2987//5699 
f 2978//5700 3057//5700 2987//5700 
f 3043//5701 3057//5701 2978//5701 
f 2975//5702 3043//5702 2978//5702 
f 3217//5703 3206//5703 3246//5703 
f 3251//5704 3217//5704 3246//5704 
f 3223//5705 3217//5705 3251//5705 
f 3265//5706 3223//5706 3251//5706 
f 3232//5707 3223//5707 3265//5707 
f 3271//5708 3232//5708 3265//5708 
f 3229//5709 3232//5709 3271//5709 
f 3260//5710 3229//5710 3271//5710 
f 3225//5711 3229//5711 3260//5711 
f 3253//5712 3225//5712 3260//5712 
f 3204//5713 3225//5713 3253//5713 
f 3231//5714 3204//5714 3253//5714 
f 3169//5715 3204//5715 3231//5715 
f 3170//5716 3169//5716 3231//5716 
f 3157//5717 3169//5717 3170//5717 
f 2514//5718 2511//5718 2576//5718 
f 2613//5719 2514//5719 2576//5719 
f 2548//5720 2514//5720 2613//5720 
f 2620//5721 2548//5721 2613//5721 
f 2605//5722 2548//5722 2620//5722 
f 2625//5723 2605//5723 2620//5723 
f 2749//5724 2625//5724 2620//5724 
f 2827//5725 2625//5725 2749//5725 
f 2811//5726 2827//5726 2749//5726 
f 2883//5727 2827//5727 2811//5727 
f 2876//5728 2883//5728 2811//5728 
f 2902//5729 2883//5729 2876//5729 
f 2879//5730 2902//5730 2876//5730 
f 2976//5731 2902//5731 2879//5731 
f 2933//5732 2976//5732 2879//5732 
f 2977//5733 2976//5733 2933//5733 
f 2289//5734 2327//5734 2339//5734 
f 2276//5735 2327//5735 2289//5735 
f 2276//5736 2289//5736 2245//5736 
f 2240//5737 2276//5737 2245//5737 
f 2269//5738 2276//5738 2240//5738 
f 2227//5739 2269//5739 2240//5739 
f 2260//5740 2269//5740 2227//5740 
f 2222//5741 2260//5741 2227//5741 
f 2263//5742 2260//5742 2222//5742 
f 2232//5743 2263//5743 2222//5743 
f 2267//5744 2263//5744 2232//5744 
f 2238//5745 2267//5745 2232//5745 
f 2291//5746 2267//5746 2238//5746 
f 2261//5747 2291//5747 2238//5747 
f 2326//5748 2291//5748 2261//5748 
f 2324//5749 2326//5749 2261//5749 
f 2338//5750 2326//5750 2324//5750 
f 2513//5751 2609//5751 2556//5751 
f 2512//5752 2513//5752 2556//5752 
f 2480//5753 2513//5753 2512//5753 
f 2431//5754 2480//5754 2512//5754 
f 2415//5755 2431//5755 2512//5755 
f 2496//5756 2415//5756 2512//5756 
f 2375//5757 2415//5757 2496//5757 
f 2494//5758 2375//5758 2496//5758 
f 2338//5759 2375//5759 2494//5759 
f 2453//5760 2338//5760 2494//5760 
f 2326//5761 2338//5761 2453//5761 
f 2326//5762 2453//5762 2438//5762 
f 2434//5763 2326//5763 2438//5763 
f 2327//5764 2326//5764 2434//5764 
f 2427//5765 2327//5765 2434//5765 
f 2327//5766 2427//5766 2439//5766 
f 2440//5767 2327//5767 2439//5767 
f 2339//5768 2327//5768 2440//5768 
f 2455//5769 2339//5769 2440//5769 
f 2357//5770 2339//5770 2455//5770 
f 2495//5771 2357//5771 2455//5771 
f 2394//5772 2357//5772 2495//5772 
f 2504//5773 2394//5773 2495//5773 
f 2433//5774 2394//5774 2504//5774 
f 2511//5775 2433//5775 2504//5775 
f 2446//5776 2433//5776 2511//5776 
f 2514//5777 2446//5777 2511//5777 
f 655//5778 599//5778 595//5778 
f 595//5779 674//5779 673//5779 
f 619//5780 604//5780 606//5780 
f 674//5781 595//5781 598//5781 
f 600//5782 674//5782 598//5782 
f 604//5783 674//5783 600//5783 
f 656//5784 621//5784 626//5784 
f 621//5785 664//5785 619//5785 
f 664//5786 621//5786 656//5786 
f 657//5787 664//5787 656//5787 
f 666//5788 664//5788 657//5788 
f 674//5789 604//5789 619//5789 
f 664//5790 674//5790 619//5790 
f 672//5791 674//5791 664//5791 
f 666//5792 672//5792 664//5792 
f 668//5793 672//5793 666//5793 
f 667//5794 665//5794 655//5794 
f 595//5795 667//5795 655//5795 
f 671//5796 667//5796 595//5796 
f 673//5797 671//5797 595//5797 
f 655//5798 652//5798 625//5798 
f 620//5799 655//5799 625//5799 
f 611//5800 655//5800 620//5800 
f 611//5801 620//5801 612//5801 
f 605//5802 611//5802 612//5802 
f 655//5803 611//5803 605//5803 
f 601//5804 655//5804 605//5804 
f 599//5805 655//5805 601//5805 
f 524//5806 510//5806 514//5806 
f 497//5807 512//5807 506//5807 
f 541//5808 539//5808 531//5808 
f 526//5809 541//5809 531//5809 
f 516//5810 541//5810 526//5810 
f 510//5811 495//5811 499//5811 
f 516//5812 526//5812 522//5812 
f 512//5813 516//5813 522//5813 
f 541//5814 516//5814 512//5814 
f 497//5815 541//5815 512//5815 
f 547//5816 541//5816 497//5816 
f 493//5817 547//5817 497//5817 
f 495//5818 547//5818 493//5818 
f 547//5819 495//5819 510//5819 
f 524//5820 547//5820 510//5820 
f 528//5821 547//5821 524//5821 
f 550//5822 543//5822 545//5822 
f 548//5823 543//5823 550//5823 
f 557//5824 548//5824 550//5824 
f 569//5825 548//5825 557//5825 
f 571//5826 567//5826 548//5826 
f 569//5827 571//5827 548//5827 
f 573//5828 571//5828 569//5828 
f 548//5829 567//5829 553//5829 
f 547//5830 548//5830 553//5830 
f 543//5831 548//5831 547//5831 
f 528//5832 543//5832 547//5832 
f 532//5833 543//5833 528//5833 
f 415//5834 419//5834 411//5834 
f 476//5835 472//5835 464//5835 
f 419//5836 476//5836 464//5836 
f 464//5837 462//5837 460//5837 
f 454//5838 464//5838 460//5838 
f 440//5839 442//5839 427//5839 
f 427//5840 421//5840 419//5840 
f 464//5841 427//5841 419//5841 
f 440//5842 427//5842 464//5842 
f 454//5843 440//5843 464//5843 
f 442//5844 440//5844 454//5844 
f 482//5845 474//5845 478//5845 
f 484//5846 480//5846 476//5846 
f 419//5847 484//5847 476//5847 
f 486//5848 484//5848 419//5848 
f 415//5849 486//5849 419//5849 
f 482//5850 486//5850 415//5850 
f 417//5851 482//5851 415//5851 
f 423//5852 482//5852 417//5852 
f 452//5853 456//5853 459//5853 
f 466//5854 452//5854 459//5854 
f 469//5855 452//5855 466//5855 
f 469//5856 466//5856 468//5856 
f 474//5857 469//5857 468//5857 
f 452//5858 469//5858 474//5858 
f 482//5859 452//5859 474//5859 
f 425//5860 452//5860 482//5860 
f 423//5861 425//5861 482//5861 
f 590//5862 651//5862 647//5862 
f 578//5863 561//5863 565//5863 
f 561//5864 563//5864 559//5864 
f 636//5865 561//5865 647//5865 
f 592//5866 614//5866 610//5866 
f 614//5867 583//5867 616//5867 
f 563//5868 580//5868 576//5868 
f 583//5869 614//5869 592//5869 
f 588//5870 583//5870 592//5870 
f 580//5871 583//5871 588//5871 
f 583//5872 580//5872 563//5872 
f 561//5873 583//5873 563//5873 
f 616//5874 583//5874 561//5874 
f 636//5875 616//5875 561//5875 
f 630//5876 616//5876 636//5876 
f 647//5877 561//5877 578//5877 
f 582//5878 647//5878 578//5878 
f 590//5879 647//5879 582//5879 
f 649//5880 634//5880 642//5880 
f 597//5881 624//5881 590//5881 
f 618//5882 623//5882 624//5882 
f 597//5883 618//5883 624//5883 
f 609//5884 618//5884 597//5884 
f 624//5885 623//5885 634//5885 
f 649//5886 624//5886 634//5886 
f 590//5887 624//5887 649//5887 
f 654//5888 590//5888 649//5888 
f 651//5889 590//5889 654//5889 
f 650//5890 646//5890 635//5890 
f 560//5891 650//5891 635//5891 
f 653//5892 650//5892 560//5892 
f 648//5893 653//5893 560//5893 
f 613//5894 608//5894 591//5894 
f 560//5895 613//5895 591//5895 
f 615//5896 613//5896 560//5896 
f 635//5897 615//5897 560//5897 
f 629//5898 615//5898 635//5898 
f 574//5899 579//5899 575//5899 
f 562//5900 574//5900 575//5900 
f 591//5901 587//5901 579//5901 
f 574//5902 591//5902 579//5902 
f 560//5903 591//5903 574//5903 
f 562//5904 560//5904 574//5904 
f 558//5905 560//5905 562//5905 
f 589//5906 577//5906 581//5906 
f 564//5907 617//5907 560//5907 
f 589//5908 596//5908 607//5908 
f 617//5909 589//5909 607//5909 
f 577//5910 589//5910 617//5910 
f 564//5911 577//5911 617//5911 
f 633//5912 641//5912 648//5912 
f 560//5913 633//5913 648//5913 
f 622//5914 633//5914 560//5914 
f 617//5915 622//5915 560//5915 
f 475//5916 483//5916 479//5916 
f 422//5917 475//5917 416//5917 
f 465//5918 455//5918 457//5918 
f 455//5919 470//5919 451//5919 
f 470//5920 455//5920 465//5920 
f 467//5921 470//5921 465//5921 
f 473//5922 470//5922 467//5922 
f 481//5923 485//5923 470//5923 
f 473//5924 481//5924 470//5924 
f 477//5925 481//5925 473//5925 
f 470//5926 485//5926 483//5926 
f 475//5927 470//5927 483//5927 
f 451//5928 470//5928 475//5928 
f 422//5929 451//5929 475//5929 
f 424//5930 451//5930 422//5930 
f 426//5931 453//5931 441//5931 
f 463//5932 461//5932 458//5932 
f 453//5933 463//5933 458//5933 
f 471//5934 463//5934 453//5934 
f 475//5935 471//5935 453//5935 
f 475//5936 453//5936 426//5936 
f 420//5937 475//5937 426//5937 
f 418//5938 475//5938 420//5938 
f 475//5939 418//5939 410//5939 
f 414//5940 475//5940 410//5940 
f 416//5941 475//5941 414//5941 
f 540//5942 552//5942 546//5942 
f 527//5943 530//5943 542//5943 
f 552//5944 527//5944 542//5944 
f 523//5945 527//5945 552//5945 
f 556//5946 551//5946 549//5946 
f 551//5947 556//5947 568//5947 
f 572//5948 551//5948 568//5948 
f 570//5949 551//5949 572//5949 
f 542//5950 544//5950 549//5950 
f 551//5951 542//5951 549//5951 
f 552//5952 542//5952 551//5952 
f 570//5953 552//5953 551//5953 
f 566//5954 552//5954 570//5954 
f 496//5955 511//5955 505//5955 
f 540//5956 515//5956 511//5956 
f 540//5957 538//5957 529//5957 
f 525//5958 540//5958 529//5958 
f 515//5959 540//5959 525//5959 
f 521//5960 515//5960 525//5960 
f 511//5961 515//5961 521//5961 
f 540//5962 511//5962 496//5962 
f 492//5963 540//5963 496//5963 
f 494//5964 540//5964 492//5964 
f 513//5965 523//5965 552//5965 
f 540//5966 513//5966 552//5966 
f 509//5967 513//5967 540//5967 
f 494//5968 509//5968 540//5968 
f 498//5969 509//5969 494//5969 
f 406//5970 432//5970 429//5970 
f 432//5971 445//5971 443//5971 
f 403//5972 397//5972 408//5972 
f 413//5973 403//5973 408//5973 
f 434//5974 403//5974 413//5974 
f 447//5975 449//5975 445//5975 
f 403//5976 447//5976 445//5976 
f 438//5977 447//5977 403//5977 
f 434//5978 438//5978 403//5978 
f 403//5979 445//5979 432//5979 
f 406//5980 403//5980 432//5980 
f 404//5981 403//5981 406//5981 
f 409//5982 412//5982 403//5982 
f 404//5983 409//5983 403//5983 
f 398//5984 409//5984 404//5984 
f 403//5985 412//5985 435//5985 
f 439//5986 403//5986 435//5986 
f 448//5987 403//5987 439//5987 
f 446//5988 444//5988 433//5988 
f 403//5989 446//5989 433//5989 
f 450//5990 446//5990 403//5990 
f 448//5991 450//5991 403//5991 
f 407//5992 405//5992 397//5992 
f 403//5993 407//5993 397//5993 
f 428//5994 407//5994 403//5994 
f 433//5995 428//5995 403//5995 
f 656//5996 626//5996 360//5996 
f 362//5997 656//5997 360//5997 
f 657//5998 656//5998 362//5998 
f 366//5999 657//5999 362//5999 
f 666//6000 657//6000 366//6000 
f 668//6001 666//6001 366//6001 
f 368//6002 668//6002 366//6002 
f 672//6003 668//6003 368//6003 
f 674//6004 672//6004 368//6004 
f 367//6005 674//6005 368//6005 
f 673//6006 674//6006 367//6006 
f 671//6007 673//6007 367//6007 
f 365//6008 671//6008 367//6008 
f 667//6009 671//6009 365//6009 
f 665//6010 667//6010 365//6010 
f 361//6011 665//6011 365//6011 
f 655//6012 665//6012 361//6012 
f 652//6013 655//6013 361//6013 
f 359//6014 652//6014 361//6014 
f 625//6015 652//6015 359//6015 
f 543//6016 532//6016 213//6016 
f 338//6017 543//6017 213//6017 
f 545//6018 543//6018 338//6018 
f 342//6019 545//6019 338//6019 
f 550//6020 545//6020 342//6020 
f 557//6021 550//6021 342//6021 
f 217//6022 557//6022 342//6022 
f 569//6023 557//6023 217//6023 
f 573//6024 569//6024 217//6024 
f 216//6025 573//6025 217//6025 
f 571//6026 573//6026 216//6026 
f 567//6027 571//6027 216//6027 
f 341//6028 567//6028 216//6028 
f 553//6029 567//6029 341//6029 
f 547//6030 553//6030 341//6030 
f 337//6031 547//6031 341//6031 
f 541//6032 547//6032 337//6032 
f 539//6033 541//6033 337//6033 
f 212//6034 539//6034 337//6034 
f 531//6035 539//6035 212//6035 
f 195//6036 294//6036 454//6036 
f 460//6037 195//6037 454//6037 
f 202//6038 300//6038 419//6038 
f 421//6039 202//6039 419//6039 
f 201//6040 202//6040 421//6040 
f 427//6041 201//6041 421//6041 
f 294//6042 201//6042 427//6042 
f 442//6043 294//6043 427//6043 
f 454//6044 294//6044 442//6044 
f 423//6045 299//6045 200//6045 
f 299//6046 423//6046 417//6046 
f 415//6047 299//6047 417//6047 
f 300//6048 299//6048 415//6048 
f 411//6049 300//6049 415//6049 
f 419//6050 300//6050 411//6050 
f 459//6051 293//6051 194//6051 
f 293//6052 459//6052 456//6052 
f 452//6053 293//6053 456//6053 
f 200//6054 293//6054 452//6054 
f 425//6055 200//6055 452//6055 
f 423//6056 200//6056 425//6056 
f 246//6057 250//6057 592//6057 
f 610//6058 246//6058 592//6058 
f 563//6059 254//6059 258//6059 
f 254//6060 563//6060 576//6060 
f 580//6061 254//6061 576//6061 
f 250//6062 254//6062 580//6062 
f 588//6063 250//6063 580//6063 
f 592//6064 250//6064 588//6064 
f 578//6065 257//6065 253//6065 
f 257//6066 578//6066 565//6066 
f 561//6067 257//6067 565//6067 
f 258//6068 257//6068 561//6068 
f 559//6069 258//6069 561//6069 
f 563//6070 258//6070 559//6070 
f 609//6071 249//6071 245//6071 
f 249//6072 609//6072 597//6072 
f 590//6073 249//6073 597//6073 
f 253//6074 249//6074 590//6074 
f 582//6075 253//6075 590//6075 
f 578//6076 253//6076 582//6076 
f 244//6077 248//6077 591//6077 
f 608//6078 244//6078 591//6078 
f 562//6079 252//6079 256//6079 
f 252//6080 562//6080 575//6080 
f 579//6081 252//6081 575//6081 
f 248//6082 252//6082 579//6082 
f 587//6083 248//6083 579//6083 
f 591//6084 248//6084 587//6084 
f 577//6085 255//6085 251//6085 
f 255//6086 577//6086 564//6086 
f 560//6087 255//6087 564//6087 
f 256//6088 255//6088 560//6088 
f 558//6089 256//6089 560//6089 
f 562//6090 256//6090 558//6090 
f 607//6091 247//6091 243//6091 
f 247//6092 607//6092 596//6092 
f 589//6093 247//6093 596//6093 
f 251//6094 247//6094 589//6094 
f 581//6095 251//6095 589//6095 
f 577//6096 251//6096 581//6096 
f 193//6097 292//6097 453//6097 
f 458//6098 193//6098 453//6098 
f 418//6099 199//6099 298//6099 
f 199//6100 418//6100 420//6100 
f 426//6101 199//6101 420//6101 
f 292//6102 199//6102 426//6102 
f 441//6103 292//6103 426//6103 
f 453//6104 292//6104 441//6104 
f 422//6105 297//6105 198//6105 
f 297//6106 422//6106 416//6106 
f 414//6107 297//6107 416//6107 
f 298//6108 297//6108 414//6108 
f 410//6109 298//6109 414//6109 
f 418//6110 298//6110 410//6110 
f 457//6111 291//6111 192//6111 
f 291//6112 457//6112 455//6112 
f 451//6113 291//6113 455//6113 
f 198//6114 291//6114 451//6114 
f 424//6115 198//6115 451//6115 
f 422//6116 198//6116 424//6116 
f 542//6117 530//6117 211//6117 
f 336//6118 542//6118 211//6118 
f 544//6119 542//6119 336//6119 
f 340//6120 544//6120 336//6120 
f 549//6121 544//6121 340//6121 
f 556//6122 549//6122 340//6122 
f 343//6123 556//6123 340//6123 
f 568//6124 556//6124 343//6124 
f 215//6125 568//6125 343//6125 
f 572//6126 568//6126 215//6126 
f 214//6127 572//6127 215//6127 
f 570//6128 572//6128 214//6128 
f 566//6129 570//6129 214//6129 
f 339//6130 566//6130 214//6130 
f 552//6131 566//6131 339//6131 
f 546//6132 552//6132 339//6132 
f 335//6133 546//6133 339//6133 
f 540//6134 546//6134 335//6134 
f 538//6135 540//6135 335//6135 
f 210//6136 538//6136 335//6136 
f 529//6137 538//6137 210//6137 
f 324//6138 204//6138 439//6138 
f 435//6139 324//6139 439//6139 
f 322//6140 324//6140 435//6140 
f 412//6141 322//6141 435//6141 
f 320//6142 322//6142 412//6142 
f 409//6143 320//6143 412//6143 
f 315//6144 320//6144 409//6144 
f 398//6145 315//6145 409//6145 
f 308//6146 315//6146 398//6146 
f 204//6147 203//6147 450//6147 
f 448//6148 204//6148 450//6148 
f 439//6149 204//6149 448//6149 
f 203//6150 323//6150 444//6150 
f 446//6151 203//6151 444//6151 
f 450//6152 203//6152 446//6152 
f 314//6153 307//6153 397//6153 
f 405//6154 314//6154 397//6154 
f 319//6155 314//6155 405//6155 
f 407//6156 319//6156 405//6156 
f 321//6157 319//6157 407//6157 
f 428//6158 321//6158 407//6158 
f 323//6159 321//6159 428//6159 
f 433//6160 323//6160 428//6160 
f 444//6161 323//6161 433//6161 
f 230//6162 267//6162 266//6162 
f 311//6163 207//6163 205//6163 
f 317//6164 200//6164 299//6164 
f 300//6165 317//6165 299//6165 
f 202//6166 317//6166 300//6166 
f 194//6167 293//6167 316//6167 
f 289//6168 194//6168 316//6168 
f 289//6169 277//6169 281//6169 
f 194//6170 289//6170 281//6170 
f 272//6171 277//6171 265//6171 
f 266//6172 272//6172 265//6172 
f 273//6173 272//6173 266//6173 
f 309//6174 318//6174 201//6174 
f 294//6175 309//6175 201//6175 
f 290//6176 309//6176 294//6176 
f 290//6177 294//6177 195//6177 
f 282//6178 290//6178 195//6178 
f 269//6179 290//6179 282//6179 
f 267//6180 269//6180 282//6180 
f 278//6181 267//6181 282//6181 
f 266//6182 267//6182 278//6182 
f 274//6183 266//6183 278//6183 
f 273//6184 266//6184 274//6184 
f 306//6185 283//6185 192//6185 
f 291//6186 306//6186 192//6186 
f 310//6187 306//6187 291//6187 
f 297//6188 298//6188 311//6188 
f 310//6189 297//6189 311//6189 
f 198//6190 297//6190 310//6190 
f 291//6191 198//6191 310//6191 
f 311//6192 298//6192 199//6192 
f 292//6193 311//6193 199//6193 
f 284//6194 311//6194 292//6194 
f 193//6195 284//6195 292//6195 
f 280//6196 276//6196 260//6196 
f 284//6197 280//6197 260//6197 
f 193//6198 280//6198 284//6198 
f 259//6199 271//6199 270//6199 
f 275//6200 259//6200 270//6200 
f 268//6201 259//6201 275//6201 
f 279//6202 268//6202 275//6202 
f 283//6203 268//6203 279//6203 
f 192//6204 283//6204 279//6204 
f 311//6205 205//6205 326//6205 
f 325//6206 311//6206 326//6206 
f 310//6207 311//6207 325//6207 
f 206//6208 310//6208 325//6208 
f 329//6209 310//6209 206//6209 
f 329//6210 206//6210 331//6210 
f 210//6211 329//6211 331//6211 
f 344//6212 329//6212 210//6212 
f 335//6213 344//6213 210//6213 
f 339//6214 344//6214 335//6214 
f 345//6215 214//6215 215//6215 
f 343//6216 345//6216 215//6216 
f 346//6217 345//6217 343//6217 
f 340//6218 346//6218 343//6218 
f 211//6219 332//6219 312//6219 
f 346//6220 211//6220 312//6220 
f 336//6221 211//6221 346//6221 
f 340//6222 336//6222 346//6222 
f 287//6223 196//6223 295//6223 
f 301//6224 287//6224 295//6224 
f 286//6225 287//6225 301//6225 
f 303//6226 286//6226 301//6226 
f 313//6227 286//6227 303//6227 
f 307//6228 313//6228 303//6228 
f 314//6229 313//6229 307//6229 
f 197//6230 196//6230 287//6230 
f 288//6231 197//6231 287//6231 
f 296//6232 197//6232 288//6232 
f 289//6233 316//6233 308//6233 
f 304//6234 289//6234 308//6234 
f 288//6235 289//6235 304//6235 
f 302//6236 288//6236 304//6236 
f 296//6237 288//6237 302//6237 
f 316//6238 322//6238 320//6238 
f 315//6239 316//6239 320//6239 
f 308//6240 316//6240 315//6240 
f 323//6241 203//6241 348//6241 
f 321//6242 323//6242 348//6242 
f 349//6243 203//6243 204//6243 
f 321//6244 348//6244 347//6244 
f 313//6245 321//6245 347//6245 
f 319//6246 321//6246 313//6246 
f 314//6247 319//6247 313//6247 
f 226//6248 242//6248 238//6248 
f 234//6249 226//6249 238//6249 
f 224//6250 226//6250 234//6250 
f 233//6251 224//6251 234//6251 
f 223//6252 224//6252 233//6252 
f 264//6253 245//6253 249//6253 
f 264//6254 249//6254 253//6254 
f 257//6255 264//6255 253//6255 
f 265//6256 264//6256 257//6256 
f 258//6257 265//6257 257//6257 
f 223//6258 233//6258 237//6258 
f 241//6259 223//6259 237//6259 
f 245//6260 223//6260 241//6260 
f 265//6261 258//6261 254//6261 
f 250//6262 265//6262 254//6262 
f 246//6263 265//6263 250//6263 
f 229//6264 230//6264 266//6264 
f 265//6265 229//6265 266//6265 
f 226//6266 229//6266 265//6266 
f 246//6267 226//6267 265//6267 
f 242//6268 226//6268 246//6268 
f 221//6269 240//6269 236//6269 
f 220//6270 221//6270 236//6270 
f 232//6271 220//6271 236//6271 
f 225//6272 220//6272 232//6272 
f 231//6273 225//6273 232//6273 
f 235//6274 225//6274 231//6274 
f 262//6275 255//6275 256//6275 
f 225//6276 235//6276 239//6276 
f 243//6277 225//6277 239//6277 
f 261//6278 225//6278 243//6278 
f 247//6279 261//6279 243//6279 
f 251//6280 261//6280 247//6280 
f 262//6281 256//6281 252//6281 
f 248//6282 262//6282 252//6282 
f 244//6283 262//6283 248//6283 
f 223//6284 245//6284 264//6284 
f 263//6285 223//6285 264//6285 
f 222//6286 223//6286 263//6286 
f 262//6287 222//6287 263//6287 
f 221//6288 222//6288 262//6288 
f 244//6289 221//6289 262//6289 
f 240//6290 221//6290 244//6290 
f 260//6291 276//6291 271//6291 
f 259//6292 260//6292 271//6292 
f 227//6293 260//6293 259//6293 
f 228//6294 227//6294 259//6294 
f 344//6295 219//6295 363//6295 
f 344//6296 339//6296 214//6296 
f 345//6297 344//6297 214//6297 
f 219//6298 344//6298 345//6298 
f 346//6299 219//6299 345//6299 
f 369//6300 219//6300 346//6300 
f 371//6301 377//6301 376//6301 
f 377//6302 371//6302 372//6302 
f 373//6303 377//6303 372//6303 
f 378//6304 377//6304 373//6304 
f 379//6305 374//6305 375//6305 
f 380//6306 379//6306 375//6306 
f 350//6307 218//6307 364//6307 
f 330//6308 352//6308 351//6308 
f 317//6309 330//6309 351//6309 
f 318//6310 330//6310 317//6310 
f 202//6311 318//6311 317//6311 
f 201//6312 318//6312 202//6312 
f 265//6313 277//6313 289//6313 
f 288//6314 265//6314 289//6314 
f 264//6315 265//6315 288//6315 
f 287//6316 264//6316 288//6316 
f 263//6317 264//6317 287//6317 
f 286//6318 263//6318 287//6318 
f 262//6319 263//6319 286//6319 
f 260//6320 227//6320 225//6320 
f 261//6321 260//6321 225//6321 
f 284//6322 260//6322 261//6322 
f 285//6323 284//6323 261//6323 
f 311//6324 284//6324 285//6324 
f 312//6325 311//6325 285//6325 
f 207//6326 311//6326 312//6326 
f 332//6327 207//6327 312//6327 
f 261//6328 251//6328 255//6328 
f 262//6329 261//6329 255//6329 
f 285//6330 261//6330 262//6330 
f 286//6331 285//6331 262//6331 
f 312//6332 285//6332 286//6332 
f 313//6333 312//6333 286//6333 
f 346//6334 312//6334 313//6334 
f 347//6335 346//6335 313//6335 
f 317//6336 209//6336 328//6336 
f 316//6337 317//6337 328//6337 
f 200//6338 317//6338 316//6338 
f 293//6339 200//6339 316//6339 
f 351//6340 217//6340 342//6340 
f 350//6341 212//6341 337//6341 
f 341//6342 350//6342 337//6342 
f 216//6343 350//6343 341//6343 
f 316//6344 328//6344 327//6344 
f 208//6345 316//6345 327//6345 
f 333//6346 316//6346 208//6346 
f 351//6347 352//6347 218//6347 
f 350//6348 351//6348 218//6348 
f 217//6349 351//6349 350//6349 
f 216//6350 217//6350 350//6350 
f 351//6351 342//6351 338//6351 
f 213//6352 351//6352 338//6352 
f 317//6353 351//6353 213//6353 
f 334//6354 317//6354 213//6354 
f 209//6355 317//6355 334//6355 
f 349//6356 204//6356 324//6356 
f 322//6357 349//6357 324//6357 
f 350//6358 349//6358 322//6358 
f 316//6359 350//6359 322//6359 
f 212//6360 350//6360 316//6360 
f 333//6361 212//6361 316//6361 
f 348//6362 203//6362 349//6362 
f 354//6363 348//6363 349//6363 
f 353//6364 348//6364 354//6364 
f 373//6365 361//6365 365//6365 
f 373//6366 365//6366 367//6366 
f 374//6367 373//6367 367//6367 
f 378//6368 373//6368 374//6368 
f 379//6369 378//6369 374//6369 
f 349//6370 360//6370 358//6370 
f 356//6371 349//6371 358//6371 
f 354//6372 349//6372 356//6372 
f 348//6373 353//6373 355//6373 
f 357//6374 348//6374 355//6374 
f 359//6375 348//6375 357//6375 
f 374//6376 367//6376 368//6376 
f 366//6377 374//6377 368//6377 
f 362//6378 374//6378 366//6378 
f 371//6379 369//6379 346//6379 
f 347//6380 371//6380 346//6380 
f 372//6381 371//6381 347//6381 
f 348//6382 372//6382 347//6382 
f 373//6383 372//6383 348//6383 
f 359//6384 373//6384 348//6384 
f 361//6385 373//6385 359//6385 
f 350//6386 364//6386 370//6386 
f 375//6387 350//6387 370//6387 
f 349//6388 350//6388 375//6388 
f 374//6389 349//6389 375//6389 
f 360//6390 349//6390 374//6390 
f 362//6391 360//6391 374//6391 
f 732//6392 730//6392 731//6392 
f 733//6393 732//6393 731//6393 
f 745//6394 730//6394 732//6394 
f 762//6395 745//6395 732//6395 
f 732//6396 733//6396 768//6396 
f 764//6397 732//6397 768//6397 
f 762//6398 732//6398 764//6398 
f 733//6399 731//6399 756//6399 
f 759//6400 733//6400 756//6400 
f 768//6401 733//6401 759//6401 
f 726//6402 727//6402 729//6402 
f 728//6403 726//6403 729//6403 
f 746//6404 729//6404 727//6404 
f 761//6405 746//6405 727//6405 
f 727//6406 726//6406 769//6406 
f 765//6407 727//6407 769//6407 
f 761//6408 727//6408 765//6408 
f 726//6409 728//6409 757//6409 
f 760//6410 726//6410 757//6410 
f 769//6411 726//6411 760//6411 
f 659//6412 229//6412 663//6412 
f 230//6413 229//6413 659//6413 
f 230//6414 659//6414 632//6414 
f 586//6415 230//6415 632//6415 
f 267//6416 230//6416 586//6416 
f 503//6417 267//6417 586//6417 
f 269//6418 267//6418 503//6418 
f 501//6419 269//6419 503//6419 
f 290//6420 269//6420 501//6420 
f 430//6421 290//6421 501//6421 
f 309//6422 290//6422 430//6422 
f 399//6423 309//6423 430//6423 
f 682//6424 663//6424 229//6424 
f 226//6425 682//6425 229//6425 
f 691//6426 682//6426 226//6426 
f 224//6427 691//6427 226//6427 
f 694//6428 691//6428 224//6428 
f 223//6429 694//6429 224//6429 
f 700//6430 694//6430 223//6430 
f 222//6431 700//6431 223//6431 
f 689//6432 700//6432 222//6432 
f 689//6433 222//6433 221//6433 
f 220//6434 689//6434 221//6434 
f 687//6435 689//6435 220//6435 
f 225//6436 687//6436 220//6436 
f 678//6437 687//6437 225//6437 
f 227//6438 678//6438 225//6438 
f 660//6439 678//6439 227//6439 
f 228//6440 660//6440 227//6440 
f 644//6441 660//6441 228//6441 
f 283//6442 306//6442 402//6442 
f 489//6443 283//6443 402//6443 
f 268//6444 283//6444 489//6444 
f 508//6445 268//6445 489//6445 
f 259//6446 268//6446 508//6446 
f 555//6447 259//6447 508//6447 
f 228//6448 259//6448 555//6448 
f 627//6449 228//6449 555//6449 
f 644//6450 228//6450 627//6450 
f 508//6451 489//6451 593//6451 
f 640//6452 508//6452 593//6452 
f 555//6453 508//6453 640//6453 
f 627//6454 555//6454 640//6454 
f 637//6455 500//6455 502//6455 
f 500//6456 637//6456 535//6456 
f 518//6457 500//6457 535//6457 
f 431//6458 500//6458 518//6458 
f 437//6459 431//6459 518//6459 
f 402//6460 431//6460 437//6460 
f 488//6461 402//6461 437//6461 
f 489//6462 402//6462 488//6462 
f 517//6463 489//6463 488//6463 
f 593//6464 489//6464 517//6464 
f 748//6465 728//6465 720//6465 
f 757//6466 728//6466 748//6466 
f 702//6467 697//6467 632//6467 
f 659//6468 702//6468 632//6468 
f 713//6469 702//6469 659//6469 
f 663//6470 713//6470 659//6470 
f 723//6471 713//6471 663//6471 
f 682//6472 723//6472 663//6472 
f 729//6473 723//6473 682//6473 
f 729//6474 682//6474 691//6474 
f 694//6475 729//6475 691//6475 
f 728//6476 729//6476 694//6476 
f 700//6477 728//6477 694//6477 
f 728//6478 700//6478 689//6478 
f 687//6479 728//6479 689//6479 
f 720//6480 728//6480 687//6480 
f 678//6481 720//6481 687//6481 
f 716//6482 720//6482 678//6482 
f 660//6483 716//6483 678//6483 
f 707//6484 716//6484 660//6484 
f 644//6485 707//6485 660//6485 
f 695//6486 707//6486 644//6486 
f 627//6487 695//6487 644//6487 
f 684//6488 695//6488 627//6488 
f 640//6489 684//6489 627//6489 
f 757//6490 748//6490 774//6490 
f 777//6491 757//6491 774//6491 
f 760//6492 757//6492 777//6492 
f 785//6493 760//6493 777//6493 
f 769//6494 760//6494 785//6494 
f 788//6495 769//6495 785//6495 
f 765//6496 769//6496 788//6496 
f 782//6497 765//6497 788//6497 
f 761//6498 765//6498 782//6498 
f 779//6499 761//6499 782//6499 
f 746//6500 761//6500 779//6500 
f 767//6501 746//6501 779//6501 
f 729//6502 746//6502 767//6502 
f 734//6503 729//6503 767//6503 
f 723//6504 729//6504 734//6504 
f 507//6505 490//6505 594//6505 
f 639//6506 507//6506 594//6506 
f 554//6507 507//6507 639//6507 
f 628//6508 554//6508 639//6508 
f 638//6509 501//6509 503//6509 
f 501//6510 638//6510 534//6510 
f 519//6511 501//6511 534//6511 
f 430//6512 501//6512 519//6512 
f 436//6513 430//6513 519//6513 
f 399//6514 430//6514 436//6514 
f 487//6515 399//6515 436//6515 
f 490//6516 399//6516 487//6516 
f 520//6517 490//6517 487//6517 
f 594//6518 490//6518 520//6518 
f 632//6519 697//6519 670//6519 
f 638//6520 632//6520 670//6520 
f 586//6521 632//6521 638//6521 
f 503//6522 586//6522 638//6522 
f 747//6523 731//6523 721//6523 
f 756//6524 731//6524 747//6524 
f 756//6525 747//6525 773//6525 
f 776//6526 756//6526 773//6526 
f 759//6527 756//6527 776//6527 
f 784//6528 759//6528 776//6528 
f 768//6529 759//6529 784//6529 
f 787//6530 768//6530 784//6530 
f 764//6531 768//6531 787//6531 
f 783//6532 764//6532 787//6532 
f 762//6533 764//6533 783//6533 
f 778//6534 762//6534 783//6534 
f 745//6535 762//6535 778//6535 
f 766//6536 745//6536 778//6536 
f 730//6537 745//6537 766//6537 
f 735//6538 730//6538 766//6538 
f 722//6539 730//6539 735//6539 
f 637//6540 502//6540 585//6540 
f 631//6541 637//6541 585//6541 
f 669//6542 637//6542 631//6542 
f 698//6543 669//6543 631//6543 
f 703//6544 698//6544 631//6544 
f 658//6545 703//6545 631//6545 
f 712//6546 703//6546 658//6546 
f 662//6547 712//6547 658//6547 
f 722//6548 712//6548 662//6548 
f 681//6549 722//6549 662//6549 
f 730//6550 722//6550 681//6550 
f 730//6551 681//6551 692//6551 
f 693//6552 730//6552 692//6552 
f 731//6553 730//6553 693//6553 
f 701//6554 731//6554 693//6554 
f 731//6555 701//6555 690//6555 
f 688//6556 731//6556 690//6556 
f 721//6557 731//6557 688//6557 
f 679//6558 721//6558 688//6558 
f 717//6559 721//6559 679//6559 
f 661//6560 717//6560 679//6560 
f 708//6561 717//6561 661//6561 
f 645//6562 708//6562 661//6562 
f 696//6563 708//6563 645//6563 
f 628//6564 696//6564 645//6564 
f 683//6565 696//6565 628//6565 
f 639//6566 683//6566 628//6566 
f 3874//6567 3866//6567 3893//6567 
f 3969//6568 3936//6568 3893//6568 
f 3866//6569 3969//6569 3893//6569 
f 3978//6570 3969//6570 3866//6570 
f 3866//6571 3889//6571 3940//6571 
f 3973//6572 3866//6572 3940//6572 
f 3978//6573 3866//6573 3973//6573 
f 3791//6574 3782//6574 3828//6574 
f 3866//6575 3791//6575 3828//6575 
f 3855//6576 3791//6576 3866//6576 
f 3874//6577 3855//6577 3866//6577 
f 3795//6578 3773//6578 3759//6578 
f 3943//6579 3960//6579 3964//6579 
f 3885//6580 3929//6580 3960//6580 
f 3773//6581 3885//6581 3960//6581 
f 3861//6582 3885//6582 3773//6582 
f 3795//6583 3861//6583 3773//6583 
f 3878//6584 3838//6584 3773//6584 
f 3960//6585 3878//6585 3773//6585 
f 3904//6586 3878//6586 3960//6586 
f 3943//6587 3904//6587 3960//6587 
f 1600//6588 1661//6588 1622//6588 
f 1616//6589 1556//6589 1597//6589 
f 1551//6590 1616//6590 1600//6590 
f 1513//6591 1523//6591 1556//6591 
f 1616//6592 1513//6592 1556//6592 
f 1517//6593 1513//6593 1616//6593 
f 1551//6594 1517//6594 1616//6594 
f 1699//6595 1707//6595 1661//6595 
f 1600//6596 1699//6596 1661//6596 
f 1635//6597 1699//6597 1600//6597 
f 1616//6598 1635//6598 1600//6598 
f 1715//6599 1613//6599 1651//6599 
f 1731//6600 1532//6600 1715//6600 
f 1548//6601 1532//6601 1527//6601 
f 1628//6602 1606//6602 1563//6602 
f 1532//6603 1628//6603 1563//6603 
f 1695//6604 1628//6604 1532//6604 
f 1731//6605 1695//6605 1532//6605 
f 1613//6606 1715//6606 1532//6606 
f 1548//6607 1613//6607 1532//6607 
f 1587//6608 1613//6608 1548//6608 
f 1296//6609 1425//6609 1426//6609 
f 1399//6610 1296//6610 1426//6610 
f 1519//6611 1829//6611 1615//6611 
f 1520//6612 1519//6612 1615//6612 
f 1425//6613 1519//6613 1520//6613 
f 1454//6614 1425//6614 1520//6614 
f 1426//6615 1425//6615 1454//6615 
f 1829//6616 2191//6616 2084//6616 
f 1830//6617 1829//6617 2084//6617 
f 1615//6618 1829//6618 1830//6618 
f 2191//6619 2638//6619 2418//6619 
f 2192//6620 2191//6620 2418//6620 
f 2084//6621 2191//6621 2192//6621 
f 3071//6622 2851//6622 3072//6622 
f 3404//6623 3071//6623 3072//6623 
f 3403//6624 3071//6624 3404//6624 
f 3877//6625 3403//6625 3404//6625 
f 3876//6626 3403//6626 3877//6626 
f 4033//6627 3876//6627 3877//6627 
f 4032//6628 3876//6628 4033//6628 
f 4087//6629 4032//6629 4033//6629 
f 4086//6630 4032//6630 4087//6630 
f 4414//6631 4086//6631 4087//6631 
f 4413//6632 4086//6632 4414//6632 
f 4641//6633 4413//6633 4414//6633 
f 4640//6634 4413//6634 4641//6634 
f 4760//6635 4640//6635 4641//6635 
f 4759//6636 4640//6636 4760//6636 
f 4781//6637 4759//6637 4760//6637 
f 4780//6638 4759//6638 4781//6638 
f 4786//6639 4780//6639 4781//6639 
f 4785//6640 4780//6640 4786//6640 
f 4767//6641 4785//6641 4786//6641 
f 4766//6642 4785//6642 4767//6642 
f 4683//6643 4766//6643 4767//6643 
f 4682//6644 4766//6644 4683//6644 
f 4527//6645 4682//6645 4683//6645 
f 4526//6646 4682//6646 4527//6646 
f 4120//6647 4526//6647 4527//6647 
f 4119//6648 4526//6648 4120//6648 
f 4053//6649 4119//6649 4120//6649 
f 4052//6650 4119//6650 4053//6650 
f 3918//6651 4052//6651 4053//6651 
f 3917//6652 4052//6652 3918//6652 
f 3539//6653 3917//6653 3918//6653 
f 3538//6654 3917//6654 3539//6654 
f 3161//6655 3538//6655 3539//6655 
f 3160//6656 3538//6656 3161//6656 
f 2639//6657 3160//6657 3161//6657 
f 2638//6658 3160//6658 2639//6658 
f 2531//6659 2638//6659 2639//6659 
f 2418//6660 2638//6660 2531//6660 
f 2519//6661 2851//6661 3071//6661 
f 2518//6662 2519//6662 3071//6662 
f 2334//6663 2519//6663 2518//6663 
f 2142//6664 2334//6664 2518//6664 
f 2143//6665 2334//6665 2142//6665 
f 1950//6666 2143//6666 2142//6666 
f 1676//6667 1950//6667 2142//6667 
f 1677//6668 1950//6668 1676//6668 
f 1575//6669 1677//6669 1676//6669 
f 1477//6670 1575//6670 1676//6670 
f 1478//6671 1575//6671 1477//6671 
f 1477//6672 1411//6672 1412//6672 
f 1438//6673 1477//6673 1412//6673 
f 1478//6674 1477//6674 1438//6674 
f 1158//6675 842//6675 958//6675 
f 1159//6676 1158//6676 958//6676 
f 1411//6677 1158//6677 1159//6677 
f 1366//6678 1411//6678 1159//6678 
f 1412//6679 1411//6679 1366//6679 
f 842//6680 386//6680 793//6680 
f 843//6681 842//6681 793//6681 
f 958//6682 842//6682 843//6682 
f 386//6683 101//6683 180//6683 
f 387//6684 386//6684 180//6684 
f 793//6685 386//6685 387//6685 
f 23//6686 73//6686 24//6686 
f 35//6687 23//6687 24//6687 
f 101//6688 23//6688 35//6688 
f 102//6689 101//6689 35//6689 
f 180//6690 101//6690 102//6690 
f 165//6691 73//6691 23//6691 
f 164//6692 165//6692 23//6692 
f 186//6693 165//6693 164//6693 
f 685//6694 186//6694 164//6694 
f 686//6695 186//6695 685//6695 
f 1296//6696 1399//6696 1297//6696 
f 901//6697 1296//6697 1297//6697 
f 900//6698 1296//6698 901//6698 
f 832//6699 900//6699 901//6699 
f 685//6700 900//6700 832//6700 
f 800//6701 685//6701 832//6701 
f 686//6702 685//6702 800//6702 
f 4691//6703 4527//6703 4683//6703 
f 4767//6704 4786//6704 4771//6704 
f 4716//6705 4767//6705 4771//6705 
f 4683//6706 4767//6706 4716//6706 
f 4704//6707 4683//6707 4716//6707 
f 4691//6708 4683//6708 4704//6708 
f 2848//6709 2529//6709 2639//6709 
f 3161//6710 2848//6710 2639//6710 
f 3279//6711 2848//6711 3161//6711 
f 3539//6712 3279//6712 3161//6712 
f 3630//6713 3279//6713 3539//6713 
f 3918//6714 3630//6714 3539//6714 
f 3953//6715 3630//6715 3918//6715 
f 4053//6716 3953//6716 3918//6716 
f 4057//6717 3953//6717 4053//6717 
f 4120//6718 4057//6718 4053//6718 
f 4152//6719 4057//6719 4120//6719 
f 4527//6720 4152//6720 4120//6720 
f 4542//6721 4152//6721 4527//6721 
f 4691//6722 4542//6722 4527//6722 
f 1017//6723 1297//6723 1229//6723 
f 901//6724 1297//6724 1017//6724 
f 878//6725 901//6725 1017//6725 
f 832//6726 901//6726 878//6726 
f 822//6727 832//6727 878//6727 
f 800//6728 832//6728 822//6728 
f 396//6729 800//6729 822//6729 
f 686//6730 800//6730 396//6730 
f 1388//6731 1229//6731 1297//6731 
f 1399//6732 1388//6732 1297//6732 
f 1416//6733 1388//6733 1399//6733 
f 1426//6734 1416//6734 1399//6734 
f 1447//6735 1416//6735 1426//6735 
f 1454//6736 1447//6736 1426//6736 
f 1491//6737 1447//6737 1454//6737 
f 1520//6738 1491//6738 1454//6738 
f 1595//6739 1491//6739 1520//6739 
f 1615//6740 1595//6740 1520//6740 
f 1711//6741 1595//6741 1615//6741 
f 1830//6742 1711//6742 1615//6742 
f 1976//6743 1711//6743 1830//6743 
f 2084//6744 1976//6744 1830//6744 
f 2149//6745 1976//6745 2084//6745 
f 2192//6746 2149//6746 2084//6746 
f 2345//6747 2149//6747 2192//6747 
f 2418//6748 2345//6748 2192//6748 
f 2529//6749 2345//6749 2418//6749 
f 2531//6750 2529//6750 2418//6750 
f 2639//6751 2529//6751 2531//6751 
f 1159//6752 958//6752 1127//6752 
f 1335//6753 1159//6753 1127//6753 
f 1366//6754 1159//6754 1335//6754 
f 1405//6755 1366//6755 1335//6755 
f 1412//6756 1366//6756 1405//6756 
f 1433//6757 1412//6757 1405//6757 
f 1438//6758 1412//6758 1433//6758 
f 1465//6759 1438//6759 1433//6759 
f 1478//6760 1438//6760 1465//6760 
f 1540//6761 1478//6761 1465//6761 
f 1575//6762 1478//6762 1540//6762 
f 1627//6763 1575//6763 1540//6763 
f 1677//6764 1575//6764 1627//6764 
f 1861//6765 1677//6765 1627//6765 
f 1950//6766 1677//6766 1861//6766 
f 2109//6767 1950//6767 1861//6767 
f 2143//6768 1950//6768 2109//6768 
f 2216//6769 2143//6769 2109//6769 
f 2334//6770 2143//6770 2216//6770 
f 2426//6771 2334//6771 2216//6771 
f 2519//6772 2334//6772 2426//6772 
f 2642//6773 2519//6773 2426//6773 
f 2851//6774 2519//6774 2642//6774 
f 2961//6775 2851//6775 2642//6775 
f 3072//6776 2851//6776 2961//6776 
f 3149//6777 3072//6777 2961//6777 
f 3404//6778 3072//6778 3149//6778 
f 3508//6779 3404//6779 3149//6779 
f 3877//6780 3404//6780 3508//6780 
f 3896//6781 3877//6781 3508//6781 
f 4033//6782 3877//6782 3896//6782 
f 4043//6783 4033//6783 3896//6783 
f 4087//6784 4033//6784 4043//6784 
f 4097//6785 4087//6785 4043//6785 
f 4414//6786 4087//6786 4097//6786 
f 4464//6787 4414//6787 4097//6787 
f 4641//6788 4414//6788 4464//6788 
f 4653//6789 4641//6789 4464//6789 
f 4760//6790 4641//6790 4653//6790 
f 4763//6791 4760//6791 4653//6791 
f 4781//6792 4760//6792 4763//6792 
f 4783//6793 4781//6793 4763//6793 
f 4786//6794 4781//6794 4783//6794 
f 4789//6795 4786//6795 4783//6795 
f 4771//6796 4786//6796 4789//6796 
f 186//6797 686//6797 396//6797 
f 183//6798 186//6798 396//6798 
f 165//6799 186//6799 183//6799 
f 149//6800 165//6800 183//6800 
f 73//6801 165//6801 149//6801 
f 53//6802 73//6802 149//6802 
f 24//6803 73//6803 53//6803 
f 9//6804 24//6804 53//6804 
f 35//6805 24//6805 9//6805 
f 16//6806 35//6806 9//6806 
f 102//6807 35//6807 16//6807 
f 843//6808 793//6808 775//6808 
f 839//6809 843//6809 775//6809 
f 958//6810 843//6810 839//6810 
f 940//6811 958//6811 839//6811 
f 1127//6812 958//6812 940//6812 
f 102//6813 16//6813 80//6813 
f 176//6814 102//6814 80//6814 
f 180//6815 102//6815 176//6815 
f 187//6816 180//6816 176//6816 
f 387//6817 180//6817 187//6817 
f 718//6818 387//6818 187//6818 
f 793//6819 387//6819 718//6819 
f 743//6820 793//6820 718//6820 
f 775//6821 793//6821 743//6821 
f 4095//6822 4700//6822 4742//6822 
f 4401//6823 1393//6823 1076//6823 
f 845//6824 4401//6824 1076//6824 
f 755//6825 4401//6825 845//6825 
f 4401//6826 755//6826 401//6826 
f 753//6827 4401//6827 401//6827 
f 847//6828 4401//6828 753//6828 
f 4401//6829 4049//6829 3915//6829 
f 3562//6830 4401//6830 3915//6830 
f 3214//6831 4401//6831 3562//6831 
f 4095//6832 4049//6832 4401//6832 
f 4629//6833 4095//6833 4401//6833 
f 4700//6834 4095//6834 4629//6834 
f 4095//6835 4742//6835 4698//6835 
f 4631//6836 4095//6836 4698//6836 
f 4403//6837 4095//6837 4631//6837 
f 4401//6838 3214//6838 2741//6838 
f 2284//6839 4401//6839 2741//6839 
f 1930//6840 4401//6840 2284//6840 
f 4401//6841 1930//6841 1580//6841 
f 1444//6842 4401//6842 1580//6842 
f 1393//6843 4401//6843 1444//6843 
f 3913//6844 1578//6844 1928//6844 
f 2282//6845 3913//6845 1928//6845 
f 4401//6846 847//6846 1074//6846 
f 1391//6847 4401//6847 1074//6847 
f 4093//6848 4401//6848 1391//6848 
f 4047//6849 4093//6849 1391//6849 
f 3913//6850 4047//6850 1391//6850 
f 1442//6851 3913//6851 1391//6851 
f 1578//6852 3913//6852 1442//6852 
f 3913//6853 2282//6853 2739//6853 
f 3212//6854 3913//6854 2739//6854 
f 3560//6855 3913//6855 3212//6855 
f 845//6856 1076//6856 1075//6856 
f 844//6857 845//6857 1075//6857 
f 755//6858 845//6858 844//6858 
f 754//6859 755//6859 844//6859 
f 401//6860 755//6860 754//6860 
f 400//6861 401//6861 754//6861 
f 753//6862 401//6862 400//6862 
f 752//6863 753//6863 400//6863 
f 847//6864 753//6864 752//6864 
f 846//6865 847//6865 752//6865 
f 1074//6866 847//6866 846//6866 
f 1073//6867 1074//6867 846//6867 
f 1391//6868 1074//6868 1073//6868 
f 1390//6869 1391//6869 1073//6869 
f 1442//6870 1391//6870 1390//6870 
f 1441//6871 1442//6871 1390//6871 
f 1578//6872 1442//6872 1441//6872 
f 1577//6873 1578//6873 1441//6873 
f 1928//6874 1578//6874 1577//6874 
f 1927//6875 1928//6875 1577//6875 
f 2282//6876 1928//6876 1927//6876 
f 2281//6877 2282//6877 1927//6877 
f 2739//6878 2282//6878 2281//6878 
f 2738//6879 2739//6879 2281//6879 
f 3212//6880 2739//6880 2738//6880 
f 3211//6881 3212//6881 2738//6881 
f 3560//6882 3212//6882 3211//6882 
f 3559//6883 3560//6883 3211//6883 
f 3913//6884 3560//6884 3559//6884 
f 3912//6885 3913//6885 3559//6885 
f 4047//6886 3913//6886 3912//6886 
f 4046//6887 4047//6887 3912//6887 
f 4093//6888 4047//6888 4046//6888 
f 4092//6889 4093//6889 4046//6889 
f 4401//6890 4093//6890 4092//6890 
f 4400//6891 4401//6891 4092//6891 
f 4629//6892 4401//6892 4400//6892 
f 4628//6893 4629//6893 4400//6893 
f 4700//6894 4629//6894 4628//6894 
f 4699//6895 4700//6895 4628//6895 
f 4742//6896 4700//6896 4699//6896 
f 4741//6897 4742//6897 4699//6897 
f 4698//6898 4742//6898 4741//6898 
f 4697//6899 4698//6899 4741//6899 
f 4631//6900 4698//6900 4697//6900 
f 4630//6901 4631//6901 4697//6901 
f 4403//6902 4631//6902 4630//6902 
f 4402//6903 4403//6903 4630//6903 
f 4095//6904 4403//6904 4402//6904 
f 4094//6905 4095//6905 4402//6905 
f 4049//6906 4095//6906 4094//6906 
f 4048//6907 4049//6907 4094//6907 
f 3915//6908 4049//6908 4048//6908 
f 3914//6909 3915//6909 4048//6909 
f 3562//6910 3915//6910 3914//6910 
f 3561//6911 3562//6911 3914//6911 
f 3214//6912 3562//6912 3561//6912 
f 3213//6913 3214//6913 3561//6913 
f 2741//6914 3214//6914 3213//6914 
f 2740//6915 2741//6915 3213//6915 
f 2284//6916 2741//6916 2740//6916 
f 2283//6917 2284//6917 2740//6917 
f 1930//6918 2284//6918 2283//6918 
f 1929//6919 1930//6919 2283//6919 
f 1580//6920 1930//6920 1929//6920 
f 1579//6921 1580//6921 1929//6921 
f 1444//6922 1580//6922 1579//6922 
f 1443//6923 1444//6923 1579//6923 
f 1393//6924 1444//6924 1443//6924 
f 1392//6925 1393//6925 1443//6925 
f 1076//6926 1393//6926 1392//6926 
f 1075//6927 1076//6927 1392//6927 
f 4628//6928 4400//6928 4454//6928 
f 4637//6929 4628//6929 4454//6929 
f 4699//6930 4628//6930 4637//6930 
f 4732//6931 4699//6931 4637//6931 
f 4741//6932 4699//6932 4732//6932 
f 4754//6933 4741//6933 4732//6933 
f 4697//6934 4741//6934 4754//6934 
f 4731//6935 4697//6935 4754//6935 
f 4630//6936 4697//6936 4731//6936 
f 4638//6937 4630//6937 4731//6937 
f 4402//6938 4630//6938 4638//6938 
f 4455//6939 4402//6939 4638//6939 
f 4094//6940 4402//6940 4455//6940 
f 4105//6941 4094//6941 4455//6941 
f 4048//6942 4094//6942 4105//6942 
f 4051//6943 4048//6943 4105//6943 
f 3914//6944 4048//6944 4051//6944 
f 3925//6945 3914//6945 4051//6945 
f 3561//6946 3914//6946 3925//6946 
f 3578//6947 3561//6947 3925//6947 
f 3213//6948 3561//6948 3578//6948 
f 3221//6949 3213//6949 3578//6949 
f 2740//6950 3213//6950 3221//6950 
f 2750//6951 2740//6951 3221//6951 
f 2283//6952 2740//6952 2750//6952 
f 2273//6953 2283//6953 2750//6953 
f 1929//6954 2283//6954 2273//6954 
f 1915//6955 1929//6955 2273//6955 
f 1579//6956 1929//6956 1915//6956 
f 1568//6957 1579//6957 1915//6957 
f 1443//6958 1579//6958 1568//6958 
f 1440//6959 1443//6959 1568//6959 
f 1392//6960 1443//6960 1440//6960 
f 1383//6961 1392//6961 1440//6961 
f 1075//6962 1392//6962 1383//6962 
f 1026//6963 1075//6963 1383//6963 
f 844//6964 1075//6964 1026//6964 
f 835//6965 844//6965 1026//6965 
f 754//6966 844//6966 835//6966 
f 603//6967 754//6967 835//6967 
f 400//6968 754//6968 603//6968 
f 305//6969 400//6969 603//6969 
f 752//6970 400//6970 305//6970 
f 602//6971 752//6971 305//6971 
f 846//6972 752//6972 602//6972 
f 834//6973 846//6973 602//6973 
f 1073//6974 846//6974 834//6974 
f 1027//6975 1073//6975 834//6975 
f 1390//6976 1073//6976 1027//6976 
f 1382//6977 1390//6977 1027//6977 
f 1441//6978 1390//6978 1382//6978 
f 1439//6979 1441//6979 1382//6979 
f 1577//6980 1441//6980 1439//6980 
f 1567//6981 1577//6981 1439//6981 
f 1927//6982 1577//6982 1567//6982 
f 1914//6983 1927//6983 1567//6983 
f 2281//6984 1927//6984 1914//6984 
f 2272//6985 2281//6985 1914//6985 
f 2738//6986 2281//6986 2272//6986 
f 2737//6987 2738//6987 2272//6987 
f 3211//6988 2738//6988 2737//6988 
f 3220//6989 3211//6989 2737//6989 
f 3559//6990 3211//6990 3220//6990 
f 3577//6991 3559//6991 3220//6991 
f 3912//6992 3559//6992 3577//6992 
f 3924//6993 3912//6993 3577//6993 
f 4046//6994 3912//6994 3924//6994 
f 4050//6995 4046//6995 3924//6995 
f 4092//6996 4046//6996 4050//6996 
f 4104//6997 4092//6997 4050//6997 
f 4400//6998 4092//6998 4104//6998 
f 4454//6999 4400//6999 4104//6999 
f 2627//7000 2865//7000 2868//7000 
f 2868//7001 2867//7001 2623//7001 
f 2624//7002 2868//7002 2623//7002 
f 2627//7003 2868//7003 2624//7003 
f 2706//7004 2787//7004 2841//7004 
f 2865//7005 2706//7005 2841//7005 
f 2651//7006 2706//7006 2865//7006 
f 2627//7007 2651//7007 2865//7007 
f 2624//7008 2623//7008 2621//7008 
f 2622//7009 2624//7009 2621//7009 
f 2865//7010 2858//7010 2864//7010 
f 2870//7011 2865//7011 2864//7011 
f 2868//7012 2865//7012 2870//7012 
f 2840//7013 2858//7013 2865//7013 
f 2841//7014 2840//7014 2865//7014 
f 2838//7015 2840//7015 2841//7015 
f 2787//7016 2838//7016 2841//7016 
f 2786//7017 2838//7017 2787//7017 
f 2781//7018 2786//7018 2787//7018 
f 2706//7019 2781//7019 2787//7019 
f 2707//7020 2781//7020 2706//7020 
f 2689//7021 2707//7021 2706//7021 
f 2651//7022 2689//7022 2706//7022 
f 2652//7023 2689//7023 2651//7023 
f 2622//7024 2627//7024 2624//7024 
f 2627//7025 2622//7025 2626//7025 
f 2628//7026 2627//7026 2626//7026 
f 2651//7027 2627//7027 2628//7027 
f 2647//7028 2651//7028 2628//7028 
f 2652//7029 2651//7029 2647//7029 
f 2867//7030 2868//7030 2870//7030 
f 2869//7031 2867//7031 2870//7031 
f 2737//7032 2272//7032 2623//7032 
f 2867//7033 2737//7033 2623//7033 
f 2921//7034 2867//7034 2869//7034 
f 2867//7035 2921//7035 3577//7035 
f 3220//7036 2867//7036 3577//7036 
f 2737//7037 2867//7037 3220//7037 
f 3577//7038 2921//7038 3334//7038 
f 3744//7039 3577//7039 3334//7039 
f 3924//7040 3577//7040 3744//7040 
f 3992//7041 3924//7041 3744//7041 
f 4050//7042 3924//7042 3992//7042 
f 4066//7043 4050//7043 3992//7043 
f 4104//7044 4050//7044 4066//7044 
f 2403//7045 2621//7045 2623//7045 
f 2272//7046 2403//7046 2623//7046 
f 2067//7047 2403//7047 2272//7047 
f 1914//7048 2067//7048 2272//7048 
f 1619//7049 2067//7049 1914//7049 
f 1567//7050 1619//7050 1914//7050 
f 835//7051 1026//7051 869//7051 
f 394//7052 835//7052 869//7052 
f 603//7053 835//7053 394//7053 
f 142//7054 603//7054 394//7054 
f 305//7055 603//7055 142//7055 
f 7//7056 305//7056 142//7056 
f 602//7057 305//7057 7//7057 
f 85//7058 602//7058 7//7058 
f 834//7059 602//7059 85//7059 
f 188//7060 834//7060 85//7060 
f 1027//7061 834//7061 188//7061 
f 836//7062 1027//7062 188//7062 
f 1382//7063 1027//7063 836//7063 
f 1111//7064 1382//7064 836//7064 
f 1439//7065 1382//7065 1111//7065 
f 1401//7066 1439//7066 1111//7066 
f 1567//7067 1439//7067 1401//7067 
f 1459//7068 1567//7068 1401//7068 
f 1619//7069 1567//7069 1459//7069 
f 4104//7070 4066//7070 4217//7070 
f 4584//7071 4104//7071 4217//7071 
f 4454//7072 4104//7072 4584//7072 
f 4597//7073 4454//7073 4584//7073 
f 4637//7074 4454//7074 4597//7074 
f 4736//7075 4637//7075 4597//7075 
f 4732//7076 4637//7076 4736//7076 
f 4773//7077 4732//7077 4736//7077 
f 4754//7078 4732//7078 4773//7078 
f 4790//7079 4754//7079 4773//7079 
f 4731//7080 4754//7080 4790//7080 
f 4778//7081 4731//7081 4790//7081 
f 4638//7082 4731//7082 4778//7082 
f 4757//7083 4638//7083 4778//7083 
f 4455//7084 4638//7084 4757//7084 
f 4635//7085 4455//7085 4757//7085 
f 4105//7086 4455//7086 4635//7086 
f 4384//7087 4105//7087 4635//7087 
f 4051//7088 4105//7088 4384//7088 
f 4083//7089 4051//7089 4384//7089 
f 3925//7090 4051//7090 4083//7090 
f 3925//7091 4083//7091 4028//7091 
f 3870//7092 3925//7092 4028//7092 
f 3578//7093 3925//7093 3870//7093 
f 3409//7094 3578//7094 3870//7094 
f 3221//7095 3578//7095 3409//7095 
f 3082//7096 3221//7096 3409//7096 
f 2750//7097 3221//7097 3082//7097 
f 2559//7098 2750//7098 3082//7098 
f 2273//7099 2750//7099 2559//7099 
f 2153//7100 2273//7100 2559//7100 
f 1915//7101 2273//7101 2153//7101 
f 1729//7102 1915//7102 2153//7102 
f 1568//7103 1915//7103 1729//7103 
f 1495//7104 1568//7104 1729//7104 
f 1440//7105 1568//7105 1495//7105 
f 1421//7106 1440//7106 1495//7106 
f 1383//7107 1440//7107 1421//7107 
f 1252//7108 1383//7108 1421//7108 
f 1026//7109 1383//7109 1252//7109 
f 885//7110 1026//7110 1252//7110 
f 869//7111 1026//7111 885//7111 
f 4350//7112 4391//7112 4372//7112 
f 4424//7113 4389//7113 4398//7113 
f 4374//7114 4350//7114 4355//7114 
f 4423//7115 4399//7115 4425//7115 
f 4399//7116 4424//7116 4429//7116 
f 4433//7117 4399//7117 4429//7117 
f 4425//7118 4399//7118 4433//7118 
f 4399//7119 4423//7119 4396//7119 
f 4391//7120 4399//7120 4396//7120 
f 4424//7121 4399//7121 4391//7121 
f 4350//7122 4424//7122 4391//7122 
f 4389//7123 4424//7123 4350//7123 
f 4374//7124 4389//7124 4350//7124 
f 4203//7125 4220//7125 4201//7125 
f 4237//7126 4300//7126 4261//7126 
f 4300//7127 4337//7127 4307//7127 
f 4337//7128 4236//7128 4350//7128 
f 4236//7129 4337//7129 4300//7129 
f 4237//7130 4236//7130 4300//7130 
f 4223//7131 4236//7131 4237//7131 
f 4220//7132 4202//7132 4199//7132 
f 4192//7133 4220//7133 4199//7133 
f 4201//7134 4220//7134 4192//7134 
f 4236//7135 4223//7135 4202//7135 
f 4220//7136 4236//7136 4202//7136 
f 4224//7137 4236//7137 4220//7137 
f 4203//7138 4224//7138 4220//7138 
f 4312//7139 4346//7139 4355//7139 
f 4350//7140 4312//7140 4355//7140 
f 4301//7141 4312//7141 4350//7141 
f 4236//7142 4301//7142 4350//7142 
f 4277//7143 4301//7143 4236//7143 
f 3304//7144 3329//7144 3307//7144 
f 3367//7145 3323//7145 3371//7145 
f 3323//7146 3367//7146 3365//7146 
f 3354//7147 3323//7147 3365//7147 
f 3349//7148 3323//7148 3354//7148 
f 3323//7149 3349//7149 3340//7149 
f 3331//7150 3323//7150 3340//7150 
f 3329//7151 3323//7151 3331//7151 
f 3323//7152 3329//7152 3304//7152 
f 3256//7153 3323//7153 3304//7153 
f 3237//7154 3323//7154 3256//7154 
f 3189//7155 3184//7155 3323//7155 
f 3237//7156 3189//7156 3323//7156 
f 3218//7157 3189//7157 3237//7157 
f 3332//7158 3315//7158 3330//7158 
f 3305//7159 3236//7159 3266//7159 
f 3236//7160 3190//7160 3226//7160 
f 3323//7161 3184//7161 3176//7161 
f 3187//7162 3323//7162 3176//7162 
f 3190//7163 3323//7163 3187//7163 
f 3323//7164 3190//7164 3236//7164 
f 3305//7165 3323//7165 3236//7165 
f 3315//7166 3323//7166 3305//7166 
f 3323//7167 3315//7167 3332//7167 
f 3343//7168 3323//7168 3332//7168 
f 3348//7169 3323//7169 3343//7169 
f 3366//7170 3368//7170 3371//7170 
f 3323//7171 3366//7171 3371//7171 
f 3360//7172 3366//7172 3323//7172 
f 3348//7173 3360//7173 3323//7173 
f 1487//7174 1538//7174 1560//7174 
f 1503//7175 1529//7175 1506//7175 
f 1583//7176 1574//7176 1585//7176 
f 1565//7177 1566//7177 1560//7177 
f 1574//7178 1584//7178 1586//7178 
f 1589//7179 1574//7179 1586//7179 
f 1585//7180 1574//7180 1589//7180 
f 1574//7181 1583//7181 1569//7181 
f 1566//7182 1574//7182 1569//7182 
f 1584//7183 1574//7183 1566//7183 
f 1565//7184 1584//7184 1566//7184 
f 1573//7185 1584//7185 1565//7185 
f 1560//7186 1566//7186 1550//7186 
f 1537//7187 1560//7187 1550//7187 
f 1529//7188 1560//7188 1537//7188 
f 1560//7189 1529//7189 1503//7189 
f 1493//7190 1560//7190 1503//7190 
f 1487//7191 1560//7191 1493//7191 
f 1476//7192 1483//7192 1474//7192 
f 1484//7193 1486//7193 1487//7193 
f 1483//7194 1475//7194 1473//7194 
f 1472//7195 1483//7195 1473//7195 
f 1474//7196 1483//7196 1472//7196 
f 1486//7197 1484//7197 1475//7197 
f 1483//7198 1486//7198 1475//7198 
f 1485//7199 1486//7199 1483//7199 
f 1476//7200 1485//7200 1483//7200 
f 1512//7201 1535//7201 1538//7201 
f 1487//7202 1512//7202 1538//7202 
f 1504//7203 1512//7203 1487//7203 
f 1486//7204 1504//7204 1487//7204 
f 1497//7205 1504//7205 1486//7205 
f 771//7206 796//7206 780//7206 
f 826//7207 807//7207 830//7207 
f 807//7208 826//7208 824//7208 
f 820//7209 807//7209 824//7209 
f 818//7210 807//7210 820//7210 
f 796//7211 808//7211 799//7211 
f 807//7212 818//7212 815//7212 
f 812//7213 807//7213 815//7213 
f 808//7214 807//7214 812//7214 
f 807//7215 808//7215 796//7215 
f 771//7216 807//7216 796//7216 
f 758//7217 807//7217 771//7217 
f 807//7218 758//7218 741//7218 
f 739//7219 807//7219 741//7219 
f 736//7220 807//7220 739//7220 
f 825//7221 817//7221 821//7221 
f 742//7222 763//7222 770//7222 
f 807//7223 742//7223 770//7223 
f 740//7224 742//7224 807//7224 
f 736//7225 740//7225 807//7225 
f 801//7226 811//7226 813//7226 
f 807//7227 801//7227 813//7227 
f 797//7228 801//7228 807//7228 
f 770//7229 797//7229 807//7229 
f 786//7230 797//7230 770//7230 
f 825//7231 827//7231 830//7231 
f 807//7232 825//7232 830//7232 
f 817//7233 825//7233 807//7233 
f 813//7234 817//7234 807//7234 
f 816//7235 817//7235 813//7235 
f 1044//7236 1055//7236 1045//7236 
f 1211//7237 1151//7237 1251//7237 
f 1168//7238 1136//7238 1131//7238 
f 1151//7239 1168//7239 1131//7239 
f 1183//7240 1168//7240 1151//7240 
f 1211//7241 1183//7241 1151//7241 
f 1097//7242 1080//7242 1055//7242 
f 1151//7243 1097//7243 1055//7243 
f 1110//7244 1097//7244 1151//7244 
f 1131//7245 1110//7245 1151//7245 
f 1160//7246 1082//7246 1095//7246 
f 1151//7247 1055//7247 1044//7247 
f 1054//7248 1151//7248 1044//7248 
f 1160//7249 1151//7249 1054//7249 
f 1056//7250 1160//7250 1054//7250 
f 1082//7251 1160//7251 1056//7251 
f 1160//7252 1095//7252 1113//7252 
f 1132//7253 1160//7253 1113//7253 
f 1141//7254 1160//7254 1132//7254 
f 1184//7255 1220//7255 1160//7255 
f 1141//7256 1184//7256 1160//7256 
f 1177//7257 1184//7257 1141//7257 
f 1160//7258 1220//7258 1250//7258 
f 1271//7259 1160//7259 1250//7259 
f 1284//7260 1160//7260 1271//7260 
f 1283//7261 1266//7261 1251//7261 
f 1151//7262 1283//7262 1251//7262 
f 1285//7263 1283//7263 1151//7263 
f 1160//7264 1285//7264 1151//7264 
f 1294//7265 1285//7265 1160//7265 
f 1284//7266 1294//7266 1160//7266 
f 1287//7267 1294//7267 1284//7267 
f 2255//7268 2187//7268 2236//7268 
f 2139//7269 2159//7269 2146//7269 
f 2159//7270 2275//7270 2306//7270 
f 2306//7271 2277//7271 2256//7271 
f 2277//7272 2306//7272 2310//7272 
f 2319//7273 2277//7273 2310//7273 
f 2307//7274 2277//7274 2319//7274 
f 2277//7275 2307//7275 2304//7275 
f 2266//7276 2277//7276 2304//7276 
f 2256//7277 2277//7277 2266//7277 
f 2176//7278 2161//7278 2159//7278 
f 2306//7279 2176//7279 2159//7279 
f 2186//7280 2176//7280 2306//7280 
f 2256//7281 2186//7281 2306//7281 
f 2226//7282 2186//7282 2256//7282 
f 2255//7283 2275//7283 2159//7283 
f 2139//7284 2255//7284 2159//7284 
f 2129//7285 2255//7285 2139//7285 
f 2255//7286 2129//7286 2123//7286 
f 2121//7287 2255//7287 2123//7287 
f 2118//7288 2255//7288 2121//7288 
f 2168//7289 2122//7289 2124//7289 
f 2134//7290 2168//7290 2124//7290 
f 2138//7291 2168//7291 2134//7291 
f 2168//7292 2138//7292 2150//7292 
f 2160//7293 2168//7293 2150//7293 
f 2162//7294 2168//7294 2160//7294 
f 2255//7295 2118//7295 2122//7295 
f 2168//7296 2255//7296 2122//7296 
f 2187//7297 2255//7297 2168//7297 
f 2162//7298 2187//7298 2168//7298 
f 2184//7299 2187//7299 2162//7299 
f 3988//7300 4004//7300 3997//7300 
f 3980//7301 3958//7301 3955//7301 
f 3956//7302 3980//7302 3955//7302 
f 3988//7303 3980//7303 3956//7303 
f 3908//7304 3927//7304 3919//7304 
f 3908//7305 3906//7305 3903//7305 
f 3907//7306 3908//7306 3903//7306 
f 3927//7307 3908//7307 3907//7307 
f 3907//7308 3909//7308 3955//7308 
f 3933//7309 3907//7309 3955//7309 
f 3927//7310 3907//7310 3933//7310 
f 3926//7311 3942//7311 3956//7311 
f 3955//7312 3926//7312 3956//7312 
f 3923//7313 3926//7313 3955//7313 
f 3909//7314 3923//7314 3955//7314 
f 3989//7315 3963//7315 3986//7315 
f 3989//7316 3999//7316 4003//7316 
f 3988//7317 3989//7317 4003//7317 
f 3963//7318 3989//7318 3988//7318 
f 3956//7319 3963//7319 3988//7319 
f 4012//7320 4007//7320 4014//7320 
f 4007//7321 4013//7321 4015//7321 
f 4016//7322 4007//7322 4015//7322 
f 4014//7323 4007//7323 4016//7323 
f 4007//7324 4012//7324 4005//7324 
f 4004//7325 4007//7325 4005//7325 
f 4013//7326 4007//7326 4004//7326 
f 3988//7327 4013//7327 4004//7327 
f 4006//7328 4013//7328 3988//7328 
f 4003//7329 4006//7329 3988//7329 
f 4654//7330 4709//7330 4712//7330 
f 4706//7331 4669//7331 4708//7331 
f 4694//7332 4688//7332 4669//7332 
f 4706//7333 4694//7333 4669//7333 
f 4695//7334 4694//7334 4706//7334 
f 4675//7335 4665//7335 4664//7335 
f 4669//7336 4675//7336 4664//7336 
f 4678//7337 4675//7337 4669//7337 
f 4688//7338 4678//7338 4669//7338 
f 4654//7339 4712//7339 4708//7339 
f 4669//7340 4654//7340 4708//7340 
f 4658//7341 4654//7341 4669//7341 
f 4664//7342 4658//7342 4669//7342 
f 4659//7343 4658//7343 4664//7343 
f 4663//7344 4657//7344 4660//7344 
f 4649//7345 4652//7345 4647//7345 
f 4652//7346 4648//7346 4646//7346 
f 4643//7347 4652//7347 4646//7347 
f 4647//7348 4652//7348 4643//7348 
f 4652//7349 4649//7349 4655//7349 
f 4657//7350 4652//7350 4655//7350 
f 4648//7351 4652//7351 4657//7351 
f 4663//7352 4648//7352 4657//7352 
f 4668//7353 4648//7353 4663//7353 
f 4679//7354 4690//7354 4648//7354 
f 4668//7355 4679//7355 4648//7355 
f 4676//7356 4679//7356 4668//7356 
f 4648//7357 4690//7357 4693//7357 
f 4696//7358 4648//7358 4693//7358 
f 4654//7359 4648//7359 4696//7359 
f 4707//7360 4654//7360 4696//7360 
f 4709//7361 4654//7361 4707//7361 
f 3308//7362 3302//7362 3245//7362 
f 3325//7363 3308//7363 3245//7363 
f 3326//7364 3308//7364 3325//7364 
f 3325//7365 3351//7365 3339//7365 
f 3338//7366 3325//7366 3339//7366 
f 3326//7367 3325//7367 3338//7367 
f 4340//7368 4387//7368 4369//7368 
f 4397//7369 4368//7369 4437//7369 
f 4340//7370 4324//7370 4298//7370 
f 4368//7371 4340//7371 4298//7371 
f 4387//7372 4340//7372 4368//7372 
f 4397//7373 4387//7373 4368//7373 
f 4721//7374 4710//7374 4717//7374 
f 4703//7375 4718//7375 4687//7375 
f 4721//7376 4724//7376 4727//7376 
f 4718//7377 4721//7377 4727//7377 
f 4710//7378 4721//7378 4718//7378 
f 4703//7379 4710//7379 4718//7379 
f 3984//7380 3939//7380 3959//7380 
f 3966//7381 3984//7381 3959//7381 
f 3995//7382 3998//7382 4008//7382 
f 3984//7383 3995//7383 4008//7383 
f 3983//7384 3995//7384 3984//7384 
f 3966//7385 3983//7385 3984//7385 
f 2183//7386 2155//7386 2165//7386 
f 2151//7387 2166//7387 2137//7387 
f 2183//7388 2190//7388 2247//7388 
f 2166//7389 2183//7389 2247//7389 
f 2155//7390 2183//7390 2166//7390 
f 2151//7391 2155//7391 2166//7391 
f 1138//7392 1099//7392 1117//7392 
f 1081//7393 1118//7393 1041//7393 
f 1138//7394 1150//7394 1186//7394 
f 1118//7395 1138//7395 1186//7395 
f 1099//7396 1138//7396 1118//7396 
f 1081//7397 1099//7397 1118//7397 
f 714//7398 789//7398 749//7398 
f 738//7399 714//7399 749//7399 
f 709//7400 704//7400 677//7400 
f 714//7401 709//7401 677//7401 
f 715//7402 709//7402 714//7402 
f 738//7403 715//7403 714//7403 
f 1499//7404 1494//7404 1482//7404 
f 1508//7405 1499//7405 1482//7405 
f 1509//7406 1499//7406 1508//7406 
f 1508//7407 1554//7407 1534//7407 
f 1526//7408 1508//7408 1534//7408 
f 1509//7409 1508//7409 1526//7409 
f 1252//7410 886//7410 885//7410 
f 1253//7411 886//7411 1252//7411 
f 1421//7412 1253//7412 1252//7412 
f 1422//7413 1253//7413 1421//7413 
f 1495//7414 1422//7414 1421//7414 
f 1496//7415 1422//7415 1495//7415 
f 1729//7416 1496//7416 1495//7416 
f 1730//7417 1496//7417 1729//7417 
f 2153//7418 1730//7418 1729//7418 
f 2154//7419 1730//7419 2153//7419 
f 2559//7420 2154//7420 2153//7420 
f 2560//7421 2154//7421 2559//7421 
f 3082//7422 2560//7422 2559//7422 
f 3083//7423 2560//7423 3082//7423 
f 3409//7424 3083//7424 3082//7424 
f 3410//7425 3083//7425 3409//7425 
f 3870//7426 3410//7426 3409//7426 
f 3871//7427 3410//7427 3870//7427 
f 4028//7428 3871//7428 3870//7428 
f 4029//7429 3871//7429 4028//7429 
f 4083//7430 4029//7430 4028//7430 
f 4084//7431 4029//7431 4083//7431 
f 4384//7432 4084//7432 4083//7432 
f 4385//7433 4084//7433 4384//7433 
f 4635//7434 4385//7434 4384//7434 
f 4636//7435 4385//7435 4635//7435 
f 4757//7436 4636//7436 4635//7436 
f 4758//7437 4636//7437 4757//7437 
f 4778//7438 4758//7438 4757//7438 
f 4779//7439 4758//7439 4778//7439 
f 4790//7440 4779//7440 4778//7440 
f 4791//7441 4779//7441 4790//7441 
f 4773//7442 4791//7442 4790//7442 
f 4774//7443 4791//7443 4773//7443 
f 4736//7444 4774//7444 4773//7444 
f 4737//7445 4774//7445 4736//7445 
f 4597//7446 4737//7446 4736//7446 
f 4598//7447 4737//7447 4597//7447 
f 2922//7448 2864//7448 2858//7448 
f 2870//7449 2921//7449 2869//7449 
f 2870//7450 2864//7450 2922//7450 
f 2922//7451 2858//7451 2840//7451 
f 2838//7452 2922//7452 2840//7452 
f 2786//7453 2922//7453 2838//7453 
f 2707//7454 2689//7454 2404//7454 
f 2922//7455 2707//7455 2404//7455 
f 2781//7456 2707//7456 2922//7456 
f 2786//7457 2781//7457 2922//7457 
f 2404//7458 2689//7458 2652//7458 
f 2647//7459 2404//7459 2652//7459 
f 2628//7460 2404//7460 2647//7460 
f 2622//7461 2621//7461 2403//7461 
f 2626//7462 2622//7462 2403//7462 
f 870//7463 885//7463 886//7463 
f 2921//7464 2870//7464 2922//7464 
f 3335//7465 2921//7465 2922//7465 
f 3334//7466 2921//7466 3335//7466 
f 3745//7467 3334//7467 3335//7467 
f 3744//7468 3334//7468 3745//7468 
f 3993//7469 3744//7469 3745//7469 
f 3992//7470 3744//7470 3993//7470 
f 4067//7471 3992//7471 3993//7471 
f 4066//7472 3992//7472 4067//7472 
f 4218//7473 4066//7473 4067//7473 
f 4217//7474 4066//7474 4218//7474 
f 4585//7475 4217//7475 4218//7475 
f 4584//7476 4217//7476 4585//7476 
f 4598//7477 4584//7477 4585//7477 
f 4597//7478 4584//7478 4598//7478 
f 869//7479 885//7479 870//7479 
f 395//7480 869//7480 870//7480 
f 394//7481 869//7481 395//7481 
f 143//7482 394//7482 395//7482 
f 142//7483 394//7483 143//7483 
f 8//7484 142//7484 143//7484 
f 7//7485 142//7485 8//7485 
f 86//7486 7//7486 8//7486 
f 85//7487 7//7487 86//7487 
f 189//7488 85//7488 86//7488 
f 188//7489 85//7489 189//7489 
f 837//7490 188//7490 189//7490 
f 836//7491 188//7491 837//7491 
f 1112//7492 836//7492 837//7492 
f 1111//7493 836//7493 1112//7493 
f 1402//7494 1111//7494 1112//7494 
f 1401//7495 1111//7495 1402//7495 
f 1460//7496 1401//7496 1402//7496 
f 1459//7497 1401//7497 1460//7497 
f 1620//7498 1459//7498 1460//7498 
f 1619//7499 1459//7499 1620//7499 
f 2068//7500 1619//7500 1620//7500 
f 2067//7501 1619//7501 2068//7501 
f 2404//7502 2067//7502 2068//7502 
f 2403//7503 2067//7503 2404//7503 
f 2628//7504 2403//7504 2404//7504 
f 2626//7505 2403//7505 2628//7505 
f 4391//7506 4451//7506 4438//7506 
f 4199//7507 4202//7507 4254//7507 
f 4243//7508 4199//7508 4254//7508 
f 4192//7509 4199//7509 4243//7509 
f 4307//7510 4337//7510 4359//7510 
f 4341//7511 4307//7511 4359//7511 
f 4300//7512 4307//7512 4341//7512 
f 4338//7513 4300//7513 4341//7513 
f 4261//7514 4300//7514 4338//7514 
f 4313//7515 4261//7515 4338//7515 
f 4237//7516 4261//7516 4313//7516 
f 4296//7517 4237//7517 4313//7517 
f 4223//7518 4237//7518 4296//7518 
f 4289//7519 4223//7519 4296//7519 
f 4202//7520 4223//7520 4289//7520 
f 4255//7521 4202//7521 4289//7521 
f 4254//7522 4202//7522 4255//7522 
f 4372//7523 4391//7523 4438//7523 
f 4427//7524 4372//7524 4438//7524 
f 4350//7525 4372//7525 4427//7525 
f 4388//7526 4350//7526 4427//7526 
f 4337//7527 4350//7527 4388//7527 
f 4386//7528 4337//7528 4388//7528 
f 4359//7529 4337//7529 4386//7529 
f 4476//7530 4425//7530 4433//7530 
f 4451//7531 4391//7531 4396//7531 
f 4423//7532 4451//7532 4396//7532 
f 4465//7533 4451//7533 4423//7533 
f 4425//7534 4465//7534 4423//7534 
f 4469//7535 4465//7535 4425//7535 
f 4476//7536 4469//7536 4425//7536 
f 4429//7537 4424//7537 4468//7537 
f 4476//7538 4429//7538 4468//7538 
f 4433//7539 4429//7539 4476//7539 
f 4243//7540 4201//7540 4192//7540 
f 4201//7541 4243//7541 4245//7541 
f 4256//7542 4201//7542 4245//7542 
f 4203//7543 4201//7543 4256//7543 
f 4270//7544 4203//7544 4256//7544 
f 4224//7545 4203//7545 4270//7545 
f 4295//7546 4224//7546 4270//7546 
f 4236//7547 4224//7547 4295//7547 
f 4298//7548 4236//7548 4295//7548 
f 4277//7549 4236//7549 4298//7549 
f 4324//7550 4277//7550 4298//7550 
f 4301//7551 4277//7551 4324//7551 
f 4340//7552 4301//7552 4324//7552 
f 4312//7553 4301//7553 4340//7553 
f 4369//7554 4312//7554 4340//7554 
f 4346//7555 4312//7555 4369//7555 
f 4387//7556 4346//7556 4369//7556 
f 4355//7557 4346//7557 4387//7557 
f 4397//7558 4355//7558 4387//7558 
f 4374//7559 4355//7559 4397//7559 
f 4437//7560 4374//7560 4397//7560 
f 4389//7561 4374//7561 4437//7561 
f 4439//7562 4389//7562 4437//7562 
f 4398//7563 4389//7563 4439//7563 
f 4449//7564 4398//7564 4439//7564 
f 4424//7565 4398//7565 4449//7565 
f 4466//7566 4424//7566 4449//7566 
f 4468//7567 4424//7567 4466//7567 
f 3349//7568 3362//7568 3352//7568 
f 3189//7569 3203//7569 3202//7569 
f 3184//7570 3189//7570 3202//7570 
f 3185//7571 3184//7571 3202//7571 
f 3176//7572 3184//7572 3185//7572 
f 3234//7573 3203//7573 3189//7573 
f 3218//7574 3234//7574 3189//7574 
f 3243//7575 3234//7575 3218//7575 
f 3237//7576 3243//7576 3218//7576 
f 3286//7577 3243//7577 3237//7577 
f 3256//7578 3286//7578 3237//7578 
f 3309//7579 3286//7579 3256//7579 
f 3309//7580 3256//7580 3304//7580 
f 3307//7581 3309//7581 3304//7581 
f 3322//7582 3309//7582 3307//7582 
f 3329//7583 3322//7583 3307//7583 
f 3340//7584 3349//7584 3352//7584 
f 3345//7585 3340//7585 3352//7585 
f 3331//7586 3340//7586 3345//7586 
f 3337//7587 3331//7587 3345//7587 
f 3329//7588 3331//7588 3337//7588 
f 3333//7589 3329//7589 3337//7589 
f 3322//7590 3329//7590 3333//7590 
f 3374//7591 3367//7591 3371//7591 
f 3362//7592 3349//7592 3354//7592 
f 3365//7593 3362//7593 3354//7593 
f 3369//7594 3362//7594 3365//7594 
f 3367//7595 3369//7595 3365//7595 
f 3373//7596 3369//7596 3367//7596 
f 3374//7597 3373//7597 3367//7597 
f 3368//7598 3366//7598 3372//7598 
f 3374//7599 3368//7599 3372//7599 
f 3371//7600 3368//7600 3374//7600 
f 3185//7601 3187//7601 3176//7601 
f 3187//7602 3185//7602 3191//7602 
f 3205//7603 3187//7603 3191//7603 
f 3190//7604 3187//7604 3205//7604 
f 3216//7605 3190//7605 3205//7605 
f 3226//7606 3190//7606 3216//7606 
f 3241//7607 3226//7607 3216//7607 
f 3236//7608 3226//7608 3241//7608 
f 3245//7609 3236//7609 3241//7609 
f 3266//7610 3236//7610 3245//7610 
f 3302//7611 3266//7611 3245//7611 
f 3305//7612 3266//7612 3302//7612 
f 3308//7613 3305//7613 3302//7613 
f 3315//7614 3305//7614 3308//7614 
f 3326//7615 3315//7615 3308//7615 
f 3330//7616 3315//7616 3326//7616 
f 3338//7617 3330//7617 3326//7617 
f 3332//7618 3330//7618 3338//7618 
f 3339//7619 3332//7619 3338//7619 
f 3343//7620 3332//7620 3339//7620 
f 3351//7621 3343//7621 3339//7621 
f 3348//7622 3343//7622 3351//7622 
f 3353//7623 3348//7623 3351//7623 
f 3360//7624 3348//7624 3353//7624 
f 3361//7625 3360//7625 3353//7625 
f 3366//7626 3360//7626 3361//7626 
f 3370//7627 3366//7627 3361//7627 
f 3372//7628 3366//7628 3370//7628 
f 1566//7629 1562//7629 1555//7629 
f 1475//7630 1469//7630 1468//7630 
f 1473//7631 1475//7631 1468//7631 
f 1466//7632 1473//7632 1468//7632 
f 1472//7633 1473//7633 1466//7633 
f 1479//7634 1469//7634 1475//7634 
f 1484//7635 1479//7635 1475//7635 
f 1481//7636 1479//7636 1484//7636 
f 1487//7637 1481//7637 1484//7637 
f 1490//7638 1481//7638 1487//7638 
f 1493//7639 1490//7639 1487//7639 
f 1500//7640 1490//7640 1493//7640 
f 1500//7641 1493//7641 1503//7641 
f 1506//7642 1500//7642 1503//7642 
f 1501//7643 1500//7643 1506//7643 
f 1529//7644 1501//7644 1506//7644 
f 1511//7645 1501//7645 1529//7645 
f 1550//7646 1566//7646 1555//7646 
f 1547//7647 1550//7647 1555//7647 
f 1537//7648 1550//7648 1547//7648 
f 1525//7649 1537//7649 1547//7649 
f 1529//7650 1537//7650 1525//7650 
f 1521//7651 1529//7651 1525//7651 
f 1511//7652 1529//7652 1521//7652 
f 1581//7653 1585//7653 1589//7653 
f 1562//7654 1566//7654 1569//7654 
f 1583//7655 1562//7655 1569//7655 
f 1570//7656 1562//7656 1583//7656 
f 1585//7657 1570//7657 1583//7657 
f 1576//7658 1570//7658 1585//7658 
f 1581//7659 1576//7659 1585//7659 
f 1586//7660 1584//7660 1572//7660 
f 1581//7661 1586//7661 1572//7661 
f 1589//7662 1586//7662 1581//7662 
f 1466//7663 1474//7663 1472//7663 
f 1474//7664 1466//7664 1467//7664 
f 1470//7665 1474//7665 1467//7665 
f 1476//7666 1474//7666 1470//7666 
f 1471//7667 1476//7667 1470//7667 
f 1485//7668 1476//7668 1471//7668 
f 1480//7669 1485//7669 1471//7669 
f 1486//7670 1485//7670 1480//7670 
f 1482//7671 1486//7671 1480//7671 
f 1497//7672 1486//7672 1482//7672 
f 1494//7673 1497//7673 1482//7673 
f 1504//7674 1497//7674 1494//7674 
f 1499//7675 1504//7675 1494//7675 
f 1512//7676 1504//7676 1499//7676 
f 1509//7677 1512//7677 1499//7677 
f 1535//7678 1512//7678 1509//7678 
f 1526//7679 1535//7679 1509//7679 
f 1538//7680 1535//7680 1526//7680 
f 1534//7681 1538//7681 1526//7681 
f 1560//7682 1538//7682 1534//7682 
f 1554//7683 1560//7683 1534//7683 
f 1565//7684 1560//7684 1554//7684 
f 1558//7685 1565//7685 1554//7685 
f 1573//7686 1565//7686 1558//7686 
f 1561//7687 1573//7687 1558//7687 
f 1584//7688 1573//7688 1561//7688 
f 1571//7689 1584//7689 1561//7689 
f 1572//7690 1584//7690 1571//7690 
f 818//7691 795//7691 790//7691 
f 741//7692 536//7692 533//7692 
f 739//7693 741//7693 533//7693 
f 491//7694 739//7694 533//7694 
f 736//7695 739//7695 491//7695 
f 643//7696 536//7696 741//7696 
f 758//7697 643//7697 741//7697 
f 676//7698 643//7698 758//7698 
f 771//7699 676//7699 758//7699 
f 699//7700 676//7700 771//7700 
f 780//7701 699//7701 771//7701 
f 710//7702 699//7702 780//7702 
f 710//7703 780//7703 796//7703 
f 799//7704 710//7704 796//7704 
f 711//7705 710//7705 799//7705 
f 808//7706 711//7706 799//7706 
f 815//7707 818//7707 790//7707 
f 772//7708 815//7708 790//7708 
f 812//7709 815//7709 772//7709 
f 737//7710 812//7710 772//7710 
f 808//7711 812//7711 737//7711 
f 725//7712 808//7712 737//7712 
f 711//7713 808//7713 725//7713 
f 806//7714 826//7714 830//7714 
f 795//7715 818//7715 820//7715 
f 824//7716 795//7716 820//7716 
f 802//7717 795//7717 824//7717 
f 826//7718 802//7718 824//7718 
f 805//7719 802//7719 826//7719 
f 806//7720 805//7720 826//7720 
f 827//7721 825//7721 804//7721 
f 806//7722 827//7722 804//7722 
f 830//7723 827//7723 806//7723 
f 491//7724 740//7724 736//7724 
f 740//7725 491//7725 504//7725 
f 537//7726 740//7726 504//7726 
f 742//7727 740//7727 537//7727 
f 584//7728 742//7728 537//7728 
f 763//7729 742//7729 584//7729 
f 675//7730 763//7730 584//7730 
f 770//7731 763//7731 675//7731 
f 677//7732 770//7732 675//7732 
f 786//7733 770//7733 677//7733 
f 704//7734 786//7734 677//7734 
f 797//7735 786//7735 704//7735 
f 709//7736 797//7736 704//7736 
f 801//7737 797//7737 709//7737 
f 715//7738 801//7738 709//7738 
f 811//7739 801//7739 715//7739 
f 738//7740 811//7740 715//7740 
f 813//7741 811//7741 738//7741 
f 749//7742 813//7742 738//7742 
f 816//7743 813//7743 749//7743 
f 789//7744 816//7744 749//7744 
f 817//7745 816//7745 789//7745 
f 791//7746 817//7746 789//7746 
f 821//7747 817//7747 791//7747 
f 792//7748 821//7748 791//7748 
f 825//7749 821//7749 792//7749 
f 803//7750 825//7750 792//7750 
f 804//7751 825//7751 803//7751 
f 1095//7752 1031//7752 1040//7752 
f 1287//7753 1284//7753 1227//7753 
f 1245//7754 1287//7754 1227//7754 
f 1294//7755 1287//7755 1245//7755 
f 1177//7756 1141//7756 1125//7756 
f 1137//7757 1177//7757 1125//7757 
f 1184//7758 1177//7758 1137//7758 
f 1140//7759 1184//7759 1137//7759 
f 1220//7760 1184//7760 1140//7760 
f 1166//7761 1220//7761 1140//7761 
f 1250//7762 1220//7762 1166//7762 
f 1188//7763 1250//7763 1166//7763 
f 1271//7764 1250//7764 1188//7764 
f 1200//7765 1271//7765 1188//7765 
f 1284//7766 1271//7766 1200//7766 
f 1226//7767 1284//7767 1200//7767 
f 1227//7768 1284//7768 1226//7768 
f 1113//7769 1095//7769 1040//7769 
f 1051//7770 1113//7770 1040//7770 
f 1132//7771 1113//7771 1051//7771 
f 1098//7772 1132//7772 1051//7772 
f 1141//7773 1132//7773 1098//7773 
f 1100//7774 1141//7774 1098//7774 
f 1125//7775 1141//7775 1100//7775 
f 1004//7776 1054//7776 1044//7776 
f 1031//7777 1095//7777 1082//7777 
f 1056//7778 1031//7778 1082//7778 
f 1016//7779 1031//7779 1056//7779 
f 1054//7780 1016//7780 1056//7780 
f 1012//7781 1016//7781 1054//7781 
f 1004//7782 1012//7782 1054//7782 
f 1045//7783 1055//7783 1013//7783 
f 1004//7784 1045//7784 1013//7784 
f 1044//7785 1045//7785 1004//7785 
f 1245//7786 1285//7786 1294//7786 
f 1285//7787 1245//7787 1243//7787 
f 1225//7788 1285//7788 1243//7788 
f 1283//7789 1285//7789 1225//7789 
f 1215//7790 1283//7790 1225//7790 
f 1266//7791 1283//7791 1215//7791 
f 1189//7792 1266//7792 1215//7792 
f 1251//7793 1266//7793 1189//7793 
f 1186//7794 1251//7794 1189//7794 
f 1211//7795 1251//7795 1186//7795 
f 1150//7796 1211//7796 1186//7796 
f 1183//7797 1211//7797 1150//7797 
f 1138//7798 1183//7798 1150//7798 
f 1168//7799 1183//7799 1138//7799 
f 1117//7800 1168//7800 1138//7800 
f 1136//7801 1168//7801 1117//7801 
f 1099//7802 1136//7802 1117//7802 
f 1131//7803 1136//7803 1099//7803 
f 1081//7804 1131//7804 1099//7804 
f 1110//7805 1131//7805 1081//7805 
f 1041//7806 1110//7806 1081//7806 
f 1097//7807 1110//7807 1041//7807 
f 1039//7808 1097//7808 1041//7808 
f 1080//7809 1097//7809 1039//7809 
f 1033//7810 1080//7810 1039//7810 
f 1055//7811 1080//7811 1033//7811 
f 1015//7812 1055//7812 1033//7812 
f 1013//7813 1055//7813 1015//7813 
f 2138//7814 2127//7814 2136//7814 
f 2306//7815 2293//7815 2294//7815 
f 2310//7816 2306//7816 2294//7816 
f 2309//7817 2310//7817 2294//7817 
f 2319//7818 2310//7818 2309//7818 
f 2258//7819 2293//7819 2306//7819 
f 2275//7820 2258//7820 2306//7820 
f 2249//7821 2258//7821 2275//7821 
f 2255//7822 2249//7822 2275//7822 
f 2209//7823 2249//7823 2255//7823 
f 2236//7824 2209//7824 2255//7824 
f 2182//7825 2209//7825 2236//7825 
f 2182//7826 2236//7826 2187//7826 
f 2184//7827 2182//7827 2187//7827 
f 2169//7828 2182//7828 2184//7828 
f 2162//7829 2169//7829 2184//7829 
f 2150//7830 2138//7830 2136//7830 
f 2144//7831 2150//7831 2136//7831 
f 2160//7832 2150//7832 2144//7832 
f 2156//7833 2160//7833 2144//7833 
f 2162//7834 2160//7834 2156//7834 
f 2158//7835 2162//7835 2156//7835 
f 2169//7836 2162//7836 2158//7836 
f 2114//7837 2122//7837 2118//7837 
f 2127//7838 2138//7838 2134//7838 
f 2124//7839 2127//7839 2134//7839 
f 2120//7840 2127//7840 2124//7840 
f 2122//7841 2120//7841 2124//7841 
f 2115//7842 2120//7842 2122//7842 
f 2114//7843 2115//7843 2122//7843 
f 2121//7844 2123//7844 2116//7844 
f 2114//7845 2121//7845 2116//7845 
f 2118//7846 2121//7846 2114//7846 
f 2309//7847 2307//7847 2319//7847 
f 2307//7848 2309//7848 2303//7848 
f 2290//7849 2307//7849 2303//7849 
f 2304//7850 2307//7850 2290//7850 
f 2279//7851 2304//7851 2290//7851 
f 2266//7852 2304//7852 2279//7852 
f 2251//7853 2266//7853 2279//7853 
f 2256//7854 2266//7854 2251//7854 
f 2247//7855 2256//7855 2251//7855 
f 2226//7856 2256//7856 2247//7856 
f 2190//7857 2226//7857 2247//7857 
f 2186//7858 2226//7858 2190//7858 
f 2183//7859 2186//7859 2190//7859 
f 2176//7860 2186//7860 2183//7860 
f 2165//7861 2176//7861 2183//7861 
f 2161//7862 2176//7862 2165//7862 
f 2155//7863 2161//7863 2165//7863 
f 2159//7864 2161//7864 2155//7864 
f 2151//7865 2159//7865 2155//7865 
f 2146//7866 2159//7866 2151//7866 
f 2137//7867 2146//7867 2151//7867 
f 2139//7868 2146//7868 2137//7868 
f 2135//7869 2139//7869 2137//7869 
f 2129//7870 2139//7870 2135//7870 
f 2128//7871 2129//7871 2135//7871 
f 2123//7872 2129//7872 2128//7872 
f 2119//7873 2123//7873 2128//7873 
f 2116//7874 2123//7874 2119//7874 
f 3926//7875 3930//7875 3938//7875 
f 4013//7876 4019//7876 4020//7876 
f 4015//7877 4013//7877 4020//7877 
f 4022//7878 4015//7878 4020//7878 
f 4016//7879 4015//7879 4022//7879 
f 4011//7880 4019//7880 4013//7880 
f 4006//7881 4011//7881 4013//7881 
f 4009//7882 4011//7882 4006//7882 
f 4003//7883 4009//7883 4006//7883 
f 4000//7884 4009//7884 4003//7884 
f 3999//7885 4000//7885 4003//7885 
f 3994//7886 4000//7886 3999//7886 
f 3994//7887 3999//7887 3989//7887 
f 3986//7888 3994//7888 3989//7888 
f 3991//7889 3994//7889 3986//7889 
f 3963//7890 3991//7890 3986//7890 
f 3981//7891 3991//7891 3963//7891 
f 3942//7892 3926//7892 3938//7892 
f 3945//7893 3942//7893 3938//7893 
f 3956//7894 3942//7894 3945//7894 
f 3967//7895 3956//7895 3945//7895 
f 3963//7896 3956//7896 3967//7896 
f 3972//7897 3963//7897 3967//7897 
f 3981//7898 3963//7898 3972//7898 
f 3911//7899 3907//7899 3903//7899 
f 3930//7900 3926//7900 3923//7900 
f 3909//7901 3930//7901 3923//7901 
f 3922//7902 3930//7902 3909//7902 
f 3907//7903 3922//7903 3909//7903 
f 3916//7904 3922//7904 3907//7904 
f 3911//7905 3916//7905 3907//7905 
f 3906//7906 3908//7906 3920//7906 
f 3911//7907 3906//7907 3920//7907 
f 3903//7908 3906//7908 3911//7908 
f 4022//7909 4014//7909 4016//7909 
f 4014//7910 4022//7910 4021//7910 
f 4018//7911 4014//7911 4021//7911 
f 4012//7912 4014//7912 4018//7912 
f 4017//7913 4012//7913 4018//7913 
f 4005//7914 4012//7914 4017//7914 
f 4010//7915 4005//7915 4017//7915 
f 4004//7916 4005//7916 4010//7916 
f 4008//7917 4004//7917 4010//7917 
f 3997//7918 4004//7918 4008//7918 
f 3998//7919 3997//7919 4008//7919 
f 3988//7920 3997//7920 3998//7920 
f 3995//7921 3988//7921 3998//7921 
f 3980//7922 3988//7922 3995//7922 
f 3983//7923 3980//7923 3995//7923 
f 3958//7924 3980//7924 3983//7924 
f 3966//7925 3958//7925 3983//7925 
f 3955//7926 3958//7926 3966//7926 
f 3959//7927 3955//7927 3966//7927 
f 3933//7928 3955//7928 3959//7928 
f 3939//7929 3933//7929 3959//7929 
f 3927//7930 3933//7930 3939//7930 
f 3935//7931 3927//7931 3939//7931 
f 3919//7932 3927//7932 3935//7932 
f 3931//7933 3919//7933 3935//7933 
f 3908//7934 3919//7934 3931//7934 
f 3921//7935 3908//7935 3931//7935 
f 3920//7936 3908//7936 3921//7936 
f 4657//7937 4680//7937 4686//7937 
f 4707//7938 4735//7938 4738//7938 
f 4709//7939 4707//7939 4738//7939 
f 4740//7940 4709//7940 4738//7940 
f 4712//7941 4709//7941 4740//7941 
f 4730//7942 4735//7942 4707//7942 
f 4696//7943 4730//7943 4707//7943 
f 4728//7944 4730//7944 4696//7944 
f 4693//7945 4728//7945 4696//7945 
f 4725//7946 4728//7946 4693//7946 
f 4690//7947 4725//7947 4693//7947 
f 4720//7948 4725//7948 4690//7948 
f 4720//7949 4690//7949 4679//7949 
f 4676//7950 4720//7950 4679//7950 
f 4719//7951 4720//7951 4676//7951 
f 4668//7952 4719//7952 4676//7952 
f 4660//7953 4657//7953 4686//7953 
f 4692//7954 4660//7954 4686//7954 
f 4663//7955 4660//7955 4692//7955 
f 4711//7956 4663//7956 4692//7956 
f 4668//7957 4663//7957 4711//7957 
f 4713//7958 4668//7958 4711//7958 
f 4719//7959 4668//7959 4713//7959 
f 4670//7960 4647//7960 4643//7960 
f 4680//7961 4657//7961 4655//7961 
f 4649//7962 4680//7962 4655//7962 
f 4674//7963 4680//7963 4649//7963 
f 4647//7964 4674//7964 4649//7964 
f 4671//7965 4674//7965 4647//7965 
f 4670//7966 4671//7966 4647//7966 
f 4646//7967 4648//7967 4672//7967 
f 4670//7968 4646//7968 4672//7968 
f 4643//7969 4646//7969 4670//7969 
f 4740//7970 4708//7970 4712//7970 
f 4708//7971 4740//7971 4739//7971 
f 4734//7972 4708//7972 4739//7972 
f 4706//7973 4708//7973 4734//7973 
f 4733//7974 4706//7974 4734//7974 
f 4695//7975 4706//7975 4733//7975 
f 4729//7976 4695//7976 4733//7976 
f 4694//7977 4695//7977 4729//7977 
f 4727//7978 4694//7978 4729//7978 
f 4688//7979 4694//7979 4727//7979 
f 4724//7980 4688//7980 4727//7980 
f 4678//7981 4688//7981 4724//7981 
f 4721//7982 4678//7982 4724//7982 
f 4675//7983 4678//7983 4721//7983 
f 4717//7984 4675//7984 4721//7984 
f 4665//7985 4675//7985 4717//7985 
f 4710//7986 4665//7986 4717//7986 
f 4664//7987 4665//7987 4710//7987 
f 4703//7988 4664//7988 4710//7988 
f 4659//7989 4664//7989 4703//7989 
f 4687//7990 4659//7990 4703//7990 
f 4658//7991 4659//7991 4687//7991 
f 4685//7992 4658//7992 4687//7992 
f 4654//7993 4658//7993 4685//7993 
f 4684//7994 4654//7994 4685//7994 
f 4648//7995 4654//7995 4684//7995 
f 4673//7996 4648//7996 4684//7996 
f 4672//7997 4648//7997 4673//7997 
f 395//7998 956//7998 828//7998 
f 4737//7999 4528//7999 4644//7999 
f 143//8000 395//8000 828//8000 
f 789//8001 143//8001 828//8001 
f 714//8002 143//8002 789//8002 
f 837//8003 860//8003 1041//8003 
f 4774//8004 4737//8004 4644//8004 
f 4687//8005 4774//8005 4644//8005 
f 4718//8006 4774//8006 4687//8006 
f 1112//8007 837//8007 1041//8007 
f 2922//8008 2404//8008 2389//8008 
f 2903//8009 2922//8009 2389//8009 
f 3335//8010 2922//8010 2903//8010 
f 3327//8011 3335//8011 2903//8011 
f 3745//8012 3335//8012 3327//8012 
f 3707//8013 3745//8013 3327//8013 
f 3993//8014 3745//8014 3707//8014 
f 3939//8015 3993//8015 3707//8015 
f 1782//8016 1554//8016 1496//8016 
f 1730//8017 1782//8017 1496//8017 
f 2163//8018 1782//8018 1730//8018 
f 2154//8019 2163//8019 1730//8019 
f 2585//8020 2163//8020 2154//8020 
f 2560//8021 2585//8021 2154//8021 
f 3101//8022 2585//8022 2560//8022 
f 3083//8023 3101//8023 2560//8023 
f 3245//8024 3101//8024 3083//8024 
f 1611//8025 2055//8025 2068//8025 
f 1620//8026 1611//8026 2068//8026 
f 1455//8027 1611//8027 1620//8027 
f 1460//8028 1455//8028 1620//8028 
f 1403//8029 1455//8029 1460//8029 
f 1402//8030 1403//8030 1460//8030 
f 1186//8031 1403//8031 1402//8031 
f 1112//8032 1186//8032 1402//8032 
f 1118//8033 1186//8033 1112//8033 
f 1041//8034 1118//8034 1112//8034 
f 4528//8035 4737//8035 4598//8035 
f 4585//8036 4528//8036 4598//8036 
f 4165//8037 4528//8037 4585//8037 
f 4218//8038 4165//8038 4585//8038 
f 4061//8039 4165//8039 4218//8039 
f 4067//8040 4061//8040 4218//8040 
f 4008//8041 4061//8041 4067//8041 
f 3993//8042 4008//8042 4067//8042 
f 3984//8043 4008//8043 3993//8043 
f 3939//8044 3984//8044 3993//8044 
f 4636//8045 4615//8045 4437//8045 
f 956//8046 395//8046 870//8046 
f 886//8047 956//8047 870//8047 
f 1321//8048 956//8048 886//8048 
f 1253//8049 1321//8049 886//8049 
f 1428//8050 1321//8050 1253//8050 
f 1422//8051 1428//8051 1253//8051 
f 1482//8052 1428//8052 1422//8052 
f 1496//8053 1482//8053 1422//8053 
f 1508//8054 1482//8054 1496//8054 
f 1554//8055 1508//8055 1496//8055 
f 143//8056 714//8056 677//8056 
f 391//8057 143//8057 677//8057 
f 8//8058 143//8058 391//8058 
f 381//8059 8//8059 391//8059 
f 86//8060 8//8060 381//8060 
f 705//8061 86//8061 381//8061 
f 189//8062 86//8062 705//8062 
f 840//8063 189//8063 705//8063 
f 837//8064 189//8064 840//8064 
f 848//8065 837//8065 840//8065 
f 860//8066 837//8066 848//8066 
f 2068//8067 2055//8067 2137//8067 
f 2166//8068 2068//8068 2137//8068 
f 2404//8069 2068//8069 2166//8069 
f 2247//8070 2404//8070 2166//8070 
f 2389//8071 2404//8071 2247//8071 
f 4385//8072 4636//8072 4437//8072 
f 3325//8073 3245//8073 3083//8073 
f 3410//8074 3325//8074 3083//8074 
f 3351//8075 3325//8075 3410//8075 
f 4385//8076 4437//8076 4368//8076 
f 4298//8077 4385//8077 4368//8077 
f 4084//8078 4385//8078 4298//8078 
f 4081//8079 4084//8079 4298//8079 
f 4029//8080 4084//8080 4081//8080 
f 4030//8081 4029//8081 4081//8081 
f 3871//8082 4029//8082 4030//8082 
f 3880//8083 3871//8083 4030//8083 
f 3410//8084 3871//8084 3880//8084 
f 3430//8085 3410//8085 3880//8085 
f 3351//8086 3410//8086 3430//8086 
f 4774//8087 4718//8087 4727//8087 
f 4744//8088 4774//8088 4727//8088 
f 4791//8089 4774//8089 4744//8089 
f 4752//8090 4791//8090 4744//8090 
f 4779//8091 4791//8091 4752//8091 
f 4722//8092 4779//8092 4752//8092 
f 4758//8093 4779//8093 4722//8093 
f 4632//8094 4758//8094 4722//8094 
f 4636//8095 4758//8095 4632//8095 
f 4626//8096 4636//8096 4632//8096 
f 4615//8097 4636//8097 4626//8097 
f 4339//8098 4341//8098 4359//8098 
f 4386//8099 4339//8099 4359//8099 
f 4616//8100 4339//8100 4386//8100 
f 4616//8101 4386//8101 4388//8101 
f 4427//8102 4616//8102 4388//8102 
f 4438//8103 4616//8103 4427//8103 
f 4616//8104 4438//8104 4451//8104 
f 4465//8105 4616//8105 4451//8105 
f 4469//8106 4616//8106 4465//8106 
f 4615//8107 4469//8107 4476//8107 
f 4468//8108 4615//8108 4476//8108 
f 4466//8109 4615//8109 4468//8109 
f 4615//8110 4466//8110 4449//8110 
f 4439//8111 4615//8111 4449//8111 
f 4437//8112 4615//8112 4439//8112 
f 4082//8113 4255//8113 4289//8113 
f 4254//8114 4255//8114 4082//8114 
f 4081//8115 4298//8115 4295//8115 
f 4270//8116 4081//8116 4295//8116 
f 4256//8117 4081//8117 4270//8117 
f 4081//8118 4256//8118 4245//8118 
f 4243//8119 4081//8119 4245//8119 
f 4254//8120 4081//8120 4243//8120 
f 4082//8121 4289//8121 4296//8121 
f 4313//8122 4082//8122 4296//8122 
f 4339//8123 4082//8123 4313//8123 
f 4338//8124 4339//8124 4313//8124 
f 4341//8125 4339//8125 4338//8125 
f 3241//8126 3216//8126 3101//8126 
f 3245//8127 3241//8127 3101//8127 
f 3101//8128 3216//8128 3205//8128 
f 3191//8129 3101//8129 3205//8129 
f 3185//8130 3101//8130 3191//8130 
f 3102//8131 3185//8131 3202//8131 
f 3203//8132 3102//8132 3202//8132 
f 3234//8133 3102//8133 3203//8133 
f 3102//8134 3234//8134 3243//8134 
f 3286//8135 3102//8135 3243//8135 
f 3321//8136 3102//8136 3286//8136 
f 3309//8137 3321//8137 3286//8137 
f 3321//8138 3309//8138 3322//8138 
f 3333//8139 3321//8139 3322//8139 
f 3431//8140 3321//8140 3333//8140 
f 3337//8141 3431//8141 3333//8141 
f 3431//8142 3337//8142 3345//8142 
f 3352//8143 3431//8143 3345//8143 
f 3362//8144 3431//8144 3352//8144 
f 3431//8145 3362//8145 3369//8145 
f 3373//8146 3431//8146 3369//8146 
f 3430//8147 3431//8147 3373//8147 
f 3430//8148 3373//8148 3374//8148 
f 3372//8149 3430//8149 3374//8149 
f 3370//8150 3430//8150 3372//8150 
f 3430//8151 3370//8151 3361//8151 
f 3353//8152 3430//8152 3361//8152 
f 3351//8153 3430//8153 3353//8153 
f 1510//8154 1501//8154 1511//8154 
f 1521//8155 1510//8155 1511//8155 
f 1609//8156 1510//8156 1521//8156 
f 1525//8157 1609//8157 1521//8157 
f 1547//8158 1609//8158 1525//8158 
f 1609//8159 1547//8159 1555//8159 
f 1562//8160 1609//8160 1555//8160 
f 1783//8161 1609//8161 1562//8161 
f 1783//8162 1562//8162 1570//8162 
f 1576//8163 1783//8163 1570//8163 
f 1782//8164 1783//8164 1576//8164 
f 1782//8165 1576//8165 1581//8165 
f 1572//8166 1782//8166 1581//8166 
f 1571//8167 1782//8167 1572//8167 
f 1782//8168 1571//8168 1561//8168 
f 1558//8169 1782//8169 1561//8169 
f 1554//8170 1782//8170 1558//8170 
f 1428//8171 1482//8171 1480//8171 
f 1471//8172 1428//8172 1480//8172 
f 1470//8173 1428//8173 1471//8173 
f 1428//8174 1470//8174 1467//8174 
f 1466//8175 1428//8175 1467//8175 
f 1468//8176 1428//8176 1466//8176 
f 1469//8177 1479//8177 1453//8177 
f 1429//8178 1469//8178 1453//8178 
f 1468//8179 1469//8179 1429//8179 
f 1453//8180 1479//8180 1481//8180 
f 1490//8181 1453//8181 1481//8181 
f 1510//8182 1453//8182 1490//8182 
f 1500//8183 1510//8183 1490//8183 
f 1501//8184 1510//8184 1500//8184 
f 675//8185 584//8185 391//8185 
f 677//8186 675//8186 391//8186 
f 391//8187 584//8187 537//8187 
f 504//8188 391//8188 537//8188 
f 491//8189 391//8189 504//8189 
f 392//8190 491//8190 533//8190 
f 392//8191 533//8191 536//8191 
f 643//8192 392//8192 536//8192 
f 676//8193 392//8193 643//8193 
f 710//8194 711//8194 724//8194 
f 392//8195 710//8195 724//8195 
f 699//8196 710//8196 392//8196 
f 676//8197 699//8197 392//8197 
f 737//8198 772//8198 829//8198 
f 724//8199 737//8199 829//8199 
f 725//8200 737//8200 724//8200 
f 711//8201 725//8201 724//8201 
f 829//8202 772//8202 790//8202 
f 795//8203 829//8203 790//8203 
f 802//8204 829//8204 795//8204 
f 828//8205 805//8205 806//8205 
f 804//8206 828//8206 806//8206 
f 803//8207 828//8207 804//8207 
f 828//8208 803//8208 792//8208 
f 791//8209 828//8209 792//8209 
f 789//8210 828//8210 791//8210 
f 4616//8211 4469//8211 4615//8211 
f 4626//8212 4616//8212 4615//8212 
f 4627//8213 4616//8213 4626//8213 
f 4081//8214 4254//8214 4082//8214 
f 4031//8215 4081//8215 4082//8215 
f 4030//8216 4081//8216 4031//8216 
f 3881//8217 4030//8217 4031//8217 
f 3880//8218 4030//8218 3881//8218 
f 3430//8219 3880//8219 3881//8219 
f 3673//8220 3430//8220 3881//8220 
f 3431//8221 3430//8221 3673//8221 
f 3101//8222 3185//8222 3102//8222 
f 2889//8223 3101//8223 3102//8223 
f 2585//8224 3101//8224 2889//8224 
f 2585//8225 2889//8225 2586//8225 
f 2381//8226 2585//8226 2586//8226 
f 2163//8227 2585//8227 2381//8227 
f 2164//8228 2163//8228 2381//8228 
f 1782//8229 2163//8229 2164//8229 
f 2045//8230 1782//8230 2164//8230 
f 1783//8231 1782//8231 2045//8231 
f 1428//8232 1468//8232 1429//8232 
f 1400//8233 1428//8233 1429//8233 
f 1321//8234 1428//8234 1400//8234 
f 1321//8235 1400//8235 1322//8235 
f 1126//8236 1321//8236 1322//8236 
f 956//8237 1321//8237 1126//8237 
f 829//8238 802//8238 805//8238 
f 828//8239 829//8239 805//8239 
f 854//8240 829//8240 828//8240 
f 956//8241 854//8241 828//8241 
f 957//8242 854//8242 956//8242 
f 1126//8243 957//8243 956//8243 
f 391//8244 491//8244 392//8244 
f 385//8245 391//8245 392//8245 
f 381//8246 391//8246 385//8246 
f 381//8247 385//8247 382//8247 
f 390//8248 381//8248 382//8248 
f 705//8249 381//8249 390//8249 
f 705//8250 390//8250 706//8250 
f 841//8251 705//8251 706//8251 
f 840//8252 705//8252 841//8252 
f 849//8253 840//8253 841//8253 
f 848//8254 840//8254 849//8254 
f 1139//8255 1137//8255 1125//8255 
f 1100//8256 1139//8256 1125//8256 
f 861//8257 1139//8257 1100//8257 
f 1098//8258 861//8258 1100//8258 
f 1051//8259 861//8259 1098//8259 
f 861//8260 1051//8260 1040//8260 
f 1031//8261 861//8261 1040//8261 
f 1016//8262 861//8262 1031//8262 
f 861//8263 1016//8263 1012//8263 
f 860//8264 861//8264 1012//8264 
f 855//8265 861//8265 860//8265 
f 848//8266 855//8266 860//8266 
f 849//8267 855//8267 848//8267 
f 860//8268 1012//8268 1004//8268 
f 1013//8269 860//8269 1004//8269 
f 1015//8270 860//8270 1013//8270 
f 860//8271 1015//8271 1033//8271 
f 1039//8272 860//8272 1033//8272 
f 1041//8273 860//8273 1039//8273 
f 1404//8274 1226//8274 1200//8274 
f 1403//8275 1186//8275 1189//8275 
f 1215//8276 1403//8276 1189//8276 
f 1225//8277 1403//8277 1215//8277 
f 1403//8278 1225//8278 1243//8278 
f 1245//8279 1403//8279 1243//8279 
f 1227//8280 1403//8280 1245//8280 
f 1404//8281 1200//8281 1188//8281 
f 1166//8282 1404//8282 1188//8282 
f 1139//8283 1404//8283 1166//8283 
f 1140//8284 1139//8284 1166//8284 
f 1137//8285 1139//8285 1140//8285 
f 2251//8286 2389//8286 2247//8286 
f 2389//8287 2251//8287 2279//8287 
f 2290//8288 2389//8288 2279//8288 
f 2303//8289 2389//8289 2290//8289 
f 2390//8290 2309//8290 2294//8290 
f 2293//8291 2390//8291 2294//8291 
f 2258//8292 2390//8292 2293//8292 
f 2390//8293 2258//8293 2249//8293 
f 2209//8294 2390//8294 2249//8294 
f 2170//8295 2390//8295 2209//8295 
f 2182//8296 2170//8296 2209//8296 
f 2170//8297 2182//8297 2169//8297 
f 2158//8298 2170//8298 2169//8298 
f 2056//8299 2170//8299 2158//8299 
f 2156//8300 2056//8300 2158//8300 
f 2144//8301 2056//8301 2156//8301 
f 2056//8302 2144//8302 2136//8302 
f 2127//8303 2056//8303 2136//8303 
f 2120//8304 2056//8304 2127//8304 
f 2055//8305 2115//8305 2114//8305 
f 2116//8306 2055//8306 2114//8306 
f 2119//8307 2055//8307 2116//8307 
f 2055//8308 2119//8308 2128//8308 
f 2135//8309 2055//8309 2128//8309 
f 2137//8310 2055//8310 2135//8310 
f 3982//8311 3991//8311 3981//8311 
f 3972//8312 3982//8312 3981//8312 
f 3882//8313 3982//8313 3972//8313 
f 3967//8314 3882//8314 3972//8314 
f 3945//8315 3882//8315 3967//8315 
f 3882//8316 3945//8316 3938//8316 
f 3930//8317 3882//8317 3938//8317 
f 3708//8318 3882//8318 3930//8318 
f 3922//8319 3708//8319 3930//8319 
f 3707//8320 3916//8320 3911//8320 
f 3920//8321 3707//8321 3911//8321 
f 3921//8322 3707//8322 3920//8322 
f 3707//8323 3921//8323 3931//8323 
f 3935//8324 3707//8324 3931//8324 
f 3939//8325 3707//8325 3935//8325 
f 4061//8326 4008//8326 4010//8326 
f 4017//8327 4061//8327 4010//8327 
f 4018//8328 4061//8328 4017//8328 
f 4061//8329 4018//8329 4021//8329 
f 4022//8330 4061//8330 4021//8330 
f 4020//8331 4061//8331 4022//8331 
f 4019//8332 4011//8332 4034//8332 
f 4062//8333 4019//8333 4034//8333 
f 4020//8334 4019//8334 4062//8334 
f 4034//8335 4011//8335 4009//8335 
f 4000//8336 4034//8336 4009//8336 
f 3982//8337 4034//8337 4000//8337 
f 3994//8338 3982//8338 4000//8338 
f 3991//8339 3982//8339 3994//8339 
f 4729//8340 4744//8340 4727//8340 
f 4744//8341 4729//8341 4733//8341 
f 4734//8342 4744//8342 4733//8342 
f 4739//8343 4744//8343 4734//8343 
f 4745//8344 4740//8344 4738//8344 
f 4745//8345 4738//8345 4735//8345 
f 4730//8346 4745//8346 4735//8346 
f 4728//8347 4745//8347 4730//8347 
f 4720//8348 4719//8348 4714//8348 
f 4745//8349 4720//8349 4714//8349 
f 4725//8350 4720//8350 4745//8350 
f 4728//8351 4725//8351 4745//8351 
f 4645//8352 4686//8352 4680//8352 
f 4714//8353 4719//8353 4713//8353 
f 4711//8354 4714//8354 4713//8354 
f 4645//8355 4714//8355 4711//8355 
f 4692//8356 4645//8356 4711//8356 
f 4686//8357 4645//8357 4692//8357 
f 4645//8358 4680//8358 4674//8358 
f 4671//8359 4645//8359 4674//8359 
f 4644//8360 4645//8360 4671//8360 
f 4644//8361 4671//8361 4670//8361 
f 4672//8362 4644//8362 4670//8362 
f 4673//8363 4644//8363 4672//8363 
f 4644//8364 4673//8364 4684//8364 
f 4685//8365 4644//8365 4684//8365 
f 4687//8366 4644//8366 4685//8366 
f 4632//8367 4633//8367 4627//8367 
f 4626//8368 4632//8368 4627//8368 
f 2056//8369 2120//8369 2115//8369 
f 2055//8370 2056//8370 2115//8370 
f 1818//8371 2056//8371 2055//8371 
f 1611//8372 1818//8372 2055//8372 
f 1612//8373 1818//8373 1611//8373 
f 1455//8374 1612//8374 1611//8374 
f 1456//8375 1612//8375 1455//8375 
f 1403//8376 1456//8376 1455//8376 
f 1404//8377 1456//8377 1403//8377 
f 1227//8378 1404//8378 1403//8378 
f 1226//8379 1404//8379 1227//8379 
f 2389//8380 2303//8380 2309//8380 
f 2390//8381 2389//8381 2309//8381 
f 2903//8382 2389//8382 2390//8382 
f 2596//8383 2903//8383 2390//8383 
f 2903//8384 2596//8384 2904//8384 
f 3111//8385 2903//8385 2904//8385 
f 3327//8386 2903//8386 3111//8386 
f 3708//8387 3922//8387 3916//8387 
f 3707//8388 3708//8388 3916//8388 
f 3440//8389 3708//8389 3707//8389 
f 3327//8390 3440//8390 3707//8390 
f 3328//8391 3440//8391 3327//8391 
f 3111//8392 3328//8392 3327//8392 
f 4061//8393 4020//8393 4062//8393 
f 4085//8394 4061//8394 4062//8394 
f 4165//8395 4061//8395 4085//8395 
f 4165//8396 4085//8396 4166//8396 
f 4358//8397 4165//8397 4166//8397 
f 4528//8398 4165//8398 4358//8398 
f 4529//8399 4528//8399 4358//8399 
f 4644//8400 4528//8400 4529//8400 
f 4621//8401 4644//8401 4529//8401 
f 4645//8402 4644//8402 4621//8402 
f 4744//8403 4739//8403 4740//8403 
f 4745//8404 4744//8404 4740//8404 
f 4752//8405 4744//8405 4745//8405 
f 4749//8406 4752//8406 4745//8406 
f 4752//8407 4749//8407 4753//8407 
f 4746//8408 4752//8408 4753//8408 
f 4722//8409 4752//8409 4746//8409 
f 4723//8410 4722//8410 4746//8410 
f 4632//8411 4722//8411 4723//8411 
f 4661//8412 4632//8412 4723//8412 
f 4633//8413 4632//8413 4661//8413 
f 868//8414 855//8414 849//8414 
f 841//8415 868//8415 849//8415 
f 831//8416 868//8416 841//8416 
f 706//8417 831//8417 841//8417 
f 4609//8418 4616//8418 4627//8418 
f 4633//8419 4609//8419 4627//8419 
f 4642//8420 4609//8420 4633//8420 
f 4661//8421 4642//8421 4633//8421 
f 4702//8422 4642//8422 4661//8422 
f 4723//8423 4702//8423 4661//8423 
f 4743//8424 4702//8424 4723//8424 
f 4746//8425 4743//8425 4723//8425 
f 4751//8426 4743//8426 4746//8426 
f 4753//8427 4751//8427 4746//8427 
f 4755//8428 4751//8428 4753//8428 
f 4749//8429 4755//8429 4753//8429 
f 4748//8430 4755//8430 4749//8430 
f 4745//8431 4748//8431 4749//8431 
f 4726//8432 4748//8432 4745//8432 
f 4714//8433 4726//8433 4745//8433 
f 4667//8434 4726//8434 4714//8434 
f 4645//8435 4667//8435 4714//8435 
f 4634//8436 4667//8436 4645//8436 
f 4621//8437 4634//8437 4645//8437 
f 4565//8438 4634//8438 4621//8438 
f 4529//8439 4565//8439 4621//8439 
f 4415//8440 4565//8440 4529//8440 
f 4358//8441 4415//8441 4529//8441 
f 4222//8442 4415//8442 4358//8442 
f 4166//8443 4222//8443 4358//8443 
f 4091//8444 4222//8444 4166//8444 
f 4085//8445 4091//8445 4166//8445 
f 4069//8446 4091//8446 4085//8446 
f 4062//8447 4069//8447 4085//8447 
f 4044//8448 4069//8448 4062//8448 
f 4034//8449 4044//8449 4062//8449 
f 4002//8450 4044//8450 4034//8450 
f 3982//8451 4002//8451 4034//8451 
f 3900//8452 4002//8452 3982//8452 
f 3882//8453 3900//8453 3982//8453 
f 3786//8454 3900//8454 3882//8454 
f 3708//8455 3786//8455 3882//8455 
f 3519//8456 3786//8456 3708//8456 
f 3440//8457 3519//8457 3708//8457 
f 3342//8458 3519//8458 3440//8458 
f 3328//8459 3342//8459 3440//8459 
f 3153//8460 3342//8460 3328//8460 
f 3111//8461 3153//8461 3328//8461 
f 2966//8462 3153//8462 3111//8462 
f 2904//8463 2966//8463 3111//8463 
f 2645//8464 2966//8464 2904//8464 
f 2596//8465 2645//8465 2904//8465 
f 2425//8466 2645//8466 2596//8466 
f 2390//8467 2425//8467 2596//8467 
f 2207//8468 2425//8468 2390//8468 
f 2170//8469 2207//8469 2390//8469 
f 2102//8470 2207//8470 2170//8470 
f 2056//8471 2102//8471 2170//8471 
f 1856//8472 2102//8472 2056//8472 
f 1818//8473 1856//8473 2056//8473 
f 1625//8474 1856//8474 1818//8474 
f 1612//8475 1625//8475 1818//8475 
f 1463//8476 1625//8476 1612//8476 
f 1456//8477 1463//8477 1612//8477 
f 1407//8478 1463//8478 1456//8478 
f 1404//8479 1407//8479 1456//8479 
f 1162//8480 1407//8480 1404//8480 
f 1139//8481 1162//8481 1404//8481 
f 868//8482 1162//8482 1139//8482 
f 861//8483 868//8483 1139//8483 
f 855//8484 868//8484 861//8484 
f 4339//8485 4616//8485 4609//8485 
f 4318//8486 4339//8486 4609//8486 
f 4082//8487 4339//8487 4318//8487 
f 4080//8488 4082//8488 4318//8488 
f 4031//8489 4082//8489 4080//8489 
f 4025//8490 4031//8490 4080//8490 
f 3881//8491 4031//8491 4025//8491 
f 3865//8492 3881//8492 4025//8492 
f 3673//8493 3881//8493 3865//8493 
f 3635//8494 3673//8494 3865//8494 
f 3431//8495 3673//8495 3635//8495 
f 3386//8496 3431//8496 3635//8496 
f 3321//8497 3431//8497 3386//8497 
f 3287//8498 3321//8498 3386//8498 
f 3102//8499 3321//8499 3287//8499 
f 3065//8500 3102//8500 3287//8500 
f 2889//8501 3102//8501 3065//8501 
f 2845//8502 2889//8502 3065//8502 
f 2586//8503 2889//8503 2845//8503 
f 2527//8504 2586//8504 2845//8504 
f 2381//8505 2586//8505 2527//8505 
f 2344//8506 2381//8506 2527//8506 
f 2164//8507 2381//8507 2344//8507 
f 2148//8508 2164//8508 2344//8508 
f 2045//8509 2164//8509 2148//8509 
f 1968//8510 2045//8510 2148//8510 
f 1783//8511 2045//8511 1968//8511 
f 1706//8512 1783//8512 1968//8512 
f 1609//8513 1783//8513 1706//8513 
f 1592//8514 1609//8514 1706//8514 
f 1510//8515 1609//8515 1592//8515 
f 1489//8516 1510//8516 1592//8516 
f 1453//8517 1510//8517 1489//8517 
f 1446//8518 1453//8518 1489//8518 
f 1429//8519 1453//8519 1446//8519 
f 1420//8520 1429//8520 1446//8520 
f 1400//8521 1429//8521 1420//8521 
f 1394//8522 1400//8522 1420//8522 
f 1322//8523 1400//8523 1394//8523 
f 1273//8524 1322//8524 1394//8524 
f 1126//8525 1322//8525 1273//8525 
f 1060//8526 1126//8526 1273//8526 
f 957//8527 1126//8527 1060//8527 
f 912//8528 957//8528 1060//8528 
f 854//8529 957//8529 912//8529 
f 838//8530 854//8530 912//8530 
f 829//8531 854//8531 838//8531 
f 810//8532 829//8532 838//8532 
f 724//8533 829//8533 810//8533 
f 680//8534 724//8534 810//8534 
f 392//8535 724//8535 680//8535 
f 389//8536 392//8536 680//8536 
f 385//8537 392//8537 389//8537 
f 191//8538 385//8538 389//8538 
f 382//8539 385//8539 191//8539 
f 384//8540 382//8540 191//8540 
f 390//8541 382//8541 384//8541 
f 393//8542 390//8542 384//8542 
f 706//8543 390//8543 393//8543 
f 751//8544 706//8544 393//8544 
f 831//8545 706//8545 751//8545 
f 3864//8546 3385//8546 3386//8546 
f 3635//8547 3864//8547 3386//8547 
f 3865//8548 3864//8548 3635//8548 
f 3064//8549 2526//8549 2845//8549 
f 3065//8550 3064//8550 2845//8550 
f 3385//8551 3064//8551 3065//8551 
f 3287//8552 3385//8552 3065//8552 
f 3386//8553 3385//8553 3287//8553 
f 2147//8554 1968//8554 2148//8554 
f 2344//8555 2147//8555 2148//8555 
f 2526//8556 2147//8556 2344//8556 
f 2527//8557 2526//8557 2344//8557 
f 2845//8558 2526//8558 2527//8558 
f 1706//8559 1968//8559 2147//8559 
f 1705//8560 1706//8560 2147//8560 
f 1592//8561 1706//8561 1705//8561 
f 1488//8562 1592//8562 1705//8562 
f 1489//8563 1592//8563 1488//8563 
f 1446//8564 1489//8564 1488//8564 
f 1419//8565 1446//8565 1488//8565 
f 1420//8566 1446//8566 1419//8566 
f 1394//8567 1420//8567 1419//8567 
f 1272//8568 1394//8568 1419//8568 
f 1273//8569 1394//8569 1272//8569 
f 1060//8570 1273//8570 1272//8570 
f 911//8571 1060//8571 1272//8571 
f 912//8572 1060//8572 911//8572 
f 838//8573 912//8573 911//8573 
f 809//8574 838//8574 911//8574 
f 810//8575 838//8575 809//8575 
f 680//8576 810//8576 809//8576 
f 388//8577 680//8577 809//8577 
f 389//8578 680//8578 388//8578 
f 191//8579 389//8579 388//8579 
f 383//8580 191//8580 388//8580 
f 384//8581 191//8581 383//8581 
f 393//8582 384//8582 383//8582 
f 750//8583 393//8583 383//8583 
f 751//8584 393//8584 750//8584 
f 1462//8585 1624//8585 1625//8585 
f 1463//8586 1462//8586 1625//8586 
f 1406//8587 1462//8587 1463//8587 
f 1407//8588 1406//8588 1463//8588 
f 1161//8589 1406//8589 1407//8589 
f 1162//8590 1161//8590 1407//8590 
f 867//8591 1161//8591 1162//8591 
f 868//8592 867//8592 1162//8592 
f 750//8593 867//8593 868//8593 
f 831//8594 750//8594 868//8594 
f 751//8595 750//8595 831//8595 
f 3785//8596 3900//8596 3786//8596 
f 1856//8597 1625//8597 1624//8597 
f 2101//8598 1856//8598 1624//8598 
f 2102//8599 1856//8599 2101//8599 
f 2207//8600 2102//8600 2101//8600 
f 2424//8601 2207//8601 2101//8601 
f 2425//8602 2207//8602 2424//8602 
f 2424//8603 2965//8603 2966//8603 
f 2645//8604 2424//8604 2966//8604 
f 2425//8605 2424//8605 2645//8605 
f 3341//8606 3785//8606 3786//8606 
f 3341//8607 3786//8607 3519//8607 
f 3342//8608 3341//8608 3519//8608 
f 2965//8609 3341//8609 3342//8609 
f 3153//8610 2965//8610 3342//8610 
f 2966//8611 2965//8611 3153//8611 
f 4002//8612 3900//8612 3785//8612 
f 4001//8613 4002//8613 3785//8613 
f 4044//8614 4002//8614 4001//8614 
f 4068//8615 4044//8615 4001//8615 
f 4069//8616 4044//8616 4068//8616 
f 4091//8617 4069//8617 4068//8617 
f 4221//8618 4091//8618 4068//8618 
f 4222//8619 4091//8619 4221//8619 
f 4415//8620 4222//8620 4221//8620 
f 4564//8621 4415//8621 4221//8621 
f 4565//8622 4415//8622 4564//8622 
f 4634//8623 4565//8623 4564//8623 
f 4666//8624 4634//8624 4564//8624 
f 4667//8625 4634//8625 4666//8625 
f 4751//8626 4747//8626 4750//8626 
f 4747//8627 4751//8627 4755//8627 
f 4748//8628 4747//8628 4755//8628 
f 4666//8629 4747//8629 4748//8629 
f 4726//8630 4666//8630 4748//8630 
f 4667//8631 4666//8631 4726//8631 
f 4701//8632 4608//8632 4642//8632 
f 4702//8633 4701//8633 4642//8633 
f 4750//8634 4701//8634 4702//8634 
f 4743//8635 4750//8635 4702//8635 
f 4751//8636 4750//8636 4743//8636 
f 4024//8637 3864//8637 3865//8637 
f 4025//8638 4024//8638 3865//8638 
f 4079//8639 4024//8639 4025//8639 
f 4080//8640 4079//8640 4025//8640 
f 4317//8641 4079//8641 4080//8641 
f 4318//8642 4317//8642 4080//8642 
f 4608//8643 4317//8643 4318//8643 
f 4609//8644 4608//8644 4318//8644 
f 4642//8645 4608//8645 4609//8645 
f 388//8646 685//8646 164//8646 
f 23//8647 388//8647 164//8647 
f 383//8648 388//8648 23//8648 
f 101//8649 383//8649 23//8649 
f 750//8650 383//8650 101//8650 
f 386//8651 750//8651 101//8651 
f 867//8652 750//8652 386//8652 
f 842//8653 867//8653 386//8653 
f 1161//8654 867//8654 842//8654 
f 1158//8655 1161//8655 842//8655 
f 1406//8656 1161//8656 1158//8656 
f 1411//8657 1406//8657 1158//8657 
f 1462//8658 1406//8658 1411//8658 
f 1477//8659 1462//8659 1411//8659 
f 1624//8660 1462//8660 1477//8660 
f 1676//8661 1624//8661 1477//8661 
f 2101//8662 1624//8662 1676//8662 
f 2142//8663 2101//8663 1676//8663 
f 2424//8664 2101//8664 2142//8664 
f 2518//8665 2424//8665 2142//8665 
f 2965//8666 2424//8666 2518//8666 
f 3071//8667 2965//8667 2518//8667 
f 3341//8668 2965//8668 3071//8668 
f 3403//8669 3341//8669 3071//8669 
f 3785//8670 3341//8670 3403//8670 
f 3876//8671 3785//8671 3403//8671 
f 4001//8672 3785//8672 3876//8672 
f 4032//8673 4001//8673 3876//8673 
f 4068//8674 4001//8674 4032//8674 
f 4086//8675 4068//8675 4032//8675 
f 4221//8676 4068//8676 4086//8676 
f 4413//8677 4221//8677 4086//8677 
f 4564//8678 4221//8678 4413//8678 
f 4640//8679 4564//8679 4413//8679 
f 4666//8680 4564//8680 4640//8680 
f 4759//8681 4666//8681 4640//8681 
f 4747//8682 4666//8682 4759//8682 
f 4780//8683 4747//8683 4759//8683 
f 4750//8684 4747//8684 4780//8684 
f 4785//8685 4750//8685 4780//8685 
f 4701//8686 4750//8686 4785//8686 
f 4766//8687 4701//8687 4785//8687 
f 4608//8688 4701//8688 4766//8688 
f 4682//8689 4608//8689 4766//8689 
f 4317//8690 4608//8690 4682//8690 
f 4526//8691 4317//8691 4682//8691 
f 4079//8692 4317//8692 4526//8692 
f 4119//8693 4079//8693 4526//8693 
f 4024//8694 4079//8694 4119//8694 
f 4052//8695 4024//8695 4119//8695 
f 3864//8696 4024//8696 4052//8696 
f 3917//8697 3864//8697 4052//8697 
f 3385//8698 3864//8698 3917//8698 
f 3538//8699 3385//8699 3917//8699 
f 3064//8700 3385//8700 3538//8700 
f 3160//8701 3064//8701 3538//8701 
f 2526//8702 3064//8702 3160//8702 
f 2638//8703 2526//8703 3160//8703 
f 2147//8704 2526//8704 2638//8704 
f 2191//8705 2147//8705 2638//8705 
f 1705//8706 2147//8706 2191//8706 
f 1829//8707 1705//8707 2191//8707 
f 1488//8708 1705//8708 1829//8708 
f 1519//8709 1488//8709 1829//8709 
f 1419//8710 1488//8710 1519//8710 
f 1425//8711 1419//8711 1519//8711 
f 1272//8712 1419//8712 1425//8712 
f 1296//8713 1272//8713 1425//8713 
f 911//8714 1272//8714 1296//8714 
f 900//8715 911//8715 1296//8715 
f 809//8716 911//8716 900//8716 
f 685//8717 809//8717 900//8717 
f 388//8718 809//8718 685//8718 
f 936//8719 944//8719 945//8719 
f 937//8720 936//8720 945//8720 
f 951//8721 936//8721 937//8721 
f 952//8722 951//8722 937//8722 
f 999//8723 951//8723 952//8723 
f 1000//8724 999//8724 952//8724 
f 1085//8725 999//8725 1000//8725 
f 1086//8726 1085//8726 1000//8726 
f 1154//8727 1085//8727 1086//8727 
f 1155//8728 1154//8728 1086//8728 
f 1235//8729 1154//8729 1155//8729 
f 1236//8730 1235//8730 1155//8730 
f 1292//8731 1235//8731 1236//8731 
f 1293//8732 1292//8732 1236//8732 
f 974//8733 952//8733 937//8733 
f 945//8734 974//8734 937//8734 
f 1007//8735 974//8735 945//8735 
f 996//8736 1007//8736 945//8736 
f 1063//8737 1007//8737 996//8737 
f 1093//8738 1063//8738 996//8738 
f 1134//8739 1063//8739 1093//8739 
f 1176//8740 1134//8740 1093//8740 
f 1192//8741 1134//8741 1176//8741 
f 1270//8742 1192//8742 1176//8742 
f 1247//8743 1192//8743 1270//8743 
f 1303//8744 1247//8744 1270//8744 
f 1255//8745 1247//8745 1303//8745 
f 1293//8746 1255//8746 1303//8746 
f 1207//8747 1255//8747 1293//8747 
f 1236//8748 1207//8748 1293//8748 
f 1147//8749 1207//8749 1236//8749 
f 1155//8750 1147//8750 1236//8750 
f 1088//8751 1147//8751 1155//8751 
f 1086//8752 1088//8752 1155//8752 
f 1025//8753 1088//8753 1086//8753 
f 1000//8754 1025//8754 1086//8754 
f 980//8755 1025//8755 1000//8755 
f 952//8756 980//8756 1000//8756 
f 974//8757 980//8757 952//8757 
f 1207//8758 1254//8758 1255//8758 
f 1206//8759 1254//8759 1207//8759 
f 1147//8760 1206//8760 1207//8760 
f 1146//8761 1206//8761 1147//8761 
f 1088//8762 1146//8762 1147//8762 
f 1087//8763 1146//8763 1088//8763 
f 1025//8764 1087//8764 1088//8764 
f 1024//8765 1087//8765 1025//8765 
f 980//8766 1024//8766 1025//8766 
f 979//8767 1024//8767 980//8767 
f 974//8768 979//8768 980//8768 
f 973//8769 979//8769 974//8769 
f 973//8770 995//8770 944//8770 
f 936//8771 973//8771 944//8771 
f 979//8772 973//8772 936//8772 
f 951//8773 979//8773 936//8773 
f 1024//8774 979//8774 951//8774 
f 999//8775 1024//8775 951//8775 
f 1087//8776 1024//8776 999//8776 
f 1085//8777 1087//8777 999//8777 
f 1146//8778 1087//8778 1085//8778 
f 1154//8779 1146//8779 1085//8779 
f 1206//8780 1146//8780 1154//8780 
f 1235//8781 1206//8781 1154//8781 
f 1254//8782 1206//8782 1235//8782 
f 1292//8783 1254//8783 1235//8783 
f 1246//8784 1254//8784 1292//8784 
f 1302//8785 1246//8785 1292//8785 
f 1191//8786 1246//8786 1302//8786 
f 1269//8787 1191//8787 1302//8787 
f 1133//8788 1191//8788 1269//8788 
f 1175//8789 1133//8789 1269//8789 
f 1062//8790 1133//8790 1175//8790 
f 1092//8791 1062//8791 1175//8791 
f 1006//8792 1062//8792 1092//8792 
f 995//8793 1006//8793 1092//8793 
f 973//8794 1006//8794 995//8794 
f 1007//8795 973//8795 974//8795 
f 1006//8796 973//8796 1007//8796 
f 1063//8797 1006//8797 1007//8797 
f 1062//8798 1006//8798 1063//8798 
f 1134//8799 1062//8799 1063//8799 
f 1133//8800 1062//8800 1134//8800 
f 1192//8801 1133//8801 1134//8801 
f 1191//8802 1133//8802 1192//8802 
f 1247//8803 1191//8803 1192//8803 
f 1246//8804 1191//8804 1247//8804 
f 1255//8805 1246//8805 1247//8805 
f 1254//8806 1246//8806 1255//8806 
f 1302//8807 1292//8807 1293//8807 
f 1303//8808 1302//8808 1293//8808 
f 1269//8809 1302//8809 1303//8809 
f 1270//8810 1269//8810 1303//8810 
f 1175//8811 1269//8811 1270//8811 
f 1176//8812 1175//8812 1270//8812 
f 1092//8813 1175//8813 1176//8813 
f 1093//8814 1092//8814 1176//8814 
f 995//8815 1092//8815 1093//8815 
f 996//8816 995//8816 1093//8816 
f 944//8817 995//8817 996//8817 
f 945//8818 944//8818 996//8818 
f 938//8819 946//8819 947//8819 
f 939//8820 938//8820 947//8820 
f 953//8821 938//8821 939//8821 
f 954//8822 953//8822 939//8822 
f 1001//8823 953//8823 954//8823 
f 1002//8824 1001//8824 954//8824 
f 1083//8825 1001//8825 1002//8825 
f 1084//8826 1083//8826 1002//8826 
f 1152//8827 1083//8827 1084//8827 
f 1153//8828 1152//8828 1084//8828 
f 1233//8829 1152//8829 1153//8829 
f 1234//8830 1233//8830 1153//8830 
f 1290//8831 1233//8831 1234//8831 
f 1291//8832 1290//8832 1234//8832 
f 990//8833 970//8833 939//8833 
f 947//8834 990//8834 939//8834 
f 1037//8835 990//8835 947//8835 
f 994//8836 1037//8836 947//8836 
f 1108//8837 1037//8837 994//8837 
f 1091//8838 1108//8838 994//8838 
f 1164//8839 1108//8839 1091//8839 
f 1174//8840 1164//8840 1091//8840 
f 1217//8841 1164//8841 1174//8841 
f 1268//8842 1217//8842 1174//8842 
f 1259//8843 1217//8843 1268//8843 
f 1301//8844 1259//8844 1268//8844 
f 1231//8845 1259//8845 1301//8845 
f 1291//8846 1231//8846 1301//8846 
f 1179//8847 1231//8847 1291//8847 
f 1234//8848 1179//8848 1291//8848 
f 1129//8849 1179//8849 1234//8849 
f 1153//8850 1129//8850 1234//8850 
f 1078//8851 1129//8851 1153//8851 
f 1084//8852 1078//8852 1153//8852 
f 1020//8853 1078//8853 1084//8853 
f 1002//8854 1020//8854 1084//8854 
f 984//8855 1020//8855 1002//8855 
f 954//8856 984//8856 1002//8856 
f 970//8857 984//8857 954//8857 
f 939//8858 970//8858 954//8858 
f 1129//8859 1178//8859 1179//8859 
f 1128//8860 1178//8860 1129//8860 
f 1078//8861 1128//8861 1129//8861 
f 1077//8862 1128//8862 1078//8862 
f 1020//8863 1077//8863 1078//8863 
f 1019//8864 1077//8864 1020//8864 
f 984//8865 1019//8865 1020//8865 
f 983//8866 1019//8866 984//8866 
f 970//8867 983//8867 984//8867 
f 969//8868 983//8868 970//8868 
f 990//8869 969//8869 970//8869 
f 989//8870 969//8870 990//8870 
f 1037//8871 989//8871 990//8871 
f 1036//8872 989//8872 1037//8872 
f 1128//8873 1077//8873 1083//8873 
f 1152//8874 1128//8874 1083//8874 
f 1178//8875 1128//8875 1152//8875 
f 1233//8876 1178//8876 1152//8876 
f 1230//8877 1178//8877 1233//8877 
f 1290//8878 1230//8878 1233//8878 
f 1258//8879 1230//8879 1290//8879 
f 1300//8880 1258//8880 1290//8880 
f 1216//8881 1258//8881 1300//8881 
f 1267//8882 1216//8882 1300//8882 
f 1163//8883 1216//8883 1267//8883 
f 1173//8884 1163//8884 1267//8884 
f 1107//8885 1163//8885 1173//8885 
f 1090//8886 1107//8886 1173//8886 
f 1036//8887 1107//8887 1090//8887 
f 993//8888 1036//8888 1090//8888 
f 989//8889 1036//8889 993//8889 
f 946//8890 989//8890 993//8890 
f 969//8891 989//8891 946//8891 
f 938//8892 969//8892 946//8892 
f 983//8893 969//8893 938//8893 
f 953//8894 983//8894 938//8894 
f 1019//8895 983//8895 953//8895 
f 1001//8896 1019//8896 953//8896 
f 1077//8897 1019//8897 1001//8897 
f 1083//8898 1077//8898 1001//8898 
f 1108//8899 1036//8899 1037//8899 
f 1107//8900 1036//8900 1108//8900 
f 1164//8901 1107//8901 1108//8901 
f 1163//8902 1107//8902 1164//8902 
f 1217//8903 1163//8903 1164//8903 
f 1216//8904 1163//8904 1217//8904 
f 1259//8905 1216//8905 1217//8905 
f 1258//8906 1216//8906 1259//8906 
f 1231//8907 1258//8907 1259//8907 
f 1230//8908 1258//8908 1231//8908 
f 1179//8909 1230//8909 1231//8909 
f 1178//8910 1230//8910 1179//8910 
f 1300//8911 1290//8911 1291//8911 
f 1301//8912 1300//8912 1291//8912 
f 1267//8913 1300//8913 1301//8913 
f 1268//8914 1267//8914 1301//8914 
f 1173//8915 1267//8915 1268//8915 
f 1174//8916 1173//8916 1268//8916 
f 1090//8917 1173//8917 1174//8917 
f 1091//8918 1090//8918 1174//8918 
f 993//8919 1090//8919 1091//8919 
f 994//8920 993//8920 1091//8920 
f 946//8921 993//8921 994//8921 
f 947//8922 946//8922 994//8922 
f 1740//8923 1747//8923 1748//8923 
f 1741//8924 1740//8924 1748//8924 
f 1765//8925 1740//8925 1741//8925 
f 1766//8926 1765//8926 1741//8926 
f 1839//8927 1765//8927 1766//8927 
f 1840//8928 1839//8928 1766//8928 
f 1907//8929 1839//8929 1840//8929 
f 1908//8930 1907//8930 1840//8930 
f 1974//8931 1907//8931 1908//8931 
f 1975//8932 1974//8932 1908//8932 
f 2023//8933 1974//8933 1975//8933 
f 2024//8934 2023//8934 1975//8934 
f 1840//8935 1802//8935 1827//8935 
f 1872//8936 1840//8936 1827//8936 
f 1908//8937 1840//8937 1872//8937 
f 1921//8938 1908//8938 1872//8938 
f 1975//8939 1908//8939 1921//8939 
f 1965//8940 1975//8940 1921//8940 
f 2024//8941 1975//8941 1965//8941 
f 2000//8942 2024//8942 1965//8942 
f 2033//8943 2024//8943 2000//8943 
f 1992//8944 2033//8944 2000//8944 
f 2012//8945 2033//8945 1992//8945 
f 1956//8946 2012//8946 1992//8946 
f 1940//8947 2012//8947 1956//8947 
f 1910//8948 1940//8948 1956//8948 
f 1875//8949 1940//8949 1910//8949 
f 1864//8950 1875//8950 1910//8950 
f 1807//8951 1875//8951 1864//8951 
f 1823//8952 1807//8952 1864//8952 
f 1748//8953 1807//8953 1823//8953 
f 1796//8954 1748//8954 1823//8954 
f 1741//8955 1748//8955 1796//8955 
f 1777//8956 1741//8956 1796//8956 
f 1766//8957 1741//8957 1777//8957 
f 1802//8958 1766//8958 1777//8958 
f 1840//8959 1766//8959 1802//8959 
f 1827//8960 1871//8960 1872//8960 
f 1826//8961 1871//8961 1827//8961 
f 1802//8962 1826//8962 1827//8962 
f 1801//8963 1826//8963 1802//8963 
f 1777//8964 1801//8964 1802//8964 
f 1776//8965 1801//8965 1777//8965 
f 1796//8966 1776//8966 1777//8966 
f 1795//8967 1776//8967 1796//8967 
f 1823//8968 1795//8968 1796//8968 
f 1822//8969 1795//8969 1823//8969 
f 1864//8970 1822//8970 1823//8970 
f 1863//8971 1822//8971 1864//8971 
f 1910//8972 1863//8972 1864//8972 
f 1909//8973 1863//8973 1910//8973 
f 1839//8974 1920//8974 1871//8974 
f 1826//8975 1839//8975 1871//8975 
f 1765//8976 1839//8976 1826//8976 
f 1801//8977 1765//8977 1826//8977 
f 1740//8978 1765//8978 1801//8978 
f 1776//8979 1740//8979 1801//8979 
f 1747//8980 1740//8980 1776//8980 
f 1795//8981 1747//8981 1776//8981 
f 1806//8982 1747//8982 1795//8982 
f 1822//8983 1806//8983 1795//8983 
f 1874//8984 1806//8984 1822//8984 
f 1863//8985 1874//8985 1822//8985 
f 1939//8986 1874//8986 1863//8986 
f 1909//8987 1939//8987 1863//8987 
f 2011//8988 1939//8988 1909//8988 
f 1955//8989 2011//8989 1909//8989 
f 2032//8990 2011//8990 1955//8990 
f 1991//8991 2032//8991 1955//8991 
f 2023//8992 2032//8992 1991//8992 
f 1999//8993 2023//8993 1991//8993 
f 1974//8994 2023//8994 1999//8994 
f 1964//8995 1974//8995 1999//8995 
f 1907//8996 1974//8996 1964//8996 
f 1920//8997 1907//8997 1964//8997 
f 1839//8998 1907//8998 1920//8998 
f 1956//8999 1909//8999 1910//8999 
f 1955//9000 1909//9000 1956//9000 
f 1992//9001 1955//9001 1956//9001 
f 1991//9002 1955//9002 1992//9002 
f 2000//9003 1991//9003 1992//9003 
f 1999//9004 1991//9004 2000//9004 
f 1965//9005 1999//9005 2000//9005 
f 1964//9006 1999//9006 1965//9006 
f 1921//9007 1964//9007 1965//9007 
f 1920//9008 1964//9008 1921//9008 
f 1872//9009 1920//9009 1921//9009 
f 1871//9010 1920//9010 1872//9010 
f 2032//9011 2023//9011 2024//9011 
f 2033//9012 2032//9012 2024//9012 
f 2011//9013 2032//9013 2033//9013 
f 2012//9014 2011//9014 2033//9014 
f 1939//9015 2011//9015 2012//9015 
f 1940//9016 1939//9016 2012//9016 
f 1874//9017 1939//9017 1940//9017 
f 1875//9018 1874//9018 1940//9018 
f 1806//9019 1874//9019 1875//9019 
f 1807//9020 1806//9020 1875//9020 
f 1747//9021 1806//9021 1807//9021 
f 1748//9022 1747//9022 1807//9022 
f 3710//9023 3677//9023 3678//9023 
f 3709//9024 3677//9024 3710//9024 
f 3689//9025 3709//9025 3710//9025 
f 3688//9026 3709//9026 3689//9026 
f 3657//9027 3688//9027 3689//9027 
f 3656//9028 3688//9028 3657//9028 
f 3606//9029 3656//9029 3657//9029 
f 3605//9030 3656//9030 3606//9030 
f 3553//9031 3605//9031 3606//9031 
f 3552//9032 3605//9032 3553//9032 
f 3514//9033 3552//9033 3553//9033 
f 3513//9034 3552//9034 3514//9034 
f 3751//9035 3740//9035 3741//9035 
f 3752//9036 3751//9036 3741//9036 
f 3722//9037 3751//9037 3752//9037 
f 3723//9038 3722//9038 3752//9038 
f 3650//9039 3722//9039 3723//9039 
f 3651//9040 3650//9040 3723//9040 
f 3584//9041 3650//9041 3651//9041 
f 3585//9042 3584//9042 3651//9042 
f 3509//9043 3584//9043 3585//9043 
f 3510//9044 3509//9044 3585//9044 
f 3460//9045 3509//9045 3510//9045 
f 3461//9046 3460//9046 3510//9046 
f 3452//9047 3460//9047 3461//9047 
f 3453//9048 3452//9048 3461//9048 
f 3470//9049 3452//9049 3453//9049 
f 3471//9050 3470//9050 3453//9050 
f 3546//9051 3470//9051 3471//9051 
f 3547//9052 3546//9052 3471//9052 
f 3617//9053 3546//9053 3547//9053 
f 3618//9054 3617//9054 3547//9054 
f 3680//9055 3617//9055 3618//9055 
f 3681//9056 3680//9056 3618//9056 
f 3740//9057 3680//9057 3681//9057 
f 3741//9058 3740//9058 3681//9058 
f 3585//9059 3648//9059 3604//9059 
f 3564//9060 3585//9060 3604//9060 
f 3510//9061 3585//9061 3564//9061 
f 3524//9062 3510//9062 3564//9062 
f 3461//9063 3510//9063 3524//9063 
f 3490//9064 3461//9064 3524//9064 
f 3453//9065 3461//9065 3490//9065 
f 3483//9066 3453//9066 3490//9066 
f 3471//9067 3453//9067 3483//9067 
f 3514//9068 3471//9068 3483//9068 
f 3547//9069 3471//9069 3514//9069 
f 3553//9070 3547//9070 3514//9070 
f 3618//9071 3547//9071 3553//9071 
f 3606//9072 3618//9072 3553//9072 
f 3681//9073 3618//9073 3606//9073 
f 3657//9074 3681//9074 3606//9074 
f 3741//9075 3681//9075 3657//9075 
f 3689//9076 3741//9076 3657//9076 
f 3752//9077 3741//9077 3689//9077 
f 3710//9078 3752//9078 3689//9078 
f 3723//9079 3752//9079 3710//9079 
f 3678//9080 3723//9080 3710//9080 
f 3651//9081 3723//9081 3678//9081 
f 3648//9082 3651//9082 3678//9082 
f 3585//9083 3651//9083 3648//9083 
f 3483//9084 3513//9084 3514//9084 
f 3482//9085 3513//9085 3483//9085 
f 3490//9086 3482//9086 3483//9086 
f 3489//9087 3482//9087 3490//9087 
f 3524//9088 3489//9088 3490//9088 
f 3523//9089 3489//9089 3524//9089 
f 3564//9090 3523//9090 3524//9090 
f 3563//9091 3523//9091 3564//9091 
f 3604//9092 3563//9092 3564//9092 
f 3603//9093 3563//9093 3604//9093 
f 3648//9094 3603//9094 3604//9094 
f 3647//9095 3603//9095 3648//9095 
f 3678//9096 3647//9096 3648//9096 
f 3677//9097 3647//9097 3678//9097 
f 3584//9098 3523//9098 3563//9098 
f 3603//9099 3584//9099 3563//9099 
f 3650//9100 3584//9100 3603//9100 
f 3647//9101 3650//9101 3603//9101 
f 3722//9102 3650//9102 3647//9102 
f 3677//9103 3722//9103 3647//9103 
f 3751//9104 3722//9104 3677//9104 
f 3709//9105 3751//9105 3677//9105 
f 3740//9106 3751//9106 3709//9106 
f 3688//9107 3740//9107 3709//9107 
f 3680//9108 3740//9108 3688//9108 
f 3656//9109 3680//9109 3688//9109 
f 3617//9110 3680//9110 3656//9110 
f 3605//9111 3617//9111 3656//9111 
f 3546//9112 3617//9112 3605//9112 
f 3552//9113 3546//9113 3605//9113 
f 3470//9114 3546//9114 3552//9114 
f 3513//9115 3470//9115 3552//9115 
f 3452//9116 3470//9116 3513//9116 
f 3482//9117 3452//9117 3513//9117 
f 3460//9118 3452//9118 3482//9118 
f 3489//9119 3460//9119 3482//9119 
f 3509//9120 3460//9120 3489//9120 
f 3523//9121 3509//9121 3489//9121 
f 3584//9122 3509//9122 3523//9122 
f 4186//9123 4193//9123 4194//9123 
f 4187//9124 4186//9124 4194//9124 
f 4205//9125 4186//9125 4187//9125 
f 4206//9126 4205//9126 4187//9126 
f 4273//9127 4205//9127 4206//9127 
f 4274//9128 4273//9128 4206//9128 
f 4342//9129 4273//9129 4274//9129 
f 4343//9130 4342//9130 4274//9130 
f 4416//9131 4342//9131 4343//9131 
f 4417//9132 4416//9132 4343//9132 
f 4488//9133 4416//9133 4417//9133 
f 4489//9134 4488//9134 4417//9134 
f 4535//9135 4488//9135 4489//9135 
f 4536//9136 4535//9136 4489//9136 
f 4281//9137 4234//9137 4194//9137 
f 4263//9138 4281//9138 4194//9138 
f 4327//9139 4281//9139 4263//9139 
f 4352//9140 4327//9140 4263//9140 
f 4394//9141 4327//9141 4352//9141 
f 4441//9142 4394//9142 4352//9142 
f 4457//9143 4394//9143 4441//9143 
f 4516//9144 4457//9144 4441//9144 
f 4500//9145 4457//9145 4516//9145 
f 4544//9146 4500//9146 4516//9146 
f 4506//9147 4500//9147 4544//9147 
f 4536//9148 4506//9148 4544//9148 
f 4473//9149 4506//9149 4536//9149 
f 4489//9150 4473//9150 4536//9150 
f 4411//9151 4473//9151 4489//9151 
f 4417//9152 4411//9152 4489//9152 
f 4348//9153 4411//9153 4417//9153 
f 4343//9154 4348//9154 4417//9154 
f 4293//9155 4348//9155 4343//9155 
f 4274//9156 4293//9156 4343//9156 
f 4241//9157 4293//9157 4274//9157 
f 4206//9158 4241//9158 4274//9158 
f 4234//9159 4241//9159 4206//9159 
f 4187//9160 4234//9160 4206//9160 
f 4194//9161 4234//9161 4187//9161 
f 4281//9162 4233//9162 4234//9162 
f 4280//9163 4233//9163 4281//9163 
f 4327//9164 4280//9164 4281//9164 
f 4326//9165 4280//9165 4327//9165 
f 4394//9166 4326//9166 4327//9166 
f 4393//9167 4326//9167 4394//9167 
f 4457//9168 4393//9168 4394//9168 
f 4456//9169 4393//9169 4457//9169 
f 4500//9170 4456//9170 4457//9170 
f 4499//9171 4456//9171 4500//9171 
f 4506//9172 4499//9172 4500//9172 
f 4505//9173 4499//9173 4506//9173 
f 4233//9174 4262//9174 4193//9174 
f 4186//9175 4233//9175 4193//9175 
f 4240//9176 4233//9176 4186//9176 
f 4205//9177 4240//9177 4186//9177 
f 4292//9178 4240//9178 4205//9178 
f 4273//9179 4292//9179 4205//9179 
f 4347//9180 4292//9180 4273//9180 
f 4342//9181 4347//9181 4273//9181 
f 4410//9182 4347//9182 4342//9182 
f 4416//9183 4410//9183 4342//9183 
f 4472//9184 4410//9184 4416//9184 
f 4488//9185 4472//9185 4416//9185 
f 4505//9186 4472//9186 4488//9186 
f 4535//9187 4505//9187 4488//9187 
f 4499//9188 4505//9188 4535//9188 
f 4543//9189 4499//9189 4535//9189 
f 4456//9190 4499//9190 4543//9190 
f 4515//9191 4456//9191 4543//9191 
f 4393//9192 4456//9192 4515//9192 
f 4440//9193 4393//9193 4515//9193 
f 4326//9194 4393//9194 4440//9194 
f 4351//9195 4326//9195 4440//9195 
f 4280//9196 4326//9196 4351//9196 
f 4262//9197 4280//9197 4351//9197 
f 4233//9198 4280//9198 4262//9198 
f 4473//9199 4505//9199 4506//9199 
f 4472//9200 4505//9200 4473//9200 
f 4411//9201 4472//9201 4473//9201 
f 4410//9202 4472//9202 4411//9202 
f 4348//9203 4410//9203 4411//9203 
f 4347//9204 4410//9204 4348//9204 
f 4293//9205 4347//9205 4348//9205 
f 4292//9206 4347//9206 4293//9206 
f 4241//9207 4292//9207 4293//9207 
f 4240//9208 4292//9208 4241//9208 
f 4234//9209 4240//9209 4241//9209 
f 4233//9210 4240//9210 4234//9210 
f 4543//9211 4535//9211 4536//9211 
f 4544//9212 4543//9212 4536//9212 
f 4515//9213 4543//9213 4544//9213 
f 4516//9214 4515//9214 4544//9214 
f 4440//9215 4515//9215 4516//9215 
f 4441//9216 4440//9216 4516//9216 
f 4351//9217 4440//9217 4441//9217 
f 4352//9218 4351//9218 4441//9218 
f 4262//9219 4351//9219 4352//9219 
f 4263//9220 4262//9220 4352//9220 
f 4193//9221 4262//9221 4263//9221 
f 4194//9222 4193//9222 4263//9222 
f 4188//9223 4195//9223 4196//9223 
f 4189//9224 4188//9224 4196//9224 
f 4207//9225 4188//9225 4189//9225 
f 4208//9226 4207//9226 4189//9226 
f 4275//9227 4207//9227 4208//9227 
f 4276//9228 4275//9228 4208//9228 
f 4344//9229 4275//9229 4276//9229 
f 4345//9230 4344//9230 4276//9230 
f 4418//9231 4344//9231 4345//9231 
f 4419//9232 4418//9232 4345//9232 
f 4490//9233 4418//9233 4419//9233 
f 4491//9234 4490//9234 4419//9234 
f 4537//9235 4490//9235 4491//9235 
f 4538//9236 4537//9236 4491//9236 
f 4376//9237 4491//9237 4419//9237 
f 4345//9238 4376//9238 4419//9238 
f 4315//9239 4376//9239 4345//9239 
f 4276//9240 4315//9240 4345//9240 
f 4268//9241 4315//9241 4276//9241 
f 4208//9242 4268//9242 4276//9242 
f 4230//9243 4268//9243 4208//9243 
f 4189//9244 4230//9244 4208//9244 
f 4251//9245 4230//9245 4189//9245 
f 4196//9246 4251//9246 4189//9246 
f 4305//9247 4251//9247 4196//9247 
f 4265//9248 4305//9248 4196//9248 
f 4366//9249 4305//9249 4265//9249 
f 4354//9250 4366//9250 4265//9250 
f 4431//9251 4366//9251 4354//9251 
f 4443//9252 4431//9252 4354//9252 
f 4480//9253 4431//9253 4443//9253 
f 4518//9254 4480//9254 4443//9254 
f 4510//9255 4480//9255 4518//9255 
f 4546//9256 4510//9256 4518//9256 
f 4486//9257 4510//9257 4546//9257 
f 4538//9258 4486//9258 4546//9258 
f 4445//9259 4486//9259 4538//9259 
f 4491//9260 4445//9260 4538//9260 
f 4376//9261 4445//9261 4491//9261 
f 4366//9262 4304//9262 4305//9262 
f 4365//9263 4304//9263 4366//9263 
f 4431//9264 4365//9264 4366//9264 
f 4430//9265 4365//9265 4431//9265 
f 4480//9266 4430//9266 4431//9266 
f 4479//9267 4430//9267 4480//9267 
f 4510//9268 4479//9268 4480//9268 
f 4509//9269 4479//9269 4510//9269 
f 4486//9270 4509//9270 4510//9270 
f 4485//9271 4509//9271 4486//9271 
f 4445//9272 4485//9272 4486//9272 
f 4444//9273 4485//9273 4445//9273 
f 4375//9274 4275//9274 4344//9274 
f 4418//9275 4375//9275 4344//9275 
f 4444//9276 4375//9276 4418//9276 
f 4490//9277 4444//9277 4418//9277 
f 4485//9278 4444//9278 4490//9278 
f 4537//9279 4485//9279 4490//9279 
f 4509//9280 4485//9280 4537//9280 
f 4545//9281 4509//9281 4537//9281 
f 4479//9282 4509//9282 4545//9282 
f 4517//9283 4479//9283 4545//9283 
f 4430//9284 4479//9284 4517//9284 
f 4442//9285 4430//9285 4517//9285 
f 4365//9286 4430//9286 4442//9286 
f 4353//9287 4365//9287 4442//9287 
f 4304//9288 4365//9288 4353//9288 
f 4264//9289 4304//9289 4353//9289 
f 4250//9290 4304//9290 4264//9290 
f 4195//9291 4250//9291 4264//9291 
f 4229//9292 4250//9292 4195//9292 
f 4188//9293 4229//9293 4195//9293 
f 4267//9294 4229//9294 4188//9294 
f 4207//9295 4267//9295 4188//9295 
f 4314//9296 4267//9296 4207//9296 
f 4275//9297 4314//9297 4207//9297 
f 4375//9298 4314//9298 4275//9298 
f 4376//9299 4444//9299 4445//9299 
f 4375//9300 4444//9300 4376//9300 
f 4315//9301 4375//9301 4376//9301 
f 4314//9302 4375//9302 4315//9302 
f 4268//9303 4314//9303 4315//9303 
f 4267//9304 4314//9304 4268//9304 
f 4230//9305 4267//9305 4268//9305 
f 4229//9306 4267//9306 4230//9306 
f 4251//9307 4229//9307 4230//9307 
f 4250//9308 4229//9308 4251//9308 
f 4305//9309 4250//9309 4251//9309 
f 4304//9310 4250//9310 4305//9310 
f 4545//9311 4537//9311 4538//9311 
f 4546//9312 4545//9312 4538//9312 
f 4517//9313 4545//9313 4546//9313 
f 4518//9314 4517//9314 4546//9314 
f 4442//9315 4517//9315 4518//9315 
f 4443//9316 4442//9316 4518//9316 
f 4353//9317 4442//9317 4443//9317 
f 4354//9318 4353//9318 4443//9318 
f 4264//9319 4353//9319 4354//9319 
f 4265//9320 4264//9320 4354//9320 
f 4195//9321 4264//9321 4265//9321 
f 4196//9322 4195//9322 4265//9322 
f 3662//9323 3621//9323 3622//9323 
f 3661//9324 3621//9324 3662//9324 
f 3687//9325 3661//9325 3662//9325 
f 3686//9326 3661//9326 3687//9326 
f 3713//9327 3686//9327 3687//9327 
f 3712//9328 3686//9328 3713//9328 
f 3691//9329 3712//9329 3713//9329 
f 3690//9330 3712//9330 3691//9330 
f 3665//9331 3690//9331 3691//9331 
f 3664//9332 3690//9332 3665//9332 
f 3628//9333 3664//9333 3665//9333 
f 3627//9334 3664//9334 3628//9334 
f 3582//9335 3627//9335 3628//9335 
f 3581//9336 3627//9336 3582//9336 
f 3652//9337 3567//9337 3621//9337 
f 3661//9338 3652//9338 3621//9338 
f 3724//9339 3652//9339 3661//9339 
f 3686//9340 3724//9340 3661//9340 
f 3753//9341 3724//9341 3686//9341 
f 3712//9342 3753//9342 3686//9342 
f 3742//9343 3753//9343 3712//9343 
f 3690//9344 3742//9344 3712//9344 
f 3682//9345 3742//9345 3690//9345 
f 3664//9346 3682//9346 3690//9346 
f 3619//9347 3682//9347 3664//9347 
f 3627//9348 3619//9348 3664//9348 
f 3548//9349 3619//9349 3627//9349 
f 3581//9350 3548//9350 3627//9350 
f 3472//9351 3548//9351 3581//9351 
f 3531//9352 3472//9352 3581//9352 
f 3454//9353 3472//9353 3531//9353 
f 3494//9354 3454//9354 3531//9354 
f 3462//9355 3454//9355 3494//9355 
f 3484//9356 3462//9356 3494//9356 
f 3511//9357 3462//9357 3484//9357 
f 3521//9358 3511//9358 3484//9358 
f 3586//9359 3511//9359 3521//9359 
f 3567//9360 3586//9360 3521//9360 
f 3652//9361 3586//9361 3567//9361 
f 3532//9362 3581//9362 3582//9362 
f 3531//9363 3581//9363 3532//9363 
f 3495//9364 3531//9364 3532//9364 
f 3494//9365 3531//9365 3495//9365 
f 3485//9366 3494//9366 3495//9366 
f 3484//9367 3494//9367 3485//9367 
f 3522//9368 3484//9368 3485//9368 
f 3521//9369 3484//9369 3522//9369 
f 3568//9370 3521//9370 3522//9370 
f 3567//9371 3521//9371 3568//9371 
f 3622//9372 3567//9372 3568//9372 
f 3621//9373 3567//9373 3622//9373 
f 3753//9374 3742//9374 3743//9374 
f 3754//9375 3753//9375 3743//9375 
f 3724//9376 3753//9376 3754//9376 
f 3725//9377 3724//9377 3754//9377 
f 3652//9378 3724//9378 3725//9378 
f 3653//9379 3652//9379 3725//9379 
f 3586//9380 3652//9380 3653//9380 
f 3587//9381 3586//9381 3653//9381 
f 3511//9382 3586//9382 3587//9382 
f 3512//9383 3511//9383 3587//9383 
f 3462//9384 3511//9384 3512//9384 
f 3463//9385 3462//9385 3512//9385 
f 3454//9386 3462//9386 3463//9386 
f 3455//9387 3454//9387 3463//9387 
f 3472//9388 3454//9388 3455//9388 
f 3473//9389 3472//9389 3455//9389 
f 3548//9390 3472//9390 3473//9390 
f 3549//9391 3548//9391 3473//9391 
f 3619//9392 3548//9392 3549//9392 
f 3620//9393 3619//9393 3549//9393 
f 3682//9394 3619//9394 3620//9394 
f 3683//9395 3682//9395 3620//9395 
f 3742//9396 3682//9396 3683//9396 
f 3743//9397 3742//9397 3683//9397 
f 3587//9398 3653//9398 3622//9398 
f 3568//9399 3587//9399 3622//9399 
f 3512//9400 3587//9400 3568//9400 
f 3522//9401 3512//9401 3568//9401 
f 3463//9402 3512//9402 3522//9402 
f 3485//9403 3463//9403 3522//9403 
f 3455//9404 3463//9404 3485//9404 
f 3495//9405 3455//9405 3485//9405 
f 3473//9406 3455//9406 3495//9406 
f 3532//9407 3473//9407 3495//9407 
f 3549//9408 3473//9408 3532//9408 
f 3582//9409 3549//9409 3532//9409 
f 3620//9410 3549//9410 3582//9410 
f 3628//9411 3620//9411 3582//9411 
f 3683//9412 3620//9412 3628//9412 
f 3665//9413 3683//9413 3628//9413 
f 3743//9414 3683//9414 3665//9414 
f 3691//9415 3743//9415 3665//9415 
f 3754//9416 3743//9416 3691//9416 
f 3713//9417 3754//9417 3691//9417 
f 3725//9418 3754//9418 3713//9418 
f 3687//9419 3725//9419 3713//9419 
f 3653//9420 3725//9420 3687//9420 
f 3662//9421 3653//9421 3687//9421 
f 3622//9422 3653//9422 3662//9422 
f 1738//9423 1749//9423 1750//9423 
f 1739//9424 1738//9424 1750//9424 
f 1755//9425 1738//9425 1739//9425 
f 1756//9426 1755//9426 1739//9426 
f 1816//9427 1755//9427 1756//9427 
f 1817//9428 1816//9428 1756//9428 
f 1867//9429 1816//9429 1817//9429 
f 1868//9430 1867//9430 1817//9430 
f 1925//9431 1867//9431 1868//9431 
f 1926//9432 1925//9432 1868//9432 
f 1984//9433 1925//9433 1926//9433 
f 1985//9434 1984//9434 1926//9434 
f 2025//9435 1984//9435 1985//9435 
f 2026//9436 2025//9436 1985//9436 
f 1895//9437 1985//9437 1926//9437 
f 1868//9438 1895//9438 1926//9438 
f 1844//9439 1895//9439 1868//9439 
f 1817//9440 1844//9440 1868//9440 
f 1811//9441 1844//9441 1817//9441 
f 1756//9442 1811//9442 1817//9442 
f 1780//9443 1811//9443 1756//9443 
f 1739//9444 1780//9444 1756//9444 
f 1799//9445 1780//9445 1739//9445 
f 1750//9446 1799//9446 1739//9446 
f 1835//9447 1799//9447 1750//9447 
f 1809//9448 1835//9448 1750//9448 
f 1888//9449 1835//9449 1809//9449 
f 1877//9450 1888//9450 1809//9450 
f 1936//9451 1888//9451 1877//9451 
f 1942//9452 1936//9452 1877//9452 
f 1972//9453 1936//9453 1942//9453 
f 2014//9454 1972//9454 1942//9454 
f 2003//9455 1972//9455 2014//9455 
f 2035//9456 2003//9456 2014//9456 
f 1982//9457 2003//9457 2035//9457 
f 2026//9458 1982//9458 2035//9458 
f 1946//9459 1982//9459 2026//9459 
f 1985//9460 1946//9460 2026//9460 
f 1895//9461 1946//9461 1985//9461 
f 2003//9462 1971//9462 1972//9462 
f 2002//9463 1971//9463 2003//9463 
f 1982//9464 2002//9464 2003//9464 
f 1981//9465 2002//9465 1982//9465 
f 1946//9466 1981//9466 1982//9466 
f 1945//9467 1981//9467 1946//9467 
f 1895//9468 1945//9468 1946//9468 
f 1894//9469 1945//9469 1895//9469 
f 1844//9470 1894//9470 1895//9470 
f 1843//9471 1894//9471 1844//9471 
f 1811//9472 1843//9472 1844//9472 
f 1810//9473 1843//9473 1811//9473 
f 1894//9474 1816//9474 1867//9474 
f 1925//9475 1894//9475 1867//9475 
f 1945//9476 1894//9476 1925//9476 
f 1984//9477 1945//9477 1925//9477 
f 1981//9478 1945//9478 1984//9478 
f 2025//9479 1981//9479 1984//9479 
f 2002//9480 1981//9480 2025//9480 
f 2034//9481 2002//9481 2025//9481 
f 1971//9482 2002//9482 2034//9482 
f 2013//9483 1971//9483 2034//9483 
f 1935//9484 1971//9484 2013//9484 
f 1941//9485 1935//9485 2013//9485 
f 1887//9486 1935//9486 1941//9486 
f 1876//9487 1887//9487 1941//9487 
f 1834//9488 1887//9488 1876//9488 
f 1808//9489 1834//9489 1876//9489 
f 1798//9490 1834//9490 1808//9490 
f 1749//9491 1798//9491 1808//9491 
f 1779//9492 1798//9492 1749//9492 
f 1738//9493 1779//9493 1749//9493 
f 1810//9494 1779//9494 1738//9494 
f 1755//9495 1810//9495 1738//9495 
f 1843//9496 1810//9496 1755//9496 
f 1816//9497 1843//9497 1755//9497 
f 1894//9498 1843//9498 1816//9498 
f 1780//9499 1810//9499 1811//9499 
f 1779//9500 1810//9500 1780//9500 
f 1799//9501 1779//9501 1780//9501 
f 1798//9502 1779//9502 1799//9502 
f 1835//9503 1798//9503 1799//9503 
f 1834//9504 1798//9504 1835//9504 
f 1888//9505 1834//9505 1835//9505 
f 1887//9506 1834//9506 1888//9506 
f 1936//9507 1887//9507 1888//9507 
f 1935//9508 1887//9508 1936//9508 
f 1972//9509 1935//9509 1936//9509 
f 1971//9510 1935//9510 1972//9510 
f 2034//9511 2025//9511 2026//9511 
f 2035//9512 2034//9512 2026//9512 
f 2013//9513 2034//9513 2035//9513 
f 2014//9514 2013//9514 2035//9514 
f 1941//9515 2013//9515 2014//9515 
f 1942//9516 1941//9516 2014//9516 
f 1876//9517 1941//9517 1942//9517 
f 1877//9518 1876//9518 1942//9518 
f 1808//9519 1876//9519 1877//9519 
f 1809//9520 1808//9520 1877//9520 
f 1749//9521 1808//9521 1809//9521 
f 1750//9522 1749//9522 1809//9522 
f 2349//9523 2365//9523 2376//9523 
f 2340//9524 2349//9524 2376//9524 
f 2317//9525 2349//9525 2340//9525 
f 2286//9526 2317//9526 2340//9526 
f 3150//9527 3177//9527 3193//9527 
f 3125//9528 3144//9528 3177//9528 
f 3150//9529 3125//9529 3177//9529 
f 3115//9530 3125//9530 3150//9530 
f 3116//9531 3115//9531 3150//9531 
f 3151//9532 3116//9532 3150//9532 
f 2734//9533 3116//9533 3151//9533 
f 2341//9534 2340//9534 2376//9534 
f 2377//9535 2341//9535 2376//9535 
f 2734//9536 2341//9536 2377//9536 
f 2733//9537 2734//9537 2377//9537 
f 3116//9538 2734//9538 2733//9538 
f 2318//9539 2317//9539 2286//9539 
f 2287//9540 2318//9540 2286//9540 
f 2730//9541 2318//9541 2287//9541 
f 2731//9542 2730//9542 2287//9542 
f 3178//9543 2730//9543 2731//9543 
f 3194//9544 3178//9544 2731//9544 
f 3177//9545 3178//9545 3194//9545 
f 3193//9546 3177//9546 3194//9546 
f 2349//9547 2317//9547 2318//9547 
f 2350//9548 2349//9548 2318//9548 
f 2365//9549 2349//9549 2350//9549 
f 2366//9550 2365//9550 2350//9550 
f 2376//9551 2365//9551 2366//9551 
f 2377//9552 2376//9552 2366//9552 
f 2350//9553 2318//9553 2730//9553 
f 2366//9554 2350//9554 2730//9554 
f 2730//9555 3178//9555 3145//9555 
f 3126//9556 2730//9556 3145//9556 
f 2733//9557 2377//9557 2366//9557 
f 2730//9558 2733//9558 2366//9558 
f 3116//9559 2733//9559 2730//9559 
f 3126//9560 3116//9560 2730//9560 
f 3125//9561 3115//9561 3116//9561 
f 3126//9562 3125//9562 3116//9562 
f 3144//9563 3125//9563 3126//9563 
f 3145//9564 3144//9564 3126//9564 
f 3177//9565 3144//9565 3145//9565 
f 3178//9566 3177//9566 3145//9566 
f 3194//9567 3151//9567 3150//9567 
f 3193//9568 3194//9568 3150//9568 
f 2286//9569 2340//9569 2341//9569 
f 2287//9570 2286//9570 2341//9570 
f 2734//9571 3151//9571 3194//9571 
f 2731//9572 2734//9572 3194//9572 
f 2341//9573 2734//9573 2731//9573 
f 2287//9574 2341//9574 2731//9574 
