# FreeCAD v1.0 build2 Arch module
# https://www.freecad.org
mtllib wrist1_link.mtl
o wrist1_link
usemtl color_cccccc
v -0.04 -0.052498 0.102
v -0.04 -0.0 0.102
v -0.04 0.0445 0.102
v -0.04 0.0454 0.102
v -0.04 -1.7e-05 0.0563
v -0.04 1.7e-05 0.0563
v -0.04 0.0001 0.056296
v -0.039998 -0.000411 0.056203
v -0.039997 -0.000457 0.101543
v -0.039997 0.000457 0.101543
v -0.039997 0.000491 0.056155
v -0.039996 -0.000595 0.09235
v -0.039995 0.000595 0.056042
v -0.039995 0.000611 0.09264
v -0.039995 -0.000596 0.05604
v -0.039995 0.000617 0.091364
v -0.039995 0.000618 0.091085
v -0.039995 -0.000623 0.091475
v -0.039995 -0.000643 0.09087
v -0.039994 -0.009514 0.101304
v -0.039994 0.010045 0.101292
v -0.039994 -0.000713 0.055937
v -0.039994 -0.010108 0.101276
v -0.039993 -0.000729 0.093434
v -0.039993 0.010499 0.101243
v -0.039993 0.000762 0.055859
v -0.039993 0.008702 0.101236
v -0.039993 0.00075 0.093693
v -0.039992 -0.008736 0.101232
v -0.039992 -0.010695 0.101212
v -0.039992 0.008057 0.10121
v -0.039992 0.009527 0.101201
v -0.039992 -0.010884 0.101198
v -0.039992 -0.008945 0.101188
v -0.039992 0.010633 0.101198
v -0.039992 0.010629 0.1012
v -0.039992 -0.00874 0.101173
v -0.039992 -0.000324 0.056202
v -0.039992 0.000325 0.056202
v -0.039992 0.008706 0.101166
v -0.039991 -0.000859 0.055551
v -0.039991 -0.000865 0.055469
v -0.039991 0.000865 0.055469
v -0.039991 0.007531 0.101115
v -0.039991 0.000869 0.089903
v -0.03999 1.7e-05 0.056264
v -0.03999 -0.000896 0.053702
v -0.03999 0.000896 0.053702
v -0.03999 -0.010672 0.10113
v -0.03999 -0.007167 0.101086
v -0.03999 -0.000914 0.101086
v -0.03999 0.000914 0.101086
v -0.03999 0.007167 0.101086
v -0.03999 -0.000916 0.101084
v -0.03999 0.000916 0.101084
v -0.039989 -0.000919 0.089768
v -0.039989 0.007168 0.101076
v -0.039989 -0.007168 0.101076
v -0.039989 -0.000922 0.101076
v -0.039989 0.000922 0.101076
v -0.039989 -0.000882 0.053701
v -0.039989 -0.007169 0.101067
v -0.039989 -0.007153 0.101054
v -0.039989 -0.007045 0.100981
v -0.039989 -0.005649 0.100039
v -0.039989 0.007153 0.101054
v -0.039989 0.007169 0.101067
v -0.039989 -0.004258 0.099101
v -0.039989 -0.004022 0.098941
v -0.039989 -0.00312 0.097891
v -0.039989 -0.002027 0.096619
v -0.039989 -0.001546 0.096058
v -0.039989 -0.00107 0.095248
v -0.039989 -0.000924 0.094999
v -0.039989 0.000924 0.094999
v -0.039989 0.005516 0.099949
v -0.039989 -0.007166 0.101062
v -0.039989 -0.000924 0.101067
v -0.039989 0.000924 0.101067
v -0.039989 0.00135 0.095724
v -0.039989 0.001554 0.09607
v -0.039989 0.002594 0.097281
v -0.039989 0.00402 0.09894
v -0.039989 0.007166 0.101062
v -0.039989 0.003895 0.098795
v -0.039989 0.011401 0.101076
v -0.039989 -0.000585 0.056031
v -0.039989 0.000585 0.056031
v -0.039987 -0.011086 0.101022
v -0.039987 0.011578 0.100998
v -0.039987 -1.7e-05 0.05625
v -0.039987 1.7e-05 0.05625
v -0.039986 -0.011638 0.100964
v -0.039986 -0.000761 0.055774
v -0.039986 0.000761 0.055773
v -0.039985 0.000863 0.053697
v -0.039984 0.001388 0.090772
v -0.039984 -0.001412 0.090863
v -0.039984 -0.001924 0.092433
v -0.039984 0.002008 0.092639
v -0.039984 -0.000828 0.055468
v -0.039984 -0.002616 0.093912
v -0.039984 0.00288 0.094375
v -0.039984 -0.011618 0.100884
v -0.039984 0.000826 0.055468
v -0.039984 -0.003475 0.095289
v -0.039984 0.003982 0.095959
v -0.039983 -0.004486 0.096549
v -0.039983 0.011546 0.100895
v -0.039983 0.001122 0.089424
v -0.039983 -0.001122 0.08942
v -0.039983 -0.012026 0.100844
v -0.039983 0.005293 0.097369
v -0.039983 -0.005638 0.09768
v -0.039983 0.006789 0.098582
v -0.039983 -0.006917 0.098669
v -0.039983 0.000859 0.053695
v -0.039983 -0.008309 0.099503
v -0.039983 0.00845 0.099575
v -0.039982 -0.009803 0.100169
v -0.039982 0.010252 0.100328
v -0.039982 -0.011385 0.100653
v -0.039982 -0.000859 0.053693
v -0.039981 -0.012016 0.100781
v -0.03998 0.011943 0.100763
v -0.039979 -0.012265 0.100717
v -0.039977 -0.000845 0.053688
v -0.039977 0.012294 0.100647
v -0.039977 -0.001344 0.089038
v -0.039976 0.012461 0.100611
v -0.039976 0.001397 0.088908
v -0.039976 0.01248 0.100603
v -0.039975 0.012454 0.100593
v -0.039975 0.01251 0.100575
v -0.039972 -0.001498 0.088775
v -0.039972 -0.01251 0.100538
v -0.03997 -0.012494 0.100525
v -0.039969 -0.000311 0.056171
v -0.039969 0.000312 0.056171
v -0.039968 -1.7e-05 0.056232
v -0.039968 1.7e-05 0.056232
v -0.039966 -0.000561 0.056007
v -0.039966 0.000561 0.056006
v -0.039966 0.000829 0.053677
v -0.039963 -0.000729 0.05576
v -0.039963 0.000729 0.055759
v -0.039962 -0.000793 0.055467
v -0.039962 0.000793 0.055467
v -0.039961 0.000825 0.053672
v -0.03996 -0.000826 0.053671
v -0.039959 -0.013056 0.100192
v -0.039953 0.001903 0.088371
v -0.03995 -1.7e-05 0.056213
v -0.03995 1.7e-05 0.056213
v -0.039948 -0.000813 0.053659
v -0.039937 0.002245 0.088008
v -0.039936 -1.7e-05 0.05621
v -0.039936 1.7e-05 0.05621
v -0.039935 -0.000302 0.05615
v -0.039935 0.000303 0.05615
v -0.039934 0.013584 0.09971
v -0.039932 -0.000545 0.055991
v -0.039932 0.000545 0.055991
v -0.039929 -0.000771 0.055467
v -0.039929 0.000771 0.055467
v -0.039929 -0.000708 0.055752
v -0.039929 0.000708 0.055751
v -0.039927 0.000803 0.053637
v -0.039926 -0.000806 0.053637
v -0.039924 0.000801 0.053634
v -0.039922 -0.002503 0.087795
v -0.039917 0.001901 0.053702
v -0.039911 -0.013928 0.099328
v -0.039908 0.013885 0.099327
v -0.039907 0.013893 0.09934
v -0.039906 -0.013971 0.099273
v -0.039905 -0.013969 0.099269
v -0.039901 0.045835 0.102
v -0.0399 -1.7e-05 0.0562
v -0.0399 1.7e-05 0.0562
v -0.039899 -9.1e-05 0.056196
v -0.039898 0.014086 0.099144
v -0.039898 -0.000265 0.056134
v -0.039898 0.000268 0.056138
v -0.039898 -0.000292 0.056124
v -0.039898 0.000297 0.056131
v -0.039897 0.000364 0.056114
v -0.039896 -0.00043 0.056075
v -0.039895 -0.000524 0.055972
v -0.039895 0.000526 0.055971
v -0.039895 -0.014129 0.099107
v -0.039894 0.00063 0.055878
v -0.039894 -0.000671 0.055812
v -0.039893 -0.000689 0.055746
v -0.039893 0.000682 0.055741
v -0.039893 -0.000696 0.055717
v -0.039893 0.000693 0.055714
v -0.039891 0.000758 0.055541
v -0.039891 -0.000763 0.055467
v -0.039891 0.000763 0.055467
v -0.03989 -0.000795 0.0536
v -0.03989 0.000795 0.0536
v -0.039877 0.0454 0.098862
v -0.039877 0.0454 0.105138
v -0.039836 0.014697 0.09838
v -0.039824 -0.014777 0.098252
v -0.039813 0.003865 0.086841
v -0.039778 0.045835 0.098869
v -0.039778 0.045835 0.105131
v -0.039773 0.01507 0.097832
v -0.039767 -0.004313 0.086558
v -0.039764 -0.015122 0.097745
v -0.039746 -0.052498 0.097502
v -0.039746 -0.052498 0.106498
v -0.039745 -0.015106 0.097739
v -0.039734 0.015007 0.097794
v -0.039713 -0.015508 0.097216
v -0.0397 0.004892 0.053702
v -0.039696 -0.004918 0.053702
v -0.039635 -0.005414 0.08612
v -0.039635 0.005679 0.087513
v -0.039635 -0.0057 0.087595
v -0.039635 -0.006159 0.089
v -0.039635 0.006233 0.089185
v -0.039635 -0.006778 0.090325
v -0.039635 0.007013 0.09074
v -0.039634 -0.007545 0.091558
v -0.039634 0.008 0.092158
v -0.039634 -0.008451 0.092686
v -0.039634 0.009173 0.09342
v -0.039634 -0.009481 0.093699
v -0.039634 0.010512 0.094505
v -0.039634 -0.010626 0.094584
v -0.039634 -0.011873 0.09533
v -0.039634 0.011999 0.095395
v -0.039633 -0.013211 0.095926
v -0.039633 0.013613 0.096068
v -0.039633 -0.014628 0.096359
v -0.039633 0.015335 0.096506
v -0.039628 0.01594 0.096557
v -0.039622 0.046183 0.102
v -0.039606 0.005385 0.085919
v -0.039602 -0.005383 0.085915
v -0.039598 -1.7e-05 0.0562
v -0.039598 1.7e-05 0.0562
v -0.039598 0.000165 0.056185
v -0.039597 0.000265 0.056139
v -0.039597 -0.000267 0.056135
v -0.039597 -0.000295 0.056128
v -0.039597 0.000291 0.056126
v -0.039597 -0.000378 0.056107
v -0.039595 0.000482 0.056037
v -0.039595 0.000531 0.055978
v -0.039595 -0.000526 0.055971
v -0.039593 -0.000636 0.05587
v -0.039592 0.000678 0.0558
v -0.039591 0.000692 0.055746
v -0.039591 -0.000685 0.055742
v -0.039591 0.000699 0.055718
v -0.039591 -0.000695 0.055715
v -0.039589 -0.000756 0.055557
v -0.039588 0.01583 0.096588
v -0.039587 -0.000763 0.055467
v -0.039587 0.000763 0.055467
v -0.039573 0.01613 0.096254
v -0.039568 -0.01584 0.096595
v -0.039562 -1.7e-05 0.05619
v -0.039562 1.7e-05 0.05619
v -0.039561 -0.000296 0.056137
v -0.039561 0.000296 0.056137
v -0.039558 -0.000534 0.055981
v -0.039558 0.000534 0.055981
v -0.039556 -0.005687 0.085733
v -0.039555 -0.000695 0.055746
v -0.039555 0.000695 0.055746
v -0.039553 0.000757 0.055467
v -0.039551 -0.000753 0.055467
v -0.03955 0.000755 0.055467
v -0.039549 -1.7e-05 0.056187
v -0.039549 1.7e-05 0.056187
v -0.039549 -0.000801 0.053259
v -0.039549 0.000801 0.053259
v -0.039543 0.016079 0.096223
v -0.039538 -0.016175 0.096163
v -0.039537 -0.000749 0.055467
v -0.039528 -0.005678 0.053702
v -0.039527 -0.000288 0.056117
v -0.039527 0.000288 0.056117
v -0.039524 -0.000519 0.055966
v -0.039524 0.000519 0.055966
v -0.039521 -0.000674 0.055738
v -0.039521 0.000674 0.055738
v -0.03952 -0.000798 0.05323
v -0.039516 0.000734 0.055467
v -0.039515 0.000792 0.053225
v -0.039512 -1.7e-05 0.056151
v -0.039512 1.7e-05 0.056151
v -0.039508 -1.7e-05 0.056137
v -0.039508 0.0445 0.095743
v -0.039508 0.0445 0.108257
v -0.039508 0.0454 0.095743
v -0.039508 0.0454 0.108257
v -0.039505 -0.000275 0.056086
v -0.039505 0.000275 0.056086
v -0.039502 -0.000495 0.055942
v -0.039502 0.000495 0.055942
v -0.039501 -0.000713 0.055467
v -0.0395 -0.053 0.102
v -0.0395 -0.052998 0.102
v -0.0395 0.046183 0.098891
v -0.0395 0.046183 0.105109
v -0.039498 -0.000643 0.055725
v -0.039498 0.000643 0.055725
v -0.039498 -1.7e-05 0.056102
v -0.039498 1.7e-05 0.056102
v -0.039498 -7.8e-05 0.056099
v -0.039498 -0.000788 0.053208
v -0.039498 -0.016132 0.096142
v -0.039497 0.000323 0.056025
v -0.039496 -0.00037 0.055997
v -0.039495 -0.000456 0.055904
v -0.039495 0.000457 0.055903
v -0.039493 0.000697 0.055467
v -0.039493 0.000552 0.055818
v -0.039493 -0.00058 0.055772
v -0.039492 -0.000786 0.0532
v -0.039492 -0.000786 0.053202
v -0.039492 0.000786 0.0532
v -0.039492 0.000786 0.053202
v -0.039488 0.000659 0.055528
v -0.039487 -0.000663 0.055467
v -0.039487 0.000663 0.055467
v -0.039479 0.000771 0.053202
v -0.039462 -0.000752 0.053202
v -0.03946 -0.00075 0.0532
v -0.03946 -0.00075 0.053202
v -0.039459 0.000749 0.0532
v -0.039459 0.000749 0.053202
v -0.039456 0.000736 0.053202
v -0.039448 -0.000702 0.0532
v -0.039448 -0.000702 0.053202
v -0.039448 0.000702 0.0532
v -0.039448 0.000702 0.053202
v -0.039421 0.016766 0.095218
v -0.039409 0.045835 0.095758
v -0.039409 0.045835 0.108242
v -0.039398 0.006915 0.084991
v -0.039308 -0.007303 0.084762
v -0.039265 0.0445 0.094368
v -0.039265 0.0445 0.109632
v -0.039249 -0.052998 0.097558
v -0.039249 -0.052998 0.106442
v -0.039239 -0.01731 0.094372
v -0.039234 0.017311 0.094373
v -0.039228 -0.00782 0.084451
v -0.03922 0.046376 0.102
v -0.039203 0.004831 0.053202
v -0.0392 -0.004857 0.053202
v -0.039172 0.046376 0.103215
v -0.039134 0.046183 0.095802
v -0.039134 0.046183 0.108198
v -0.03912 -0.017765 0.093656
v -0.039099 0.046376 0.098923
v -0.039099 0.046376 0.105077
v -0.039098 -0.017796 0.093549
v -0.039092 -0.052498 0.094404
v -0.039092 -0.052498 0.109596
v -0.039032 0.018013 0.093255
v -0.038978 0.018139 0.093055
v -0.038943 -0.01817 0.092947
v -0.038938 -0.018198 0.092966
v -0.038895 0.0454 0.092662
v -0.038895 0.0454 0.111338
v -0.038871 0.018108 0.093063
v -0.038841 0.046376 0.096742
v -0.038836 0.009422 0.08348
v -0.038803 0.009911 0.084298
v -0.038803 -0.00993 0.08437
v -0.038802 -0.010335 0.085615
v -0.038802 0.010401 0.085778
v -0.038802 -0.010882 0.086787
v -0.038802 0.01109 0.087154
v -0.038802 -0.011561 0.087878
v -0.038802 0.011962 0.088409
v -0.038802 -0.012361 0.088876
v -0.038802 0.013 0.089525
v -0.038802 -0.013273 0.089772
v -0.038801 0.014185 0.090485
v -0.038801 -0.014286 0.090554
v -0.038801 0.0155 0.091271
v -0.038801 -0.015389 0.091214
v -0.038801 -0.016573 0.09174
v -0.038801 0.016929 0.091866
v -0.038801 -0.017827 0.092123
v -0.038801 0.018452 0.092253
v -0.038798 0.045835 0.092685
v -0.038798 0.045835 0.111315
v -0.038773 0.009705 0.08331
v -0.038772 -0.018582 0.092282
v -0.038763 -0.009701 0.083308
v -0.03876 -0.053 0.09439
v -0.03876 -0.053 0.10961
v -0.038737 0.046376 0.095865
v -0.038737 0.046376 0.108135
v -0.038706 0.009394 0.053702
v -0.038678 0.018579 0.092308
v -0.038622 0.008283 0.0532
v -0.038601 -0.008379 0.0532
v -0.038588 -0.052998 0.094427
v -0.038588 -0.052998 0.109574
v -0.038585 0.010546 0.082802
v -0.038527 0.046183 0.09275
v -0.038527 0.046183 0.11125
v -0.03845 0.008245 0.053202
v -0.038435 0.046376 0.109653
v -0.038426 -0.00834 0.053202
v -0.038357 -0.011346 0.082308
v -0.038354 0.01937 0.091036
v -0.038327 -0.019658 0.090548
v -0.038173 -0.052498 0.09005
v -0.038173 -0.052498 0.11395
v -0.038156 -0.020066 0.089995
v -0.038141 0.020098 0.089946
v -0.038136 0.046376 0.092844
v -0.038136 0.046376 0.111156
v -0.038128 0.02012 0.089911
v -0.038095 -0.020175 0.089827
v -0.038069 0.012277 0.053702
v -0.038064 0.020078 0.089901
v -0.038045 -0.012353 0.053702
v -0.038045 -0.020131 0.089818
v -0.038042 0.0445 0.089639
v -0.038042 0.0445 0.114361
v -0.038042 0.0454 0.089639
v -0.038042 0.0454 0.114361
v -0.037948 0.045835 0.08967
v -0.037948 0.045835 0.11433
v -0.037881 0.042 0.098995
v -0.037881 0.042 0.105005
v -0.037881 0.0445 0.098995
v -0.037881 0.0445 0.105005
v -0.037846 0.020611 0.089044
v -0.037764 -0.013071 0.081211
v -0.03774 -0.013056 0.053702
v -0.037696 -0.052998 0.0902
v -0.037696 -0.052998 0.1138
v -0.037683 0.046183 0.089756
v -0.037683 0.046183 0.114244
v -0.037593 0.012124 0.053202
v -0.037569 -0.012199 0.053202
v -0.037503 0.013912 0.080683
v -0.0375 -0.057 0.102
v -0.0375 -0.053 0.102
v -0.0375 -0.0 0.057
v -0.0375 -0.0 0.0532
v -0.037497 0.014036 0.081163
v -0.037497 -0.014053 0.081227
v -0.037497 0.014463 0.082456
v -0.037496 -0.014882 0.083337
v -0.037496 0.015064 0.083658
v -0.037496 0.015825 0.084753
v -0.037496 -0.016173 0.085161
v -0.037496 0.016731 0.085728
v -0.037496 0.017765 0.086566
v -0.037496 -0.017853 0.086626
v -0.037495 0.018914 0.087252
v -0.037495 -0.019851 0.087661
v -0.037495 0.020161 0.087771
v -0.037473 -0.013919 0.080671
v -0.03745 0.046376 0.090411
v -0.037432 0.02124 0.088086
v -0.037381 -0.021241 0.088102
v -0.0373 0.046376 0.089881
v -0.0373 0.046376 0.114119
v -0.037228 -0.014631 0.080219
v -0.037087 0.0445 0.087016
v -0.037087 0.0445 0.116984
v -0.037075 -0.022003 0.08702
v -0.037063 0.022003 0.087025
v -0.037003 0.022108 0.086863
v -0.036992 -0.022153 0.08679
v -0.036965 -0.0222 0.086717
v -0.036955 0.0454 0.117307
v -0.036955 0.0454 0.086693
v -0.036934 0.042 0.093061
v -0.036934 0.042 0.110939
v -0.036934 0.0445 0.093061
v -0.036934 0.0445 0.110939
v -0.036924 -0.052498 0.116915
v -0.036924 -0.052498 0.087085
v -0.036904 0.022042 0.086864
v -0.036875 -0.022088 0.086793
v -0.036863 0.045835 0.117269
v -0.036863 0.045835 0.086731
v -0.036831 0.022413 0.086395
v -0.036779 -0.057 0.094684
v -0.036779 -0.057 0.109316
v -0.036779 -0.053 0.094684
v -0.036779 -0.053 0.109316
v -0.036779 -0.007316 0.057
v -0.036779 0.007316 0.057
v -0.036779 -0.007316 0.0532
v -0.036779 0.007316 0.0532
v -0.036649 0.046376 0.115883
v -0.036606 0.046183 0.117163
v -0.036606 0.046183 0.086837
v -0.036568 -0.053 0.087066
v -0.036568 -0.053 0.116934
v -0.036405 -0.052998 0.087134
v -0.036405 -0.052998 0.116866
v -0.036362 0.016607 0.078919
v -0.036341 0.015478 0.0532
v -0.036264 -0.015659 0.0532
v -0.036234 0.046376 0.117009
v -0.036234 0.046376 0.086991
v -0.036229 0.016549 0.053702
v -0.036179 0.015408 0.053202
v -0.036099 -0.015587 0.053202
v -0.036088 0.017253 0.078495
v -0.036048 -0.023473 0.084652
v -0.035788 -0.017867 0.078085
v -0.035734 0.018007 0.078145
v -0.035734 -0.018021 0.078199
v -0.035734 0.018373 0.079257
v -0.035733 -0.018734 0.080015
v -0.035733 0.01889 0.080291
v -0.035733 0.019545 0.081233
v -0.035733 -0.019844 0.081584
v -0.035733 0.020323 0.082071
v -0.035733 0.021213 0.082792
v -0.035732 -0.021289 0.082844
v -0.035732 0.022201 0.083382
v -0.035732 -0.023007 0.083734
v -0.035732 0.023275 0.083828
v -0.035729 -0.017973 0.078013
v -0.035706 0.017962 0.078014
v -0.035687 -0.023898 0.084032
v -0.035679 0.023901 0.08403
v -0.035644 0.024097 0.083898
v -0.03564 0.0445 0.12016
v -0.03564 0.0454 0.12016
v -0.03564 0.0445 0.08384
v -0.03564 0.0454 0.08384
v -0.035635 -0.024126 0.083852
v -0.035605 0.024013 0.083859
v -0.035569 -0.024037 0.08383
v -0.035552 0.045835 0.120114
v -0.035552 0.045835 0.083886
v -0.035525 -0.024285 0.083616
v -0.035366 0.024493 0.083311
v -0.03535 0.024401 0.083268
v -0.035303 0.046183 0.119988
v -0.035303 0.046183 0.084012
v -0.035216 -0.052498 0.120968
v -0.035216 -0.052498 0.083032
v -0.035078 0.019224 0.053702
v -0.035063 0.042 0.116649
v -0.035063 0.0445 0.116649
v -0.035063 0.042 0.087351
v -0.035063 0.0445 0.087351
v -0.035037 0.046376 0.084394
v -0.035014 -0.01934 0.053702
v -0.034945 0.046376 0.119805
v -0.034945 0.046376 0.084195
v -0.034776 -0.052998 0.120731
v -0.034776 -0.052998 0.083269
v -0.034645 -0.057 0.116351
v -0.034645 -0.053 0.116351
v -0.034645 -0.014351 0.057
v -0.034645 0.014351 0.057
v -0.034645 -0.057 0.087649
v -0.034645 -0.053 0.087649
v -0.034645 -0.014351 0.0532
v -0.034645 0.014351 0.0532
v -0.034639 0.018984 0.053202
v -0.034619 -0.019988 0.076637
v -0.034587 -0.019963 0.053702
v -0.034576 -0.019098 0.053202
v -0.034273 0.020624 0.076204
v -0.034212 -0.020725 0.076134
v -0.034205 -0.020736 0.076126
v -0.034106 0.0454 0.1229
v -0.034106 0.0454 0.0811
v -0.034046 0.026066 0.081055
v -0.034035 -0.026095 0.08101
v -0.034021 0.045835 0.122848
v -0.034021 0.045835 0.081152
v -0.033939 0.025946 0.081041
v -0.03392 -0.025977 0.080997
v -0.033864 0.046376 0.121735
v -0.033863 -0.026304 0.080709
v -0.033783 0.046183 0.122702
v -0.033783 0.046183 0.081298
v -0.03362 0.026573 0.080328
v -0.033547 0.0445 0.123786
v -0.033547 0.0445 0.080214
v -0.033542 0.026652 0.080218
v -0.033535 0.022087 0.076217
v -0.033534 -0.022392 0.076859
v -0.033534 0.023078 0.077889
v -0.033534 -0.023331 0.078186
v -0.033534 0.023737 0.078598
v -0.033534 0.024489 0.079207
v -0.033534 -0.024553 0.079251
v -0.033534 0.025325 0.079707
v -0.033533 -0.026007 0.080004
v -0.033533 0.026233 0.080084
v -0.033529 -0.026649 0.080226
v -0.033504 -0.021787 0.075385
v -0.033503 0.021787 0.075386
v -0.033462 -0.026516 0.080209
v -0.03344 0.046376 0.122492
v -0.03344 0.046376 0.081508
v -0.033426 0.026509 0.08023
v -0.033399 -0.052498 0.080313
v -0.033399 -0.052498 0.123687
v -0.033006 -0.053 0.080301
v -0.033006 -0.053 0.123699
v -0.032858 -0.052998 0.0804
v -0.032858 -0.052998 0.1236
v -0.032845 -0.027243 0.079149
v -0.032734 0.022108 0.0532
v -0.032587 0.022009 0.053202
v -0.032571 0.023194 0.074395
v -0.032568 -0.022352 0.0532
v -0.032443 0.023108 0.053702
v -0.03242 -0.02225 0.053202
v -0.032367 0.023503 0.074178
v -0.032361 0.0445 0.125511
v -0.032361 0.0454 0.125511
v -0.032361 0.0445 0.078489
v -0.032361 0.0454 0.078489
v -0.032315 0.042 0.121993
v -0.032315 0.0445 0.121993
v -0.032315 0.042 0.082007
v -0.032315 0.0445 0.082007
v -0.032285 -0.023615 0.074098
v -0.03228 0.045835 0.125453
v -0.03228 0.045835 0.078547
v -0.032213 0.028001 0.078343
v -0.032186 -0.028041 0.078283
v -0.032183 0.027869 0.07827
v -0.032149 0.047963 0.102997
v -0.032121 0.047963 0.100336
v -0.032106 -0.027896 0.078245
v -0.032055 0.046183 0.125289
v -0.032055 0.046183 0.078711
v -0.03198 0.028092 0.077949
v -0.031956 0.047963 0.105652
v -0.031881 -0.028357 0.077842
v -0.031873 0.047963 0.097686
v -0.031818 0.047981 0.102987
v -0.03179 0.047981 0.100353
v -0.031778 0.047981 0.103529
v -0.031729 0.046376 0.125053
v -0.031729 0.046376 0.078947
v -0.031706 0.047981 0.099454
v -0.03166 0.046376 0.078859
v -0.031627 0.047981 0.105614
v -0.031587 0.028637 0.077458
v -0.031545 0.047981 0.09773
v -0.031545 0.047963 0.108281
v -0.031408 0.047963 0.095065
v -0.03132 0.047981 0.10758
v -0.03122 0.047981 0.108217
v -0.031217 0.0477 0.100557
v -0.031214 0.047916 0.103502
v -0.03118 -0.057 0.122834
v -0.03118 -0.053 0.122834
v -0.03118 -0.020834 0.0532
v -0.03118 -0.020834 0.057
v -0.03118 0.020834 0.0532
v -0.03118 0.020834 0.057
v -0.03118 -0.057 0.081166
v -0.03118 -0.053 0.081166
v -0.031167 0.047916 0.100558
v -0.03115 0.047916 0.099498
v -0.031134 0.047981 0.095417
v -0.031084 0.047981 0.095137
v -0.030983 -0.052498 0.076701
v -0.030983 -0.052498 0.1273
v -0.03095 0.0477 0.106317
v -0.030927 0.02556 0.073372
v -0.030926 -0.025814 0.073905
v -0.030926 0.026384 0.07476
v -0.030926 -0.026594 0.075006
v -0.030926 0.02693 0.075348
v -0.030926 0.027555 0.075854
v -0.030926 -0.027608 0.075891
v -0.030926 0.028248 0.076269
v -0.030925 -0.028814 0.076517
v -0.030925 0.029001 0.076583
v -0.030917 0.047963 0.110868
v -0.0309 0.025351 0.072837
v -0.030897 0.047916 0.106311
v -0.030894 -0.025348 0.072838
v -0.030849 0.029039 0.076653
v -0.030832 0.025483 0.053702
v -0.030817 -0.029034 0.076671
v -0.030766 0.047916 0.107481
v -0.03075 0.047862 0.102
v -0.030727 0.047963 0.092492
v -0.030717 0.0477 0.10058
v -0.030713 -0.025626 0.053702
v -0.030657 0.047862 0.100584
v -0.030599 0.047981 0.110777
v -0.030596 -0.052998 0.077017
v -0.030596 -0.052998 0.126983
v -0.030574 0.047916 0.095535
v -0.030487 0.047862 0.097986
v -0.030487 0.047862 0.106014
v -0.030455 0.0477 0.106248
v -0.030446 0.025165 0.053202
v -0.030441 0.047862 0.106245
v -0.03042 0.0477 0.094845
v -0.030416 0.0454 0.127978
v -0.030416 0.0454 0.076022
v -0.03041 0.047981 0.09259
v -0.030384 0.047916 0.094855
v -0.030346 0.047981 0.111538
v -0.030341 0.045835 0.127913
v -0.030341 0.045835 0.076087
v -0.030329 -0.025306 0.053202
v -0.030233 0.026191 0.072228
v -0.030221 -0.026187 0.072228
v -0.030185 -0.026149 0.053702
v -0.030154 0.046376 0.12705
v -0.03014 0.029896 0.075763
v -0.030129 0.046183 0.127732
v -0.030129 0.046183 0.076268
v -0.030116 -0.029924 0.075723
v -0.030078 0.047963 0.113394
v -0.030045 -0.026406 0.072069
v -0.030037 0.029719 0.075724
v -0.030021 0.047981 0.091495
v -0.030009 -0.029748 0.075683
v -0.029933 0.0477 0.09496
v -0.029887 0.047862 0.094969
v -0.029835 0.047963 0.089984
v -0.029823 0.046376 0.127471
v -0.029823 0.046376 0.076529
v -0.029812 0.047916 0.111371
v -0.029769 0.047981 0.113277
v -0.029742 0.029966 0.075386
v -0.029702 0.047862 0.109959
v -0.029702 0.047862 0.094041
v -0.02963 0.0477 0.111931
v -0.0296 0.047916 0.111919
v -0.029528 0.047981 0.090108
v -0.029523 -0.030449 0.075012
v -0.029496 0.047916 0.091679
v -0.029214 0.030702 0.074677
v -0.029156 0.0477 0.111772
v -0.029094 0.047862 0.111751
v -0.029033 0.047963 0.115842
v -0.028886 0.047981 0.115345
v -0.028799 -0.030817 0.074205
v -0.028774 0.0445 0.129786
v -0.028774 0.0445 0.074214
v -0.028759 0.042 0.126838
v -0.028759 0.0445 0.126838
v -0.028759 0.042 0.077162
v -0.028759 0.0445 0.077162
v -0.028759 0.031044 0.074229
v -0.028749 -0.031039 0.074239
v -0.02874 0.047963 0.087559
v -0.028735 0.047981 0.115699
v -0.028647 -0.052498 0.074339
v -0.028647 -0.052498 0.129661
v -0.028639 0.046604 0.127285
v -0.028635 0.046541 0.076288
v -0.028627 0.046537 0.076252
v -0.028627 0.046583 0.127441
v -0.028594 0.046645 0.076938
v -0.028587 0.0477 0.089377
v -0.028579 0.046681 0.077164
v -0.028573 0.046489 0.128125
v -0.028571 0.046485 0.128153
v -0.028539 0.046697 0.126771
v -0.028531 0.047916 0.089401
v -0.02848 0.046459 0.075579
v -0.02848 0.046752 0.126467
v -0.028455 0.047981 0.087731
v -0.028451 0.04648 0.076718
v -0.028447 0.046441 0.075427
v -0.028444 0.047981 0.087707
v -0.028439 0.046405 0.127771
v -0.028435 0.042 0.127086
v -0.028435 0.0445 0.127086
v -0.028435 0.042 0.076914
v -0.028435 0.0445 0.076914
v -0.028431 0.046769 0.077595
v -0.028426 0.046461 0.127427
v -0.028416 0.046418 0.076286
v -0.028409 0.047862 0.113768
v -0.028409 0.047862 0.090232
v -0.028408 0.046521 0.076931
v -0.028407 0.046545 0.126914
v -0.028383 0.04636 0.075889
v -0.028369 0.047916 0.115106
v -0.028366 0.046572 0.12679
v -0.028364 0.04637 0.128065
v -0.028354 0.045 0.126679
v -0.028354 0.045 0.128232
v -0.028354 0.045 0.075768
v -0.028354 0.045 0.077321
v -0.028341 0.046427 0.128773
v -0.02834 0.046349 0.075773
v -0.028333 0.046594 0.126686
v -0.02833 0.046595 0.077316
v -0.028323 0.046352 0.128225
v -0.028317 0.046838 0.077929
v -0.028316 0.046828 0.126137
v -0.028294 0.046337 0.075653
v -0.028284 0.046639 0.077544
v -0.028284 0.0445 0.130284
v -0.028284 0.0454 0.130284
v -0.028284 0.0445 0.073716
v -0.028284 0.0454 0.073716
v -0.028274 0.046644 0.077564
v -0.028269 0.046409 0.128969
v -0.028225 0.046307 0.128611
v -0.028214 0.045835 0.130214
v -0.028214 0.045835 0.073786
v -0.028207 -0.053 0.074348
v -0.028207 -0.053 0.129652
v -0.028195 0.046409 0.074952
v -0.028179 0.046302 0.128687
v -0.028168 0.046703 0.126177
v -0.028164 0.046705 0.126165
v -0.028133 0.046909 0.078199
v -0.02813 0.0477 0.089579
v -0.028096 0.047862 0.089596
v -0.028093 0.046932 0.125687
v -0.028085 0.046284 0.075099
v -0.02808 -0.052998 0.129526
v -0.02808 -0.052998 0.074474
v -0.028053 0.04639 0.074684
v -0.028046 0.046282 0.075048
v -0.028039 0.042 0.127183
v -0.028039 0.0445 0.127183
v -0.028039 0.042 0.076817
v -0.028039 0.0445 0.076817
v -0.028033 0.031396 0.07343
v -0.028017 0.046183 0.130017
v -0.028017 0.046183 0.073983
v -0.027987 0.046394 0.129357
v -0.027986 0.046971 0.125549
v -0.027974 0.046785 0.078133
v -0.027942 0.028752 0.070757
v -0.027941 -0.028959 0.071189
v -0.027941 0.029422 0.071883
v -0.027941 -0.029593 0.072083
v -0.027941 0.030373 0.072772
v -0.027941 -0.030416 0.072802
v -0.02794 -0.031395 0.073313
v -0.027934 0.047916 0.087992
v -0.027933 0.031461 0.073344
v -0.027931 0.027931 0.0532
v -0.02793 0.028615 0.070413
v -0.027929 -0.028614 0.070413
v -0.027879 0.04683 0.078313
v -0.027878 -0.03144 0.073388
v -0.027873 0.047011 0.125402
v -0.027846 0.046267 0.129247
v -0.027844 0.031733 0.073329
v -0.027833 -0.031736 0.073325
v -0.027821 0.047029 0.078657
v -0.027821 0.046848 0.12564
v -0.027806 0.027806 0.053202
v -0.027803 0.031546 0.073234
v -0.027799 0.046383 0.074384
v -0.027793 0.046261 0.129337
v -0.02779 0.047963 0.118195
v -0.027761 0.046381 0.129669
v -0.027745 -0.03153 0.07327
v -0.027735 0.047053 0.12528
v -0.027732 0.046376 0.129732
v -0.027732 0.046376 0.074268
v -0.027725 0.046888 0.125493
v -0.027725 0.047057 0.078737
v -0.027715 0.046381 0.074285
v -0.02771 0.028847 0.070239
v -0.027666 -0.028889 0.070207
v -0.027656 0.046912 0.125416
v -0.027652 -0.028207 0.0532
v -0.02765 0.046261 0.07452
v -0.027637 0.042 0.127115
v -0.027637 0.0445 0.127115
v -0.027637 0.042 0.076885
v -0.027637 0.0445 0.076885
v -0.027612 0.046385 0.074207
v -0.027606 0.046929 0.125365
v -0.027599 0.028944 0.070164
v -0.027577 0.045 0.129577
v -0.027577 0.045 0.125335
v -0.027577 0.046939 0.125335
v -0.027577 0.045 0.074423
v -0.027577 0.045 0.078665
v -0.027577 0.046258 0.074423
v -0.027574 0.046934 0.078629
v -0.027558 0.046264 0.129557
v -0.027557 0.04694 0.078646
v -0.027526 -0.02808 0.053202
v -0.027521 0.046389 0.129858
v -0.027517 0.046376 0.074069
v -0.027504 0.047981 0.118028
v -0.027485 0.046259 0.074341
v -0.027484 0.028831 0.053702
v -0.02748 0.046389 0.074106
v -0.027447 0.047963 0.085232
v -0.027391 0.046265 0.129713
v -0.027318 0.046262 0.074192
v -0.02731 0.047024 0.078902
v -0.027301 0.0477 0.117206
v -0.027295 0.042 0.126891
v -0.027295 0.0445 0.126891
v -0.027295 0.042 0.077109
v -0.027295 0.0445 0.077109
v -0.027246 0.047916 0.117177
v -0.027227 0.047205 0.124835
v -0.027219 0.047207 0.124828
v -0.027204 0.047209 0.07917
v -0.027178 0.046268 0.129912
v -0.027165 0.047981 0.085404
v -0.027147 0.047226 0.079218
v -0.027102 0.047081 0.124971
v -0.027098 0.0445 0.127016
v -0.027098 0.0445 0.127896
v -0.027098 0.045 0.127016
v -0.027098 0.045 0.127896
v -0.027098 0.0445 0.076104
v -0.027098 0.0445 0.076984
v -0.027098 0.045 0.076104
v -0.027098 0.045 0.076984
v -0.027086 0.047085 0.079035
v -0.027077 0.046402 0.130209
v -0.027057 0.046404 0.073786
v -0.027025 0.046406 0.073762
v -0.026961 0.046412 0.130256
v -0.026945 0.047128 0.124851
v -0.026942 0.046286 0.073972
v -0.026932 0.047981 0.118922
v -0.026919 -0.032432 0.072413
v -0.026864 0.0477 0.116963
v -0.026862 0.032472 0.072362
v -0.026858 0.046291 0.130081
v -0.026839 0.047862 0.116951
v -0.026658 0.0445 0.128658
v -0.026658 0.045 0.128658
v -0.026658 0.042 0.126254
v -0.026658 0.0445 0.126254
v -0.026658 0.045 0.126254
v -0.026658 0.042 0.077746
v -0.026658 0.0445 0.075342
v -0.026658 0.0445 0.077746
v -0.026658 0.045 0.075342
v -0.026658 0.045 0.077746
v -0.02663 0.047862 0.117375
v -0.02663 0.047862 0.086625
v -0.026625 0.04721 0.079307
v -0.026618 0.047352 0.124543
v -0.026594 0.047357 0.079463
v -0.02659 0.046309 0.073767
v -0.026536 0.047227 0.124685
v -0.02652 0.047233 0.079335
v -0.026517 -0.057 0.128517
v -0.026517 -0.053 0.128517
v -0.026517 -0.026517 0.0532
v -0.026517 -0.026517 0.057
v -0.026517 0.026517 0.0532
v -0.026517 0.026517 0.057
v -0.026516 -0.057 0.075483
v -0.026516 -0.053 0.075483
v -0.026505 0.046317 0.130266
v -0.02646 0.047916 0.118626
v -0.026428 0.047398 0.124452
v -0.026419 0.046458 0.073514
v -0.026375 0.047981 0.084224
v -0.026355 0.047963 0.120437
v -0.02635 0.046336 0.073701
v -0.026349 0.047414 0.079571
v -0.026326 0.046467 0.130519
v -0.026301 0.046469 0.073466
v -0.026271 0.046472 0.130542
v -0.02626 0.046347 0.130321
v -0.026232 0.045 0.130354
v -0.026232 0.045 0.124558
v -0.026232 0.045 0.073646
v -0.026232 0.045 0.079442
v -0.026231 0.047302 0.124562
v -0.026227 0.046351 0.130328
v -0.026227 0.04635 0.073667
v -0.026225 0.047299 0.079414
v -0.026204 0.047308 0.124551
v -0.026084 0.047981 0.120247
v -0.025978 0.0454 0.132416
v -0.025978 0.0454 0.071584
v -0.02597 0.047487 0.124376
v -0.025967 0.047963 0.08302
v -0.025939 0.047493 0.07963
v -0.025925 0.047363 0.12452
v -0.025914 0.047916 0.084534
v -0.025913 0.045835 0.132341
v -0.025913 0.045835 0.071659
v -0.025898 0.046387 0.073577
v -0.025896 0.0445 0.129098
v -0.025896 0.045 0.129098
v -0.025896 0.042 0.125814
v -0.025896 0.045 0.125814
v -0.025896 0.042 0.078186
v -0.025896 0.0445 0.074902
v -0.025896 0.045 0.074902
v -0.025896 0.045 0.078186
v -0.025896 0.047372 0.079502
v -0.025819 0.047389 0.079522
v -0.025781 0.0477 0.084339
v -0.02577 0.047916 0.084348
v -0.025745 0.046541 0.073394
v -0.025732 0.046183 0.132129
v -0.025732 0.046183 0.071871
v -0.025715 0.046416 0.073575
v -0.0257 0.047981 0.083215
v -0.025698 0.046415 0.130446
v -0.025648 0.046554 0.130615
v -0.025626 -0.052498 0.071287
v -0.025626 -0.052498 0.132713
v -0.025624 0.046428 0.130442
v -0.025621 0.046376 0.131685
v -0.025561 0.047566 0.124308
v -0.025496 0.047578 0.079693
v -0.025483 0.030832 0.053702
v -0.025471 0.046376 0.131823
v -0.025471 0.046376 0.072177
v -0.02545 0.046579 0.073356
v -0.025446 -0.033084 0.071231
v -0.025402 0.046586 0.130643
v -0.025369 0.0477 0.084622
v -0.025353 0.047476 0.124458
v -0.025327 -0.033469 0.071095
v -0.025316 0.047862 0.084657
v -0.025308 0.033484 0.071076
v -0.025306 -0.052998 0.071671
v -0.025306 -0.052998 0.132329
v -0.025299 -0.030983 0.053702
v -0.025296 0.047607 0.124338
v -0.025284 0.047486 0.12447
v -0.02528 -0.030999 0.068579
v -0.025263 0.047612 0.079663
v -0.025251 0.047489 0.079514
v -0.025224 -0.033234 0.071034
v -0.025201 0.033246 0.07102
v -0.025183 0.042 0.130039
v -0.025183 0.0445 0.130039
v -0.025183 0.042 0.073961
v -0.025183 0.0445 0.073961
v -0.025165 0.030446 0.053202
v -0.025115 0.042 0.129637
v -0.025115 0.0445 0.129637
v -0.025115 0.042 0.074363
v -0.025115 0.0445 0.074363
v -0.025086 0.042 0.130435
v -0.025086 0.0445 0.130435
v -0.025086 0.042 0.073565
v -0.025086 0.0445 0.073565
v -0.025066 0.046517 0.07357
v -0.025064 0.046646 0.073412
v -0.025062 0.046518 0.073571
v -0.025016 0.0445 0.129098
v -0.025016 0.045 0.129098
v -0.025016 0.042 0.125814
v -0.025016 0.045 0.125814
v -0.025016 0.042 0.078186
v -0.025016 0.0445 0.074902
v -0.025016 0.045 0.074902
v -0.025016 0.045 0.078186
v -0.025012 0.047531 0.079511
v -0.024983 -0.030596 0.053202
v -0.024979 0.046536 0.130403
v -0.024975 0.046661 0.130574
v -0.024937 0.031275 0.068363
v -0.024891 0.042 0.129295
v -0.024891 0.0445 0.129295
v -0.024891 0.042 0.074705
v -0.024891 0.0445 0.074705
v -0.024861 0.046556 0.130396
v -0.024838 0.042 0.130759
v -0.024838 0.0445 0.130759
v -0.024838 0.042 0.073241
v -0.024838 0.0445 0.073241
v -0.024741 0.047963 0.122553
v -0.024712 -0.031423 0.068242
v -0.024691 -0.03139 0.053702
v -0.024687 0.046595 0.073675
v -0.024686 0.046594 0.130336
v -0.024685 0.047574 0.079421
v -0.024685 0.047699 0.124408
v -0.024683 0.047575 0.124576
v -0.024679 0.045 0.130354
v -0.024679 0.045 0.124558
v -0.024679 0.045 0.073646
v -0.024679 0.045 0.079442
v -0.024648 0.047581 0.124582
v -0.024646 0.047704 0.079582
v -0.024624 0.047705 0.124433
v -0.024616 0.031621 0.068403
v -0.024615 -0.031786 0.068745
v -0.024615 0.032155 0.069294
v -0.024615 -0.032291 0.069453
v -0.024615 0.032909 0.07
v -0.024615 -0.032943 0.070024
v -0.024613 0.047584 0.079402
v -0.024613 0.046725 0.130516
v -0.024603 0.031517 0.068169
v -0.024595 -0.031511 0.068172
v -0.024593 0.046727 0.073481
v -0.024584 0.04771 0.079557
v -0.024572 -0.033675 0.070456
v -0.024563 0.047981 0.122241
v -0.024556 0.033668 0.070471
v -0.024538 0.046738 0.130504
v -0.024527 0.047598 0.124603
v -0.024486 0.047981 0.122341
v -0.024438 0.046646 0.073744
v -0.024428 0.047963 0.081076
v -0.024403 0.046769 0.073566
v -0.024396 0.047862 0.120719
v -0.024396 0.047862 0.083281
v -0.024367 0.046663 0.130225
v -0.024326 0.046786 0.130403
v -0.024321 0.047622 0.079321
v -0.024254 0.046684 0.073795
v -0.024254 0.042 0.128658
v -0.024254 0.0445 0.128658
v -0.024254 0.045 0.128658
v -0.024254 0.042 0.126254
v -0.024254 0.045 0.126254
v -0.024254 0.042 0.075342
v -0.024254 0.042 0.077746
v -0.024254 0.0445 0.075342
v -0.024254 0.045 0.075342
v -0.024254 0.045 0.077746
v -0.024176 0.047981 0.081291
v -0.024117 0.047916 0.121873
v -0.024103 0.04672 0.130134
v -0.024078 0.034285 0.070058
v -0.024052 0.047643 0.124835
v -0.024049 -0.034302 0.070036
v -0.024042 0.0477 0.121964
v -0.024036 0.047916 0.121959
v -0.024016 0.047646 0.079144
v -0.024007 -0.034057 0.069955
v -0.023987 0.04777 0.124695
v -0.023942 0.047776 0.079294
v -0.023924 0.047777 0.079286
v -0.023896 0.047981 0.080988
v -0.023878 0.047781 0.12474
v -0.02387 0.046786 0.074032
v -0.023814 0.042 0.127016
v -0.023814 0.042 0.127896
v -0.023814 0.045 0.127016
v -0.023814 0.045 0.127896
v -0.023814 0.042 0.076104
v -0.023814 0.042 0.076984
v -0.023814 0.045 0.076104
v -0.023814 0.045 0.076984
v -0.023804 0.046803 0.129929
v -0.023801 0.046903 0.073834
v -0.023785 0.046908 0.073847
v -0.023779 0.047669 0.124968
v -0.023736 0.04692 0.130125
v -0.023716 0.046925 0.130108
v -0.023657 0.0477 0.121645
v -0.023616 0.047862 0.121608
v -0.023597 0.047678 0.078899
v -0.023564 0.034315 0.069627
v -0.023542 0.046873 0.074234
v -0.023519 0.047673 0.125202
v -0.023511 0.0445 0.134361
v -0.023511 0.0454 0.134361
v -0.023511 0.0445 0.069639
v -0.023511 0.0454 0.069639
v -0.02347 0.04768 0.078786
v -0.023467 0.047916 0.081364
v -0.023453 0.045835 0.13428
v -0.023453 0.045835 0.06972
v -0.023451 0.046901 0.129688
v -0.023427 0.047798 0.125094
v -0.023387 0.0478 0.078879
v -0.023368 0.046934 0.074425
v -0.023354 0.046939 0.07444
v -0.023351 0.047676 0.125353
v -0.023335 0.045 0.129577
v -0.023335 0.046939 0.129577
v -0.023335 0.045 0.125335
v -0.023335 0.045 0.074423
v -0.023335 0.045 0.078665
v -0.023335 0.047683 0.078665
v -0.0233 0.046951 0.129541
v -0.023289 0.046183 0.134055
v -0.023289 0.046183 0.069945
v -0.023263 0.046963 0.129503
v -0.023262 0.047058 0.074283
v -0.023236 0.047806 0.078764
v -0.023227 0.047676 0.078522
v -0.023211 0.047075 0.129664
v -0.023199 0.047806 0.125273
v -0.023181 0.046992 0.129412
v -0.02316 0.04768 0.125525
v -0.023127 0.047097 0.074396
v -0.023113 0.047803 0.078619
v -0.023085 0.047034 0.129267
v -0.023076 0.047801 0.078576
v -0.023072 0.047116 0.129542
v -0.023071 0.04767 0.125668
v -0.023053 0.046376 0.133729
v -0.023053 0.046376 0.070271
v -0.022978 0.047072 0.074853
v -0.022964 0.047791 0.125595
v -0.02296 0.047157 0.129396
v -0.022957 0.047963 0.124528
v -0.02295 0.047086 0.074909
v -0.022943 0.0445 0.069234
v -0.022943 0.0445 0.134766
v -0.022924 0.03493 0.069261
v -0.022923 -0.034929 0.069263
v -0.022894 0.047796 0.078361
v -0.022849 0.047199 0.12925
v -0.022845 0.047209 0.074809
v -0.022842 -0.052498 0.069382
v -0.022842 -0.052498 0.134618
v -0.022833 0.047652 0.077998
v -0.022828 0.047652 0.077991
v -0.022766 0.04717 0.128784
v -0.022748 0.047183 0.128728
v -0.022743 0.047963 0.079257
v -0.022728 0.04777 0.078047
v -0.022724 0.047632 0.126223
v -0.022721 0.047981 0.124296
v -0.022715 0.047631 0.126237
v -0.022688 0.047774 0.125971
v -0.022661 0.047235 0.075483
v -0.022634 0.047293 0.075119
v -0.022632 0.047306 0.128811
v -0.022623 0.047254 0.075558
v -0.02261 0.047751 0.12618
v -0.022605 -0.033001 0.066989
v -0.022598 0.047584 0.077386
v -0.022588 0.047572 0.126688
v -0.022587 -0.035116 0.069033
v -0.022586 0.047299 0.128223
v -0.02258 0.047299 0.075772
v -0.022572 0.047576 0.077316
v -0.022566 0.047963 0.079094
v -0.022565 0.046376 0.069945
v -0.022558 0.045 0.126679
v -0.022558 0.045 0.128232
v -0.022558 0.045 0.075768
v -0.022558 0.045 0.077321
v -0.022557 0.035136 0.069008
v -0.022552 0.047324 0.128117
v -0.022544 0.047551 0.126847
v -0.022536 0.047357 0.075406
v -0.022529 0.047563 0.077204
v -0.022514 0.04737 0.07611
v -0.022509 0.047981 0.079491
v -0.022507 0.047736 0.07763
v -0.022496 0.047364 0.127944
v -0.022491 0.047488 0.076748
v -0.022487 0.047447 0.127483
v -0.022487 -0.034848 0.068972
v -0.02248 0.047521 0.127075
v -0.022469 0.047386 0.128479
v -0.022466 0.034872 0.068939
v -0.02246 0.047428 0.076384
v -0.022459 0.047707 0.077415
v -0.022412 0.047446 0.128177
v -0.022384 0.047686 0.126784
v -0.02238 0.047679 0.126828
v -0.02237 0.047464 0.075893
v -0.022361 0.047499 0.127911
v -0.02236 0.047494 0.07606
v -0.022352 -0.053 0.069432
v -0.022352 -0.053 0.134568
v -0.022322 0.047573 0.127507
v -0.022319 0.047616 0.076741
v -0.022317 0.047622 0.076773
v -0.022311 0.047552 0.127643
v -0.02225 -0.052998 0.06958
v -0.02225 -0.052998 0.13442
v -0.022108 0.032734 0.0532
v -0.022097 0.0477 0.079903
v -0.022097 0.047916 0.079903
v -0.022009 0.032587 0.053202
v -0.021982 0.033419 0.066651
v -0.021758 0.047981 0.125199
v -0.021744 0.047862 0.123744
v -0.021744 0.0477 0.080256
v -0.021744 0.047862 0.080256
v -0.021699 -0.033006 0.0532
v -0.021617 0.033636 0.066471
v -0.0216 -0.032858 0.053202
v -0.021532 0.033512 0.053702
v -0.021377 0.047916 0.124794
v -0.021357 0.035807 0.068179
v -0.021206 -0.035885 0.068084
v -0.021016 0.047963 0.126349
v -0.021003 0.047981 0.078114
v -0.020989 0.034131 0.066342
v -0.020989 -0.034261 0.066605
v -0.020989 0.034547 0.067028
v -0.020989 -0.034652 0.06715
v -0.020989 0.035129 0.067574
v -0.020989 -0.035156 0.067593
v -0.020965 0.034025 0.066151
v -0.020964 -0.034025 0.06615
v -0.020922 -0.035661 0.067959
v -0.020916 0.035656 0.067967
v -0.0209 0.0454 0.136106
v -0.0209 0.0454 0.067894
v -0.020848 0.045835 0.136021
v -0.020848 0.045835 0.067979
v -0.020834 -0.057 0.13318
v -0.020834 -0.053 0.13318
v -0.020834 -0.03118 0.0532
v -0.020834 -0.03118 0.057
v -0.020834 0.03118 0.0532
v -0.020834 0.03118 0.057
v -0.020834 -0.057 0.07082
v -0.020834 -0.053 0.07082
v -0.020799 0.047981 0.126098
v -0.020702 0.046183 0.135783
v -0.020702 0.046183 0.068217
v -0.020636 0.047916 0.078533
v -0.020613 0.047963 0.077309
v -0.020522 0.046939 0.102
v -0.020492 0.046376 0.13544
v -0.020492 0.046376 0.06856
v -0.020401 0.047981 0.077564
v -0.02038 0.046376 0.135503
v -0.020347 0.046939 0.099321
v -0.020347 0.046939 0.104679
v -0.019993 0.042 0.134315
v -0.019993 0.0445 0.134315
v -0.019993 0.042 0.069685
v -0.019993 0.0445 0.069685
v -0.019964 0.0477 0.126042
v -0.019923 0.047916 0.125992
v -0.019823 0.046939 0.096688
v -0.019823 0.046939 0.107312
v -0.019756 -0.03478 0.065531
v -0.019645 0.0477 0.125657
v -0.019615 -0.036641 0.067178
v -0.019608 0.047862 0.125616
v -0.019584 0.036652 0.067165
v -0.01955 -0.036374 0.067072
v -0.0195 0.036373 0.06708
v -0.01934 -0.052498 0.066986
v -0.01934 -0.052498 0.137014
v -0.019237 -0.036538 0.066869
v -0.019224 0.035078 0.053702
v -0.019098 -0.052998 0.067424
v -0.019098 -0.052998 0.136576
v -0.018984 0.034639 0.053202
v -0.018968 -0.035216 0.053702
v -0.01896 0.046939 0.109853
v -0.01896 0.046939 0.094147
v -0.018931 0.047963 0.128003
v -0.018919 0.035243 0.065145
v -0.018736 0.047981 0.127736
v -0.018731 -0.034776 0.053202
v -0.018719 0.047862 0.126396
v -0.018719 0.047862 0.077604
v -0.018697 0.036779 0.066577
v -0.018625 0.047981 0.127809
v -0.018514 0.047963 0.075699
v -0.01836 -0.037237 0.066462
v -0.018324 0.047981 0.075969
v -0.018315 -0.035525 0.064901
v -0.018309 0.03726 0.066436
v -0.018305 -0.035496 0.053702
v -0.018287 0.047916 0.127341
v -0.01816 0.0445 0.13764
v -0.01816 0.0454 0.13764
v -0.01816 0.0445 0.06636
v -0.01816 0.0454 0.06636
v -0.018114 0.045835 0.137552
v -0.018114 0.045835 0.066448
v -0.017988 0.046183 0.137303
v -0.017988 0.046183 0.066697
v -0.017805 0.046376 0.136945
v -0.017805 0.046376 0.067055
v -0.017781 0.047981 0.07562
v -0.017773 0.046939 0.112261
v -0.017773 0.046939 0.091739
v -0.017661 0.0477 0.076219
v -0.017652 0.047916 0.07623
v -0.017466 0.047916 0.076086
v -0.017426 -0.0581 0.103606
v -0.017426 -0.057 0.103606
v -0.017378 0.0477 0.076631
v -0.017342 0.047862 0.076684
v -0.017327 -0.0582 0.103597
v -0.017173 -0.0581 0.098632
v -0.017173 -0.057 0.098632
v -0.017107 0.036247 0.064602
v -0.017107 -0.036347 0.064798
v -0.017107 0.036566 0.065116
v -0.017107 -0.036645 0.065207
v -0.017107 0.037003 0.065528
v -0.017107 -0.037023 0.065542
v -0.017102 -0.036152 0.064372
v -0.017082 0.036126 0.064388
v -0.017075 -0.0582 0.098651
v -0.017052 0.037402 0.065855
v -0.017048 -0.037402 0.065858
v -0.017006 0.046376 0.066687
v -0.016997 -0.037421 0.065834
v -0.016934 -0.036239 0.064298
v -0.016716 0.047963 0.129479
v -0.016544 0.047981 0.129196
v -0.016454 -0.037995 0.06558
v -0.016435 0.038003 0.06557
v -0.016352 -0.037676 0.065536
v -0.016328 0.037677 0.065538
v -0.01629 0.047963 0.074266
v -0.016281 0.046939 0.114493
v -0.016281 0.046939 0.089507
v -0.016269 0.0445 0.065458
v -0.016269 0.0445 0.138542
v -0.016268 -0.0581 0.108451
v -0.016268 -0.057 0.108451
v -0.016256 0.038074 0.065488
v -0.016255 -0.038073 0.065488
v -0.016198 -0.052498 0.065623
v -0.016198 -0.052498 0.138377
v -0.016175 -0.0582 0.108414
v -0.016122 0.047981 0.074552
v -0.015709 0.036786 0.063823
v -0.015659 -0.053 0.065736
v -0.015659 -0.053 0.138264
v -0.015587 -0.052998 0.065901
v -0.015587 -0.052998 0.138099
v -0.015528 -0.0581 0.09393
v -0.015528 -0.057 0.09393
v -0.015478 0.036341 0.0532
v -0.015439 -0.0582 0.093976
v -0.015408 0.036179 0.053202
v -0.015375 0.047862 0.12863
v -0.015375 0.047862 0.07537
v -0.015307 0.0454 0.138955
v -0.015307 0.0454 0.065045
v -0.015269 0.045835 0.138863
v -0.015269 0.045835 0.065137
v -0.015212 0.038488 0.065005
v -0.015212 -0.038488 0.065005
v -0.015206 0.0477 0.129301
v -0.015195 0.047916 0.129283
v -0.015163 0.046183 0.138606
v -0.015163 0.046183 0.065394
v -0.015162 0.047981 0.129961
v -0.015009 0.046376 0.138234
v -0.015009 0.046376 0.065766
v -0.014963 0.0477 0.128864
v -0.014951 0.047862 0.128839
v -0.014934 -0.036568 0.0532
v -0.014897 0.047916 0.129471
v -0.014866 -0.036405 0.053202
v -0.014856 0.037107 0.063535
v -0.014801 0.036982 0.053702
v -0.014649 0.042 0.137063
v -0.014649 0.0445 0.137063
v -0.014649 0.042 0.066937
v -0.014649 0.0445 0.066937
v -0.014577 0.046376 0.138393
v -0.014511 0.046939 0.116511
v -0.014511 0.046939 0.087489
v -0.014387 0.047963 0.130767
v -0.014351 -0.057 0.136645
v -0.014351 -0.053 0.136645
v -0.014351 -0.034645 0.0532
v -0.014351 -0.034645 0.057
v -0.014351 0.034645 0.0532
v -0.014351 0.034645 0.057
v -0.014351 -0.057 0.067355
v -0.014351 -0.053 0.067355
v -0.014262 0.047981 0.073559
v -0.014239 0.047981 0.130471
v -0.014231 -0.038514 0.064556
v -0.014008 0.047916 0.074066
v -0.013955 0.047963 0.073021
v -0.01394 -0.037492 0.063197
v -0.013812 0.047981 0.073319
v -0.013791 -0.0581 0.112772
v -0.013791 -0.057 0.112772
v -0.013713 -0.0582 0.112711
v -0.01371 0.038668 0.064389
v -0.0135 0.038773 0.064294
v -0.0135 -0.038773 0.064294
v -0.013396 -0.03879 0.064251
v -0.013385 0.038792 0.064246
v -0.013384 -0.038792 0.064246
v -0.013152 0.039155 0.064251
v -0.0131 0.038874 0.064159
v -0.013016 -0.038015 0.063353
v -0.013016 0.038179 0.063586
v -0.013016 -0.038238 0.063654
v -0.013016 0.038502 0.063892
v -0.013016 -0.038517 0.063902
v -0.013016 0.038892 0.064112
v -0.013013 -0.03885 0.0641
v -0.013013 -0.038839 0.064094
v -0.013009 0.0389 0.064131
v -0.013004 0.037805 0.06291
v -0.013 -0.037796 0.062916
v -0.012952 -0.03886 0.064075
v -0.012626 -0.0581 0.089882
v -0.012626 -0.057 0.089882
v -0.012623 0.0477 0.073413
v -0.012599 0.047916 0.073469
v -0.012553 -0.0582 0.089951
v -0.012493 0.046939 0.118281
v -0.012493 0.046939 0.085719
v -0.012465 0.038008 0.062728
v -0.012452 -0.039082 0.063931
v -0.012421 0.0477 0.07387
v -0.012404 0.047862 0.073904
v -0.012361 0.0445 0.140042
v -0.012361 0.0454 0.140042
v -0.012361 0.0445 0.063958
v -0.012361 0.0454 0.063958
v -0.012353 -0.052498 0.063955
v -0.012353 -0.052498 0.140045
v -0.01233 0.045835 0.139948
v -0.01233 0.045835 0.064052
v -0.012288 0.039435 0.063934
v -0.012277 0.038069 0.053702
v -0.012244 0.046183 0.139683
v -0.012244 0.046183 0.064317
v -0.012199 -0.052998 0.064431
v -0.012199 -0.052998 0.139569
v -0.012124 0.037593 0.053202
v -0.012119 0.046376 0.1393
v -0.012119 0.046376 0.0647
v -0.012077 -0.039496 0.063867
v -0.011959 0.047963 0.131858
v -0.01195 -0.038173 0.053702
v -0.011836 0.047981 0.131551
v -0.0118 -0.037696 0.053202
v -0.011776 -0.039571 0.063785
v -0.011768 0.047862 0.130409
v -0.011768 0.047862 0.073591
v -0.011714 -0.03928 0.063727
v -0.011555 -0.03908 0.063524
v -0.011527 0.047963 0.071972
v -0.011467 0.047981 0.131681
v -0.011408 0.047981 0.072281
v -0.011262 -0.038356 0.062398
v -0.011261 0.047916 0.13115
v -0.011257 -0.03832 0.053702
v -0.011237 -0.039122 0.063419
v -0.011225 -0.039411 0.063592
v -0.011104 0.038393 0.062362
v -0.01099 0.046376 0.064382
v -0.010601 -0.03857 0.062201
v -0.010521 0.039885 0.063441
v -0.010506 0.047981 0.071977
v -0.01048 0.039629 0.06336
v -0.010448 -0.039227 0.063159
v -0.010321 0.047916 0.072504
v -0.010268 0.046385 0.102
v -0.010261 0.046939 0.119773
v -0.010261 0.046939 0.084227
v -0.010211 0.039707 0.063278
v -0.010198 -0.0581 0.116222
v -0.010198 -0.057 0.116222
v -0.01018 0.046385 0.10066
v -0.01018 0.046385 0.10334
v -0.01014 -0.0582 0.11614
v -0.009931 0.0477 0.13163
v -0.009918 0.046385 0.104657
v -0.009918 0.046385 0.099343
v -0.009913 0.047916 0.131574
v -0.009881 -0.039301 0.062972
v -0.009775 -0.0398 0.063192
v -0.009772 0.0477 0.131156
v -0.009751 0.047862 0.131094
v -0.009486 0.046385 0.105929
v -0.009486 0.046385 0.098071
v -0.009449 0.047963 0.132745
v -0.009352 0.047981 0.132428
v -0.009338 0.0454 0.140895
v -0.009338 0.0454 0.063105
v -0.009315 0.045835 0.140798
v -0.009315 0.045835 0.063202
v -0.009262 0.038913 0.061866
v -0.00925 0.046183 0.140527
v -0.00925 0.046183 0.063473
v -0.009183 0.040226 0.063068
v -0.009161 -0.038903 0.06187
v -0.009156 0.046376 0.140136
v -0.009156 0.046376 0.063864
v -0.009133 -0.039971 0.063015
v -0.00902 0.047963 0.071126
v -0.008998 0.0445 0.063025
v -0.008998 0.0445 0.140975
v -0.008997 -0.040264 0.063027
v -0.008997 0.04026 0.063032
v -0.008959 -0.052498 0.063201
v -0.008959 -0.052498 0.140799
v -0.008944 -0.040278 0.063013
v -0.008939 0.042 0.138934
v -0.008939 0.0445 0.138934
v -0.008939 0.042 0.065066
v -0.008939 0.0445 0.065066
v -0.008927 0.047981 0.071444
v -0.008892 0.046385 0.107134
v -0.008892 0.046385 0.096866
v -0.008767 0.039054 0.061876
v -0.008767 -0.039236 0.062294
v -0.008767 0.039361 0.062465
v -0.008767 -0.039405 0.062515
v -0.008767 0.0396 0.062694
v -0.008766 0.039885 0.062866
v -0.008761 0.039012 0.061765
v -0.008755 -0.03945 0.0626
v -0.008753 -0.039009 0.061808
v -0.008753 -0.038997 0.061776
v -0.008753 0.040032 0.062964
v -0.0087 -0.0581 0.086816
v -0.0087 -0.057 0.086816
v -0.00865 -0.0582 0.086903
v -0.008379 -0.053 0.063399
v -0.008379 -0.053 0.140601
v -0.008379 0.046376 0.14029
v -0.00834 -0.052998 0.063574
v -0.00834 -0.052998 0.140426
v -0.008283 0.038622 0.0532
v -0.008245 0.03845 0.053202
v -0.008181 -0.039526 0.062411
v -0.008146 0.046385 0.108251
v -0.008146 0.046385 0.095749
v -0.007967 -0.040454 0.062827
v -0.007959 0.047862 0.131702
v -0.007959 0.047862 0.072298
v -0.007929 -0.040214 0.062788
v -0.007853 0.046939 0.12096
v -0.007853 0.046939 0.08304
v -0.007848 -0.03957 0.062301
v -0.007805 0.04048 0.062799
v -0.007771 0.040251 0.062753
v -0.00761 -0.03876 0.0532
v -0.007574 0.047981 0.132895
v -0.007573 -0.038588 0.053202
v -0.007564 0.039249 0.061523
v -0.007551 -0.039793 0.062407
v -0.007551 -0.040213 0.062651
v -0.007548 -0.039599 0.062228
v -0.00754 -0.040292 0.062715
v -0.007535 0.039116 0.053702
v -0.007441 0.047916 0.132351
v -0.007424 -0.039305 0.06147
v -0.007316 -0.057 0.138779
v -0.007316 -0.053 0.138779
v -0.007316 -0.036779 0.0532
v -0.007316 -0.036779 0.057
v -0.007316 0.036779 0.0532
v -0.007316 0.036779 0.057
v -0.007316 -0.057 0.065221
v -0.007316 -0.053 0.065221
v -0.00726 0.046385 0.10926
v -0.00726 0.046385 0.09474
v -0.007155 0.0477 0.07158
v -0.007145 0.047916 0.071616
v -0.00704 0.0477 0.072067
v -0.007031 0.047862 0.072113
v -0.006975 0.040428 0.062582
v -0.006875 0.047963 0.133421
v -0.006804 0.047981 0.133097
v -0.006583 0.047981 0.070863
v -0.006465 0.047916 0.071426
v -0.006452 0.047963 0.07049
v -0.006385 0.047981 0.070814
v -0.006271 0.040537 0.062489
v -0.006257 0.0445 0.141508
v -0.006257 0.0454 0.141508
v -0.006257 0.0445 0.062492
v -0.006257 0.0454 0.062492
v -0.006251 0.046385 0.110146
v -0.006251 0.046385 0.093854
v -0.006249 0.039509 0.061258
v -0.006242 0.045835 0.141409
v -0.006242 0.045835 0.062591
v -0.006198 0.046183 0.141134
v -0.006198 0.046183 0.062866
v -0.006142 0.040787 0.062474
v -0.006135 0.046376 0.140737
v -0.006135 0.046376 0.063263
v -0.006096 -0.03974 0.061876
v -0.006033 -0.040595 0.062431
v -0.005955 -0.040815 0.062446
v -0.005827 -0.039766 0.06181
v -0.005778 -0.0581 0.118519
v -0.005778 -0.057 0.118519
v -0.005745 -0.0582 0.118424
v -0.005312 0.046939 0.121823
v -0.005312 0.046939 0.082177
v -0.005134 0.046385 0.110892
v -0.005134 0.046385 0.093108
v -0.005023 0.040916 0.062344
v -0.005003 0.040732 0.06232
v -0.004918 -0.052498 0.062304
v -0.004918 -0.052498 0.141697
v -0.004892 0.0397 0.053702
v -0.004857 -0.052998 0.0628
v -0.004857 -0.052998 0.1412
v -0.004836 -0.039862 0.06157
v -0.004831 0.039204 0.053202
v -0.004679 0.046376 0.063091
v -0.004498 -0.039746 0.053702
v -0.004442 -0.039249 0.053202
v -0.00441 0.039825 0.061322
v -0.00441 -0.039801 0.061241
v -0.00441 -0.039756 0.060983
v -0.00441 0.040085 0.061778
v -0.00441 0.040274 0.061959
v -0.00441 0.040494 0.062102
v -0.00441 0.040741 0.062202
v -0.004408 -0.039888 0.061507
v -0.004406 0.040824 0.06224
v -0.004403 0.039722 0.06101
v -0.004401 -0.039757 0.060981
v -0.004317 0.0477 0.13295
v -0.00431 0.047916 0.132909
v -0.004254 0.047963 0.133882
v -0.004248 0.0477 0.132455
v -0.004245 0.047862 0.132441
v -0.00421 0.047981 0.133553
v -0.00407 -0.0581 0.08498
v -0.00407 -0.057 0.08498
v -0.004047 -0.0582 0.085077
v -0.004025 -0.041023 0.062237
v -0.004014 0.047862 0.132487
v -0.004014 0.047862 0.071513
v -0.004011 -0.040862 0.062212
v -0.003961 -0.0582 0.102556
v -0.003939 0.040895 0.062178
v -0.003929 0.046385 0.111486
v -0.003929 0.046385 0.092514
v -0.00384 0.047963 0.070066
v -0.003801 -0.039801 0.060924
v -0.003801 0.047981 0.070395
v -0.0038 -0.039786 0.053702
v -0.003793 -0.040035 0.061564
v -0.003792 -0.0403 0.061867
v -0.003792 -0.040644 0.062081
v -0.003789 -0.039924 0.061415
v -0.003787 -0.040892 0.062187
v -0.003709 -0.0582 0.100501
v -0.003562 0.047981 0.133613
v -0.003499 0.047916 0.133054
v -0.003152 -0.0582 0.104462
v -0.003138 0.0454 0.141877
v -0.003138 0.0454 0.062123
v -0.003131 0.045835 0.141778
v -0.003131 0.045835 0.062222
v -0.003109 0.046183 0.1415
v -0.003109 0.046183 0.0625
v -0.003079 0.041139 0.062119
v -0.003077 0.046376 0.141099
v -0.003077 0.046376 0.062901
v -0.003005 0.042 0.139881
v -0.003005 0.0445 0.139881
v -0.003005 0.042 0.064119
v -0.003005 0.0445 0.064119
v -0.002971 -0.0572 0.102417
v -0.002971 -0.057 0.102417
v -0.00296 -0.041002 0.062097
v -0.002935 0.039892 0.060812
v -0.002781 -0.0572 0.100876
v -0.002781 -0.057 0.100876
v -0.002679 0.046939 0.122347
v -0.002679 0.046939 0.081653
v -0.002657 0.046385 0.111918
v -0.002657 0.046385 0.092082
v -0.00264 -0.041172 0.062087
v -0.002546 0.047981 0.070296
v -0.002502 0.047916 0.07085
v -0.002462 -0.0582 0.098848
v -0.002364 -0.0572 0.103847
v -0.002364 -0.057 0.103847
v -0.002196 0.041176 0.062085
v -0.002187 0.041038 0.062074
v -0.002169 -0.040021 0.061174
v -0.001954 0.046376 0.141143
v -0.001847 -0.0572 0.099636
v -0.001847 -0.057 0.099636
v -0.001603 0.047963 0.134124
v -0.001587 0.047981 0.133794
v -0.001499 -0.0582 0.105709
v -0.001443 0.0477 0.070783
v -0.001442 0.047916 0.070833
v -0.001427 -0.039975 0.060697
v -0.00142 0.0477 0.071283
v -0.001416 0.047862 0.071343
v -0.001396 0.0445 0.062024
v -0.001396 0.0445 0.141976
v -0.001395 -0.041216 0.062046
v -0.001395 0.041209 0.062054
v -0.001394 -0.052498 0.062046
v -0.001394 -0.052498 0.141954
v -0.00134 0.046385 0.11218
v -0.00134 0.046385 0.09182
v -0.001203 0.047963 0.069858
v -0.00119 0.047981 0.070189
v -0.001124 -0.0572 0.104781
v -0.001124 -0.057 0.104781
v -0.001037 0.041131 0.062005
v -0.000896 -0.052498 0.06201
v -0.000896 -0.052498 0.14199
v -0.000896 0.03999 0.053702
v -0.00089 -0.0581 0.119477
v -0.00089 -0.057 0.119477
v -0.000885 -0.0582 0.119377
v -0.000883 0.039989 0.053701
v -0.000882 -0.052499 0.062011
v -0.000865 -0.050732 0.141991
v -0.000865 0.039991 0.055469
v -0.000865 -0.050732 0.062009
v -0.000863 -0.052503 0.141985
v -0.000859 0.039991 0.055551
v -0.000859 -0.052507 0.062018
v -0.000859 0.039982 0.053693
v -0.000859 -0.052505 0.141983
v -0.000859 -0.050642 0.062009
v -0.000845 0.039977 0.053688
v -0.000845 -0.052512 0.062023
v -0.000833 -0.052535 0.062046
v -0.000829 -0.052523 0.141966
v -0.000828 -0.050732 0.062016
v -0.000828 -0.050732 0.141984
v -0.000828 0.039984 0.055468
v -0.000826 0.03996 0.053671
v -0.000826 -0.052529 0.06204
v -0.000825 -0.052528 0.141961
v -0.000813 -0.052541 0.062052
v -0.000813 0.039948 0.053659
v -0.000806 -0.052563 0.062074
v -0.000806 0.039926 0.053637
v -0.000803 -0.052563 0.141927
v -0.000801 -0.052941 0.062451
v -0.000801 -0.052941 0.141549
v -0.000801 0.039549 0.053259
v -0.000801 -0.052566 0.141924
v -0.000798 -0.05297 0.06248
v -0.000798 0.03952 0.05323
v -0.000795 -0.0526 0.06211
v -0.000795 -0.0526 0.14189
v -0.000795 0.03989 0.0536
v -0.000793 -0.050733 0.062038
v -0.000793 -0.050733 0.141962
v -0.000793 0.039962 0.055467
v -0.000792 -0.052975 0.141515
v -0.000788 -0.052992 0.062502
v -0.000788 0.039498 0.053208
v -0.000786 -0.053 0.062508
v -0.000786 -0.053 0.141492
v -0.000786 -0.052998 0.062508
v -0.000786 -0.052998 0.141492
v -0.000786 0.039492 0.0532
v -0.000786 0.039492 0.053202
v -0.000771 -0.052998 0.141479
v -0.000771 -0.050733 0.141929
v -0.00077 -0.050733 0.062072
v -0.00077 0.039928 0.055467
v -0.000763 -0.050733 0.062109
v -0.000763 -0.050733 0.062413
v -0.000763 -0.050733 0.141587
v -0.000763 -0.050733 0.141891
v -0.000763 0.039587 0.055467
v -0.000763 0.039891 0.055467
v -0.000762 -0.050343 0.141993
v -0.000761 -0.050427 0.062014
v -0.000761 -0.050426 0.141986
v -0.000761 0.039986 0.055774
v -0.000758 -0.050659 0.141891
v -0.000757 -0.050733 0.141553
v -0.000756 -0.050643 0.062411
v -0.000756 0.039589 0.055557
v -0.000755 -0.050733 0.14155
v -0.000753 -0.050733 0.062449
v -0.000753 0.039551 0.055467
v -0.000752 -0.052998 0.062538
v -0.000752 0.039462 0.053202
v -0.00075 -0.053 0.06254
v -0.00075 -0.052998 0.06254
v -0.00075 0.03946 0.0532
v -0.00075 0.03946 0.053202
v -0.000749 -0.050733 0.062463
v -0.000749 0.039537 0.055467
v -0.000749 -0.053 0.141459
v -0.000749 -0.052998 0.141459
v -0.000736 -0.052998 0.141456
v -0.000733 -0.050733 0.141517
v -0.000729 -0.050441 0.062037
v -0.000729 -0.05044 0.141963
v -0.000729 0.039963 0.05576
v -0.000713 -0.050733 0.062499
v -0.000713 0.039501 0.055467
v -0.000713 0.039994 0.055937
v -0.000712 -0.050261 0.062006
v -0.000708 -0.050449 0.062071
v -0.000708 -0.050448 0.141929
v -0.000708 0.039929 0.055752
v -0.000702 -0.053 0.062552
v -0.000702 -0.053 0.141448
v -0.000702 -0.052998 0.062552
v -0.000702 -0.052998 0.141448
v -0.000702 0.039448 0.0532
v -0.000702 0.039448 0.053202
v -0.000699 -0.050733 0.141494
v -0.000699 -0.050482 0.141591
v -0.000698 -0.050733 0.062503
v -0.000696 -0.050483 0.062107
v -0.000696 0.039893 0.055717
v -0.000695 -0.050485 0.062409
v -0.000695 0.039591 0.055715
v -0.000695 -0.050454 0.062445
v -0.000695 -0.050454 0.141555
v -0.000695 0.039555 0.055746
v -0.000693 -0.050486 0.141893
v -0.000692 -0.050454 0.141591
v -0.000689 -0.050455 0.062107
v -0.000689 0.039893 0.055746
v -0.000685 -0.050458 0.062409
v -0.000685 0.039591 0.055742
v -0.000682 -0.050458 0.141893
v -0.000678 -0.0504 0.141592
v -0.000674 -0.050462 0.062479
v -0.000674 0.039521 0.055738
v -0.000674 -0.050462 0.141521
v -0.000671 -0.050388 0.062106
v -0.000671 0.039894 0.055812
v -0.000663 -0.050733 0.062513
v -0.000663 -0.050733 0.141487
v -0.000663 0.039487 0.055467
v -0.000659 -0.050672 0.141488
v -0.000643 -0.050475 0.062502
v -0.000643 0.039498 0.055725
v -0.000643 -0.050475 0.141498
v -0.000636 -0.05033 0.062407
v -0.000636 0.039593 0.05587
v -0.00063 -0.050322 0.141894
v -0.000597 -0.05016 0.062005
v -0.000596 0.039995 0.05604
v -0.000594 -0.050158 0.141995
v -0.000585 -0.050169 0.062011
v -0.000585 -0.050169 0.141989
v -0.000585 0.039989 0.056031
v -0.00058 -0.050428 0.062507
v -0.00058 0.039493 0.055772
v -0.000561 -0.050194 0.062034
v -0.000561 -0.050193 0.141966
v -0.000561 0.039966 0.056007
v -0.000556 -0.0582 0.098039
v -0.000552 -0.050382 0.141493
v -0.000545 -0.050209 0.062068
v -0.000545 -0.050209 0.141932
v -0.000545 0.039932 0.055991
v -0.000534 -0.050219 0.062442
v -0.000534 0.039558 0.055981
v -0.000534 -0.050219 0.141558
v -0.000531 -0.050222 0.141595
v -0.000526 -0.050229 0.141895
v -0.000526 -0.050229 0.062405
v -0.000526 0.039595 0.055971
v -0.000525 -0.050228 0.062105
v -0.000524 0.039895 0.055972
v -0.000519 -0.050234 0.062476
v -0.000519 0.039524 0.055966
v -0.000519 -0.050234 0.141524
v -0.000495 -0.050258 0.062498
v -0.000495 0.039502 0.055942
v -0.000495 -0.050258 0.141502
v -0.000493 -0.050046 0.141997
v -0.000482 -0.050163 0.141596
v -0.000457 -0.050297 0.141495
v -0.000456 -0.050296 0.062505
v -0.000456 0.039495 0.055904
v -0.00043 -0.050125 0.062104
v -0.00043 0.039896 0.056075
v -0.000417 -0.0572 0.099029
v -0.000417 -0.057 0.099029
v -0.000411 0.039998 0.056203
v -0.000409 -0.049997 0.062002
v -0.000378 -0.050093 0.062403
v -0.000378 0.039597 0.056107
v -0.00037 -0.050203 0.062504
v -0.00037 0.039496 0.055997
v -0.000364 -0.050086 0.141897
v -0.000325 -0.049998 0.062008
v -0.000324 -0.049998 0.141992
v -0.000324 0.039992 0.056202
v -0.000323 -0.050175 0.141497
v -0.000312 -0.05003 0.062031
v -0.000311 -0.050029 0.141969
v -0.000311 0.039969 0.056171
v -0.000303 -0.05005 0.062065
v -0.000302 -0.05005 0.141935
v -0.000302 0.039935 0.05615
v -0.000296 -0.050063 0.141561
v -0.000296 -0.050063 0.062439
v -0.000296 0.039561 0.056137
v -0.000296 -0.050069 0.141898
v -0.000295 -0.050072 0.062403
v -0.000295 0.039597 0.056128
v -0.000293 -0.050076 0.062102
v -0.000292 0.039898 0.056124
v -0.000291 -0.050074 0.141597
v -0.000288 -0.050083 0.062473
v -0.000288 0.039527 0.056117
v -0.000288 -0.050083 0.141527
v -0.000275 -0.050114 0.062495
v -0.000275 0.039505 0.056086
v -0.000275 -0.050114 0.141505
v -0.000268 -0.050062 0.141898
v -0.000267 -0.050065 0.062403
v -0.000267 0.039597 0.056135
v -0.000265 -0.050066 0.062102
v -0.000265 0.039898 0.056134
v -0.000265 -0.050061 0.141597
v -0.000169 -0.049914 0.142
v -0.000165 -0.050015 0.141598
v -9.1e-05 0.039899 0.056196
v -9.1e-05 -0.050004 0.062101
v -7.8e-05 -0.050101 0.062502
v -7.8e-05 0.039498 0.056099
v -2e-05 -0.041265 0.062001
v -2e-05 -0.04115 0.061993
v -1.7e-05 -0.0499 0.062
v -1.7e-05 -0.0499 0.142
v -1.7e-05 0.04 0.0563
v -1.7e-05 -0.049936 0.14199
v -1.7e-05 -0.04995 0.062013
v -1.7e-05 -0.04995 0.141987
v -1.7e-05 0.039987 0.05625
v -1.7e-05 -0.049968 0.062032
v -1.7e-05 -0.049968 0.141968
v -1.7e-05 0.039968 0.056232
v -1.7e-05 -0.049987 0.06205
v -1.7e-05 -0.049987 0.14195
v -1.7e-05 0.03995 0.056213
v -1.7e-05 -0.04999 0.062064
v -1.7e-05 -0.04999 0.141936
v -1.7e-05 0.039936 0.05621
v -1.7e-05 -0.050098 0.062502
v -1.7e-05 -0.050098 0.141498
v -1.7e-05 -0.050063 0.062492
v -1.7e-05 -0.050063 0.141508
v -1.7e-05 -0.050049 0.062488
v -1.7e-05 -0.050049 0.141512
v -1.7e-05 -0.050013 0.062451
v -1.7e-05 -0.050013 0.141549
v -1.7e-05 -0.05001 0.062438
v -1.7e-05 -0.05001 0.141562
v -1.7e-05 -0.05 0.062402
v -1.7e-05 -0.05 0.1419
v -1.7e-05 0.039498 0.056102
v -1.7e-05 0.039508 0.056137
v -1.7e-05 0.039512 0.056151
v -1.7e-05 0.039549 0.056187
v -1.7e-05 0.039598 0.0562
v -1.7e-05 0.0399 0.0562
v -1.7e-05 -0.05 0.0621
v -1.7e-05 -0.05 0.141598
v -1.7e-05 0.039562 0.05619
v -4e-06 -0.041151 0.061992
v -0.0 0.041118 0.062014
v -0.0 0.040086 0.061134
v -0.0 0.040191 0.061351
v -0.0 0.040331 0.061545
v -0.0 0.040503 0.06171
v -0.0 0.040701 0.061844
v -0.0 0.040923 0.061941
v -0.0 0.04 0.060658
v -0.0 0.0445 0.142
v -0.0 0.0454 0.142
v -0.0 0.045835 0.141901
v -0.0 0.046183 0.141622
v -0.0 0.046376 0.14122
v -0.0 -0.057 0.1395
v -0.0 -0.053 0.1395
v 0.0 0.047862 0.13275
v 0.0 0.046939 0.122522
v 0.0 0.046385 0.112268
v 0.0 -0.040061 0.061061
v 0.0 0.0375 0.057
v 0.0 -0.0395 0.053202
v 0.0 0.041266 0.062
v 0.0 -0.0499 0.062
v 0.0 -0.0499 0.142
v 0.0 -0.04 0.053702
v 0.0 -0.04 0.060658
v 0.0 -0.0375 0.0532
v 0.0 -0.0375 0.057
v 0.0 0.03995 0.056213
v 0.0 0.039987 0.05625
v 0.0 0.0445 0.062
v 0.0 0.0445 0.142
v 0.0 0.0462 0.102
v 0.0 0.039968 0.056232
v 0.0 -0.0395 0.0532
v 0.0 0.039938 0.05621
v 0.0 0.0399 0.0562
v 0.0 -0.041266 0.062
v 0.0 0.0375 0.0532
v 0.0 0.03999 0.056262
v 0.0 0.046385 0.091732
v 0.0 0.046939 0.081478
v 0.0 0.04 0.0563
v 0.0 0.047862 0.07125
v 0.0 -0.057 0.0645
v 0.0 -0.053 0.0645
v 0.0 0.046376 0.06278
v 0.0 0.046183 0.062378
v 0.0 0.045835 0.062099
v 0.0 0.0445 0.062
v 0.0 0.0454 0.062
v 0.0 -0.041151 0.061992
v 0.0 -0.040789 0.061888
v 0.0 -0.040472 0.061684
v 0.0 -0.040223 0.061402
v 1e-06 -0.040053 0.061094
v 1.7e-05 -0.050063 0.062492
v 1.7e-05 -0.050063 0.141508
v 1.7e-05 -0.05 0.062402
v 1.7e-05 -0.05 0.1419
v 1.7e-05 0.039498 0.056102
v 1.7e-05 -0.050098 0.062502
v 1.7e-05 -0.050098 0.141498
v 1.7e-05 -0.050049 0.062488
v 1.7e-05 -0.050049 0.141512
v 1.7e-05 -0.050013 0.062451
v 1.7e-05 -0.050013 0.141549
v 1.7e-05 -0.05001 0.062438
v 1.7e-05 -0.05001 0.141562
v 1.7e-05 -0.05 0.0621
v 1.7e-05 -0.05 0.141598
v 1.7e-05 0.039512 0.056151
v 1.7e-05 0.039549 0.056187
v 1.7e-05 0.039562 0.05619
v 1.7e-05 0.039598 0.0562
v 1.7e-05 0.0399 0.0562
v 1.7e-05 -0.04999 0.062064
v 1.7e-05 -0.04999 0.141936
v 1.7e-05 0.039937 0.056207
v 1.7e-05 -0.049987 0.06205
v 1.7e-05 -0.049987 0.14195
v 1.7e-05 -0.049968 0.062032
v 1.7e-05 -0.049968 0.141968
v 1.7e-05 0.039971 0.056229
v 1.7e-05 -0.04995 0.062013
v 1.7e-05 -0.04995 0.141987
v 1.7e-05 -0.049936 0.06201
v 1.7e-05 0.039993 0.056263
v 1.7e-05 -0.0499 0.062
v 1.7e-05 -0.0499 0.142
v 1.7e-05 0.04 0.0563
v 7.8e-05 -0.050101 0.141498
v 9.1e-05 -0.050004 0.141899
v 0.0001 0.04 0.056296
v 0.000165 0.039598 0.056185
v 0.000165 -0.050015 0.062402
v 0.000169 -0.049914 0.062
v 0.000265 -0.050061 0.062403
v 0.000265 0.039597 0.056139
v 0.000265 -0.050066 0.141898
v 0.000267 -0.050065 0.141597
v 0.000268 -0.050062 0.062102
v 0.000268 0.039898 0.056138
v 0.000275 -0.050114 0.062495
v 0.000275 0.039505 0.056086
v 0.000275 -0.050114 0.141505
v 0.000288 -0.050083 0.062473
v 0.000288 0.039527 0.056117
v 0.000288 -0.050083 0.141527
v 0.000291 -0.050074 0.062403
v 0.000291 0.039597 0.056126
v 0.000293 -0.050076 0.141898
v 0.000295 -0.050072 0.141597
v 0.000296 -0.050069 0.062102
v 0.000296 -0.050063 0.141561
v 0.000296 0.039561 0.056137
v 0.000296 -0.050063 0.062439
v 0.000297 0.039898 0.056131
v 0.000302 -0.05005 0.062065
v 0.000303 -0.05005 0.141935
v 0.000303 0.039935 0.05615
v 0.000311 -0.050029 0.062031
v 0.000312 -0.05003 0.141969
v 0.000312 0.039969 0.056171
v 0.000323 -0.050175 0.062503
v 0.000323 0.039497 0.056025
v 0.000324 -0.049998 0.062008
v 0.000325 -0.049998 0.141992
v 0.000325 0.039992 0.056202
v 0.000364 -0.050086 0.062103
v 0.000364 0.039897 0.056114
v 0.00037 -0.050203 0.141496
v 0.000378 -0.050093 0.141597
v 0.000409 -0.049997 0.141998
v 0.000417 -0.0572 0.104971
v 0.000417 -0.057 0.104971
v 0.00043 -0.050125 0.141896
v 0.000456 -0.050296 0.141495
v 0.000457 -0.050297 0.062505
v 0.000457 0.039495 0.055903
v 0.000482 -0.050163 0.062405
v 0.000482 0.039595 0.056037
v 0.000491 0.039997 0.056155
v 0.000493 -0.050046 0.062003
v 0.000495 -0.050258 0.062498
v 0.000495 0.039502 0.055942
v 0.000495 -0.050258 0.141502
v 0.000501 0.047916 0.133246
v 0.00051 0.047981 0.133811
v 0.000519 -0.050234 0.062476
v 0.000519 0.039524 0.055966
v 0.000519 -0.050234 0.141524
v 0.000523 -0.040061 0.061074
v 0.000525 -0.050228 0.141895
v 0.000526 -0.050229 0.141595
v 0.000526 -0.050229 0.062105
v 0.000526 0.039895 0.055971
v 0.000531 -0.050222 0.062405
v 0.000531 0.039595 0.055978
v 0.000534 -0.050219 0.062442
v 0.000534 0.039558 0.055981
v 0.000534 -0.050219 0.141558
v 0.000545 -0.050209 0.062068
v 0.000545 -0.050209 0.141932
v 0.000545 0.039932 0.055991
v 0.000552 -0.050382 0.062507
v 0.000552 0.039493 0.055818
v 0.000556 -0.0582 0.105961
v 0.000561 -0.050193 0.062034
v 0.000561 -0.050194 0.141966
v 0.000561 0.039966 0.056006
v 0.00058 -0.050428 0.141493
v 0.000585 -0.050169 0.062011
v 0.000585 -0.050169 0.141989
v 0.000585 0.039989 0.056031
v 0.000594 -0.050158 0.062005
v 0.000595 0.039995 0.056042
v 0.000597 -0.05016 0.141995
v 0.00063 -0.050322 0.062106
v 0.00063 0.039894 0.055878
v 0.000636 -0.05033 0.141593
v 0.000643 -0.050475 0.062502
v 0.000643 0.039498 0.055725
v 0.000643 -0.050475 0.141498
v 0.000652 0.041109 0.06202
v 0.000654 0.041246 0.062018
v 0.000659 -0.050672 0.062512
v 0.000659 0.039488 0.055528
v 0.000663 -0.050733 0.062513
v 0.000663 -0.050733 0.141487
v 0.000663 0.039487 0.055467
v 0.000671 -0.050388 0.141894
v 0.000674 -0.050462 0.062479
v 0.000674 0.039521 0.055738
v 0.000674 -0.050462 0.141521
v 0.000678 -0.0504 0.062408
v 0.000678 0.039592 0.0558
v 0.000682 -0.050458 0.062107
v 0.000682 0.039893 0.055741
v 0.000685 -0.050458 0.141591
v 0.000689 -0.050455 0.141893
v 0.000692 -0.050454 0.062409
v 0.000692 0.039591 0.055746
v 0.000693 -0.050486 0.062107
v 0.000693 0.039893 0.055714
v 0.000695 -0.050454 0.062445
v 0.000695 -0.050454 0.141555
v 0.000695 0.039555 0.055746
v 0.000695 -0.050485 0.141591
v 0.000696 -0.050483 0.141893
v 0.000697 0.039493 0.055467
v 0.000697 -0.050733 0.062507
v 0.000698 -0.050733 0.141497
v 0.000699 -0.050482 0.062409
v 0.000699 0.039591 0.055718
v 0.000702 -0.053 0.062552
v 0.000702 -0.053 0.141448
v 0.000702 -0.052998 0.062552
v 0.000702 -0.052998 0.141448
v 0.000702 0.039448 0.0532
v 0.000702 0.039448 0.053202
v 0.000708 -0.050448 0.062071
v 0.000708 -0.050449 0.141929
v 0.000708 0.039929 0.055751
v 0.000712 -0.050261 0.141994
v 0.000713 -0.050733 0.141501
v 0.000729 -0.05044 0.062037
v 0.000729 -0.050441 0.141963
v 0.000729 0.039963 0.055759
v 0.000734 -0.050733 0.062484
v 0.000734 0.039516 0.055467
v 0.000736 -0.052998 0.062544
v 0.000736 0.039456 0.053202
v 0.000749 -0.053 0.062541
v 0.000749 -0.052998 0.062541
v 0.000749 0.039459 0.0532
v 0.000749 0.039459 0.053202
v 0.000749 -0.050733 0.141537
v 0.00075 -0.053 0.14146
v 0.00075 -0.052998 0.14146
v 0.000752 -0.052998 0.141462
v 0.000753 -0.050733 0.141551
v 0.000755 -0.050733 0.06245
v 0.000755 0.03955 0.055467
v 0.000756 -0.050643 0.141589
v 0.000757 -0.050733 0.062447
v 0.000757 0.039553 0.055467
v 0.000758 -0.050659 0.062109
v 0.000758 0.039891 0.055541
v 0.000761 -0.050426 0.062014
v 0.000761 -0.050427 0.141986
v 0.000761 0.039986 0.055773
v 0.000762 0.039993 0.055859
v 0.000762 -0.050343 0.062007
v 0.000763 -0.050733 0.062109
v 0.000763 -0.050733 0.062413
v 0.000763 -0.050733 0.141587
v 0.000763 -0.050733 0.141891
v 0.000763 0.039587 0.055467
v 0.000763 0.039891 0.055467
v 0.00077 -0.050733 0.062072
v 0.00077 0.039928 0.055467
v 0.000771 -0.050733 0.141929
v 0.000771 -0.052998 0.062521
v 0.000771 0.039479 0.053202
v 0.000786 -0.053 0.062508
v 0.000786 -0.053 0.141492
v 0.000786 -0.052998 0.062508
v 0.000786 -0.052998 0.141492
v 0.000786 0.039492 0.0532
v 0.000786 0.039492 0.053202
v 0.000788 -0.052992 0.141498
v 0.000792 -0.052975 0.062485
v 0.000792 0.039515 0.053225
v 0.000793 -0.050733 0.062038
v 0.000793 -0.050733 0.141962
v 0.000793 0.039962 0.055467
v 0.000795 -0.0526 0.06211
v 0.000795 -0.0526 0.14189
v 0.000795 0.03989 0.0536
v 0.000798 -0.05297 0.14152
v 0.0008 0.039923 0.053633
v 0.000801 -0.052566 0.062076
v 0.000801 -0.052941 0.062451
v 0.000801 -0.052941 0.141549
v 0.000801 0.039549 0.053259
v 0.000803 -0.052563 0.062073
v 0.000803 0.039927 0.053637
v 0.000806 -0.052563 0.141926
v 0.000813 -0.052541 0.141948
v 0.000825 0.039961 0.053672
v 0.000825 -0.052528 0.062039
v 0.000826 -0.052529 0.14196
v 0.000826 -0.050732 0.062016
v 0.000826 -0.050732 0.141984
v 0.000826 0.039984 0.055468
v 0.000828 0.039965 0.053676
v 0.000829 -0.052523 0.062034
v 0.000845 -0.052512 0.141977
v 0.000859 -0.050642 0.141991
v 0.000859 0.039983 0.053695
v 0.000859 -0.052505 0.062017
v 0.000859 -0.052507 0.141982
v 0.000862 0.039985 0.053697
v 0.000863 -0.052503 0.062015
v 0.000865 -0.050732 0.141991
v 0.000865 -0.050732 0.062009
v 0.000865 0.039991 0.055469
v 0.000882 -0.052499 0.141989
v 0.000885 -0.0582 0.084623
v 0.00089 -0.0581 0.084523
v 0.00089 -0.057 0.084523
v 0.000896 -0.052498 0.06201
v 0.000896 -0.052498 0.14199
v 0.000896 0.03999 0.053702
v 0.001047 0.047981 0.133816
v 0.001058 0.047963 0.134147
v 0.001124 -0.0572 0.099219
v 0.001124 -0.057 0.099219
v 0.00134 0.046385 0.11218
v 0.00134 0.046385 0.09182
v 0.001378 -0.039476 0.053202
v 0.001395 -0.041208 0.062054
v 0.001395 -0.039976 0.053702
v 0.001396 0.041224 0.062039
v 0.001396 -0.052498 0.062025
v 0.001396 -0.052498 0.141975
v 0.001396 0.0445 0.062024
v 0.001396 0.0445 0.141976
v 0.001416 0.047862 0.132657
v 0.00142 0.0477 0.132717
v 0.001424 0.039474 0.053202
v 0.001428 -0.052998 0.062526
v 0.001428 -0.052998 0.141474
v 0.001428 0.047981 0.070199
v 0.00144 0.047916 0.133171
v 0.001442 0.039974 0.053702
v 0.001443 0.047963 0.069868
v 0.001443 0.0477 0.133217
v 0.001446 -0.052498 0.062026
v 0.001446 -0.052498 0.141974
v 0.001499 -0.0582 0.098291
v 0.001502 0.047916 0.070786
v 0.00153 0.047981 0.070208
v 0.001758 0.046376 0.06285
v 0.001796 0.041094 0.062031
v 0.001847 -0.0572 0.104364
v 0.001847 -0.057 0.104364
v 0.002233 0.041199 0.062062
v 0.002364 -0.0572 0.100153
v 0.002364 -0.057 0.100153
v 0.002462 -0.0582 0.105152
v 0.002657 0.046385 0.111918
v 0.002657 0.046385 0.092082
v 0.002669 -0.039911 0.060788
v 0.002679 0.046939 0.122347
v 0.002679 0.046939 0.081653
v 0.002768 -0.041019 0.062084
v 0.002781 -0.0572 0.103124
v 0.002781 -0.057 0.103124
v 0.00286 0.039898 0.060806
v 0.002971 -0.0572 0.101583
v 0.002971 -0.057 0.101583
v 0.003005 0.042 0.139881
v 0.003005 0.0445 0.139881
v 0.003005 0.042 0.064119
v 0.003005 0.0445 0.064119
v 0.003077 0.046376 0.141099
v 0.003077 0.046376 0.062901
v 0.00308 -0.041139 0.062119
v 0.003091 -0.039978 0.06128
v 0.003109 0.046183 0.1415
v 0.003109 0.046183 0.0625
v 0.003131 0.045835 0.141778
v 0.003131 0.045835 0.062222
v 0.003138 0.0454 0.141877
v 0.003138 0.0454 0.062123
v 0.003152 -0.0582 0.099538
v 0.003475 0.040919 0.062165
v 0.003488 0.04108 0.06218
v 0.003674 0.047981 0.13362
v 0.003709 -0.0582 0.103499
v 0.003713 0.047963 0.133949
v 0.003753 -0.040917 0.062161
v 0.003782 -0.039662 0.053702
v 0.003788 -0.039926 0.061412
v 0.003793 -0.040644 0.062081
v 0.003793 -0.0403 0.061867
v 0.003793 -0.040035 0.061564
v 0.003799 -0.039789 0.060932
v 0.003877 -0.039919 0.061429
v 0.003929 0.046385 0.111486
v 0.003929 0.046385 0.092514
v 0.003961 -0.0582 0.101444
v 0.003986 -0.040881 0.062191
v 0.003998 -0.041033 0.062226
v 0.004014 0.047862 0.132487
v 0.004014 0.047862 0.071513
v 0.004037 0.047981 0.070424
v 0.004047 -0.0582 0.118923
v 0.00407 -0.0581 0.11902
v 0.00407 -0.057 0.11902
v 0.004079 0.047963 0.070096
v 0.004245 0.047862 0.071559
v 0.004248 0.0477 0.071545
v 0.004311 0.047916 0.071103
v 0.004317 0.0477 0.07105
v 0.004403 -0.039879 0.061528
v 0.004404 -0.039723 0.061009
v 0.004404 0.039726 0.061007
v 0.004408 0.040822 0.062239
v 0.00441 0.040494 0.062102
v 0.00441 0.040085 0.061778
v 0.00441 0.039934 0.061564
v 0.00441 -0.039876 0.061452
v 0.00441 0.039825 0.061322
v 0.00441 -0.039801 0.061241
v 0.004492 0.047916 0.132925
v 0.004523 0.046376 0.140927
v 0.004572 0.047981 0.133478
v 0.004837 0.040778 0.062273
v 0.005134 0.046385 0.110892
v 0.005134 0.046385 0.093108
v 0.005221 0.040916 0.062342
v 0.005312 0.046939 0.121823
v 0.005312 0.046939 0.082177
v 0.005481 0.047916 0.071234
v 0.005579 0.047981 0.070686
v 0.005745 -0.0582 0.085576
v 0.005778 -0.0581 0.085481
v 0.005778 -0.057 0.085481
v 0.005808 -0.039773 0.061793
v 0.005915 -0.03956 0.061202
v 0.005973 0.039552 0.061212
v 0.006101 -0.039751 0.061849
v 0.006135 0.046376 0.140737
v 0.006135 0.046376 0.063263
v 0.006175 -0.039746 0.061863
v 0.006189 -0.04078 0.062482
v 0.006198 0.046183 0.141134
v 0.006198 0.046183 0.062866
v 0.006242 0.045835 0.141409
v 0.006242 0.045835 0.062591
v 0.006251 0.046385 0.110146
v 0.006251 0.046385 0.093854
v 0.006257 0.0445 0.141508
v 0.006257 0.0454 0.141508
v 0.006257 0.0445 0.062492
v 0.006257 0.0454 0.062492
v 0.006266 0.040529 0.062497
v 0.006276 0.047981 0.133208
v 0.006292 0.040739 0.062528
v 0.006341 0.047963 0.133533
v 0.006618 0.047981 0.070863
v 0.006687 0.047963 0.070539
v 0.007021 -0.04042 0.06259
v 0.007031 0.047862 0.131887
v 0.00704 0.0477 0.131933
v 0.007143 0.047916 0.132365
v 0.007155 0.0477 0.13242
v 0.007196 -0.03871 0.053202
v 0.007213 -0.038836 0.0532
v 0.00726 0.046385 0.10926
v 0.00726 0.046385 0.09474
v 0.007316 -0.057 0.138779
v 0.007316 -0.053 0.138779
v 0.007316 -0.036779 0.0532
v 0.007316 -0.036779 0.057
v 0.007316 0.036779 0.0532
v 0.007316 0.036779 0.057
v 0.007316 -0.057 0.065221
v 0.007316 -0.053 0.065221
v 0.007539 -0.03959 0.062251
v 0.007543 -0.040303 0.062703
v 0.007551 -0.040213 0.062651
v 0.007551 -0.039793 0.062407
v 0.007555 0.039162 0.053702
v 0.007565 0.03925 0.061522
v 0.007853 0.046939 0.12096
v 0.007853 0.046939 0.08304
v 0.007907 0.040244 0.062754
v 0.007907 -0.040221 0.062781
v 0.007943 -0.040455 0.062826
v 0.007959 0.047862 0.131702
v 0.007959 0.047862 0.072298
v 0.007973 0.038605 0.053202
v 0.007984 0.038685 0.0532
v 0.008146 0.046385 0.108251
v 0.008146 0.046385 0.095749
v 0.008149 0.046376 0.063664
v 0.008372 -0.052998 0.063448
v 0.008372 -0.052998 0.140552
v 0.008379 -0.053 0.063399
v 0.008379 -0.053 0.140601
v 0.00841 0.047916 0.132097
v 0.008439 0.040383 0.0629
v 0.008565 0.047981 0.132649
v 0.00865 -0.0582 0.117097
v 0.0087 -0.0581 0.117184
v 0.0087 -0.057 0.117184
v 0.008755 0.040038 0.062957
v 0.008757 -0.03903 0.061749
v 0.008758 -0.039451 0.062598
v 0.008765 0.039022 0.061756
v 0.008766 0.039885 0.062866
v 0.008767 0.039361 0.062465
v 0.008767 -0.039236 0.062294
v 0.008767 -0.039027 0.061752
v 0.008767 0.039176 0.06219
v 0.008767 -0.03911 0.062044
v 0.008767 0.039054 0.061876
v 0.008767 -0.039031 0.061771
v 0.008835 0.047981 0.132583
v 0.008882 -0.038488 0.053202
v 0.008892 0.046385 0.107134
v 0.008892 0.046385 0.096866
v 0.008927 0.038991 0.061788
v 0.008927 0.047963 0.132901
v 0.008927 0.038478 0.053202
v 0.008928 -0.052998 0.063522
v 0.008928 -0.052998 0.140478
v 0.008939 0.042 0.138934
v 0.008939 0.0445 0.138934
v 0.008939 0.042 0.065066
v 0.008939 0.0445 0.065066
v 0.008993 0.04025 0.063045
v 0.008995 -0.038976 0.053702
v 0.008997 -0.04026 0.063033
v 0.008997 -0.052498 0.063029
v 0.008997 -0.052498 0.140971
v 0.008998 0.0445 0.063025
v 0.008998 0.0445 0.140975
v 0.009 0.039979 0.063016
v 0.00904 0.038965 0.053702
v 0.009041 -0.052498 0.063035
v 0.009041 -0.052498 0.140965
v 0.009045 0.040237 0.063058
v 0.009115 -0.038934 0.061842
v 0.009155 0.047981 0.071512
v 0.009156 0.046376 0.140136
v 0.009156 0.046376 0.063864
v 0.009204 -0.040221 0.063073
v 0.00925 0.046183 0.140527
v 0.00925 0.046183 0.063473
v 0.00925 0.047963 0.071195
v 0.009315 0.045835 0.140798
v 0.009315 0.045835 0.063202
v 0.009338 0.0454 0.140895
v 0.009338 0.0454 0.063105
v 0.009371 0.047916 0.072188
v 0.009486 0.046385 0.105929
v 0.009486 0.046385 0.098071
v 0.009541 0.047981 0.071645
v 0.009584 -0.039357 0.062833
v 0.009727 -0.039813 0.063174
v 0.009751 0.047862 0.072906
v 0.009772 0.0477 0.072844
v 0.00981 -0.039323 0.062917
v 0.009918 0.046385 0.104657
v 0.009918 0.046385 0.099343
v 0.009919 0.047916 0.0724
v 0.009931 0.0477 0.07237
v 0.01014 -0.0582 0.08786
v 0.01018 0.046385 0.10066
v 0.01018 0.046385 0.10334
v 0.010198 -0.0581 0.087778
v 0.010198 -0.057 0.087778
v 0.010248 -0.039696 0.063287
v 0.010261 0.046939 0.119773
v 0.010261 0.046939 0.084227
v 0.010268 0.046385 0.102
v 0.010442 -0.039229 0.063152
v 0.010877 0.046376 0.13965
v 0.011067 0.038412 0.062345
v 0.011136 0.039461 0.063529
v 0.01122 -0.038231 0.053702
v 0.011225 -0.039113 0.063443
v 0.011227 -0.039414 0.063586
v 0.011264 -0.03836 0.062396
v 0.011333 0.047981 0.131747
v 0.011451 0.047963 0.132057
v 0.01163 0.047981 0.072367
v 0.011667 0.039299 0.063706
v 0.011698 -0.039278 0.06373
v 0.011722 0.039595 0.063756
v 0.011731 0.039592 0.063759
v 0.011751 0.047963 0.072059
v 0.011761 -0.039571 0.063786
v 0.011768 0.047862 0.130409
v 0.011768 0.047862 0.073591
v 0.011874 -0.038197 0.062553
v 0.011962 0.03817 0.062578
v 0.012119 0.046376 0.1393
v 0.01212 0.046376 0.0647
v 0.01219 0.047916 0.130774
v 0.012244 0.046183 0.139683
v 0.012244 0.046183 0.064317
v 0.012249 -0.039446 0.063922
v 0.01233 0.045835 0.139948
v 0.01233 0.045835 0.064052
v 0.012361 0.0445 0.140042
v 0.012361 0.0454 0.140042
v 0.012361 0.0445 0.063958
v 0.012361 0.0454 0.063958
v 0.012404 0.047862 0.130096
v 0.012407 0.047981 0.131287
v 0.012421 0.0477 0.13013
v 0.012493 0.046939 0.118281
v 0.012493 0.046939 0.085719
v 0.012553 -0.0582 0.114049
v 0.012611 0.047916 0.130563
v 0.012623 0.0477 0.130587
v 0.012626 -0.0581 0.114118
v 0.012626 -0.057 0.114118
v 0.012999 0.037796 0.062917
v 0.012999 0.038891 0.064147
v 0.012999 0.038861 0.064125
v 0.013 -0.037798 0.062915
v 0.01301 -0.038848 0.064107
v 0.013016 -0.038517 0.063902
v 0.013016 0.038179 0.063586
v 0.013016 -0.038015 0.063353
v 0.013016 0.037938 0.06321
v 0.013016 -0.037857 0.06301
v 0.013106 0.047916 0.073631
v 0.013342 0.047981 0.073122
v 0.013385 -0.038792 0.064246
v 0.0135 -0.038773 0.064294
v 0.013713 -0.0582 0.091289
v 0.013728 0.038668 0.064388
v 0.013754 0.047981 0.130708
v 0.013791 -0.0581 0.091228
v 0.013791 -0.057 0.091228
v 0.013897 0.047963 0.131007
v 0.014026 0.047981 0.073424
v 0.014138 -0.036731 0.053202
v 0.014172 0.047963 0.073126
v 0.014183 -0.036866 0.0532
v 0.014208 0.038521 0.064547
v 0.014236 0.038511 0.064559
v 0.014289 0.03879 0.064663
v 0.014321 0.046376 0.065512
v 0.014351 -0.057 0.136645
v 0.014351 -0.053 0.136645
v 0.014351 -0.034645 0.0532
v 0.014351 0.034645 0.0532
v 0.014351 -0.034645 0.057
v 0.014351 0.034645 0.057
v 0.014351 -0.057 0.067355
v 0.014351 -0.053 0.067355
v 0.014511 0.046939 0.116511
v 0.014511 0.046939 0.087489
v 0.014649 0.042 0.137063
v 0.014649 0.0445 0.137063
v 0.014649 0.042 0.066937
v 0.014649 0.0445 0.066937
v 0.014829 0.037022 0.053702
v 0.014842 -0.037144 0.063507
v 0.014862 0.037123 0.063524
v 0.01488 0.036479 0.053202
v 0.014891 0.038602 0.064875
v 0.014913 0.036577 0.0532
v 0.014951 0.047862 0.075161
v 0.014963 0.0477 0.075136
v 0.015009 0.046376 0.138234
v 0.015009 0.046376 0.065766
v 0.015161 0.037016 0.063622
v 0.015163 0.046183 0.138606
v 0.015163 0.046183 0.065394
v 0.015177 0.047916 0.074754
v 0.015206 0.0477 0.074699
v 0.015212 -0.038488 0.065006
v 0.015269 0.045835 0.138863
v 0.015269 0.045835 0.065137
v 0.015307 0.0454 0.138955
v 0.015307 0.0454 0.065045
v 0.015375 0.047862 0.12863
v 0.015375 0.047862 0.07537
v 0.015439 -0.0582 0.110024
v 0.015528 -0.0581 0.11007
v 0.015528 -0.057 0.11007
v 0.015645 -0.052998 0.065777
v 0.015645 -0.052998 0.138223
v 0.015659 -0.053 0.065736
v 0.015659 -0.053 0.138264
v 0.015769 0.047916 0.128979
v 0.016061 -0.036088 0.053202
v 0.016063 0.047981 0.129482
v 0.01608 0.047981 0.129473
v 0.0161 -0.052998 0.06593
v 0.0161 -0.052998 0.13807
v 0.016102 0.036069 0.053202
v 0.016175 -0.0582 0.095586
v 0.016202 -0.036529 0.06404
v 0.016248 0.047963 0.129759
v 0.016256 -0.038074 0.065488
v 0.016256 0.038074 0.065487
v 0.016264 -0.036544 0.053702
v 0.016268 -0.0581 0.095549
v 0.016268 -0.057 0.095549
v 0.016268 -0.052498 0.065462
v 0.016268 -0.052498 0.138538
v 0.016269 0.0445 0.065458
v 0.016269 0.0445 0.138542
v 0.016281 0.046939 0.114493
v 0.016281 0.046939 0.089507
v 0.016304 -0.052498 0.065473
v 0.016304 -0.052498 0.138527
v 0.016306 0.036525 0.053702
v 0.016327 0.047981 0.074673
v 0.016328 -0.037677 0.065538
v 0.016435 -0.038003 0.06557
v 0.016497 0.047963 0.074389
v 0.016626 0.047916 0.07554
v 0.016679 0.037601 0.065609
v 0.016745 0.037886 0.065706
v 0.016925 0.047981 0.075064
v 0.016934 0.046376 0.137346
v 0.017052 -0.037403 0.065855
v 0.017075 -0.0582 0.105349
v 0.017085 -0.036129 0.064387
v 0.017086 0.036131 0.064386
v 0.0171 0.037444 0.065789
v 0.017107 -0.037023 0.065542
v 0.017107 0.037003 0.065528
v 0.017107 -0.036645 0.065207
v 0.017107 0.036566 0.065116
v 0.017107 -0.036347 0.064798
v 0.017107 0.036247 0.064602
v 0.017173 -0.0581 0.105368
v 0.017173 -0.057 0.105368
v 0.017327 -0.0582 0.100403
v 0.017343 0.047862 0.127316
v 0.017365 0.037345 0.065904
v 0.017378 0.0477 0.127369
v 0.017426 -0.0581 0.100394
v 0.017426 -0.057 0.100394
v 0.017625 0.047916 0.127729
v 0.017661 0.0477 0.127781
v 0.017773 0.046939 0.112261
v 0.017773 0.046939 0.091739
v 0.017805 0.046376 0.136945
v 0.017805 0.046376 0.067055
v 0.017815 0.037472 0.066186
v 0.017988 0.046183 0.137303
v 0.017988 0.046183 0.066697
v 0.018109 -0.035666 0.064788
v 0.018114 0.045835 0.137552
v 0.018114 0.045835 0.066448
v 0.01816 0.0445 0.13764
v 0.01816 0.0454 0.13764
v 0.01816 0.0445 0.06636
v 0.01816 0.0454 0.06636
v 0.018216 0.035612 0.064834
v 0.018253 -0.035419 0.053702
v 0.018297 0.047981 0.128049
v 0.018309 -0.037259 0.066436
v 0.018325 -0.035546 0.064888
v 0.018487 0.047963 0.12832
v 0.018518 0.047981 0.076107
v 0.018697 -0.036779 0.066577
v 0.01871 0.047963 0.075838
v 0.018719 0.047862 0.126396
v 0.018719 0.047862 0.077604
v 0.01896 0.046939 0.109853
v 0.01896 0.046939 0.094147
v 0.01903 0.036602 0.066799
v 0.01909 0.047916 0.126741
v 0.019101 0.036878 0.066894
v 0.01943 0.047981 0.127182
v 0.0195 -0.036373 0.06708
v 0.019584 -0.036652 0.067165
v 0.019608 0.047862 0.078384
v 0.019645 0.0477 0.078343
v 0.019823 0.046939 0.096688
v 0.019823 0.046939 0.107312
v 0.019873 0.047916 0.077883
v 0.019959 0.047916 0.077964
v 0.019964 0.0477 0.077958
v 0.019993 0.042 0.134315
v 0.019993 0.0445 0.134315
v 0.019993 0.042 0.069685
v 0.019993 0.0445 0.069685
v 0.020108 0.046376 0.068345
v 0.020235 0.047981 0.077445
v 0.020347 0.046939 0.099321
v 0.020347 0.046939 0.104679
v 0.020388 0.047981 0.126447
v 0.020422 0.035981 0.067548
v 0.020492 0.046376 0.13544
v 0.020492 0.046376 0.06856
v 0.020522 0.046939 0.102
v 0.020583 0.047981 0.077717
v 0.020599 -0.033521 0.053202
v 0.0206 0.047963 0.126702
v 0.020676 -0.033656 0.0532
v 0.020702 0.046183 0.135783
v 0.020702 0.046183 0.068217
v 0.020726 -0.034211 0.066002
v 0.020749 0.036117 0.067802
v 0.020797 0.047963 0.077464
v 0.020834 -0.057 0.13318
v 0.020834 -0.053 0.13318
v 0.020834 -0.03118 0.0532
v 0.020834 -0.03118 0.057
v 0.020834 0.03118 0.0532
v 0.020834 0.03118 0.057
v 0.020834 -0.057 0.07082
v 0.020834 -0.053 0.07082
v 0.020848 0.045835 0.136021
v 0.020848 0.045835 0.067979
v 0.0209 0.0454 0.136106
v 0.0209 0.0454 0.067894
v 0.020916 -0.035656 0.067967
v 0.020973 0.035692 0.067907
v 0.020981 -0.034042 0.066139
v 0.020988 0.03405 0.066136
v 0.020989 -0.035156 0.067593
v 0.020989 0.035129 0.067574
v 0.020989 -0.034652 0.06715
v 0.020989 0.034547 0.067028
v 0.020989 -0.034261 0.066605
v 0.020989 0.034131 0.066342
v 0.021017 0.034034 0.06615
v 0.021281 0.033132 0.053202
v 0.021298 0.035522 0.06812
v 0.021341 0.033239 0.0532
v 0.021358 -0.035807 0.06818
v 0.02137 0.035781 0.068215
v 0.021565 0.033543 0.053702
v 0.021611 0.033629 0.066476
v 0.021744 0.0477 0.123744
v 0.021744 0.047862 0.123744
v 0.021744 0.047862 0.080256
v 0.022097 0.0477 0.124097
v 0.022097 0.047916 0.124097
v 0.022316 0.047621 0.127229
v 0.022323 0.047625 0.127201
v 0.022329 0.04764 0.076893
v 0.022332 0.047608 0.076709
v 0.022334 -0.052998 0.069464
v 0.022334 -0.052998 0.134536
v 0.022345 0.047492 0.076032
v 0.022347 0.047491 0.076026
v 0.022352 -0.053 0.069432
v 0.022352 -0.053 0.134568
v 0.022356 0.047504 0.127885
v 0.022369 0.047465 0.128106
v 0.022445 0.047704 0.077379
v 0.022457 0.047444 0.07647
v 0.02246 0.047428 0.127616
v 0.022466 -0.034872 0.068939
v 0.022471 0.047715 0.12653
v 0.022484 0.047484 0.076717
v 0.022496 0.047497 0.127195
v 0.022502 0.047735 0.077617
v 0.022504 0.047381 0.127839
v 0.022507 0.047736 0.12637
v 0.022509 0.047981 0.124509
v 0.022509 0.047981 0.079491
v 0.022517 0.047369 0.12854
v 0.022518 0.047364 0.076078
v 0.022529 0.047563 0.126796
v 0.02253 0.04736 0.075418
v 0.022531 0.046376 0.134078
v 0.022542 0.047351 0.075379
v 0.022546 0.047572 0.077273
v 0.022557 -0.035136 0.069008
v 0.022558 0.045 0.126679
v 0.022558 0.045 0.128232
v 0.022558 0.045 0.075768
v 0.022558 0.045 0.077321
v 0.022564 0.047577 0.077318
v 0.022565 0.047963 0.124907
v 0.022567 0.047301 0.075769
v 0.022572 0.047576 0.126685
v 0.022578 0.047286 0.075698
v 0.022579 0.047581 0.077354
v 0.02258 0.047299 0.128228
v 0.022596 0.047313 0.0752
v 0.022617 0.047589 0.126564
v 0.022622 0.047254 0.128442
v 0.022632 0.047294 0.128877
v 0.022636 0.047247 0.128469
v 0.022649 -0.032362 0.053202
v 0.022677 0.047981 0.12434
v 0.022681 0.047228 0.075464
v 0.022682 -0.052998 0.069661
v 0.022682 -0.052998 0.134339
v 0.022686 0.032335 0.053202
v 0.02271 0.047766 0.078007
v 0.022743 0.047963 0.124744
v 0.022744 0.047963 0.079257
v 0.022755 0.047774 0.125902
v 0.022794 0.047916 0.080623
v 0.022813 0.047222 0.129143
v 0.022822 0.047647 0.077958
v 0.022828 0.047652 0.126009
v 0.022855 0.047656 0.078039
v 0.022859 0.047204 0.07479
v 0.022865 0.047654 0.12596
v 0.022888 0.04711 0.074993
v 0.022892 0.047795 0.125643
v 0.022909 0.047797 0.078381
v 0.022913 0.047963 0.124573
v 0.022924 -0.03493 0.069261
v 0.022925 0.047099 0.129043
v 0.02293 0.034935 0.069253
v 0.022936 -0.032771 0.053702
v 0.022942 -0.052498 0.069237
v 0.022942 -0.052498 0.134763
v 0.022943 0.0445 0.069234
v 0.022943 0.0445 0.134766
v 0.022965 0.047081 0.074895
v 0.022969 -0.052498 0.069252
v 0.022969 -0.052498 0.134748
v 0.022974 0.032745 0.053702
v 0.022978 0.047072 0.129147
v 0.023053 0.046376 0.133729
v 0.023053 0.046376 0.070271
v 0.023069 0.047117 0.074461
v 0.023076 0.047801 0.125426
v 0.023094 0.047798 0.078574
v 0.023125 0.047098 0.129602
v 0.023152 0.047804 0.125335
v 0.023156 0.034549 0.069332
v 0.0232 0.047981 0.080241
v 0.023204 0.047674 0.078487
v 0.02322 0.047071 0.129682
v 0.023236 0.047806 0.125236
v 0.023261 0.047678 0.125432
v 0.023271 0.047053 0.074259
v 0.023289 0.046183 0.134055
v 0.023289 0.046183 0.069945
v 0.023333 0.046947 0.129536
v 0.023334 0.047683 0.125335
v 0.023335 0.045 0.129577
v 0.023335 0.045 0.125335
v 0.023335 0.045 0.074423
v 0.023335 0.045 0.078665
v 0.023335 0.046939 0.074423
v 0.023339 0.047802 0.125158
v 0.02334 0.047681 0.078661
v 0.023354 0.046939 0.12956
v 0.023364 0.046929 0.074394
v 0.023371 0.047683 0.078701
v 0.023401 0.047012 0.074128
v 0.023416 0.046912 0.074344
v 0.023426 0.047681 0.125253
v 0.023434 0.047798 0.125085
v 0.023453 0.045835 0.13428
v 0.023453 0.045835 0.06972
v 0.023459 -0.032399 0.067472
v 0.023493 0.046888 0.074276
v 0.023507 0.047801 0.079005
v 0.023511 0.0445 0.134361
v 0.023511 0.0454 0.134361
v 0.023511 0.0445 0.069639
v 0.023511 0.0454 0.069639
v 0.023512 0.03462 0.06964
v 0.023542 0.046873 0.129766
v 0.023556 0.046972 0.074028
v 0.023564 -0.034315 0.069627
v 0.023587 0.047796 0.079053
v 0.023597 0.047678 0.125101
v 0.023616 0.047862 0.082392
v 0.023629 0.046847 0.074165
v 0.023643 0.046843 0.074154
v 0.023657 0.0477 0.082355
v 0.023679 0.047667 0.078924
v 0.02374 0.04692 0.130116
v 0.0238 0.046903 0.130166
v 0.023814 0.042 0.127016
v 0.023814 0.042 0.127896
v 0.023814 0.045 0.127016
v 0.023814 0.045 0.127896
v 0.023814 0.042 0.076104
v 0.023814 0.042 0.076984
v 0.023814 0.045 0.076104
v 0.023814 0.045 0.076984
v 0.023822 0.046798 0.129939
v 0.023894 0.047779 0.124736
v 0.023902 0.046883 0.073804
v 0.023924 0.047778 0.124713
v 0.023969 0.047649 0.124884
v 0.023992 0.047916 0.082077
v 0.023994 0.032005 0.067786
v 0.024042 0.0477 0.082036
v 0.024059 0.047648 0.079199
v 0.024081 -0.034283 0.070061
v 0.024123 0.046826 0.07366
v 0.024136 0.046823 0.073652
v 0.02418 0.047753 0.079404
v 0.024185 0.046704 0.073846
v 0.02423 0.047628 0.07926
v 0.024252 0.047748 0.079446
v 0.024254 0.042 0.128658
v 0.024254 0.0445 0.128658
v 0.024254 0.045 0.128658
v 0.024254 0.042 0.126254
v 0.024254 0.045 0.126254
v 0.024254 0.042 0.075342
v 0.024254 0.042 0.077746
v 0.024254 0.0445 0.075342
v 0.024254 0.045 0.075342
v 0.024254 0.045 0.077746
v 0.024255 0.046684 0.130205
v 0.024283 0.047981 0.081417
v 0.024321 0.047622 0.124679
v 0.02433 0.046667 0.073763
v 0.024351 0.046781 0.130411
v 0.024387 0.046657 0.130242
v 0.024396 0.047862 0.120719
v 0.024396 0.047862 0.083281
v 0.024437 0.047981 0.122401
v 0.024531 0.047716 0.124465
v 0.024536 0.047963 0.081203
v 0.024556 -0.033668 0.070471
v 0.024561 0.047591 0.124613
v 0.024586 0.033679 0.070447
v 0.02459 -0.031507 0.068174
v 0.024596 0.046726 0.130521
v 0.024596 0.031513 0.068171
v 0.024615 -0.032943 0.070024
v 0.024615 0.032909 0.07
v 0.024615 -0.032291 0.069453
v 0.024615 0.032155 0.069294
v 0.024615 -0.031786 0.068745
v 0.024616 0.031621 0.068403
v 0.024628 -0.031327 0.053702
v 0.024645 0.047704 0.124418
v 0.024679 0.045 0.130354
v 0.024679 0.045 0.124558
v 0.024679 0.045 0.073646
v 0.024679 0.045 0.079442
v 0.024685 0.047574 0.124579
v 0.024686 0.047574 0.079423
v 0.024686 0.046595 0.073673
v 0.024687 0.046595 0.130325
v 0.024691 0.047963 0.122613
v 0.024706 -0.031416 0.068246
v 0.024741 0.047916 0.12109
v 0.024772 0.046697 0.073458
v 0.024791 0.046574 0.073647
v 0.024836 0.047675 0.079601
v 0.024838 0.042 0.130759
v 0.024838 0.0445 0.130759
v 0.024838 0.042 0.073241
v 0.024838 0.0445 0.073241
v 0.024844 0.047556 0.079479
v 0.024856 0.047555 0.079484
v 0.024891 0.042 0.129295
v 0.024891 0.042 0.130709
v 0.024891 0.0445 0.129295
v 0.024891 0.0445 0.130709
v 0.024891 0.042 0.074705
v 0.024891 0.0445 0.074705
v 0.024979 0.046655 0.073395
v 0.025007 0.046655 0.13058
v 0.025011 0.046529 0.130415
v 0.025015 0.047531 0.124488
v 0.025016 0.0445 0.129098
v 0.025016 0.045 0.129098
v 0.025016 0.042 0.125814
v 0.025016 0.045 0.125814
v 0.025016 0.042 0.078186
v 0.025016 0.0445 0.074902
v 0.025016 0.045 0.074902
v 0.025016 0.045 0.078186
v 0.025067 0.046517 0.130431
v 0.025086 0.042 0.073565
v 0.025086 0.0445 0.073565
v 0.0251 0.047641 0.079671
v 0.025115 0.042 0.074363
v 0.025115 0.0445 0.074363
v 0.025123 0.046507 0.073563
v 0.02515 0.042 0.129744
v 0.02515 0.042 0.130261
v 0.02515 0.0445 0.129744
v 0.02515 0.0445 0.130261
v 0.025182 0.047981 0.12143
v 0.025183 0.042 0.073961
v 0.025183 0.0445 0.073961
v 0.025194 0.047499 0.124486
v 0.025201 -0.033246 0.07102
v 0.025204 0.047621 0.124345
v 0.025308 -0.033484 0.071076
v 0.025316 0.047862 0.119343
v 0.025341 0.047916 0.083713
v 0.025356 0.046376 0.072087
v 0.025369 0.0477 0.119378
v 0.025423 0.046461 0.073571
v 0.025429 -0.033097 0.071214
v 0.025441 0.046585 0.073386
v 0.025452 0.046578 0.130644
v 0.025471 0.046376 0.131823
v 0.025471 0.046376 0.072177
v 0.025486 0.047448 0.079522
v 0.025491 0.03313 0.071152
v 0.025497 0.047577 0.124307
v 0.025507 0.047571 0.079663
v 0.02554 0.033341 0.071256
v 0.025658 0.046425 0.130425
v 0.025685 0.046548 0.130614
v 0.02569 0.047414 0.079535
v 0.025729 0.047916 0.119625
v 0.025732 0.046183 0.132129
v 0.025732 0.046183 0.071871
v 0.025781 0.0477 0.119661
v 0.025809 0.047981 0.083375
v 0.025822 0.047388 0.124478
v 0.025844 0.047383 0.124484
v 0.025852 0.046522 0.073379
v 0.025865 0.032902 0.071444
v 0.025883 0.047504 0.124362
v 0.025893 0.047981 0.083482
v 0.025896 0.0445 0.129098
v 0.025896 0.045 0.129098
v 0.025896 0.042 0.125814
v 0.025896 0.045 0.125814
v 0.025896 0.042 0.078186
v 0.025896 0.0445 0.074902
v 0.025896 0.045 0.074902
v 0.025896 0.045 0.078186
v 0.025899 0.046387 0.130423
v 0.025913 0.045835 0.132341
v 0.025913 0.045835 0.071659
v 0.025961 0.046379 0.073587
v 0.025974 0.047491 0.079654
v 0.025978 0.0454 0.132416
v 0.025978 0.0454 0.071584
v 0.026021 -0.03038 0.069062
v 0.026031 0.047981 0.120324
v 0.026066 0.046368 0.073621
v 0.026117 0.046493 0.073449
v 0.02612 0.047323 0.079446
v 0.026162 0.047963 0.08329
v 0.026177 0.047447 0.079593
v 0.026224 0.046351 0.073672
v 0.026225 0.047299 0.124586
v 0.026227 0.04635 0.130333
v 0.026228 0.0473 0.079423
v 0.026232 0.045 0.130354
v 0.026232 0.045 0.124558
v 0.026232 0.045 0.073646
v 0.026232 0.045 0.079442
v 0.026297 0.032863 0.071859
v 0.026298 0.046342 0.130313
v 0.026301 0.047963 0.120514
v 0.026306 0.046468 0.130533
v 0.026344 0.047416 0.124427
v 0.026366 -0.029189 0.053202
v 0.026366 0.046463 0.130508
v 0.026431 0.047257 0.079381
v 0.026468 0.047245 0.124651
v 0.026474 -0.029315 0.0532
v 0.026517 -0.057 0.128517
v 0.026517 -0.053 0.128517
v 0.026517 -0.026517 0.0532
v 0.026517 -0.026517 0.057
v 0.026517 0.026517 0.0532
v 0.026517 0.026517 0.057
v 0.026517 -0.057 0.075484
v 0.026517 -0.053 0.075484
v 0.026535 0.029931 0.069409
v 0.026542 0.047369 0.124514
v 0.026583 0.047359 0.079469
v 0.026591 0.046309 0.130233
v 0.026628 0.04721 0.124694
v 0.02663 0.047862 0.117375
v 0.02663 0.047862 0.086625
v 0.026658 0.0445 0.128658
v 0.026658 0.045 0.128658
v 0.026658 0.042 0.126254
v 0.026658 0.0445 0.126254
v 0.026658 0.045 0.126254
v 0.026658 0.042 0.077746
v 0.026658 0.0445 0.075342
v 0.026658 0.0445 0.077746
v 0.026658 0.045 0.075342
v 0.026658 0.045 0.077746
v 0.026686 0.046302 0.07382
v 0.026702 0.04643 0.073604
v 0.026722 0.047182 0.07924
v 0.026769 0.046294 0.073847
v 0.026772 0.046426 0.073646
v 0.026808 0.047311 0.079401
v 0.026823 0.047307 0.079391
v 0.026839 0.047862 0.087049
v 0.026864 0.0477 0.087037
v 0.026865 -0.03247 0.072364
v 0.026895 0.046289 0.130055
v 0.026962 0.028677 0.053202
v 0.026979 0.047916 0.117769
v 0.027009 0.046407 0.130245
v 0.027024 0.046406 0.130239
v 0.027037 0.047098 0.124936
v 0.027052 0.028783 0.0532
v 0.027089 0.047088 0.079061
v 0.027098 0.0445 0.127016
v 0.027098 0.0445 0.127896
v 0.027098 0.045 0.127016
v 0.027098 0.045 0.127896
v 0.027098 0.0445 0.076104
v 0.027098 0.0445 0.076984
v 0.027098 0.045 0.076104
v 0.027098 0.045 0.076984
v 0.027144 0.047227 0.12478
v 0.027159 0.047222 0.124793
v 0.027236 0.04627 0.074164
v 0.027272 0.047034 0.078923
v 0.027283 0.047916 0.086805
v 0.027295 0.042 0.126891
v 0.027295 0.0445 0.126891
v 0.027295 0.042 0.077109
v 0.027295 0.0445 0.077109
v 0.027301 0.0477 0.086794
v 0.02731 0.047024 0.125097
v 0.027318 0.046262 0.129808
v 0.027327 0.047981 0.085673
v 0.027365 0.04639 0.073997
v 0.027388 0.047157 0.079027
v 0.027412 0.046992 0.078819
v 0.027442 0.04626 0.129697
v 0.027448 0.047981 0.118122
v 0.027449 0.046385 0.074047
v 0.027471 0.047916 0.087103
v 0.027474 0.046258 0.074325
v 0.027478 0.046389 0.129895
v 0.02748 0.047981 0.118062
v 0.027503 0.046963 0.078737
v 0.027516 0.046376 0.129933
v 0.027521 0.028854 0.053702
v 0.027537 0.046947 0.125332
v 0.027542 0.046951 0.0787
v 0.027542 0.047116 0.078928
v 0.027557 0.04694 0.125354
v 0.027564 0.046386 0.12983
v 0.027564 0.046261 0.074433
v 0.027576 0.028921 0.070176
v 0.027577 0.045 0.129577
v 0.027577 0.046258 0.129577
v 0.027577 0.045 0.125335
v 0.027577 0.045 0.074423
v 0.027577 0.045 0.078665
v 0.027577 0.046939 0.078665
v 0.027611 0.047963 0.085503
v 0.027637 0.042 0.076885
v 0.027637 0.0445 0.076885
v 0.027674 0.047074 0.078797
v 0.027682 0.047069 0.125227
v 0.027685 0.046263 0.129433
v 0.027708 0.046266 0.074607
v 0.027715 0.046381 0.129715
v 0.027732 0.046376 0.129732
v 0.027732 0.046376 0.074268
v 0.027734 0.047963 0.11829
v 0.027744 0.042 0.12715
v 0.027744 0.0445 0.12715
v 0.027803 -0.031546 0.073234
v 0.027817 0.04703 0.125339
v 0.027839 0.046384 0.12957
v 0.027845 -0.031733 0.073329
v 0.027859 0.046388 0.074478
v 0.027878 0.04701 0.078593
v 0.027879 0.046831 0.125687
v 0.027905 0.046386 0.129491
v 0.027908 0.028598 0.070421
v 0.027918 0.031456 0.073356
v 0.02792 -0.028607 0.070417
v 0.027931 0.046376 0.129517
v 0.027933 -0.031462 0.073344
v 0.027935 0.046803 0.078199
v 0.02794 -0.031395 0.073313
v 0.027941 -0.030416 0.072802
v 0.027941 0.030373 0.072772
v 0.027941 -0.029593 0.072083
v 0.027941 0.029422 0.071883
v 0.027941 -0.028959 0.071189
v 0.027942 0.028752 0.070757
v 0.027948 0.046798 0.125819
v 0.02796 0.047981 0.086838
v 0.028012 0.046276 0.074974
v 0.028017 0.046183 0.130017
v 0.028017 0.046183 0.073983
v 0.028033 -0.031396 0.07343
v 0.028039 0.042 0.076817
v 0.028039 0.0445 0.076817
v 0.028047 0.04639 0.074675
v 0.028053 0.04639 0.129317
v 0.028055 0.046757 0.078043
v 0.028079 0.046283 0.128909
v 0.028083 0.04629 0.075136
v 0.028085 0.046284 0.128901
v 0.028086 0.046927 0.078269
v 0.028096 0.047862 0.114404
v 0.028101 0.046921 0.125753
v 0.02813 0.0477 0.114421
v 0.028188 -0.052998 0.129629
v 0.028188 -0.052998 0.074371
v 0.028195 0.046884 0.078099
v 0.028207 -0.053 0.074348
v 0.028207 -0.053 0.129652
v 0.028214 0.045835 0.130214
v 0.028214 0.045835 0.073786
v 0.028222 0.046412 0.128997
v 0.028226 0.046663 0.077632
v 0.028242 0.046415 0.075044
v 0.028249 0.046656 0.126388
v 0.028261 0.042 0.12715
v 0.028261 0.0445 0.12715
v 0.028284 0.046639 0.126456
v 0.028284 0.0445 0.130284
v 0.028284 0.0454 0.130284
v 0.028284 0.0445 0.073716
v 0.028284 0.0454 0.073716
v 0.02831 0.046841 0.126058
v 0.028314 0.046342 0.128296
v 0.02833 0.046595 0.126684
v 0.02834 0.046349 0.128227
v 0.028342 0.046342 0.075733
v 0.028348 0.046343 0.075745
v 0.02835 0.046594 0.077335
v 0.02835 0.046346 0.075768
v 0.028352 0.046592 0.07732
v 0.028352 0.046821 0.077855
v 0.028354 0.045 0.126679
v 0.028354 0.045 0.128232
v 0.028354 0.045 0.075768
v 0.028354 0.045 0.077321
v 0.028383 0.04636 0.128111
v 0.028397 0.046536 0.077017
v 0.028397 0.046531 0.127016
v 0.028406 -0.027447 0.053202
v 0.028406 0.046786 0.077678
v 0.028409 0.047862 0.113768
v 0.028409 0.047862 0.090232
v 0.028412 0.046781 0.12635
v 0.02842 0.046426 0.127657
v 0.028425 0.046431 0.076378
v 0.028431 -0.052998 0.129421
v 0.028431 -0.052998 0.074579
v 0.028435 0.042 0.076914
v 0.028435 0.0445 0.076914
v 0.028438 0.027414 0.053202
v 0.028447 0.046441 0.128573
v 0.028451 0.04648 0.127282
v 0.028453 0.046443 0.075443
v 0.028455 0.046465 0.076625
v 0.028493 0.046465 0.128365
v 0.028507 0.046469 0.075673
v 0.028515 0.031034 0.073913
v 0.028526 -0.02804 0.07085
v 0.028563 0.047916 0.114611
v 0.028577 0.047981 0.087974
v 0.02858 0.046681 0.126835
v 0.028587 0.0477 0.114623
v 0.02859 0.046654 0.127006
v 0.028603 0.046657 0.077029
v 0.028605 0.046656 0.077024
v 0.028619 0.046552 0.076347
v 0.028623 0.046524 0.076161
v 0.028633 0.046545 0.127689
v 0.028635 0.04654 0.127717
v 0.028681 0.047981 0.115812
v 0.028709 0.042 0.126891
v 0.028709 0.0445 0.126891
v 0.028759 -0.031044 0.074229
v 0.028759 0.042 0.126838
v 0.028759 0.0445 0.126838
v 0.028759 0.042 0.077162
v 0.028759 0.0445 0.077162
v 0.028765 -0.027795 0.053702
v 0.028766 0.031047 0.074222
v 0.028772 -0.052498 0.129785
v 0.028772 -0.052498 0.074215
v 0.028774 0.0445 0.129786
v 0.028774 0.0445 0.074214
v 0.028774 0.047916 0.11419
v 0.028791 -0.052498 0.129768
v 0.028791 -0.052498 0.074232
v 0.028798 0.027762 0.053702
v 0.028874 0.047963 0.087828
v 0.028961 0.030904 0.074409
v 0.028979 0.047963 0.115956
v 0.029094 0.047862 0.092249
v 0.029139 0.027403 0.071329
v 0.02915 0.047916 0.090739
v 0.029156 0.0477 0.092228
v 0.029164 0.030505 0.074633
v 0.029214 -0.030702 0.074677
v 0.029222 0.030681 0.074708
v 0.029287 0.047981 0.114407
v 0.029574 0.047916 0.092087
v 0.02963 0.0477 0.092069
v 0.029633 0.047981 0.09037
v 0.029688 0.047981 0.090531
v 0.029702 0.047862 0.109959
v 0.029702 0.047862 0.094041
v 0.029719 0.047981 0.113408
v 0.029823 0.046376 0.127471
v 0.029823 0.046376 0.076529
v 0.029879 0.029922 0.075427
v 0.029887 0.047862 0.109031
v 0.029914 0.046376 0.076644
v 0.029933 0.0477 0.10904
v 0.029941 0.047963 0.090249
v 0.030028 0.047963 0.113527
v 0.030037 -0.029719 0.075724
v 0.030097 0.047916 0.11041
v 0.030113 -0.026102 0.053702
v 0.030129 0.046183 0.127732
v 0.030129 0.046183 0.076268
v 0.03014 -0.029896 0.075763
v 0.030207 -0.026173 0.072235
v 0.030341 0.045835 0.127913
v 0.030341 0.045835 0.076087
v 0.030351 0.047916 0.094559
v 0.030365 0.047916 0.109143
v 0.030416 0.0454 0.127978
v 0.030416 0.0454 0.076022
v 0.03042 0.0477 0.109155
v 0.030441 0.047862 0.097755
v 0.030455 0.0477 0.097752
v 0.030487 0.047862 0.097986
v 0.030487 0.047862 0.106014
v 0.030488 0.047981 0.092845
v 0.030556 0.047981 0.110927
v 0.030646 0.047981 0.110564
v 0.030657 0.047862 0.103416
v 0.030717 0.0477 0.10342
v 0.03075 0.047862 0.102
v 0.030792 0.029177 0.07644
v 0.030805 0.047963 0.09275
v 0.030849 -0.029039 0.076653
v 0.030874 0.047963 0.11102
v 0.030875 -0.025431 0.072786
v 0.030893 0.047981 0.094426
v 0.030904 0.025353 0.072837
v 0.030909 0.047916 0.09769
v 0.030917 0.029058 0.076607
v 0.030924 -0.025366 0.072832
v 0.030925 0.029001 0.076583
v 0.030925 -0.028814 0.076517
v 0.030925 0.047916 0.106492
v 0.030926 -0.027608 0.075891
v 0.030926 0.027555 0.075854
v 0.030926 -0.026594 0.075006
v 0.030926 0.026384 0.07476
v 0.030926 0.025924 0.074098
v 0.030926 -0.025814 0.073905
v 0.030927 0.02556 0.073372
v 0.03095 0.0477 0.097683
v 0.031054 0.047916 0.098501
v 0.031137 0.047981 0.095382
v 0.031171 0.047916 0.10344
v 0.03118 -0.057 0.122834
v 0.03118 -0.053 0.122834
v 0.03118 -0.020834 0.0532
v 0.03118 0.020834 0.0532
v 0.03118 -0.057 0.081166
v 0.03118 -0.053 0.081166
v 0.03118 -0.020834 0.057
v 0.03118 0.020834 0.057
v 0.031186 0.047981 0.108385
v 0.031204 0.028992 0.076973
v 0.031217 0.0477 0.103443
v 0.031246 -0.02388 0.053202
v 0.031246 0.047916 0.102501
v 0.031382 -0.023988 0.0532
v 0.031423 0.02475 0.073281
v 0.031461 0.047963 0.095313
v 0.03148 0.047981 0.106573
v 0.03151 0.047963 0.108452
v 0.031576 0.047981 0.097963
v 0.031591 -0.028632 0.077465
v 0.031605 0.047981 0.105801
v 0.031617 0.047981 0.098437
v 0.031729 0.046376 0.125053
v 0.031729 0.046376 0.078947
v 0.031733 0.023264 0.053202
v 0.031801 0.047981 0.100572
v 0.031808 0.047981 0.10251
v 0.031811 0.047981 0.10319
v 0.031853 0.023359 0.0532
v 0.031904 0.047963 0.097921
v 0.031934 0.047963 0.10584
v 0.03198 -0.028092 0.077949
v 0.032055 0.046183 0.125289
v 0.032055 0.046183 0.078711
v 0.032055 0.046376 0.124565
v 0.032132 0.047963 0.100557
v 0.032142 0.047963 0.103203
v 0.032183 -0.027869 0.07827
v 0.032214 -0.028001 0.078343
v 0.03228 0.045835 0.125453
v 0.03228 0.045835 0.078547
v 0.032315 0.042 0.121993
v 0.032315 0.0445 0.121993
v 0.032315 0.042 0.082007
v 0.032315 0.0445 0.082007
v 0.032324 0.027723 0.078477
v 0.032361 0.0445 0.125511
v 0.032361 0.0454 0.125511
v 0.032361 0.0445 0.078489
v 0.032361 0.0454 0.078489
v 0.032361 0.027855 0.078543
v 0.032482 0.023122 0.053702
v 0.032552 0.02318 0.074402
v 0.032988 -0.052998 0.080314
v 0.032988 -0.052998 0.123686
v 0.033006 -0.053 0.080301
v 0.033006 -0.053 0.123699
v 0.033025 0.027058 0.07941
v 0.033079 -0.02249 0.0749
v 0.03312 -0.021525 0.053202
v 0.033136 0.027093 0.079594
v 0.033138 -0.052998 0.123498
v 0.033138 -0.052998 0.080502
v 0.033145 0.021487 0.053202
v 0.033425 -0.026509 0.08023
v 0.03344 0.046376 0.122492
v 0.03344 0.046376 0.081508
v 0.033461 0.021918 0.075303
v 0.033509 0.026521 0.080187
v 0.033511 -0.021792 0.075385
v 0.033522 0.026648 0.08023
v 0.033529 0.021802 0.075383
v 0.033533 0.026233 0.080084
v 0.033533 -0.026007 0.080004
v 0.033534 -0.024553 0.079251
v 0.033534 0.024489 0.079207
v 0.033534 -0.023331 0.078186
v 0.033534 0.023078 0.077889
v 0.033534 0.022525 0.077092
v 0.033534 -0.022392 0.076859
v 0.033535 0.022087 0.076217
v 0.033539 -0.021798 0.053702
v 0.033543 -0.026652 0.080217
v 0.033545 -0.052498 0.123784
v 0.033545 -0.052498 0.080216
v 0.033547 0.0445 0.123786
v 0.033547 0.0445 0.080214
v 0.033557 -0.052498 0.08023
v 0.033557 -0.052498 0.12377
v 0.033564 0.021759 0.053702
v 0.033612 -0.026583 0.080314
v 0.033655 0.046376 0.081892
v 0.033783 0.046183 0.122702
v 0.033783 0.046183 0.081298
v 0.033939 -0.025946 0.081041
v 0.034021 0.045835 0.122848
v 0.034021 0.045835 0.081152
v 0.034045 -0.026066 0.081055
v 0.034106 0.0454 0.1229
v 0.034106 0.0454 0.0811
v 0.034167 -0.02073 0.076124
v 0.034511 -0.019932 0.053702
v 0.034625 -0.019991 0.076639
v 0.034645 -0.014351 0.057
v 0.034645 0.014351 0.057
v 0.034645 -0.057 0.116351
v 0.034645 -0.053 0.116351
v 0.034645 -0.014351 0.0532
v 0.034645 0.014351 0.0532
v 0.034645 -0.057 0.087649
v 0.034645 -0.053 0.087649
v 0.034653 0.019906 0.076692
v 0.03479 0.025097 0.082245
v 0.034897 -0.01955 0.076946
v 0.034945 0.046376 0.119805
v 0.034945 0.046376 0.084195
v 0.034975 0.024854 0.082606
v 0.034998 0.024946 0.082657
v 0.035063 0.042 0.116649
v 0.035063 0.0445 0.116649
v 0.035063 0.042 0.087351
v 0.035063 0.0445 0.087351
v 0.035076 -0.017772 0.053202
v 0.035135 0.024789 0.082881
v 0.035234 -0.017854 0.0532
v 0.035285 0.01884 0.077428
v 0.035303 0.046183 0.119988
v 0.035303 0.046183 0.084012
v 0.035313 0.046376 0.119006
v 0.03535 -0.024401 0.083268
v 0.035371 -0.024486 0.083321
v 0.035437 0.017075 0.053202
v 0.035552 0.045835 0.120114
v 0.035552 0.045835 0.083886
v 0.035583 0.01715 0.0532
v 0.035605 -0.024013 0.083859
v 0.03564 0.0445 0.12016
v 0.03564 0.0454 0.12016
v 0.03564 0.0445 0.08384
v 0.03564 0.0454 0.08384
v 0.035645 -0.024097 0.083898
v 0.035679 -0.023901 0.08403
v 0.035699 -0.01796 0.078015
v 0.0357 0.023902 0.084024
v 0.035708 0.017963 0.078013
v 0.035732 0.023275 0.083828
v 0.035732 -0.023007 0.083734
v 0.035732 0.022201 0.083382
v 0.035732 -0.021289 0.082844
v 0.035733 0.021213 0.082792
v 0.035733 0.020323 0.082071
v 0.035733 -0.019844 0.081584
v 0.035733 0.019545 0.081233
v 0.035733 0.01889 0.080291
v 0.035733 -0.018734 0.080015
v 0.035734 0.018373 0.079257
v 0.035734 -0.018021 0.078199
v 0.035734 0.018007 0.078145
v 0.036234 0.046376 0.117009
v 0.036234 0.046376 0.086991
v 0.036268 0.016556 0.053702
v 0.03635 0.023048 0.085295
v 0.036362 0.016605 0.078919
v 0.036461 -0.016449 0.079032
v 0.036488 0.046376 0.087679
v 0.036555 -0.052998 0.087073
v 0.036555 -0.052998 0.116927
v 0.036568 -0.053 0.087066
v 0.036568 -0.053 0.116934
v 0.036595 0.022777 0.08585
v 0.036606 0.046183 0.117163
v 0.036606 0.046183 0.086837
v 0.036617 -0.014813 0.053202
v 0.036628 -0.052998 0.087214
v 0.036628 -0.052998 0.116786
v 0.036634 0.014771 0.053202
v 0.036725 0.015851 0.079423
v 0.036779 -0.007316 0.057
v 0.036779 0.007316 0.057
v 0.036779 -0.057 0.094684
v 0.036779 -0.057 0.109316
v 0.036779 -0.053 0.094684
v 0.036779 -0.053 0.109316
v 0.036779 -0.007316 0.0532
v 0.036779 0.007316 0.0532
v 0.036836 -0.022405 0.086408
v 0.036863 0.045835 0.117269
v 0.036863 0.045835 0.086731
v 0.036904 -0.022042 0.086864
v 0.036934 0.042 0.093061
v 0.036934 0.042 0.110939
v 0.036934 0.0445 0.093061
v 0.036934 0.0445 0.110939
v 0.036955 0.0454 0.117307
v 0.036955 0.0454 0.086693
v 0.037004 -0.022108 0.086863
v 0.037053 0.022003 0.087029
v 0.037056 0.021915 0.087035
v 0.037063 -0.022003 0.087025
v 0.037068 0.021977 0.087069
v 0.037081 -0.015 0.053702
v 0.037086 -0.052498 0.087016
v 0.037086 -0.052498 0.116984
v 0.037087 0.0445 0.087016
v 0.037087 0.0445 0.116984
v 0.037092 -0.052498 0.116973
v 0.037092 -0.052498 0.087027
v 0.037098 0.014958 0.053702
v 0.0373 0.046376 0.089881
v 0.0373 0.046376 0.11412
v 0.037431 -0.02124 0.088085
v 0.037457 0.013912 0.080672
v 0.037473 -0.013919 0.080674
v 0.037475 0.021243 0.088068
v 0.037495 0.020161 0.087771
v 0.037495 -0.019851 0.087661
v 0.037495 0.018914 0.087252
v 0.037496 -0.017853 0.086626
v 0.037496 0.017765 0.086566
v 0.037496 0.016731 0.085728
v 0.037496 -0.016173 0.085161
v 0.037496 0.015825 0.084753
v 0.037496 0.015064 0.083658
v 0.037496 -0.014882 0.083337
v 0.037497 0.014463 0.082456
v 0.037497 -0.014053 0.081227
v 0.037497 0.014036 0.081163
v 0.0375 -0.0 0.057
v 0.0375 -0.057 0.102
v 0.0375 -0.053 0.102
v 0.0375 -0.0 0.0532
v 0.037618 0.046376 0.11299
v 0.037662 -0.013042 0.053702
v 0.037683 0.046183 0.089756
v 0.037683 0.046183 0.114244
v 0.037686 0.020904 0.088587
v 0.037728 -0.011069 0.053202
v 0.037751 -0.013224 0.081125
v 0.037794 -0.013082 0.081213
v 0.037846 -0.020611 0.089044
v 0.037881 0.042 0.098995
v 0.037881 0.042 0.105005
v 0.037881 0.0445 0.098995
v 0.037881 0.0445 0.105005
v 0.037897 0.020577 0.0892
v 0.037902 -0.01112 0.0532
v 0.037948 0.045835 0.08967
v 0.037948 0.045835 0.11433
v 0.037951 0.010316 0.053202
v 0.038042 0.012363 0.081669
v 0.038042 0.0445 0.089639
v 0.038042 0.0445 0.114361
v 0.038042 0.0454 0.089639
v 0.038042 0.0454 0.114361
v 0.038064 -0.020078 0.089901
v 0.038116 0.010364 0.0532
v 0.038128 -0.02012 0.089911
v 0.038136 0.046376 0.092844
v 0.038136 0.046376 0.111156
v 0.038139 -0.0201 0.089942
v 0.038336 0.046376 0.093851
v 0.038416 0.019409 0.090958
v 0.038527 0.046183 0.09275
v 0.038527 0.046183 0.11125
v 0.038603 0.01901 0.091676
v 0.038628 0.018974 0.091647
v 0.038678 -0.018579 0.092307
v 0.038691 -0.01015 0.083043
v 0.038699 0.018829 0.091877
v 0.038737 0.046376 0.095865
v 0.038737 0.046376 0.108135
v 0.038743 0.009392 0.053702
v 0.038753 -0.052998 0.094392
v 0.038753 -0.052998 0.109608
v 0.03876 -0.053 0.09439
v 0.03876 -0.053 0.10961
v 0.03877 -0.007557 0.053202
v 0.038775 -0.052998 0.094469
v 0.038775 -0.052998 0.109531
v 0.038779 0.007512 0.053202
v 0.038784 0.018581 0.092278
v 0.038785 -0.009708 0.083309
v 0.038785 0.009707 0.083309
v 0.038798 0.045835 0.092685
v 0.038798 0.045835 0.111315
v 0.038801 0.018452 0.092253
v 0.038801 -0.017827 0.092123
v 0.038801 0.016929 0.091866
v 0.038801 -0.016573 0.09174
v 0.038801 -0.015389 0.091214
v 0.038801 0.0155 0.091271
v 0.038801 -0.014286 0.090554
v 0.038801 0.014185 0.090485
v 0.038802 -0.013273 0.089772
v 0.038802 0.013 0.089525
v 0.038802 -0.012361 0.088876
v 0.038802 0.011962 0.088409
v 0.038802 -0.011561 0.087878
v 0.038802 0.01109 0.087154
v 0.038802 -0.010882 0.086787
v 0.038802 0.010401 0.085778
v 0.038802 -0.010335 0.085615
v 0.038803 -0.00993 0.08437
v 0.038803 0.009911 0.084298
v 0.038863 0.009428 0.083481
v 0.038871 -0.018108 0.093063
v 0.038895 0.0454 0.092662
v 0.038895 0.0454 0.111338
v 0.038898 -0.018374 0.092677
v 0.038909 0.046376 0.106679
v 0.03893 0.009191 0.083628
v 0.038947 0.018248 0.092881
v 0.038971 -0.018138 0.093055
v 0.039099 0.046376 0.098923
v 0.039099 0.046376 0.105077
v 0.039115 -0.003995 0.053202
v 0.039134 0.046183 0.095802
v 0.039134 0.046183 0.108198
v 0.03915 0.046376 0.100242
v 0.03919 0.003213 0.053202
v 0.03922 0.046376 0.102
v 0.039225 -0.017311 0.094375
v 0.039231 0.017312 0.094374
v 0.039261 -0.007652 0.053702
v 0.039265 -0.052498 0.094368
v 0.039265 -0.052498 0.109632
v 0.039265 0.0445 0.094368
v 0.039265 0.0445 0.109632
v 0.039266 -0.052498 0.094374
v 0.039266 -0.052498 0.109626
v 0.03927 0.007607 0.053702
v 0.039291 -0.007334 0.084737
v 0.039296 -0.004013 0.0532
v 0.039368 0.00323 0.0532
v 0.039409 0.045835 0.095758
v 0.039409 0.045835 0.108242
v 0.039421 -0.016766 0.095218
v 0.039452 -0.005679 0.053702
v 0.039465 -0.006518 0.085228
v 0.039473 0.01657 0.095528
v 0.0395 0.046183 0.098891
v 0.0395 0.046183 0.105109
v 0.0395 -2.3e-05 0.053202
v 0.0395 -0.053 0.102
v 0.0395 -0.052998 0.102
v 0.039508 0.0445 0.095743
v 0.039508 0.0445 0.108257
v 0.039508 0.0454 0.095743
v 0.039508 0.0454 0.108257
v 0.039543 -0.016079 0.096223
v 0.039573 -0.00569 0.085732
v 0.039575 0.016178 0.096183
v 0.039576 0.005808 0.085652
v 0.039579 -0.016163 0.09621
v 0.039584 -0.016133 0.096254
v 0.039588 -0.01583 0.096588
v 0.039589 0.015986 0.096417
v 0.039604 0.01601 0.096431
v 0.039611 0.015872 0.096591
v 0.039612 -0.005386 0.085918
v 0.039622 0.046183 0.102
v 0.039624 0.005388 0.085913
v 0.039633 0.015335 0.096506
v 0.039633 -0.014628 0.096359
v 0.039633 0.013613 0.096068
v 0.039633 -0.013211 0.095926
v 0.039634 0.011999 0.095395
v 0.039634 -0.011873 0.09533
v 0.039634 -0.010626 0.094584
v 0.039634 0.010512 0.094505
v 0.039634 -0.009482 0.093699
v 0.039634 0.009173 0.09342
v 0.039634 -0.008451 0.092686
v 0.039634 0.008 0.092158
v 0.039634 -0.007545 0.091558
v 0.039635 0.007013 0.09074
v 0.039635 -0.006778 0.090325
v 0.039635 0.006233 0.089185
v 0.039635 -0.006159 0.089
v 0.039635 -0.0057 0.087595
v 0.039635 0.005679 0.087513
v 0.039635 -0.005414 0.08612
v 0.039734 -0.015007 0.097794
v 0.039769 -0.015065 0.09783
v 0.039778 0.045835 0.098869
v 0.039778 0.045835 0.105131
v 0.039816 0.014835 0.098169
v 0.039817 0.00189 0.053702
v 0.039824 -0.003753 0.086913
v 0.039843 -0.014641 0.098455
v 0.039853 0.014548 0.098578
v 0.039861 0.014359 0.09875
v 0.039865 0.003284 0.087224
v 0.039866 0.014382 0.098767
v 0.039877 0.0454 0.098862
v 0.039877 0.0454 0.105138
v 0.039898 -0.014086 0.099144
v 0.039901 0.045835 0.102
v 0.039907 -0.013891 0.099338
v 0.039908 -0.013885 0.099327
v 0.039934 0.013574 0.099709
v 0.039938 -0.013526 0.099768
v 0.03994 0.013426 0.099831
v 0.03994 -0.002183 0.088063
v 0.039941 0.013435 0.099844
v 0.039946 0.013368 0.09992
v 0.039954 0.001903 0.088329
v 0.039956 0.001874 0.088352
v 0.039973 0.012581 0.10053
v 0.039975 -0.01251 0.100575
v 0.039975 -0.012454 0.100593
v 0.039975 -0.012487 0.100598
v 0.039976 -0.012461 0.10061
v 0.039977 0.012279 0.10067
v 0.039977 0.01227 0.100674
v 0.039979 0.012297 0.100708
v 0.039979 0.012288 0.100711
v 0.03998 -0.001275 0.089083
v 0.03998 -0.001274 0.089086
v 0.03998 -0.011943 0.100763
v 0.039981 0.012025 0.100787
v 0.039982 -0.011385 0.100653
v 0.039982 0.010252 0.100328
v 0.039982 -0.009803 0.100169
v 0.039983 0.00845 0.099575
v 0.039983 -0.008309 0.099503
v 0.039983 -0.006917 0.098669
v 0.039983 0.006789 0.098582
v 0.039983 -0.005638 0.09768
v 0.039983 0.005293 0.097369
v 0.039983 0.001156 0.089277
v 0.039983 -0.011546 0.100895
v 0.039983 -0.004486 0.096549
v 0.039984 0.003982 0.095959
v 0.039984 -0.001122 0.089417
v 0.039984 -0.003475 0.095289
v 0.039984 0.00288 0.094375
v 0.039984 -0.002616 0.093912
v 0.039984 0.002008 0.092639
v 0.039984 -0.001924 0.092433
v 0.039984 0.001115 0.089382
v 0.039984 -0.001412 0.090863
v 0.039984 0.001388 0.090772
v 0.039987 -0.011579 0.100999
v 0.039988 -0.011069 0.101054
v 0.039989 0.011456 0.101051
v 0.039989 -0.011409 0.101073
v 0.039989 -0.007166 0.101062
v 0.039989 -0.006053 0.100447
v 0.039989 -0.005619 0.100093
v 0.039989 -0.001091 0.095232
v 0.039989 -0.000924 0.094999
v 0.039989 -0.000924 0.101067
v 0.039989 0.000924 0.101067
v 0.039989 0.000924 0.094999
v 0.039989 0.001373 0.095709
v 0.039989 0.00209 0.09684
v 0.039989 0.002527 0.097338
v 0.039989 0.003529 0.098482
v 0.039989 0.003895 0.098788
v 0.039989 0.005209 0.099889
v 0.039989 0.005455 0.100037
v 0.039989 0.007167 0.101063
v 0.039989 -0.004316 0.099035
v 0.039989 -0.003115 0.098059
v 0.039989 -0.003043 0.097959
v 0.039989 -0.002069 0.096598
v 0.039989 -0.007169 0.101067
v 0.039989 -0.007038 0.10099
v 0.039989 0.007169 0.101067
v 0.039989 -0.007153 0.101054
v 0.039989 0.007153 0.101054
v 0.039989 -0.000922 0.101076
v 0.039989 0.000922 0.101076
v 0.039989 -0.007168 0.101076
v 0.039989 0.007168 0.101076
v 0.03999 -0.000916 0.101084
v 0.03999 0.000916 0.101084
v 0.03999 -0.007167 0.101086
v 0.03999 -0.000914 0.101086
v 0.03999 0.000914 0.101086
v 0.03999 0.007167 0.101086
v 0.039991 -0.007531 0.101115
v 0.039991 0.010916 0.10114
v 0.039991 0.011084 0.101156
v 0.039991 0.010922 0.101171
v 0.039992 -0.008706 0.101166
v 0.039992 -0.008952 0.101176
v 0.039992 -0.010629 0.1012
v 0.039992 -0.010633 0.101198
v 0.039992 -0.000795 0.090132
v 0.039992 -0.008074 0.101211
v 0.039992 0.008258 0.101209
v 0.039993 -0.008702 0.101237
v 0.039993 0.000759 0.094018
v 0.039993 -0.010499 0.101243
v 0.039993 0.009483 0.101254
v 0.039993 0.009507 0.101255
v 0.039993 0.000733 0.093693
v 0.039993 0.000733 0.090366
v 0.039994 0.010089 0.101277
v 0.039994 -0.010056 0.101292
v 0.039994 -0.000696 0.093437
v 0.039994 0.009481 0.101301
v 0.039994 0.009516 0.101304
v 0.039995 -0.000649 0.093115
v 0.039995 0.000632 0.091355
v 0.039995 -0.000609 0.091482
v 0.039995 -0.000603 0.091269
v 0.039996 0.000584 0.09182
v 0.039997 -0.000457 0.101543
v 0.039997 0.000457 0.101543
v 0.04 -2.3e-05 0.053702
v 0.04 -0.052498 0.102
v 0.04 -0.0 0.102
v 0.04 0.0445 0.102
v 0.04 0.0445 0.102
v 0.04 0.0454 0.102
vn -0.07277 0.000888 -0.997348
vn -0.020376 4.4e-05 0.999792
vn -0.01745 6.4e-05 0.999848
vn -0.015807 5e-05 0.999875
vn -0.015629 4.9e-05 0.999878
vn -0.008274 1.1e-05 0.999966
vn -0.002355 0.0 0.999997
vn 0.0 -0.0 1.0
vn -0.016768 0.003129 -0.999855
vn -0.033056 0.0 -0.999454
vn -0.000223 7.5e-05 -1.0
vn -0.033017 6.3e-05 -0.999455
vn -0.006379 0.004295 -0.99997
vn -0.016749 0.00313 -0.999855
vn -0.084627 0.004463 -0.996403
vn -0.025929 0.002435 -0.999661
vn -0.069136 -3.3e-05 -0.997607
vn -0.033022 -3e-05 -0.999455
vn -0.072766 -0.00441 -0.997339
vn -0.107255 0.002586 -0.994228
vn -0.216859 0.011221 -0.976138
vn -0.111249 -0.035618 -0.993154
vn -0.188934 -0.014912 -0.981877
vn -0.272805 -0.043371 -0.961091
vn -0.397965 0.005664 -0.917383
vn -0.263207 -0.00098 -0.964739
vn -0.216851 -0.014557 -0.976096
vn -0.266433 -0.014537 -0.963744
vn -0.188934 -0.014912 -0.981877
vn -0.501428 -0.018215 -0.865008
vn -0.501426 -0.018215 -0.865009
vn -0.434168 -0.044612 -0.899727
vn -0.564344 0.032341 -0.824906
vn -0.421374 -0.004061 -0.906878
vn -0.397951 -0.010157 -0.917351
vn -0.423336 -0.010152 -0.905916
vn -0.346179 -0.016998 -0.938015
vn -0.644564 -0.017871 -0.764341
vn -0.644566 -0.017871 -0.76434
vn -0.710775 0.013297 -0.703294
vn -0.568913 -0.007183 -0.822366
vn -0.564621 -0.008182 -0.82531
vn -0.569279 -0.008182 -0.822103
vn -0.569285 -0.008182 -0.8221
vn -0.824587 -0.006066 -0.565703
vn -0.824586 -0.006066 -0.565703
vn -0.774094 -0.016116 -0.632865
vn -0.774095 -0.016116 -0.632864
vn -0.831202 0.012445 -0.555831
vn -0.708955 -0.00709 -0.705218
vn -0.710823 -0.00668 -0.703339
vn -0.708801 -0.00668 -0.705377
vn -0.708799 -0.00668 -0.705379
vn -0.941022 -0.005389 -0.338304
vn -0.941022 -0.005389 -0.338301
vn -0.908555 -0.006307 -0.417718
vn -0.908553 -0.006307 -0.417721
vn -0.872929 -0.01666 -0.487563
vn -0.872927 -0.016661 -0.487566
vn -0.824588 -0.006066 -0.565701
vn -0.83125 -0.006332 -0.555862
vn -0.921478 0.0132 -0.388206
vn -0.967965 -0.006178 -0.25101
vn -0.967965 -0.006178 -0.251009
vn -0.943422 -0.017777 -0.331119
vn -0.941019 -0.005389 -0.33831
vn -0.921558 -0.000447 -0.388241
vn -0.978439 0.000947 -0.206532
vn -0.999857 -0.000133 -0.01692
vn -0.999985 -0.000236 -0.005478
vn -0.999853 0.0 -0.017141
vn -0.999822 0.000118 -0.018875
vn -0.999822 0.000118 -0.018862
vn -0.999721 -0.000262 -0.023625
vn -0.999721 -0.000262 -0.023616
vn -0.999349 -0.000618 -0.036075
vn -0.999349 -0.000618 -0.03607
vn -0.998361 -0.001588 -0.057208
vn -0.998361 -0.001587 -0.057203
vn -0.995667 -0.004286 -0.092891
vn -0.995667 -0.004286 -0.092894
vn -0.998413 0.000466 -0.056311
vn -0.986454 -0.000377 -0.164037
vn -0.978438 -0.00199 -0.206531
vn -0.986842 -0.004267 -0.161633
vn -0.986841 -0.004267 -0.161637
vn -0.995396 -0.001155 -0.095845
vn -0.985942 0.018797 -0.166026
vn -0.985941 0.018798 -0.166031
vn -0.994104 0.007662 -0.108157
vn -0.994104 0.007663 -0.108161
vn -0.997453 0.003161 -0.071252
vn -0.997453 0.003161 -0.071251
vn -0.999003 0.001186 -0.044623
vn -0.999609 0.000457 -0.027944
vn -0.999609 0.000459 -0.027976
vn -0.999608 0.000459 -0.02799
vn -0.999818 0.00021 -0.019071
vn -0.999922 -0.000259 -0.012523
vn -0.999922 -0.000255 -0.012474
vn -0.999986 0.000453 -0.005261
vn -0.999801 -0.000192 -0.019961
vn -0.999853 0.0 -0.017141
vn -0.965923 0.002384 -0.258818
vn -0.965918 0.002385 -0.258837
vn -0.983993 -0.001159 -0.178202
vn -0.868162 0.017127 -0.495985
vn -0.903675 0.001524 -0.428217
vn -0.903675 0.001524 -0.428216
vn -0.937943 -0.001162 -0.346788
vn -0.937942 -0.001161 -0.346789
vn -0.958819 -0.001159 -0.284016
vn -0.941697 0.017487 -0.336008
vn -0.941697 0.017487 -0.336007
vn -0.766787 0.01673 -0.641684
vn -0.815765 -0.00032 -0.578384
vn -0.815765 -0.00032 -0.578383
vn -0.887011 -0.000317 -0.461749
vn -0.830457 0.046487 -0.55514
vn -0.868161 0.017128 -0.495987
vn -0.643338 0.015612 -0.765423
vn -0.700936 -0.001578 -0.713222
vn -0.700941 -0.001579 -0.713217
vn -0.782608 -0.001568 -0.622513
vn -0.720066 0.051592 -0.691985
vn -0.766787 0.01673 -0.641683
vn -0.492422 -0.002498 -0.870353
vn -0.439586 0.064809 -0.895859
vn -0.501135 0.013594 -0.865262
vn -0.501137 0.013593 -0.865261
vn -0.5671 -0.00349 -0.823641
vn -0.567105 -0.00349 -0.823638
vn -0.649444 -0.003472 -0.760401
vn -0.588957 0.05717 -0.806139
vn -0.643336 0.015613 -0.765425
vn -0.269066 0.001918 -0.96312
vn -0.346744 0.009639 -0.93791
vn -0.417736 -0.005061 -0.908555
vn -0.417734 -0.005061 -0.908555
vn -0.317247 0.019167 -0.948149
vn -0.283394 0.065111 -0.956791
vn -0.346749 0.009636 -0.937909
vn -0.038152 -0.008939 -0.999232
vn -0.130434 0.037521 -0.990747
vn -0.121271 0.053769 -0.991162
vn -0.121272 0.053768 -0.991162
vn -0.191411 -0.001631 -0.981509
vn -0.191412 -0.001631 -0.981508
vn -0.191421 -0.001631 -0.981507
vn -0.038151 -0.00894 -0.999232
vn -0.017452 -0.008938 -0.999808
vn -0.038521 0.0 -0.999258
vn -0.07277 0.000886 0.997348
vn -0.069072 -0.000228 0.997612
vn -0.072766 -0.000228 0.997349
vn -0.130527 0.001887 0.991443
vn -0.216874 -0.001859 0.976198
vn -0.216873 -0.001859 0.976198
vn -0.317304 0.001882 0.948322
vn -0.397971 -0.001854 0.917396
vn -0.397971 -0.001854 0.917396
vn -0.492422 0.001877 0.870354
vn -0.564638 -0.001849 0.825336
vn -0.564639 -0.001849 0.825336
vn -0.649447 0.001871 0.760405
vn -0.710837 -0.001843 0.703355
vn -0.710838 -0.001843 0.703353
vn -0.782607 0.001865 0.622514
vn -0.831265 -0.001836 0.555874
vn -0.831265 -0.001836 0.555873
vn -0.88701 0.001858 0.461747
vn -0.921557 -0.001828 0.38824
vn -0.921557 -0.001828 0.388239
vn -0.958818 0.00185 0.284015
vn -0.978438 -0.00182 0.206531
vn -0.999818 0.000211 -0.019099
vn -0.999961 0.0 -0.008847
vn -0.995396 0.0 0.095846
vn -0.978438 -0.00182 0.206531
vn -0.996571 0.002271 0.082717
vn -0.998413 0.0 0.056311
vn -0.999962 0.0 -0.008701
vn -0.999855 -0.000135 -0.017007
vn 0.027919 0.0 -0.99961
vn 0.017453 -0.002105 -0.999845
vn 0.027784 -0.004462 -0.999604
vn 0.027784 -0.004462 -0.999604
vn 0.251157 -0.004755 -0.967935
vn 0.171937 0.006532 -0.985086
vn 0.171938 0.006532 -0.985086
vn 0.130355 0.051313 -0.990139
vn 0.094404 0.012471 -0.995456
vn 0.094402 0.01247 -0.995456
vn 0.336918 0.014325 -0.941425
vn 0.336918 0.014325 -0.941425
vn 0.336725 0.014526 -0.941491
vn 0.317111 0.034881 -0.947747
vn 0.251167 -0.004756 -0.967932
vn 0.25127 -0.004755 -0.967905
vn 0.552833 -0.002392 -0.833289
vn 0.489677 0.020693 -0.871658
vn 0.489678 0.020692 -0.871658
vn 0.43188 0.074656 -0.898836
vn 0.492422 0.00273 -0.870352
vn 0.407541 -0.004973 -0.913173
vn 0.407542 -0.004973 -0.913173
vn 0.63166 0.022357 -0.774923
vn 0.631661 0.022356 -0.774922
vn 0.649435 0.006162 -0.760392
vn 0.552834 -0.002392 -0.833288
vn 0.552831 -0.002392 -0.83329
vn 0.805631 0.002085 -0.592414
vn 0.805633 0.002084 -0.592411
vn 0.760221 0.02084 -0.64933
vn 0.76022 0.020841 -0.649331
vn 0.782607 0.001838 -0.622513
vn 0.691119 -0.000858 -0.72274
vn 0.691123 -0.000858 -0.722736
vn 0.898247 0.003215 -0.439479
vn 0.860774 0.021414 -0.508537
vn 0.886981 0.00818 -0.461733
vn 0.853868 -0.001616 -0.520487
vn 0.85387 -0.001616 -0.520485
vn 0.962256 0.003739 -0.272119
vn 0.962256 0.00374 -0.272119
vn 0.936642 0.021943 -0.349599
vn 0.958819 -0.001474 -0.284015
vn 0.931709 -0.001637 -0.363201
vn 0.931719 -0.001637 -0.363175
vn 0.999985 0.000235 -0.005479
vn 0.999853 0.0 -0.017141
vn 0.999822 -0.000117 -0.018865
vn 0.999809 -0.000135 -0.019521
vn 0.999849 0.000173 -0.017392
vn 0.999848 0.000174 -0.017418
vn 0.99967 0.000382 -0.025675
vn 0.999683 0.000361 -0.025158
vn 0.999166 0.00099 -0.040812
vn 0.997789 0.002703 -0.066412
vn 0.997788 0.002703 -0.066418
vn 0.997789 0.002702 -0.06641
vn 0.993865 0.007739 -0.110332
vn 0.993864 0.00774 -0.110338
vn 0.995385 0.004741 -0.095845
vn 0.982236 -0.001287 -0.187646
vn 0.982235 -0.001287 -0.187649
vn 0.983746 -0.017079 -0.178753
vn 0.993636 -0.0064 -0.112456
vn 0.993637 -0.006398 -0.112445
vn 0.993638 -0.006398 -0.112442
vn 0.997532 -0.002423 -0.070166
vn 0.997533 -0.002423 -0.070161
vn 0.99902 -0.000937 -0.044251
vn 0.999605 -0.000371 -0.0281
vn 0.9996 -0.000376 -0.028261
vn 0.9996 -0.000376 -0.028267
vn 0.999813 -0.000175 -0.019339
vn 0.999922 0.000253 -0.012452
vn 0.999923 0.000251 -0.01242
vn 0.999986 -0.000448 -0.005266
vn 0.999801 0.000191 -0.019939
vn 0.999853 0.0 -0.017141
vn 0.940978 -0.013519 -0.338199
vn 0.940997 -0.013511 -0.338145
vn 0.964033 -0.002824 -0.265768
vn 0.995403 0.00116 -0.095768
vn 0.958973 0.001126 -0.283496
vn 0.981826 0.001132 -0.189781
vn 0.981826 0.001132 -0.18978
vn 0.826821 -0.034325 -0.561417
vn 0.866852 -0.012662 -0.498404
vn 0.866853 -0.012662 -0.498403
vn 0.903706 -0.001138 -0.428153
vn 0.903708 -0.001137 -0.428148
vn 0.958886 0.000876 -0.28379
vn 0.887118 0.000793 -0.461541
vn 0.93806 0.000799 -0.346472
vn 0.938062 0.000799 -0.346468
vn 0.887191 0.000262 -0.461403
vn 0.782951 0.000125 -0.622084
vn 0.815772 0.000125 -0.578374
vn 0.815772 0.000125 -0.578374
vn 0.701242 0.000879 -0.712922
vn 0.701242 0.000878 -0.712923
vn 0.64984 0.000876 -0.76007
vn 0.701206 0.000959 -0.712958
vn 0.782946 -0.002482 -0.622085
vn 0.765038 -0.01158 -0.643881
vn 0.765036 -0.01158 -0.643883
vn 0.499015 -0.00754 -0.86656
vn 0.567821 0.001737 -0.82315
vn 0.56782 0.001736 -0.823151
vn 0.49301 0.001728 -0.870022
vn 0.567764 0.001892 -0.823189
vn 0.649971 -0.005939 -0.759936
vn 0.641246 -0.009859 -0.767272
vn 0.641246 -0.009859 -0.767272
vn 0.275025 -0.028693 -0.961009
vn 0.318244 -0.01193 -0.947934
vn 0.344822 -0.004559 -0.938657
vn 0.418748 0.002009 -0.9081
vn 0.318279 0.001994 -0.947995
vn 0.418666 0.002287 -0.908138
vn 0.493171 0.001356 -0.869932
vn 0.430511 -0.03486 -0.901912
vn 0.499016 -0.007539 -0.86656
vn 0.029237 0.002579 -0.999569
vn 0.117993 -0.01812 -0.992849
vn 0.131677 -0.012038 -0.99122
vn 0.116944 -0.008726 -0.9931
vn 0.038414 0.00262 -0.999258
vn 0.192512 0.000279 -0.981295
vn 0.192514 0.00028 -0.981294
vn 0.131695 0.000278 -0.99129
vn 0.192473 0.000498 -0.981302
vn 0.268507 -0.000571 -0.963278
vn 0.029276 0.000126 -0.999571
vn 0.037426 0.002579 -0.999296
vn 0.031318 0.00292 -0.999505
vn 0.019791 0.003721 -0.999797
vn 0.019791 0.003721 -0.999797
vn 0.010185 0.004702 -0.999937
vn 0.038497 0.000709 -0.999259
vn 0.002306 4e-06 -0.999997
vn 0.000223 -0.0 -1.0
vn 0.01745 0.0 0.999848
vn 0.0 0.000258 1.0
vn 0.005356 0.00018 0.999986
vn 0.014093 8.9e-05 0.999901
vn 0.014178 8.8e-05 0.999899
vn 0.029276 0.000124 0.999571
vn 0.0312 0.000703 0.999513
vn 0.999962 0.0 -0.008692
vn 0.995396 0.0 0.095845
vn 0.995393 -6e-06 0.09588
vn 0.999813 -0.000175 -0.019355
vn 0.999961 0.0 -0.008855
vn 0.995404 0.0 0.095768
vn 0.95834 0.027901 0.284264
vn 0.887011 -1.8e-05 0.461749
vn 0.782764 0.015034 0.622137
vn 0.887191 -1.2e-05 0.461403
vn 0.95882 -1.2e-05 0.284015
vn 0.887141 0.015031 0.461253
vn 0.958886 -6e-06 0.283791
vn 0.649448 -3e-05 0.760406
vn 0.492955 0.014999 0.869925
vn 0.649983 -2.5e-05 0.759949
vn 0.782608 -2.4e-05 0.622515
vn 0.649767 0.015017 0.759985
vn 0.782948 -1.8e-05 0.622087
vn 0.317305 -4.2e-05 0.948324
vn 0.131512 0.014961 0.991202
vn 0.318267 -3.7e-05 0.948001
vn 0.492423 -3.6e-05 0.870356
vn 0.318065 0.01498 0.947951
vn 0.493171 -3.1e-05 0.869932
vn 0.019694 4.8e-05 0.999806
vn 0.028762 -3e-06 0.999586
vn 0.130527 -3e-06 0.991445
vn 0.029236 0.008019 0.99954
vn 0.131688 -4.3e-05 0.991291
vn 0.995185 0.0 -0.098017
vn 0.995185 0.0 -0.098017
vn 0.95694 0.0 -0.290284
vn 0.95694 0.0 -0.290284
vn 0.881921 0.0 -0.471397
vn 0.881921 0.0 -0.471397
vn 0.773011 0.0 -0.634393
vn 0.773011 0.0 -0.634393
vn 0.634394 0.0 -0.77301
vn 0.634394 0.0 -0.77301
vn 0.471397 0.0 -0.881921
vn 0.471397 0.0 -0.881921
vn 0.290285 0.0 -0.95694
vn 0.290285 0.0 -0.95694
vn 0.098017 0.0 -0.995185
vn 0.098017 0.0 -0.995185
vn -0.098017 0.0 -0.995185
vn -0.098017 -0.0 -0.995185
vn -0.290284 0.0 -0.956941
vn -0.290284 -0.0 -0.956941
vn -0.471397 0.0 -0.881921
vn -0.471397 -0.0 -0.881921
vn -0.634393 0.0 -0.773011
vn -0.634393 -0.0 -0.773011
vn -0.773011 0.0 -0.634393
vn -0.773011 -0.0 -0.634393
vn -0.881921 0.0 -0.471397
vn -0.881921 -0.0 -0.471397
vn -0.95694 0.0 -0.290285
vn -0.95694 -0.0 -0.290285
vn -0.995185 0.0 -0.098017
vn -0.995185 -0.0 -0.098017
vn 0.867666 0.0 -0.497147
vn 0.867666 0.0 -0.497147
vn 0.972583 0.0 -0.232558
vn 0.972583 0.0 -0.232558
vn 0.998705 0.0 0.05087
vn 0.998705 -0.0 0.05087
vn 0.943919 0.0 0.330177
vn 0.943919 -0.0 0.330177
vn 0.812662 0.0 0.582735
vn 0.812662 -0.0 0.582735
vn 0.615567 0.0 0.788084
vn 0.615567 -0.0 0.788084
vn 0.368604 0.0 0.929587
vn 0.368604 -0.0 0.929587
vn 0.091779 0.0 0.995779
vn 0.091779 -0.0 0.995779
vn -0.192483 0.0 0.9813
vn -0.192483 0.0 0.9813
vn -0.46115 0.0 0.887322
vn -0.46115 0.0 0.887322
vn -0.692457 0.0 0.721459
vn -0.692457 0.0 0.721459
vn 0.616657 -0.703488 -0.353326
vn 0.616648 -0.703498 -0.353321
vn 0.691216 -0.703493 -0.165279
vn 0.691217 -0.703492 -0.16528
vn 0.709784 -0.703491 0.036154
vn 0.709789 -0.703486 0.036154
vn 0.670855 -0.703483 0.234661
vn 0.670847 -0.703491 0.234659
vn 0.577559 -0.703495 0.41415
vn 0.577565 -0.703488 0.414154
vn 0.437488 -0.703488 0.560097
vn 0.437496 -0.703475 0.560107
vn 0.261975 -0.703473 0.660677
vn 0.261967 -0.703493 0.660659
vn 0.065227 -0.703494 0.707702
vn 0.065226 -0.703504 0.707692
vn -0.136796 -0.703504 0.697402
vn -0.136799 -0.703486 0.697419
vn -0.327744 -0.703486 0.630628
vn -0.327747 -0.703479 0.630634
vn -0.492139 -0.703482 0.51275
vn -0.492135 -0.703488 0.512746
vn 0.66211 -0.694747 -0.280957
vn 0.662111 -0.694746 -0.280956
vn 0.713882 -0.694747 0.08774
vn 0.713882 -0.694747 0.08774
vn 0.57437 -0.694748 0.432925
vn 0.57437 -0.694747 0.432926
vn 0.280957 -0.694748 0.662109
vn 0.280955 -0.694745 0.662112
vn -0.087741 -0.694745 0.713884
vn -0.087738 -0.694748 0.713882
vn -0.432925 -0.694748 0.57437
vn -0.432927 -0.694747 0.57437
vn -0.601909 0.0 0.798565
vn -0.601909 0.0 0.798565
vn -0.121989 0.0 0.992531
vn -0.121989 0.0 0.992531
vn 0.390623 0.0 0.920551
vn 0.390623 0.0 0.920551
vn 0.798565 0.0 0.601909
vn 0.798565 0.0 0.601909
vn 0.992532 0.0 0.121987
vn 0.992532 0.0 0.121987
vn 0.920551 0.0 -0.390622
vn 0.920551 0.0 -0.390622
vn 0.098017 0.995185 0.0
vn 0.098017 0.995185 -0.0
vn 0.290285 0.95694 0.0
vn 0.290285 0.95694 -0.0
vn 0.471397 0.881921 0.0
vn 0.471397 0.881921 -0.0
vn 0.634393 0.77301 0.0
vn 0.634393 0.773011 -0.0
vn 0.773011 0.634393 0.0
vn 0.773011 0.634393 -0.0
vn 0.881921 0.471397 0.0
vn 0.881921 0.471396 1e-06
vn 0.95694 0.290285 1e-06
vn 0.95694 0.290285 1e-06
vn 0.995185 0.098017 1e-06
vn 0.995185 0.098017 1e-06
vn 0.995185 -0.098017 1e-06
vn 0.995185 -0.098017 1e-06
vn 0.95694 -0.290285 1e-06
vn 0.95694 -0.290285 1e-06
vn 0.881921 -0.471397 1e-06
vn 0.881921 -0.471396 0.0
vn 0.77301 -0.634393 0.0
vn 0.77301 -0.634393 0.0
vn 0.634393 -0.77301 0.0
vn 0.634394 -0.77301 0.0
vn 0.471397 -0.881921 0.0
vn 0.471397 -0.881921 0.0
vn 0.290285 -0.95694 0.0
vn 0.290285 -0.95694 0.0
vn 0.098017 -0.995185 0.0
vn 0.098017 -0.995185 0.0
vn -0.098017 -0.995185 -0.0
vn -0.098017 -0.995185 0.0
vn -0.290285 -0.95694 0.0
vn -0.290285 -0.95694 0.0
vn -0.471397 -0.881921 0.0
vn -0.471397 -0.881921 0.0
vn -0.634393 -0.77301 0.0
vn -0.634394 -0.77301 0.0
vn -0.77301 -0.634394 0.0
vn -0.77301 -0.634393 0.0
vn -0.881922 -0.471396 0.0
vn -0.881921 -0.471397 -1e-06
vn -0.95694 -0.290285 -1e-06
vn -0.95694 -0.290285 -1e-06
vn -0.995185 -0.098017 -1e-06
vn -0.995185 -0.098017 -1e-06
vn -0.995185 0.098017 -1e-06
vn -0.995185 0.098017 -1e-06
vn -0.95694 0.290285 -1e-06
vn -0.95694 0.290285 -1e-06
vn -0.881922 0.471396 -1e-06
vn -0.881921 0.471397 0.0
vn -0.77301 0.634393 0.0
vn -0.773011 0.634393 0.0
vn -0.634393 0.773011 0.0
vn -0.634393 0.77301 0.0
vn -0.471397 0.881921 0.0
vn -0.471397 0.881921 0.0
vn -0.290285 0.95694 0.0
vn -0.290285 0.95694 0.0
vn -0.098017 0.995185 0.0
vn -0.098017 0.995185 0.0
vn -0.684549 -0.044478 -0.727609
vn -0.682094 -0.043743 -0.729955
vn -0.693119 -0.029894 -0.720204
vn -0.700674 -0.04925 -0.71178
vn -0.700748 -0.049271 -0.711705
vn -0.70644 -0.050802 -0.705947
vn -0.703862 -0.050544 -0.708536
vn -0.698233 -0.050063 -0.714118
vn -0.69802 -0.050047 -0.714327
vn -0.03985 -0.706545 -0.706545
vn -0.039849 -0.706543 -0.706548
vn -0.039848 -0.706542 -0.706548
vn -0.146371 -0.693432 -0.705499
vn -0.146372 -0.693434 -0.705496
vn -0.146372 -0.693436 -0.705494
vn -0.146374 -0.693436 -0.705493
vn -0.275152 -0.653123 -0.705493
vn -0.275152 -0.653123 -0.705494
vn -0.275152 -0.653124 -0.705493
vn -0.275152 -0.653124 -0.705493
vn -0.393958 -0.589133 -0.705493
vn -0.393955 -0.58913 -0.705496
vn -0.393955 -0.589131 -0.705496
vn -0.393958 -0.589131 -0.705495
vn -0.498479 -0.503782 -0.705494
vn -0.498478 -0.503781 -0.705496
vn -0.498477 -0.503779 -0.705498
vn -0.498477 -0.503779 -0.705498
vn -0.584927 -0.400167 -0.705498
vn -0.584926 -0.400167 -0.705498
vn -0.584927 -0.400167 -0.705498
vn -0.584929 -0.400166 -0.705496
vn -0.650173 -0.282047 -0.705496
vn -0.650172 -0.282047 -0.705497
vn -0.650173 -0.282048 -0.705496
vn -0.650171 -0.282049 -0.705497
vn -0.691845 -0.153701 -0.705498
vn -0.691846 -0.153701 -0.705496
vn -0.691848 -0.153702 -0.705495
vn -0.691848 -0.153701 -0.705494
vn -0.705709 -0.05122 -0.706648
vn -0.649746 -0.047406 -0.758672
vn -0.702814 -0.023531 -0.710984
vn -0.027275 -0.716708 -0.69684
vn -0.019966 -0.71494 -0.698901
vn -0.025056 -0.711734 -0.702002
vn -0.001791 -0.705307 -0.708899
vn -0.015503 -0.707393 -0.706651
vn -0.014469 -0.707103 -0.706962
vn -0.005619 -0.706823 -0.707368
vn -0.021977 -0.707754 -0.706117
vn -0.023265 -0.710437 -0.703376
vn -0.050545 -0.708536 -0.703862
vn -0.050054 -0.714236 -0.698113
vn -0.05008 -0.713895 -0.698459
vn -0.706545 -0.706545 -0.03985
vn -0.706542 -0.706548 -0.039849
vn -0.693432 -0.705499 -0.146371
vn -0.693433 -0.705497 -0.146371
vn -0.693433 -0.705497 -0.146372
vn -0.693434 -0.705496 -0.146372
vn -0.653121 -0.705496 -0.275152
vn -0.653121 -0.705496 -0.275152
vn -0.653121 -0.705496 -0.275151
vn -0.653119 -0.705498 -0.27515
vn -0.589129 -0.705499 -0.393954
vn -0.589129 -0.705497 -0.393955
vn -0.589129 -0.705497 -0.393955
vn -0.589129 -0.705497 -0.393956
vn -0.503781 -0.705496 -0.498478
vn -0.503779 -0.7055 -0.498474
vn -0.503779 -0.7055 -0.498475
vn -0.503781 -0.705496 -0.498478
vn -0.400168 -0.705495 -0.584929
vn -0.400167 -0.705498 -0.584926
vn -0.400167 -0.705498 -0.584926
vn -0.400168 -0.705496 -0.584928
vn -0.282047 -0.705496 -0.650173
vn -0.282047 -0.705498 -0.650171
vn -0.282047 -0.705498 -0.650171
vn -0.282046 -0.7055 -0.650169
vn -0.153701 -0.7055 -0.691842
vn -0.153701 -0.705497 -0.691846
vn -0.1537 -0.705496 -0.691846
vn -0.1537 -0.705499 -0.691843
vn -0.050734 -0.706641 -0.705751
vn -0.051234 -0.710112 -0.702222
vn -0.051236 -0.710113 -0.702221
vn -0.145198 0.955673 -0.256139
vn 0.000438 0.980794 -0.195045
vn 0.0 0.195179 -0.980768
vn -0.145287 0.256054 -0.955682
vn -0.145265 0.256288 -0.955622
vn 0.124471 0.539017 -0.833048
vn -0.200145 0.692799 -0.692799
vn -0.195846 0.823278 -0.532784
vn 0.290756 0.676489 -0.676627
vn -0.145235 0.955772 -0.255747
vn 0.813305 0.58182 -0.00442
vn 0.261821 -0.96499 -0.015599
vn 0.261978 -0.964949 -0.015547
vn 0.317191 -0.948357 0.002999
vn 0.183723 -0.982977 -0.001182
vn 0.111354 -0.993275 -0.031703
vn 0.130454 -0.991263 -0.019496
vn 0.41707 -0.908754 -0.014798
vn 0.417067 -0.908755 -0.014798
vn 0.346524 -0.936994 -0.044307
vn 0.491489 -0.869089 0.055885
vn 0.33673 -0.94156 -0.0088
vn 0.31713 -0.948176 -0.019756
vn 0.261821 -0.96499 -0.015599
vn 0.261819 -0.964991 -0.015599
vn 0.559035 -0.828968 -0.017079
vn 0.559038 -0.828966 -0.017078
vn 0.649003 -0.760287 0.027568
vn 0.490668 -0.871236 -0.013867
vn 0.492217 -0.870375 -0.013015
vn 0.490379 -0.871412 -0.013015
vn 0.417066 -0.908756 -0.014798
vn 0.689212 -0.724333 -0.018112
vn 0.781923 -0.622393 0.034985
vn 0.626235 -0.779396 -0.019257
vn 0.649229 -0.76055 -0.008147
vn 0.622086 -0.782906 -0.008138
vn 0.622096 -0.782899 -0.008138
vn 0.852219 -0.523156 -0.005555
vn 0.852217 -0.52316 -0.005555
vn 0.852219 -0.523157 -0.005555
vn 0.805925 -0.591775 -0.016962
vn 0.805924 -0.591775 -0.016963
vn 0.886257 -0.461808 0.035794
vn 0.750746 -0.66026 -0.020905
vn 0.782386 -0.622762 -0.006363
vn 0.745569 -0.666399 -0.006347
vn 0.689213 -0.724333 -0.018112
vn 0.929744 -0.368165 -0.00546
vn 0.929746 -0.368161 -0.00546
vn 0.897202 -0.441298 -0.016842
vn 0.897202 -0.441298 -0.016842
vn 0.852217 -0.523158 -0.005555
vn 0.886803 -0.462093 -0.007135
vn 0.958119 -0.284301 0.034361
vn 0.978699 -0.205219 -0.005868
vn 0.978699 -0.205218 -0.005868
vn 0.995301 -0.096383 0.009317
vn 0.977853 -0.209289 0.001197
vn 0.95867 -0.284464 -0.005575
vn 0.95717 -0.289483 -0.005027
vn 0.957173 -0.289474 -0.005027
vn 0.999932 -0.000454 -0.011696
vn 0.999955 -0.000738 -0.009429
vn 0.999703 -0.002376 -0.024268
vn 0.999853 0.0 -0.017141
vn 0.999984 0.0 -0.005714
vn 0.999983 0.005835 0.0
vn 0.999981 0.004282 -0.004503
vn 0.999882 0.000599 -0.015372
vn 0.999906 -0.013139 -0.004004
vn 0.999846 -0.016765 -0.005099
vn 0.999863 -0.015856 -0.004824
vn 0.999946 -0.009983 -0.00304
vn 0.99997 0.00747 0.002275
vn 0.999998 -0.002056 0.0
vn 0.999996 -0.000425 0.002799
vn 0.999999 0.000162 0.001328
vn 0.999996 -0.000108 0.002841
vn 0.999999 0.000536 0.001298
vn 1.0 -0.000422 0.000386
vn 0.999999 0.000162 -0.001675
vn 1.0 0.000376 0.000412
vn 0.999999 0.000518 -0.001638
vn 0.999996 -0.000327 -0.002889
vn 0.99996 0.000602 -0.008932
vn 0.999932 -0.000461 -0.011638
vn 0.999932 -0.000461 -0.011643
vn 0.999372 -0.034593 -0.007691
vn 0.997761 -0.065905 -0.011397
vn 0.995328 0.095222 0.01598
vn 0.99233 -0.123315 -0.008577
vn 0.995336 -0.096386 -0.004058
vn 0.991998 -0.126196 -0.00377
vn 0.991997 -0.126202 -0.00377
vn 0.993912 0.11001 -0.005998
vn 0.998111 0.061308 -0.003979
vn 0.999967 0.007079 -0.003966
vn 0.994867 -0.01574 -0.099956
vn 0.999585 0.000808 -0.028799
vn 0.963626 0.26722 -0.004232
vn 0.963628 0.267212 -0.004232
vn 0.959005 0.283357 -0.004232
vn 0.96347 0.267797 -0.00322
vn 0.995435 0.095233 0.006276
vn 0.983701 0.179222 -0.014562
vn 0.993912 0.11001 -0.005998
vn 0.863939 0.503436 -0.012698
vn 0.783115 0.621861 -0.00443
vn 0.811957 0.583717 -0.000401
vn 0.887359 0.461078 0.00086
vn 0.863934 0.503445 -0.012701
vn 0.863939 0.503437 -0.012698
vn 0.901997 0.431722 -0.004217
vn 0.901998 0.43172 -0.004217
vn 0.887352 0.461073 -0.004221
vn 0.90142 0.432941 -0.001972
vn 0.959006 0.283356 0.00406
vn 0.938297 0.345578 -0.01319
vn 0.938297 0.345578 -0.01319
vn 0.698619 0.715475 -0.005237
vn 0.698618 0.715476 -0.005237
vn 0.650127 0.759818 -0.003438
vn 0.696218 0.717829 0.001116
vn 0.783119 0.621866 -0.002517
vn 0.762262 0.647146 -0.012613
vn 0.762263 0.647145 -0.012613
vn 0.493252 0.869853 -0.007586
vn 0.562175 0.827013 0.002731
vn 0.650114 0.759803 -0.007168
vn 0.637022 0.770738 -0.012894
vn 0.637022 0.770738 -0.012894
vn 0.429781 0.902121 -0.038297
vn 0.493262 0.869872 -0.003874
vn 0.495189 0.868697 -0.012408
vn 0.495157 0.868715 -0.01241
vn 0.566019 0.824358 -0.007544
vn 0.188472 0.982015 -0.011198
vn 0.131626 0.991296 -0.002495
vn 0.270135 0.962104 -0.037188
vn 0.318258 0.947901 -0.013957
vn 0.261175 0.965292 0.000542
vn 0.18645 0.982464 -0.000561
vn 0.34246 0.939469 -0.010899
vn 0.342456 0.93947 -0.0109
vn 0.318273 0.947937 -0.010904
vn 0.341349 0.93991 -0.007024
vn 0.416532 0.909115 0.00318
vn 0.029222 0.999573 0.000128
vn 0.007429 0.999972 0.000141
vn 0.0356 0.999361 0.003213
vn 0.115239 0.99263 -0.037492
vn 0.040781 0.998905 0.022907
vn 0.114832 0.992795 -0.034231
vn 0.051145 0.998163 0.032479
vn 0.20797 0.970437 -0.122478
vn 0.092783 0.995502 0.019182
vn 0.119953 0.992716 -0.011229
vn 0.131551 0.990739 0.033633
vn -0.997372 0.07244 0.000885
vn -0.999865 0.016385 0.000662
vn -0.998701 -0.000347 -0.050957
vn -0.996599 -0.082292 -0.004325
vn -0.999972 -0.007265 0.001885
vn -0.999969 0.007761 0.00104
vn -0.999866 0.016374 0.000662
vn -0.999803 0.003385 -0.01958
vn -0.999803 0.003386 -0.019577
vn -0.998744 -0.007045 -0.0496
vn -0.99985 -0.00047 -0.017334
vn -0.999891 0.000485 -0.014765
vn -0.999984 -0.0 -0.005714
vn -0.999882 -0.000599 -0.015373
vn -0.999702 0.002378 -0.024274
vn -0.999853 0.0 -0.017141
vn -0.999906 0.013139 -0.004003
vn -0.999983 -0.005836 1e-06
vn -0.999981 -0.004282 -0.004503
vn -0.999846 0.01679 -0.005105
vn -0.999863 0.015849 -0.004821
vn -0.999946 0.009984 -0.00304
vn -1.0 -0.0 1e-06
vn -0.999997 -0.0 0.002356
vn -0.999997 -0.000203 0.00257
vn -0.999997 -0.000163 0.002338
vn -0.999996 -0.000426 0.002602
vn -1.0 0.000323 -0.000508
vn -1.0 -8.8e-05 -7.3e-05
vn -1.0 -0.000125 -0.000495
vn -1.0 -0.000287 -8.1e-05
vn -0.999987 0.000554 -0.005033
vn -0.999992 -0.000326 -0.004005
vn -0.999891 0.000484 -0.014771
vn -0.999967 0.001868 0.007973
vn -0.99997 0.0 0.007706
vn -0.989458 -0.144251 -0.012856
vn -0.999895 -0.008276 0.011923
vn -0.989329 -0.145271 -0.011143
vn -0.999665 -0.023514 0.010766
vn -0.99353 -0.108437 0.033766
vn -0.995212 -0.097609 0.005117
vn -0.925599 -0.205632 0.317777
vn -0.997348 -0.072767 0.00089
vn 0.00143 0.999999 4e-06
vn 0.000447 1.0 0.0
vn -0.000446 1.0 -0.0
vn -0.036703 0.999326 0.000139
vn -0.00966 0.999798 0.017638
vn -0.120516 0.991769 -0.043248
vn -0.037236 0.998959 0.026333
vn -0.037221 0.99896 0.026344
vn -0.142461 0.988697 0.046724
vn -0.131885 0.991238 0.007332
vn -0.204678 0.927099 0.313998
vn -0.072436 0.997373 0.000885
vn -0.35657 0.934165 -0.013885
vn -0.356571 0.934165 -0.013885
vn -0.280692 0.959109 -0.036356
vn -0.395468 0.918277 0.019292
vn -0.271604 0.962409 0.000861
vn -0.199314 0.979546 -0.027618
vn -0.215538 0.976287 -0.02016
vn -0.197354 0.980179 -0.017344
vn -0.121973 0.992383 -0.017262
vn -0.219255 0.965547 -0.140168
vn -0.119295 0.992286 -0.033722
vn -0.356569 0.934166 -0.013885
vn -0.39548 0.918304 -0.017682
vn -0.433771 0.901022 -0.001463
vn -0.561086 0.827165 0.031307
vn -0.444354 0.895208 -0.033949
vn -0.598035 0.800922 -0.029636
vn -0.706225 0.706227 0.049896
vn -0.522087 0.852396 -0.029106
vn -0.561321 0.827514 -0.011762
vn -0.515989 0.856515 -0.011741
vn -0.515993 0.856512 -0.011741
vn -0.786358 0.617706 -0.00899
vn -0.786359 0.617704 -0.00899
vn -0.734221 0.678438 -0.025317
vn -0.734218 0.678441 -0.025319
vn -0.826842 0.560864 0.042001
vn -0.668145 0.743606 -0.025125
vn -0.707073 0.707073 -0.009799
vn -0.662502 0.748996 -0.009779
vn -0.59803 0.800926 -0.029638
vn -0.882832 0.469616 -0.008285
vn -0.882832 0.469617 -0.008286
vn -0.918417 0.395529 0.008225
vn -0.835179 0.549961 -0.00436
vn -0.827556 0.561349 -0.00626
vn -0.836165 0.548428 -0.007467
vn -0.836166 0.548425 -0.007467
vn -0.976476 0.21558 -0.004483
vn -0.976401 0.215918 -0.004486
vn -0.976396 0.215941 -0.004449
vn -0.951767 0.306819 0.001394
vn -0.918438 0.395537 -0.00468
vn -0.922155 0.38678 -0.005712
vn -0.922153 0.386783 -0.005712
vn -0.999011 0.044441 -0.001027
vn -0.997603 0.069195 -0.001028
vn -0.999756 0.022073 0.000462
vn -0.99715 0.075434 -0.001337
vn -0.991233 0.132042 -0.004712
vn -0.991233 0.132041 -0.004712
vn -0.976401 0.215919 -0.004486
vn -0.976476 0.215579 -0.004515
vn -0.997361 0.072435 0.004942
vn -0.999665 -0.023537 0.010762
vn -0.995662 -0.093036 -0.000899
vn -0.988491 -0.151279 -0.000909
vn -0.988491 -0.151277 -0.000909
vn -0.945909 -0.324431 -0.00102
vn -0.94591 -0.324428 -0.00102
vn -0.917396 -0.397973 -0.001032
vn -0.945487 -0.325659 0.001141
vn -0.976195 -0.216873 -0.003026
vn -0.971771 -0.235823 -0.006962
vn -0.971771 -0.235824 -0.006962
vn -0.825338 -0.564637 -0.001726
vn -0.875316 -0.483548 0.001424
vn -0.917388 -0.397967 -0.004628
vn -0.881875 -0.470955 -0.022325
vn -0.915111 -0.403153 -0.006288
vn -0.833553 -0.552418 -0.004818
vn -0.833559 -0.55241 -0.004817
vn -0.87622 -0.481909 -0.001708
vn -0.72362 -0.690186 -0.004167
vn -0.78091 -0.624637 -0.002812
vn -0.703353 -0.710835 -0.002839
vn -0.779302 -0.626646 0.00173
vn -0.825337 -0.56464 0.000394
vn -0.787294 -0.616204 -0.021458
vn -0.833554 -0.552417 -0.004818
vn -0.600116 -0.799908 -0.002735
vn -0.600128 -0.7999 -0.002734
vn -0.555874 -0.831262 -0.002743
vn -0.599104 -0.800671 -7e-05
vn -0.703355 -0.710838 0.00016
vn -0.670163 -0.741919 -0.020915
vn -0.723621 -0.690185 -0.004166
vn -0.206531 -0.978431 -0.004262
vn -0.305921 -0.952048 0.004156
vn -0.388232 -0.921539 -0.006478
vn -0.320535 -0.945835 -0.051517
vn -0.390576 -0.920465 -0.013982
vn -0.459959 -0.887936 -0.002725
vn -0.459956 -0.887937 -0.002726
vn -0.388238 -0.921555 -0.002751
vn -0.458244 -0.888824 0.002238
vn -0.555863 -0.83125 -0.006385
vn -0.536494 -0.843711 -0.018038
vn -0.536495 -0.843711 -0.018037
vn 0.109635 -0.993814 -0.017745
vn 0.109629 -0.993814 -0.017745
vn 0.130465 -0.991349 -0.014386
vn 0.033216 -0.999443 0.003165
vn 0.017446 -0.999848 0.0
vn -0.017823 -0.999841 0.0
vn -0.056309 -0.998383 -0.007857
vn -0.073111 -0.997321 -0.002128
vn -0.056309 -0.998411 -0.002129
vn -0.072963 -0.997334 -0.000514
vn -0.206531 -0.978439 0.001289
vn -0.155257 -0.986677 -0.048628
vn -0.155426 -0.986658 -0.048469
vn -0.227906 -0.97362 -0.011054
vn -0.227901 -0.973622 -0.011056
vn -0.227906 -0.97362 -0.011055
vn -0.308184 -0.951318 -0.004208
vn 0.002563 -0.019467 0.999807
vn 8.1e-05 -0.00463 -0.999989
vn 0.091686 -0.995788 0.0
vn 0.00256 -0.019467 0.999807
vn 0.005661 -0.020029 -0.999783
vn 0.005533 -0.016544 0.999848
vn 0.005533 -0.016544 0.999848
vn 0.008214 -0.016618 -0.999828
vn 0.00786 -0.013899 0.999873
vn 0.00786 -0.013899 0.999873
vn 0.010214 -0.013642 -0.999855
vn 0.009728 -0.011396 0.999888
vn 0.009728 -0.011396 0.999888
vn 0.011808 -0.010879 -0.999871
vn 0.011199 -0.008914 0.999898
vn 0.011199 -0.008914 0.999898
vn 0.013055 -0.0082 -0.999881
vn 0.012316 -0.006417 0.999904
vn 0.012316 -0.006417 0.999904
vn 0.01399 -0.005543 -0.999887
vn 0.013141 -0.003899 0.999906
vn 0.013141 -0.003899 0.999906
vn 0.014678 -0.002877 -0.999888
vn 0.01367 -0.001324 0.999906
vn 0.01367 -0.001324 0.999906
vn 0.015112 -0.00015 -0.999886
vn 0.013907 0.00133 0.999902
vn 0.013907 0.00133 0.999902
vn 0.015296 0.002684 -0.999879
vn 0.013846 0.004091 0.999896
vn 0.013846 0.004091 0.999896
vn 0.015226 0.005685 -0.999868
vn 0.013476 0.007002 0.999885
vn 0.013476 0.007001 0.999885
vn 0.014912 0.008958 -0.999849
vn 0.012784 0.010151 0.999867
vn 0.012784 0.010151 0.999867
vn 0.014276 0.012637 -0.999818
vn 0.011676 0.013647 0.999839
vn 0.011676 0.013647 0.999839
vn 0.013263 0.016999 -0.999768
vn 0.010049 0.017721 0.999792
vn 0.010049 0.017721 0.999792
vn 0.011764 0.022654 -0.999674
vn 0.007703 0.022941 0.999707
vn 0.007703 0.022942 0.999707
vn 0.009442 0.031032 -0.999474
vn 0.004049 0.030526 0.999526
vn 0.004054 0.030525 0.999526
vn 0.005197 0.04633 -0.998913
vn 0.027961 0.999609 0.0
vn 0.298397 0.950347 -0.088316
vn 0.303913 -0.952251 -0.02924
vn 0.995306 0.0 -0.09678
vn 0.298398 0.950347 -0.088314
vn 0.154789 -0.986861 -0.046325
vn 0.144887 0.986575 -0.07535
vn 0.144888 0.986575 -0.075352
vn 0.097028 -0.99397 -0.05109
vn 0.086784 0.993838 -0.068955
vn 0.086785 0.993838 -0.068954
vn 0.0649 -0.996519 -0.052324
vn 0.054775 0.996443 -0.064042
vn 0.054775 0.996443 -0.064042
vn 0.043412 -0.997718 -0.051707
vn 0.033658 0.997668 -0.059371
vn 0.033657 0.997669 -0.05937
vn 0.027516 -0.998379 -0.049829
vn 0.018319 0.998342 -0.054567
vn 0.018319 0.998342 -0.054567
vn 0.01509 -0.998781 -0.046997
vn 0.006574 0.998753 -0.049486
vn 0.006574 0.998753 -0.049486
vn 0.005093 -0.999045 -0.043401
vn 0.028026 0.0 -0.999607
vn 0.670836 0.0 0.741606
vn 0.670538 0.003105 0.741869
vn 0.670347 0.0 0.742048
vn 0.241401 0.0 0.970425
vn 0.241024 0.002045 0.970517
vn 0.240884 0.0 0.970554
vn -0.245138 0.0 0.969488
vn -0.245138 0.0 0.969488
vn -0.673754 0.0 0.738956
vn -0.673736 -0.000471 0.738972
vn -0.674055 0.0 0.738681
vn 0.0 -0.0 1.0
vn 0.0 0.0 1.0
vn -0.670625 0.0 -0.741796
vn -0.670541 0.000887 -0.741872
vn -0.670486 -0.0 -0.741922
vn -0.240867 0.0 -0.970558
vn -0.24117 -0.001648 -0.970481
vn -0.241284 -0.0 -0.970455
vn 0.24528 0.0 -0.969452
vn 0.24528 0.0 -0.969452
vn 0.673754 0.0 -0.738956
vn 0.673736 -0.000471 -0.738972
vn 0.674055 0.0 -0.738681
vn 0.0 0.0 -1.0
vn 0.0 0.0 -1.0
vn -0.116555 0.0 -0.993184
vn -0.000515 -0.999974 -0.007189
vn -0.004113 -0.999909 -0.012811
vn -0.00302 0.999903 -0.013595
vn -0.00302 0.999903 -0.013595
vn -0.006497 -0.99991 -0.011765
vn -0.005529 0.999903 -0.012747
vn -0.005529 0.999904 -0.012747
vn -0.00865 -0.99991 -0.010303
vn -0.007845 0.999904 -0.011467
vn -0.007845 0.999904 -0.011467
vn -0.010506 -0.999909 -0.00847
vn -0.009897 0.999903 -0.009793
vn -0.009897 0.999903 -0.009793
vn -0.012005 -0.999908 -0.006321
vn -0.011625 0.999902 -0.007773
vn -0.011625 0.999902 -0.007773
vn -0.013096 -0.999907 -0.003919
vn -0.012973 0.999901 -0.005465
vn -0.012973 0.999901 -0.005465
vn -0.013897 0.999899 0.002933
vn -0.00802 -0.999968 0.000452
vn -0.995306 0.0 0.09678
vn -0.998413 0.0 -0.056312
vn -0.01374 -0.999905 -0.001336
vn -0.013897 0.999899 -0.002933
vn -0.013897 0.999899 -0.002933
vn -0.013897 0.999899 0.002933
vn -0.013096 -0.999907 0.003919
vn -0.012973 0.999901 0.005465
vn -0.012973 0.999901 0.005465
vn -0.012005 -0.999908 0.006321
vn -0.011625 0.999902 0.007773
vn -0.011625 0.999902 0.007773
vn -0.010506 -0.999909 0.00847
vn -0.009897 0.999903 0.009793
vn -0.009897 0.999903 0.009793
vn -0.00865 -0.99991 0.010303
vn -0.007844 0.999904 0.011466
vn -0.007844 0.999904 0.011466
vn -0.006497 -0.99991 0.011765
vn -0.005529 0.999904 0.012747
vn -0.005529 0.999904 0.012747
vn -0.004113 -0.99991 0.012811
vn -0.00302 0.999903 0.013594
vn -0.00302 0.999903 0.013594
vn -0.001573 -0.999909 0.013408
vn -0.071516 0.0 0.997439
vn 0.006574 0.998753 0.049486
vn 0.000103 -0.999993 0.003675
vn 0.116555 -0.0 0.993184
vn 0.006574 0.998753 0.049486
vn 0.01509 -0.998781 0.046997
vn 0.01832 0.998342 0.054568
vn 0.018321 0.998342 0.054567
vn 0.02752 -0.998378 0.049836
vn 0.033658 0.997668 0.059371
vn 0.033657 0.997668 0.059371
vn 0.043405 -0.997719 0.051699
vn 0.054773 0.996443 0.06404
vn 0.054773 0.996443 0.064039
vn 0.064903 -0.996519 0.052326
vn 0.086785 0.993838 0.068954
vn 0.086785 0.993838 0.068954
vn 0.097043 -0.993968 0.051098
vn 0.144854 0.986581 0.075335
vn 0.144855 0.986581 0.075333
vn 0.15481 -0.986857 0.046331
vn 0.298397 0.950347 0.088313
vn 0.298397 0.950347 0.088316
vn 0.306788 -0.95131 0.029831
vn 0.995404 0.0 0.095768
vn -0.969451 0.245286 0.0
vn -0.969451 0.245286 0.0
vn -0.739037 0.673665 0.0
vn -0.739065 0.673634 -0.000794
vn -0.738575 0.674172 0.0
vn -0.741885 -0.670528 0.0
vn -0.741906 -0.670503 0.000253
vn -0.741921 -0.670488 -0.0
vn -0.970491 -0.241135 0.0
vn -0.970505 -0.241081 0.000293
vn -0.97051 -0.241061 -0.0
vn -1.0 0.0 0.0
vn -1.0 0.0 0.0
vn 0.24528 0.969452 -0.0
vn 0.24528 0.969452 -0.0
vn 0.673669 0.739033 0.0
vn 0.673647 0.739053 -0.000586
vn 0.674044 0.738691 0.0
vn 0.0 1.0 0.0
vn 0.0 1.0 -0.0
vn -0.670416 0.741985 0.0
vn -0.670458 0.741947 -0.000441
vn -0.670486 0.741922 0.0
vn -0.240866 0.970558 0.0
vn -0.24117 0.970481 -0.001652
vn -0.241284 0.970455 0.0
vn -0.003049 0.013809 0.9999
vn -0.00053 0.007431 -0.999972
vn -0.115319 0.993328 0.0
vn -0.003049 0.013809 0.9999
vn -0.004176 0.013172 -0.999905
vn -0.005573 0.01294 0.999901
vn -0.005573 0.01294 0.999901
vn -0.006588 0.012107 -0.999905
vn -0.007898 0.011644 0.999901
vn -0.007899 0.011643 0.999901
vn -0.008756 0.010616 -0.999905
vn -0.009944 0.009944 0.999901
vn -0.009944 0.009945 0.999901
vn -0.01064 0.008776 -0.999905
vn -0.011661 0.00791 0.999901
vn -0.011661 0.00791 0.999901
vn -0.012125 0.006598 -0.999905
vn -0.012959 0.005581 0.9999
vn -0.012959 0.005581 0.9999
vn -0.013182 0.004178 -0.999904
vn -0.013809 0.003049 0.9999
vn -0.013809 0.003049 0.9999
vn -0.013773 0.001599 -0.999904
vn -0.997463 0.071184 0.0
vn -0.013595 -0.00302 0.999903
vn -0.007188 -0.000515 -0.999974
vn -0.993184 -0.116554 0.0
vn -0.013595 -0.00302 0.999903
vn -0.012811 -0.004113 -0.99991
vn -0.012747 -0.00553 0.999904
vn -0.012747 -0.00553 0.999903
vn -0.011765 -0.006497 -0.99991
vn -0.011467 -0.007845 0.999904
vn -0.011467 -0.007845 0.999904
vn -0.010303 -0.00865 -0.99991
vn -0.009777 -0.009883 0.999903
vn -0.009778 -0.009882 0.999903
vn -0.008451 -0.010484 -0.999909
vn -0.007763 -0.011607 0.999902
vn -0.007762 -0.011607 0.999902
vn -0.006312 -0.011987 -0.999908
vn -0.005457 -0.012953 0.999901
vn -0.005457 -0.012953 0.999901
vn -0.003917 -0.013085 -0.999907
vn -0.002934 -0.013898 0.999899
vn -0.002934 -0.013898 0.999899
vn -0.001336 -0.01374 -0.999905
vn -0.056312 -0.998413 -0.0
vn -0.999848 -0.017452 -0.0
vn -0.999848 -0.017452 0.0
vn 0.0 -0.01745 0.999848
vn -4.7e-05 -0.017466 0.999847
vn 1e-06 -0.01745 0.999848
vn 0.000127 -0.017767 0.999842
vn 0.0 -0.017465 0.999847
vn -7.2e-05 -0.017306 0.99985
vn -4e-05 -0.017468 0.999847
vn 2.6e-05 -0.017436 0.999848
vn -6.8e-05 -0.017491 0.999847
vn 4e-06 -0.017441 0.999848
vn 5e-06 -0.017498 0.999847
vn -6e-06 -0.017405 0.999848
vn 0.999848 -0.017452 -0.0
vn 0.999848 -0.017452 0.0
vn 0.999848 -0.017452 0.0
vn 0.999848 -0.017452 0.0
vn 0.0 -0.017453 -0.999848
vn -3.7e-05 -0.017443 -0.999848
vn 0.0 -0.017453 -0.999848
vn -1.8e-05 -0.017507 -0.999847
vn -0.0 -0.017465 -0.999847
vn 1.7e-05 -0.017428 -0.999848
vn -1.9e-05 -0.017445 -0.999848
vn -3e-06 -0.017453 -0.999848
vn 6.3e-05 -0.017491 -0.999847
vn 4e-06 -0.017462 -0.999848
vn 4e-06 -0.017425 -0.999848
vn -0.0 -0.01746 -0.999848
vn -0.999848 -0.017452 0.0
vn -0.999848 -0.017452 0.0
vn -3e-06 0.999848 -0.017452
vn 0.0 0.999848 -0.017452
vn -3e-06 -0.999848 -0.017452
vn 0.0 -0.999848 -0.017452
vn -0.999848 0.0 -0.017452
vn -0.999847 2.4e-05 -0.017472
vn -0.999848 -0.0 -0.017452
vn -0.999847 -1.8e-05 -0.017507
vn -0.999847 -0.0 -0.017465
vn -0.999847 -1.1e-05 -0.017489
vn -0.999848 -1.8e-05 -0.017444
vn -0.999848 -1e-06 -0.017452
vn -0.999847 6.5e-05 -0.017491
vn -0.999847 4e-06 -0.017462
vn -0.999848 4e-06 -0.017425
vn -0.999848 -0.0 -0.01746
vn -0.999848 -0.0 -0.017452
vn -0.999848 -0.0 -0.017452
vn 0.999848 0.0 -0.017452
vn 0.999848 0.0 -0.017452
vn 0.0 0.999848 -0.017453
vn -3.7e-05 0.999848 -0.017443
vn 0.0 0.999848 -0.017453
vn -1.8e-05 0.999847 -0.017507
vn 0.0 0.999847 -0.017465
vn 1.7e-05 0.999848 -0.017428
vn -1.9e-05 0.999848 -0.017445
vn -3e-06 0.999848 -0.017453
vn 6.3e-05 0.999847 -0.017491
vn 4e-06 0.999847 -0.017462
vn 4e-06 0.999848 -0.017425
vn -0.0 0.999848 -0.01746
vn -0.390833 -0.316143 -0.864467
vn -0.390827 -0.316119 -0.864479
vn -0.390823 -0.316109 -0.864484
vn -0.353375 -0.512359 -0.782697
vn -0.353377 -0.512357 -0.782697
vn -0.330698 -0.494084 -0.804065
vn -0.351601 -0.490821 -0.797164
vn -0.153755 0.370304 -0.916098
vn -0.263939 -0.628893 -0.731321
vn -0.150623 -0.391316 -0.907846
vn -0.150611 -0.391326 -0.907844
vn -0.155496 -0.050541 -0.986543
vn -0.263936 -0.6289 -0.731315
vn -0.263937 -0.6289 -0.731315
vn 0.045298 -0.27715 -0.959758
vn -0.048014 -0.276183 -0.959905
vn -0.059376 -0.275438 -0.959483
vn -0.042313 -0.143225 -0.988785
vn -0.150607 -0.391317 -0.907848
vn 0.044892 -0.277155 -0.959776
vn 0.05631 -0.161461 -0.985271
vn 0.104746 -0.293257 -0.950278
vn 0.163278 -0.12973 -0.978013
vn 0.16888 -0.299359 -0.939076
vn 0.168881 -0.299359 -0.939076
vn 0.288095 -0.496373 -0.818911
vn 0.28809 -0.496391 -0.818901
vn 0.288092 -0.496391 -0.818901
vn 0.267311 -0.893131 -0.361749
vn 0.283982 -0.574053 -0.767996
vn 0.17561 -0.759352 -0.626534
vn 0.175595 -0.759293 -0.626611
vn 0.188684 -0.814899 -0.548032
vn 0.28398 -0.574061 -0.767991
vn 0.283983 -0.57406 -0.76799
vn 0.169354 -0.798358 -0.577879
vn 0.16936 -0.798359 -0.577876
vn -0.0309 -0.875303 -0.482587
vn 0.061695 -0.930072 -0.362159
vn 0.056614 -0.943138 -0.327543
vn 0.169367 -0.798356 -0.577878
vn -0.030907 -0.875303 -0.482586
vn -0.059647 -0.957488 -0.282238
vn -0.135128 -0.795331 -0.590922
vn -0.158499 -0.948605 -0.273909
vn -0.135127 -0.795327 -0.590927
vn -0.135128 -0.795331 -0.590922
vn -0.191045 -0.776126 -0.600941
vn -0.303899 -0.708151 -0.637312
vn -0.3039 -0.708162 -0.6373
vn -0.303901 -0.708156 -0.637306
vn -0.237283 -0.656853 -0.71571
vn -0.23729 -0.656852 -0.715709
vn 0.169363 -0.798365 -0.577866
vn 0.170091 -0.741403 -0.649146
vn 0.065348 -0.750743 -0.657354
vn 0.065698 -0.748529 -0.65984
vn -0.065338 -0.748546 -0.659856
vn -0.06567 -0.750732 -0.657335
vn -0.176423 -0.74057 -0.648406
vn -0.204952 -0.834688 -0.511165
vn -0.333423 -0.439111 -0.834273
vn -0.333427 -0.439114 -0.834269
vn -0.288315 -0.437311 -0.851842
vn -0.300988 -0.479346 -0.824399
vn -0.185475 -0.493897 -0.849509
vn -0.189745 -0.518893 -0.833515
vn -0.063356 -0.527409 -0.847246
vn -0.064873 -0.538849 -0.839901
vn 0.063435 -0.538898 -0.839979
vn 0.06471 -0.527359 -0.847174
vn 0.186053 -0.519261 -0.834117
vn 0.188564 -0.493607 -0.848997
vn 0.287529 -0.48143 -0.827981
vn 0.287175 -0.48328 -0.827026
vn 0.286924 -0.483282 -0.827111
vn 0.371195 -0.396793 -0.839506
vn 0.371189 -0.396791 -0.839509
vn 0.371184 -0.396804 -0.839505
vn 0.371192 -0.396803 -0.839502
vn 0.37119 -0.396806 -0.839502
vn 0.37119 -0.396805 -0.839502
vn 0.968282 -0.10164 -0.228252
vn 0.987386 -0.064468 -0.144614
vn -0.999995 -0.002346 -0.002015
vn -0.999996 -0.002333 -0.001371
vn -0.999963 -0.008524 0.001297
vn 0.999996 -0.0022 -0.001575
vn -0.999996 0.001604 0.002378
vn -0.999987 0.000752 -0.005125
vn -0.999987 0.001059 -0.005046
vn -0.999932 -0.003686 -0.011017
vn -0.999941 -0.003917 -0.01013
vn -0.991646 -0.073749 -0.105831
vn -0.991645 -0.073753 -0.105832
vn -0.998139 0.009105 -0.060293
vn -0.999552 -0.007719 -0.028915
vn -0.999097 -0.006196 -0.042037
vn -0.99486 0.023368 -0.098526
vn -0.994861 0.02335 -0.098522
vn -0.994859 0.023397 -0.098533
vn -0.978818 0.01559 -0.204139
vn -0.991645 -0.073751 -0.105831
vn -0.991645 -0.07375 -0.105836
vn -0.951131 -0.16136 -0.263274
vn -0.964704 -0.067497 -0.25454
vn -0.976267 -0.07916 -0.201584
vn -0.976267 -0.07916 -0.201585
vn -0.976267 -0.079161 -0.201586
vn -0.898732 -0.179492 -0.40008
vn -0.93078 -0.074657 -0.357875
vn -0.951131 -0.16136 -0.263273
vn -0.951131 -0.16136 -0.263273
vn -0.90123 -0.263831 -0.343769
vn -0.901231 -0.26383 -0.343767
vn -0.908117 -0.233823 -0.347347
vn -0.898731 -0.179492 -0.400081
vn -0.898731 -0.179493 -0.400082
vn -0.768514 0.014914 -0.639659
vn -0.855448 -0.202604 -0.476614
vn -0.792417 -0.558876 -0.244403
vn -0.669782 0.132463 -0.730647
vn -0.792417 -0.558876 -0.244403
vn -0.792417 -0.558876 -0.244403
vn -0.571971 -0.820035 -0.019784
vn -0.571967 -0.820039 -0.019759
vn -0.571961 -0.820043 -0.019766
vn -0.638422 -0.505334 -0.580564
vn -0.638422 -0.505334 -0.580564
vn -0.665333 -0.392623 -0.634964
vn -0.622475 -0.295055 -0.724892
vn -0.743823 -0.371739 -0.555461
vn -0.638416 -0.505316 -0.580587
vn -0.552811 -0.292102 -0.780434
vn -0.518646 -0.593651 -0.615293
vn -0.518681 -0.59364 -0.615274
vn -0.476622 -0.60125 -0.64135
vn -0.487021 -0.450565 -0.748199
vn -0.392057 -0.190771 -0.899943
vn -0.169166 0.538012 -0.825788
vn -0.169189 0.537973 -0.825809
vn -0.333403 -0.256434 -0.90724
vn -0.333395 -0.256401 -0.907252
vn -0.386871 -0.472158 -0.792084
vn -0.403593 -0.471307 -0.784208
vn -0.390478 -0.387779 -0.834958
vn -0.390487 -0.387777 -0.834955
vn -0.255226 -0.867974 -0.426006
vn -0.255229 -0.867973 -0.426005
vn -0.355296 -0.575284 -0.736758
vn -0.236438 -0.664002 -0.709365
vn -0.102181 -0.945582 -0.308923
vn -0.185541 -0.894299 -0.407191
vn -0.236443 -0.664021 -0.709345
vn -0.231109 -0.879416 -0.416192
vn -0.210139 -0.814616 -0.540594
vn -0.005136 -0.968695 0.248201
vn -0.054974 -0.266207 -0.962347
vn -0.102179 -0.945583 -0.308922
vn -0.102179 -0.945582 -0.308923
vn 0.121287 -0.958101 -0.259485
vn 0.1213 -0.95811 -0.259446
vn 0.078032 -0.729158 -0.679882
vn 0.023106 0.272682 -0.961827
vn -0.005131 -0.968695 0.248201
vn 0.080536 -0.99635 -0.028292
vn 0.216182 -0.710532 -0.669634
vn 0.194235 -0.561806 -0.804144
vn 0.248517 -0.79352 -0.555487
vn 0.248518 -0.79352 -0.555486
vn 0.248517 -0.793515 -0.555493
vn 0.347545 -0.651927 -0.673946
vn 0.353767 -0.639432 -0.682624
vn 0.351256 -0.629922 -0.692689
vn 0.366601 -0.494412 -0.788137
vn 0.366601 -0.494412 -0.788137
vn 0.626654 -0.523702 -0.577097
vn 0.626655 -0.523703 -0.577095
vn 0.552928 -0.292677 -0.780135
vn 0.501215 -0.593208 -0.629991
vn 0.501213 -0.593209 -0.629992
vn 0.626654 -0.523702 -0.577097
vn 0.663004 -0.37381 -0.648608
vn 0.599211 -0.237448 -0.764568
vn 0.731343 -0.399982 -0.552406
vn 0.731343 -0.399981 -0.552406
vn 0.731344 -0.399981 -0.552405
vn 0.729561 -0.356771 -0.583485
vn 0.72957 -0.356792 -0.583462
vn 0.804491 -0.451958 -0.385394
vn 0.780212 -0.084285 -0.61981
vn 0.729563 -0.356794 -0.583469
vn 0.883422 -0.336405 -0.326185
vn 0.883423 -0.336433 -0.326155
vn 0.811942 -0.030043 -0.582965
vn 0.803228 -0.483335 -0.348156
vn 0.803227 -0.483335 -0.348156
vn 0.939896 -0.156273 -0.303601
vn 0.888819 -0.093848 -0.448545
vn 0.883423 -0.336404 -0.326184
vn 0.883423 -0.336405 -0.326184
vn 0.940646 -0.141764 -0.308363
vn 0.939895 -0.156272 -0.303606
vn 0.939893 -0.156273 -0.303611
vn 0.969163 -0.001435 -0.246415
vn 0.939014 -0.139091 -0.314495
vn 0.939013 -0.139091 -0.314497
vn 0.973136 -0.190055 -0.129943
vn 0.995002 -0.053758 -0.084153
vn 0.995002 -0.053758 -0.084154
vn 0.979822 0.009385 -0.199651
vn 0.973136 -0.190053 -0.129943
vn 0.973136 -0.190055 -0.129944
vn 0.993605 0.045491 -0.103343
vn 0.995002 -0.053757 -0.084154
vn 0.995002 -0.053758 -0.084154
vn 0.997551 0.013743 -0.068585
vn 0.993676 0.044483 -0.103097
vn 0.995591 0.021302 -0.091353
vn 0.997547 -0.017727 -0.067717
vn 0.999942 -0.006154 -0.008875
vn 0.999942 -0.006148 -0.008871
vn 0.999906 -0.004821 -0.012848
vn 0.999994 -0.001648 -0.003046
vn 0.999978 0.002447 -0.006099
vn 0.999986 0.000549 -0.005182
vn 0.999978 -0.002825 -0.005987
vn 0.999955 0.000362 -0.009496
vn 0.999955 0.000361 -0.009495
vn 0.999994 -0.001665 -0.003031
vn 0.999995 -0.001797 -0.002715
vn 0.999995 -0.002091 -0.002573
vn 0.999995 -0.002139 -0.002528
vn 0.999995 -0.002058 -0.002529
vn 0.999995 -0.002056 -0.002531
vn 0.999996 -0.00214 -0.001971
vn 0.999996 -0.00241 -0.001726
vn 0.999987 -0.004616 0.002188
vn 0.999965 -0.008403 0.000187
vn 0.99991 -0.013365 -0.000693
vn 0.999844 -0.017234 -0.003956
vn 0.997394 -0.07086 -0.013581
vn 0.997013 -0.07676 -0.008574
vn 0.999844 -0.017242 -0.003957
vn 0.991032 -0.053817 -0.122306
vn 0.991032 -0.053822 -0.122306
vn 0.977785 -0.16957 0.12322
vn 0.988217 -0.13125 0.078746
vn 0.997984 -0.061355 0.0162
vn 0.986427 -0.156656 -0.04919
vn 0.977702 -0.209982 0.002404
vn 0.987399 -0.155384 -0.029971
vn 0.9014 -0.347583 0.258194
vn 0.991033 -0.053828 -0.122298
vn 0.945795 -0.304027 -0.114186
vn 0.956113 -0.292996 0.001136
vn 0.955983 -0.293149 -0.012653
vn 0.961767 -0.271473 -0.036139
vn 0.98268 -0.177429 -0.053475
vn 0.945797 -0.304023 -0.114185
vn 0.890073 -0.450153 0.071644
vn 0.920694 -0.285342 -0.266274
vn 0.649499 -0.661968 0.374099
vn 0.649508 -0.661965 0.374088
vn 0.920694 -0.285342 -0.266274
vn 0.801493 -0.55348 -0.226424
vn 0.791143 -0.577815 -0.200559
vn 0.843454 -0.509339 -0.170761
vn 0.855123 -0.477527 -0.201823
vn 0.84837 -0.487664 -0.206041
vn 0.801494 -0.55348 -0.226424
vn 0.702885 -0.626201 -0.33738
vn 0.702888 -0.626199 -0.337378
vn 0.715376 -0.669978 -0.19841
vn 0.755423 -0.587843 -0.289441
vn 0.755423 -0.587844 -0.289442
vn 0.657139 -0.677806 -0.329768
vn 0.609932 -0.770977 -0.183241
vn 0.702888 -0.626198 -0.337379
vn 0.506157 -0.750794 -0.424397
vn 0.548077 -0.809138 -0.211914
vn 0.54535 -0.801118 -0.246584
vn 0.567803 -0.762388 -0.310425
vn 0.639407 -0.691602 -0.335925
vn 0.215861 -0.86664 0.449822
vn 0.310905 -0.914736 -0.258061
vn 0.310904 -0.914741 -0.258044
vn 0.279441 -0.960039 0.015429
vn 0.429644 -0.731047 -0.530073
vn 0.429641 -0.731048 -0.530073
vn 0.141715 -0.938078 -0.316111
vn 0.141711 -0.938079 -0.316111
vn 0.15963 -0.980762 0.112358
vn 0.209774 -0.965654 -0.153322
vn 0.299878 -0.933924 -0.194575
vn 0.141709 -0.938083 -0.3161
vn 0.058206 -0.998121 0.019151
vn 0.040274 -0.987855 -0.150067
vn -0.172235 -0.970544 -0.16846
vn -0.087764 -0.981985 -0.167338
vn -0.063466 -0.990663 -0.120661
vn -0.069531 -0.996962 0.035102
vn -0.021755 -0.988423 -0.150154
vn -0.217741 -0.843873 -0.490375
vn -0.13178 -0.942784 0.306256
vn -0.172424 -0.970512 -0.168454
vn -0.390355 -0.816575 -0.42524
vn -0.329296 -0.900799 -0.283065
vn -0.334523 -0.936067 -0.108959
vn -0.293643 -0.865382 -0.406065
vn -0.287954 -0.864959 -0.411009
vn -0.285299 -0.896804 -0.338152
vn -0.285306 -0.896802 -0.338152
vn -0.546759 -0.758684 -0.354192
vn -0.455057 -0.824335 -0.336741
vn -0.448054 -0.862105 -0.23669
vn -0.390357 -0.816574 -0.425239
vn -0.541907 -0.808002 -0.231232
vn -0.546761 -0.758683 -0.354193
vn -0.546761 -0.758683 -0.354192
vn -0.684046 -0.64772 -0.33547
vn -0.684038 -0.647727 -0.335473
vn -0.631931 -0.746785 -0.207306
vn -0.622787 -0.680641 -0.38583
vn -0.622787 -0.68064 -0.38583
vn -0.727009 -0.639849 -0.249103
vn -0.724466 -0.655907 -0.211981
vn -0.684037 -0.647726 -0.335476
vn -0.834941 -0.49459 -0.24136
vn -0.83494 -0.494593 -0.241359
vn -0.788774 -0.584518 -0.190196
vn -0.787213 -0.559061 -0.26028
vn -0.787213 -0.559061 -0.26028
vn -0.834941 -0.49459 -0.24136
vn -0.846248 -0.50895 -0.157586
vn -0.874352 -0.442233 -0.199846
vn -0.902607 -0.411615 -0.12599
vn -0.902607 -0.411614 -0.125992
vn -0.360115 -0.685694 0.632567
vn -0.918993 -0.393813 -0.019042
vn -0.926275 -0.37182 -0.06135
vn -0.902608 -0.411613 -0.12599
vn -0.959092 -0.263005 -0.104744
vn -0.959092 -0.263005 -0.104738
vn -0.959091 -0.263009 -0.104739
vn -0.982207 -0.187656 -0.007432
vn -0.976224 -0.200058 0.083443
vn -0.977865 -0.1942 -0.077881
vn -0.984692 -0.051157 -0.166625
vn -0.984691 -0.05117 -0.166627
vn -0.979787 -0.16302 0.115935
vn -0.98289 -0.154406 0.100433
vn -0.996755 -0.075943 0.026693
vn -0.98469 -0.051147 -0.166643
vn -0.988159 -0.150658 -0.029055
vn -0.997196 -0.073493 -0.014091
vn -0.997097 -0.075822 -0.007041
vn -0.999907 -0.013616 -5.8e-05
vn -0.999907 -0.013615 -5.9e-05
vn -0.999906 -0.013602 -0.001483
vn -0.999755 -0.02154 -0.005056
vn -0.999755 -0.021536 -0.005055
vn -0.987494 -0.142949 -0.066489
vn -0.987494 -0.142905 -0.066584
vn -0.997825 -0.059792 -0.027757
vn -0.997825 -0.059774 -0.027799
vn -0.999996 -0.002551 -0.001032
vn -0.999996 -0.002333 -0.001371
vn -0.986514 -0.1557 -0.050467
vn -0.986516 -0.155651 -0.050582
vn -0.997652 -0.065166 -0.021081
vn -0.997652 -0.065146 -0.021135
vn -0.999958 -0.008775 -0.002717
vn -0.999963 -0.008526 0.001299
vn -0.938661 -0.320992 -0.126014
vn -0.938666 -0.321023 -0.125901
vn -0.900695 -0.404437 -0.158681
vn -0.901152 -0.417043 -0.118326
vn -0.874352 -0.442234 -0.199847
vn 0.195485 -0.176938 -0.964613
vn 0.240587 -0.866101 -0.438164
vn 0.346019 -0.837209 -0.4235
vn 0.341054 -0.853664 -0.393624
vn 0.460072 -0.806319 -0.371731
vn 0.454063 -0.821333 -0.345311
vn 0.506159 -0.750793 -0.424397
vn 0.299684 -0.933984 -0.194585
vn 0.308099 -0.9144 -0.262581
vn 0.199283 -0.941865 -0.270512
vn 0.207143 -0.920387 -0.331632
vn 0.089138 -0.937038 -0.337661
vn 0.080535 -0.99635 -0.028292
vn 0.999957 -0.009121 0.001528
vn 0.99998 -0.005786 -0.002548
vn 0.997826 -0.059761 -0.027795
vn 0.997824 -0.059805 -0.027763
vn 0.987498 -0.142881 -0.066572
vn 0.98749 -0.142974 -0.0665
vn 0.968553 -0.225553 -0.105026
vn 0.999906 -0.013743 6e-05
vn 0.999933 -0.011035 -0.003456
vn 0.997653 -0.065128 -0.021129
vn 0.99765 -0.065187 -0.021083
vn 0.986521 -0.155624 -0.050568
vn 0.986509 -0.155732 -0.050478
vn 0.96617 -0.245309 -0.07962
vn 0.968332 -0.232422 -0.091183
vn 0.938676 -0.320953 -0.125999
vn 0.938648 -0.321069 -0.125918
vn 0.902384 -0.401162 -0.157392
vn 0.899541 -0.409561 -0.151939
vn 0.888265 -0.420152 -0.185628
vn 0.888266 -0.42015 -0.185627
vn 0.965384 -0.066937 -0.252095
vn 0.965746 -0.075857 -0.248155
vn 0.98635 -0.048198 -0.157448
vn 0.986352 -0.048271 -0.157418
vn 0.997627 -0.020273 -0.065801
vn 0.732018 -0.398391 -0.552661
vn 0.737517 -0.312674 -0.598584
vn 0.803941 -0.275389 -0.527106
vn 0.803985 -0.274244 -0.527635
vn 0.859695 -0.235618 -0.453222
vn 0.859718 -0.235159 -0.453415
vn 0.905494 -0.195417 -0.376688
vn 0.9055 -0.195304 -0.37673
vn 0.9418 -0.154766 -0.298429
vn 0.941798 -0.154796 -0.29842
vn 0.969982 -0.112024 -0.215838
vn 0.945289 -0.214561 -0.245746
vn 0.945287 -0.214581 -0.245738
vn 0.910885 -0.271378 -0.310875
vn 0.910877 -0.271435 -0.310847
vn 0.867162 -0.32753 -0.375173
vn 0.867143 -0.327671 -0.375093
vn 0.813429 -0.382634 -0.438092
vn 0.81339 -0.38293 -0.437906
vn 0.748621 -0.436393 -0.499126
vn 0.748547 -0.436978 -0.498725
vn 0.671734 -0.488149 -0.557211
vn 0.671611 -0.489227 -0.556413
vn 0.581493 -0.537153 -0.611009
vn 0.581302 -0.539074 -0.609498
vn 0.476619 -0.582371 -0.658543
vn 0.476309 -0.563257 -0.675183
vn 0.484728 -0.351929 -0.80074
vn 0.988056 -0.079252 -0.132154
vn 0.988437 -0.092874 -0.119863
vn 0.988437 -0.092883 -0.119858
vn 0.988569 -0.105786 -0.107429
vn 0.98857 -0.105766 -0.107441
vn 0.997809 -0.027064 -0.060378
vn 0.997926 -0.033188 -0.055157
vn 0.997926 -0.033194 -0.055154
vn 0.997992 -0.038871 -0.050005
vn 0.997992 -0.038865 -0.050008
vn 0.998015 -0.044247 -0.044814
vn 0.998015 -0.044233 -0.044822
vn 0.999996 -0.002421 -0.001733
vn 0.999996 -0.0024 -0.001737
vn 0.997997 -0.049429 -0.039479
vn 0.997996 -0.049453 -0.039464
vn 0.988469 -0.118214 -0.094627
vn 0.988467 -0.118258 -0.094598
vn 0.970943 -0.18681 -0.149571
vn 0.971193 -0.16712 -0.169866
vn 0.971802 -0.155125 -0.177585
vn 0.970865 -0.146686 -0.189485
vn 0.969925 -0.125046 -0.208827
vn 0.988056 -0.079222 -0.13217
vn 0.987386 -0.064524 -0.144588
vn 0.997809 -0.02705 -0.060384
vn 0.997627 -0.020298 -0.065791
vn 0.99992 -0.003844 -0.012066
vn 0.999942 -0.006162 -0.00886
vn 0.999996 -0.002198 -0.001577
vn 0.999995 -0.002653 -0.001484
vn 0.997936 -0.054565 -0.033853
vn 0.997935 -0.054601 -0.033829
vn 0.988124 -0.1305 -0.081119
vn 0.988119 -0.130565 -0.081073
vn 0.970098 -0.206141 -0.128123
vn 0.971319 -0.194193 -0.137216
vn 0.944372 -0.268546 -0.189852
vn 0.944359 -0.268625 -0.189808
vn 0.909457 -0.339544 -0.239995
vn 0.909453 -0.339563 -0.239982
vn 0.865161 -0.409506 -0.289483
vn 0.865191 -0.40938 -0.289574
vn 0.810841 -0.477783 -0.338025
vn 0.810945 -0.477366 -0.338364
vn 0.745496 -0.543734 -0.385472
vn 0.745738 -0.542792 -0.386332
vn 0.668213 -0.606088 -0.431451
vn 0.668676 -0.604243 -0.433316
vn 0.577821 -0.663215 -0.475677
vn 0.578597 -0.659876 -0.479363
vn 0.473441 -0.712601 -0.517739
vn 0.483981 -0.64622 -0.590053
vn 0.372189 -0.685377 -0.625886
vn 0.366596 -0.494385 -0.788157
vn -0.933856 -0.005247 -0.357611
vn -0.974123 -0.066094 -0.216137
vn -0.986347 -0.048205 -0.15747
vn -0.986355 -0.048267 -0.157396
vn -0.997626 -0.020277 -0.065807
vn -0.997627 -0.020295 -0.065784
vn -0.999939 -0.003383 -0.010562
vn -0.999941 -0.003916 -0.01013
vn -0.999994 -0.001916 -0.002841
vn -0.999994 -0.001905 -0.0029
vn -0.997926 -0.033191 -0.055154
vn -0.997926 -0.033187 -0.055161
vn -0.988057 -0.079246 -0.132149
vn -0.988055 -0.079226 -0.132177
vn -0.969925 -0.125046 -0.208828
vn -0.743822 -0.37174 -0.555462
vn -0.743822 -0.37174 -0.555462
vn -0.744787 -0.369244 -0.555834
vn -0.72516 -0.318803 -0.610335
vn -0.804143 -0.275262 -0.526863
vn -0.80382 -0.274346 -0.527833
vn -0.859776 -0.235555 -0.4531
vn -0.859652 -0.235214 -0.453512
vn -0.905513 -0.195401 -0.376649
vn -0.905484 -0.195321 -0.37676
vn -0.941796 -0.154773 -0.298439
vn -0.941802 -0.154791 -0.29841
vn -0.969981 -0.112024 -0.215839
vn -0.968282 -0.10164 -0.228253
vn -0.987383 -0.064475 -0.144629
vn -0.987388 -0.064518 -0.144574
vn -0.997808 -0.027052 -0.060388
vn -0.997809 -0.027064 -0.060372
vn -0.999973 -0.003108 -0.006616
vn -0.999964 -0.000887 -0.008487
vn -0.999717 -0.000367 -0.023805
vn -0.999995 -0.001764 -0.002614
vn -0.999995 -0.002212 -0.002041
vn -0.998015 -0.044238 -0.044823
vn -0.998015 -0.044246 -0.044809
vn -0.988569 -0.105771 -0.107442
vn -0.98857 -0.105782 -0.107424
vn -0.971193 -0.167121 -0.169867
vn -0.977866 -0.194198 -0.077881
vn -0.95269 -0.30393 0.002853
vn -0.96617 -0.245309 -0.07962
vn -0.968332 -0.232421 -0.091183
vn -0.968553 -0.225553 -0.105026
vn -0.970098 -0.206141 -0.128123
vn -0.988122 -0.13055 -0.081063
vn -0.988121 -0.130516 -0.081129
vn -0.997936 -0.054591 -0.033822
vn -0.997936 -0.054573 -0.033859
vn -0.999996 -0.00241 -0.001332
vn -0.999996 -0.002191 -0.001882
vn -0.332965 -0.450791 -0.828204
vn -0.371344 -0.618345 -0.692642
vn -0.477039 -0.585343 -0.655597
vn -0.476619 -0.582371 -0.658543
vn -0.581581 -0.538941 -0.609348
vn -0.581284 -0.53725 -0.611123
vn -0.671785 -0.489121 -0.556296
vn -0.671598 -0.48823 -0.557303
vn -0.748649 -0.436903 -0.498639
vn -0.748541 -0.436452 -0.499196
vn -0.813442 -0.382881 -0.437851
vn -0.813386 -0.382673 -0.438137
vn -0.867167 -0.327643 -0.375061
vn -0.867141 -0.327554 -0.375199
vn -0.910887 -0.271422 -0.310831
vn -0.910877 -0.271389 -0.310889
vn -0.94529 -0.214575 -0.245731
vn -0.945287 -0.214565 -0.245751
vn -0.971802 -0.155126 -0.177586
vn -0.970865 -0.146687 -0.189486
vn -0.988437 -0.092875 -0.119865
vn -0.988437 -0.092881 -0.119856
vn -0.997992 -0.03887 -0.050004
vn -0.997992 -0.038866 -0.050009
vn -0.999995 -0.002016 -0.002369
vn -0.999994 -0.001935 -0.002872
vn -0.283538 -0.790652 -0.542657
vn -0.262931 -0.766415 -0.586067
vn -0.354842 -0.742696 -0.567882
vn -0.355307 -0.750706 -0.556953
vn -0.473736 -0.707306 -0.524683
vn -0.47406 -0.712328 -0.517547
vn -0.578028 -0.660199 -0.479604
vn -0.578251 -0.662971 -0.475495
vn -0.668332 -0.604497 -0.433493
vn -0.668477 -0.605894 -0.431312
vn -0.745555 -0.542958 -0.386451
vn -0.745641 -0.543602 -0.385379
vn -0.810865 -0.477457 -0.338428
vn -0.810906 -0.477709 -0.337973
vn -0.865167 -0.409413 -0.289597
vn -0.865181 -0.409479 -0.289464
vn -0.909457 -0.339557 -0.239978
vn -0.909455 -0.339548 -0.239998
vn -0.94437 -0.268598 -0.189789
vn -0.944363 -0.268568 -0.189867
vn -0.971319 -0.194193 -0.137216
vn -0.970943 -0.186807 -0.149576
vn -0.988468 -0.118245 -0.094595
vn -0.988467 -0.118223 -0.094634
vn -0.997997 -0.049446 -0.039458
vn -0.997997 -0.049432 -0.039485
vn -0.999996 -0.002355 -0.001703
vn -0.999995 -0.002346 -0.002015
vn 1.0 0.0 0.0
vn 1.0 1e-06 -1.1e-05
vn 1.0 0.0 0.0
vn 1.0 -1e-06 3e-06
vn 1.0 1e-06 1e-06
vn 1.0 1e-06 1e-06
vn 1.0 1e-06 1e-06
vn 1.0 4e-06 -0.0
vn 0.999998 1e-06 -0.001785
vn 0.999999 -1e-06 0.001294
vn 1.0 2e-06 -5.5e-05
vn -1.0 1e-06 1e-06
vn -1.0 1e-06 1e-06
vn -1.0 1e-06 1e-06
vn -1.0 1e-06 1e-06
vn -1.0 1e-06 1e-06
vn -1.0 1e-06 1e-06
vn -1.0 2e-06 -1e-06
vn -0.999989 -0.00294 -0.003536
vn -1.0 1e-06 1e-06
vn -1.0 1e-06 2e-06
vn -1.0 1e-06 2e-06
vn 0.99976 0.0 -0.021893
vn 0.999988 1e-06 -0.004969
vn 0.999986 1e-06 -0.005341
vn 0.999852 -1e-06 -0.017186
vn 0.999879 2e-06 -0.015541
vn -0.999985 1e-06 -0.005529
vn -0.999875 1.7e-05 -0.015794
vn -0.99976 3.4e-05 -0.021926
vn -0.999986 -1.8e-05 -0.005346
vn -0.999859 0.0 -0.016817
vn 0.76916 -0.255699 -0.585671
vn 0.3664 0.103884 -0.92464
vn 0.999953 0.004798 0.00846
vn 0.999993 0.003639 0.000385
vn 0.999982 0.002895 -0.005205
vn 0.367306 0.101447 -0.924551
vn 0.574427 -0.015922 -0.818401
vn 0.574426 -0.015929 -0.818401
vn 0.542423 -0.032542 -0.839475
vn 0.478106 0.20124 -0.854937
vn 0.468571 0.151549 -0.87033
vn 0.528333 -0.096733 -0.843509
vn 0.558642 -0.082082 -0.825337
vn 0.560572 -0.217899 -0.798923
vn 0.425452 -0.078713 -0.901551
vn 0.41938 7.2e-05 -0.907811
vn 0.390141 0.035917 -0.920054
vn 0.405394 0.041634 -0.913193
vn 0.405384 0.041637 -0.913198
vn 0.61708 -0.34177 -0.708806
vn 0.642564 0.014284 -0.766099
vn 0.620045 0.043176 -0.783377
vn 0.611398 0.088396 -0.78637
vn 0.611399 0.088396 -0.78637
vn 0.596285 0.096868 -0.796907
vn 0.564363 0.184268 -0.804698
vn 0.751025 -0.159707 -0.640668
vn 0.705518 -0.191008 -0.682466
vn 0.705507 -0.191004 -0.682479
vn 0.769161 -0.255725 -0.585659
vn 0.623846 0.261914 -0.736354
vn 0.654428 0.221891 -0.722833
vn 0.650265 0.218422 -0.727631
vn 0.680382 0.176502 -0.711285
vn 0.698907 0.127628 -0.703734
vn 0.861961 -0.204601 -0.463855
vn 0.865215 -0.075513 -0.495683
vn 0.843807 -0.098082 -0.527607
vn 0.533853 0.497718 -0.683577
vn 0.512363 0.482599 -0.71034
vn 0.514752 0.532162 -0.672186
vn 0.588641 0.43995 -0.678193
vn 0.597847 0.449895 -0.663456
vn 0.868174 -0.088989 -0.488217
vn 0.910975 -0.031289 -0.411273
vn 0.856361 0.175964 -0.485471
vn 0.856359 0.175961 -0.485476
vn 0.818353 0.214636 -0.533132
vn 0.350899 0.706205 -0.614934
vn 0.439814 0.669365 -0.598761
vn 0.439809 0.669357 -0.598773
vn 0.467185 0.633081 -0.617209
vn 0.831705 0.271925 -0.484069
vn 0.627906 -0.746927 0.218709
vn 0.526397 0.654885 -0.542247
vn 0.511923 0.620871 -0.593679
vn 0.500757 0.671573 -0.546106
vn 0.196453 0.803669 -0.561713
vn 0.16688 0.817224 -0.551631
vn 0.999245 0.004271 -0.038624
vn 0.99916 -0.040619 0.005406
vn 0.99303 0.049007 -0.107187
vn 0.991372 -0.126208 0.035412
vn 0.993997 -0.095997 0.05249
vn -0.960322 -0.174397 0.217641
vn 0.900273 0.300821 -0.314668
vn 0.882864 0.333964 -0.33018
vn 0.882462 0.331663 -0.333557
vn 0.842838 0.394232 -0.36634
vn 0.828816 0.410132 -0.380599
vn 0.829251 0.412459 -0.377122
vn 0.827137 0.412317 -0.381889
vn 0.434635 -0.798695 0.416147
vn 0.623695 0.582072 -0.521724
vn 0.196656 0.813654 -0.547077
vn 0.196657 0.813657 -0.547073
vn 0.999299 0.003322 -0.037292
vn 0.999299 0.003301 -0.037301
vn 0.999378 0.002664 -0.035154
vn 0.999387 0.002504 -0.034907
vn 0.999388 0.002546 -0.034894
vn 0.999389 0.002494 -0.034854
vn 0.999363 0.002452 -0.035602
vn 0.999849 0.001612 -0.017318
vn 0.999995 0.003015 0.000467
vn 0.999872 8e-05 -0.015992
vn 0.999868 9.7e-05 -0.016225
vn 0.999868 7e-05 -0.016223
vn 0.999867 9.6e-05 -0.016334
vn 0.999858 4.2e-05 -0.01686
vn -0.999589 -0.001322 0.028629
vn -0.940493 0.11486 -0.319814
vn -0.940438 0.114919 -0.319953
vn 0.407562 -0.275453 -0.870643
vn -0.407969 -0.291487 -0.865215
vn -0.407802 -0.29102 -0.865451
vn -0.29502 -0.124865 -0.947297
vn -0.28754 -0.113386 -0.951033
vn -0.367652 -0.192502 -0.909822
vn -0.406953 -0.288814 -0.866588
vn -0.295021 -0.124865 -0.947297
vn -0.295021 -0.124865 -0.947297
vn -0.297564 -0.165332 -0.940277
vn -0.306987 -0.183356 -0.933884
vn -0.300432 -0.180431 -0.936582
vn -0.206079 -0.121848 -0.970919
vn -0.207806 -0.126396 -0.969969
vn -0.207802 -0.126397 -0.96997
vn -0.207047 -0.128328 -0.969878
vn -0.209556 -0.1368 -0.96818
vn -0.118162 -0.105714 -0.987351
vn -0.126032 -0.14537 -0.981317
vn -0.126043 -0.145369 -0.981316
vn -0.12241 -0.151791 -0.980803
vn -0.131026 -0.189917 -0.973018
vn -0.033179 -0.004453 -0.999439
vn -0.037128 -0.03342 -0.998752
vn -0.035381 -0.068338 -0.997035
vn -0.035417 -0.068338 -0.997033
vn -0.03889 -0.068915 -0.996864
vn 0.036488 -0.066443 -0.997123
vn 0.041179 -0.066434 -0.996941
vn 0.038619 -0.122581 -0.991707
vn 0.04496 -0.169775 -0.984457
vn 0.114821 0.009929 -0.993337
vn 0.105814 -0.306811 -0.94587
vn 0.158318 -0.207063 -0.965433
vn 0.137152 -0.209288 -0.968188
vn 0.130804 -0.003573 -0.991402
vn 0.230854 -0.249758 -0.940387
vn 0.239815 -0.145358 -0.959875
vn 0.239813 -0.145364 -0.959875
vn 0.217067 -0.149783 -0.964597
vn 0.222449 -0.054864 -0.973399
vn 0.193449 -0.004977 -0.981098
vn 0.219359 -0.039733 -0.974835
vn 0.321646 -0.270546 -0.907386
vn 0.319405 -0.109261 -0.941298
vn 0.319405 -0.109259 -0.941298
vn 0.293884 -0.11621 -0.948751
vn 0.309196 -0.066011 -0.948704
vn 0.407376 -0.274976 -0.870881
vn -0.967401 -0.230179 -0.105611
vn -0.999499 0.002201 -0.031565
vn -0.999858 0.000307 -0.016842
vn -0.999993 0.00168 0.00339
vn -0.999999 0.001376 -0.00093
vn -0.999496 0.001681 -0.031694
vn -0.999579 0.001394 -0.028972
vn -0.9996 0.000795 -0.028283
vn -0.999596 0.000755 -0.028405
vn -0.999597 0.000822 -0.028387
vn 0.999664 -0.000555 0.025924
vn -0.999855 0.000141 -0.017061
vn -0.999876 0.000407 -0.015749
vn -0.999884 0.000294 -0.015207
vn -0.999884 0.000468 -0.015217
vn -0.999985 0.001071 -0.005435
vn -0.999384 0.002537 -0.034997
vn -0.999384 0.002536 -0.034997
vn 0.997032 -0.023089 0.073447
vn -0.993916 0.043453 -0.101211
vn -0.993784 0.041949 -0.103122
vn -0.9953 0.034441 -0.090507
vn 0.97217 -0.135491 0.191124
vn 0.954358 -0.192281 0.228537
vn 0.954697 -0.181655 0.235702
vn -0.985202 0.086813 -0.147788
vn 0.845328 -0.389558 0.365602
vn -0.645173 0.593726 -0.480875
vn -0.643104 0.587882 -0.490726
vn -0.716381 0.531547 -0.451947
vn -0.740921 0.504579 -0.443211
vn -0.763866 0.482956 -0.42809
vn -0.763306 0.480594 -0.431734
vn -0.891653 0.305637 -0.333976
vn -0.962868 0.124749 -0.239422
vn -0.97482 -0.157993 -0.157369
vn -0.967401 -0.230178 -0.105609
vn -0.967405 -0.230158 -0.105622
vn -0.921177 -0.389138 0.002081
vn -0.616383 0.530749 -0.581702
vn -0.597047 0.555589 -0.578667
vn -0.59416 0.550853 -0.586118
vn -0.442852 0.669238 -0.59666
vn -0.386386 0.699052 -0.601691
vn -0.378614 0.706682 -0.597705
vn -0.378613 0.70668 -0.597709
vn -0.374402 0.705782 -0.601412
vn -0.920946 -0.331476 -0.204896
vn -0.68926 0.344744 -0.637238
vn -0.689261 0.344743 -0.637237
vn -0.460681 0.539423 -0.704838
vn -0.572977 0.48236 -0.662591
vn -0.572579 0.481896 -0.663272
vn -0.592292 0.462443 -0.6598
vn -0.716723 0.37729 -0.586482
vn -0.729093 0.287411 -0.621143
vn -0.72909 0.287409 -0.621147
vn -0.871668 -0.296665 -0.390107
vn -0.685354 0.194816 -0.701667
vn -0.718794 0.224752 -0.657892
vn -0.578748 0.358266 -0.732595
vn -0.619786 0.288785 -0.729704
vn -0.659459 0.239304 -0.712634
vn -0.654419 0.2349 -0.71872
vn -0.681736 0.201268 -0.703369
vn -0.774598 -0.265003 -0.574258
vn -0.774598 -0.265003 -0.574257
vn -0.636896 0.065357 -0.768174
vn -0.636913 0.065352 -0.768161
vn -0.669364 0.087574 -0.737755
vn -0.516957 0.291064 -0.805008
vn -0.596012 0.098078 -0.796963
vn -0.631223 0.078289 -0.77164
vn -0.631223 0.078289 -0.77164
vn -0.650978 -0.035422 -0.75827
vn -0.700965 -0.113393 -0.704124
vn -0.615494 -0.151046 -0.773532
vn -0.552155 -0.024816 -0.833372
vn -0.558124 0.02096 -0.829493
vn -0.558129 0.020962 -0.829489
vn -0.486745 0.137431 -0.862665
vn -0.45972 0.091561 -0.883331
vn -0.595413 -0.167167 -0.785836
vn -0.595406 -0.167171 -0.785841
vn -0.567686 -0.257206 -0.782034
vn -0.418433 0.003081 -0.908242
vn -0.418152 0.005755 -0.908359
vn -0.416361 0.0094 -0.909151
vn -0.417211 0.006898 -0.908784
vn -0.417165 0.00695 -0.908804
vn -0.417696 0.007154 -0.908559
vn -0.417685 0.007158 -0.908564
vn -0.405956 -0.259302 -0.876334
vn -0.407059 -0.265126 -0.874077
vn -0.407269 -0.266125 -0.873676
vn -1.0 -1e-06 -2e-06
vn -1.0 8e-06 1e-06
vn -1.0 -0.0 0.0
vn -1.0 -1e-06 -2e-06
vn -1.0 -1e-06 1e-06
vn -0.999989 0.002948 -0.003543
vn -1.0 -1.1e-05 -1.6e-05
vn -1.0 2e-06 1e-06
vn -1.0 0.0 0.0
vn 1.0 0.0 0.0
vn 1.0 0.0 0.0
vn 1.0 0.0 0.0
vn 1.0 0.0 0.0
vn 1.0 0.0 0.0
vn 1.0 0.0 0.0
vn 0.999983 0.003915 -0.004422
vn 1.0 -1e-06 0.000293
vn 1.0 -2e-06 -8e-06
vn 1.0 0.0 -0.0
vn 0.803183 0.532687 -0.266726
vn -0.150425 0.938044 -0.312163
vn -0.274694 0.961461 -0.011612
vn -0.999996 0.002375 -0.001391
vn -0.999995 0.002294 -0.001971
vn -0.999994 0.001924 -0.002856
vn -0.62678 0.520142 -0.580171
vn 0.999995 0.001963 -0.002344
vn 0.999996 0.002175 -0.001906
vn 0.99997 0.007758 0.000721
vn 0.999905 0.013756 -0.000277
vn 0.425707 0.802843 -0.417393
vn 0.184107 0.979166 -0.085664
vn 0.175931 0.982922 0.053972
vn 0.143952 0.942983 -0.300102
vn 0.143952 0.942983 -0.300102
vn 0.293732 0.944698 -0.14583
vn 0.228559 0.93832 -0.259455
vn 0.228592 0.938312 -0.259453
vn 0.425707 0.80284 -0.417398
vn 0.409946 0.906181 -0.103826
vn 0.513764 0.733128 -0.445611
vn 0.513767 0.733127 -0.44561
vn 0.510783 0.853729 -0.101228
vn 0.571952 0.761909 -0.303917
vn 0.715445 0.609198 -0.342075
vn 0.601771 0.79039 -0.114695
vn 0.640969 0.729226 -0.239557
vn 0.639647 0.718815 -0.272318
vn 0.571937 0.761919 -0.303921
vn 0.715444 0.609199 -0.342076
vn 0.679365 0.730498 -0.069541
vn 0.771292 0.546182 -0.326793
vn 0.815757 0.526916 -0.238538
vn 0.815756 0.526917 -0.238538
vn 0.763686 0.639009 -0.09193
vn 0.771291 0.546186 -0.32679
vn 0.77129 0.546187 -0.32679
vn 0.892559 0.424854 -0.151121
vn 0.852182 0.497738 -0.161377
vn 0.925392 0.264914 -0.271053
vn 0.925393 0.264913 -0.271053
vn 0.908611 0.417251 0.018093
vn 0.841897 0.514409 0.163073
vn 0.970626 0.231642 -0.065014
vn 0.970625 0.231649 -0.065015
vn 0.949096 0.314447 0.018433
vn 0.952938 0.266364 -0.144773
vn 0.952938 0.266364 -0.144773
vn 0.994837 0.098413 -0.024782
vn 0.983637 0.17917 -0.01885
vn 0.983217 0.182197 -0.009435
vn 0.970625 0.231645 -0.065016
vn 0.999511 0.030787 -0.00551
vn 0.99784 0.065679 0.001519
vn 0.99633 0.085401 0.005698
vn 0.995239 0.091395 0.033844
vn 0.994837 0.098412 -0.024782
vn 0.999905 0.013756 -0.000277
vn 0.999875 0.015529 -0.00314
vn 0.999875 0.015491 -0.003133
vn 0.999996 0.002343 -0.001485
vn 0.999996 0.002343 -0.001485
vn 0.999982 -0.00039 -0.00602
vn 0.999982 -0.000376 -0.006028
vn 0.999979 -0.00196 -0.006214
vn 0.999819 0.005607 -0.018158
vn 0.999933 0.001596 -0.011477
vn 0.999933 0.001599 -0.01148
vn 0.999819 0.005608 -0.018161
vn 0.997421 0.014531 -0.070284
vn 0.996405 -0.023667 -0.081346
vn 0.994149 0.054895 -0.093029
vn 0.994148 0.054896 -0.093038
vn 0.989694 -0.063802 -0.1282
vn 0.989693 -0.063805 -0.128202
vn 0.988755 -0.070584 -0.13184
vn 0.988756 -0.070574 -0.131834
vn 0.98561 0.145277 -0.086417
vn 0.965506 -0.072957 -0.249953
vn 0.994148 0.054893 -0.093039
vn 0.933829 -0.092315 -0.345603
vn 0.933809 -0.092368 -0.345643
vn 0.981873 0.150562 -0.115138
vn 0.943251 0.103851 -0.315425
vn 0.96198 0.047883 -0.268891
vn 0.918347 0.160608 -0.361723
vn 0.923115 0.038255 -0.382615
vn 0.94325 0.103853 -0.315428
vn 0.943249 0.103852 -0.31543
vn 0.889104 0.219557 -0.401607
vn 0.868622 0.019017 -0.49511
vn 0.918346 0.160606 -0.361726
vn 0.918347 0.160608 -0.361724
vn 0.818481 0.046897 -0.572617
vn 0.800338 0.003151 -0.599541
vn 0.889103 0.219558 -0.401609
vn 0.759668 0.048688 -0.648485
vn 0.852897 0.300299 -0.427068
vn 0.852893 0.300302 -0.427073
vn 0.80272 0.242441 -0.544852
vn 0.800182 0.252718 -0.543915
vn 0.700933 0.376959 -0.605471
vn 0.700933 0.37696 -0.605471
vn 0.728971 0.267185 -0.630248
vn 0.756922 0.322669 -0.56829
vn 0.756921 0.32267 -0.568292
vn 0.663245 0.376239 -0.646954
vn 0.616224 0.243008 -0.749143
vn 0.700934 0.376958 -0.60547
vn 0.565419 0.361933 -0.741151
vn 0.56005 0.349552 -0.751104
vn 0.638984 0.405069 -0.653926
vn 0.638983 0.405069 -0.653927
vn 0.410241 0.570463 -0.711529
vn 0.487207 0.433384 -0.758161
vn 0.466418 0.474911 -0.746266
vn 0.488839 0.451226 -0.746613
vn 0.488839 0.451226 -0.746614
vn 0.563954 0.379733 -0.73332
vn 0.315446 0.50579 -0.802914
vn 0.408246 0.528161 -0.744568
vn 0.236975 -0.191786 -0.952397
vn 0.189568 -0.366691 -0.910825
vn 0.315458 0.505772 -0.802921
vn 0.112872 0.38251 -0.917031
vn 0.19505 0.27365 -0.941844
vn 0.198549 0.22467 -0.953992
vn 0.171861 0.106511 -0.979346
vn 0.315463 0.505788 -0.802908
vn 0.013157 0.353432 -0.935368
vn 0.013155 0.353432 -0.935368
vn 0.013158 0.353423 -0.935371
vn -0.183282 0.424173 -0.88684
vn -0.062668 0.039335 -0.997259
vn -0.291014 0.551996 -0.781416
vn -0.201664 0.25857 -0.944708
vn -0.178662 -0.137733 -0.974222
vn -0.179419 0.38198 -0.906587
vn -0.180956 0.367171 -0.912382
vn -0.183277 0.42414 -0.886857
vn -0.183275 0.424173 -0.886841
vn -0.337016 0.908873 -0.245703
vn -0.268939 -0.055646 -0.961548
vn -0.259066 -0.116464 -0.958812
vn -0.291018 0.551996 -0.781415
vn -0.144139 -0.562519 -0.814123
vn -0.337035 0.908842 -0.245792
vn -0.336998 0.908877 -0.245712
vn -0.476364 0.560988 -0.67703
vn -0.626779 0.520143 -0.580171
vn -0.62678 0.520145 -0.580168
vn -0.554478 0.301636 -0.775609
vn -0.501308 0.589193 -0.633674
vn -0.501304 0.589194 -0.633676
vn -0.626777 0.520152 -0.580166
vn -0.650726 0.30099 -0.697109
vn -0.731337 0.399525 -0.552744
vn -0.726879 0.323618 -0.605738
vn -0.726848 0.323633 -0.605767
vn -0.738564 0.320114 -0.593338
vn -0.731334 0.399525 -0.552747
vn -0.731334 0.399526 -0.552747
vn -0.538447 0.831357 0.137548
vn -0.726333 -0.160859 -0.668255
vn -0.860025 0.456454 -0.22805
vn -0.940391 0.173613 -0.292445
vn -0.854123 0.031647 -0.519108
vn -0.90688 0.301578 -0.294312
vn -0.860031 0.456432 -0.228073
vn -0.86003 0.456432 -0.228073
vn -0.939407 0.145883 -0.310213
vn -0.939408 0.145883 -0.310212
vn -0.9413 0.150315 -0.302257
vn -0.940391 0.173615 -0.292443
vn -0.940392 0.173614 -0.292439
vn -0.968004 0.098681 -0.230718
vn -0.965715 -0.019917 -0.25884
vn -0.965715 -0.019918 -0.25884
vn -0.993617 0.099826 -0.052543
vn -0.993617 0.099826 -0.052541
vn -0.993617 0.099825 -0.052543
vn -0.923686 -0.171581 -0.342585
vn -0.94165 0.331443 0.058652
vn -0.746639 0.63321 0.203898
vn -0.997552 -0.013727 -0.068568
vn -0.994651 -0.024314 -0.100393
vn -0.994651 -0.024316 -0.100394
vn -0.988595 -0.071022 -0.132801
vn -0.988215 -0.073722 -0.134151
vn -0.993617 0.099821 -0.052544
vn -0.999935 -0.000277 -0.011415
vn -0.999935 -0.000279 -0.011417
vn -0.999906 0.004838 -0.012796
vn -0.999976 -0.002379 -0.00658
vn -0.999992 0.003482 0.002081
vn -0.999968 0.00804 -3.4e-05
vn -0.999906 0.013651 -0.001046
vn -0.992995 0.111598 -0.038818
vn -0.995725 0.090299 0.019443
vn -0.99451 0.094016 0.045944
vn -0.99451 0.094016 0.045943
vn -0.996957 0.077835 -0.004334
vn -0.999797 0.019617 -0.004615
vn -0.999797 0.019624 -0.004617
vn -0.981493 0.179421 -0.066923
vn -0.981494 0.17942 -0.066923
vn -0.986606 0.154648 -0.051899
vn -0.972772 0.230767 0.021492
vn -0.992995 0.111597 -0.038818
vn -0.95416 0.299049 -0.012167
vn -0.963361 0.262256 -0.056192
vn -0.935336 0.345067 -0.077947
vn -0.908321 0.417839 0.019037
vn -0.845062 0.49314 0.206597
vn -0.910878 0.292461 -0.291149
vn -0.891392 0.337497 -0.302515
vn -0.891739 0.450451 -0.043539
vn -0.858512 0.46142 -0.223714
vn -0.794822 0.605857 -0.034577
vn -0.875195 0.44344 -0.193377
vn -0.875193 0.443448 -0.19337
vn -0.875193 0.443447 -0.19337
vn -0.718195 0.667033 -0.198148
vn -0.710724 0.681817 -0.173193
vn -0.671798 0.663792 -0.328735
vn -0.718181 0.667052 -0.198134
vn -0.788413 0.562623 -0.248718
vn -0.799845 0.548588 -0.243516
vn -0.759706 0.641382 -0.107125
vn -0.837128 0.493819 -0.235286
vn -0.671805 0.663787 -0.328733
vn -0.597512 0.797912 -0.079466
vn -0.609556 0.656322 -0.444614
vn -0.458442 0.804852 -0.376886
vn -0.531783 0.70784 -0.46494
vn -0.531781 0.707842 -0.46494
vn -0.496321 0.866493 -0.053434
vn -0.609556 0.656315 -0.444626
vn -0.609554 0.656316 -0.444626
vn -0.34632 0.85206 -0.392499
vn -0.442824 0.78104 -0.440323
vn -0.442824 0.78104 -0.440323
vn -0.150425 0.938044 -0.312163
vn -0.172202 0.979297 0.106416
vn -0.184647 0.978613 -0.090678
vn -0.250068 0.899968 -0.357105
vn -0.25008 0.899965 -0.357104
vn -0.999996 0.002372 -0.001395
vn -0.999996 0.002318 -0.001437
vn -0.997967 0.052394 -0.036285
vn -0.997966 0.052428 -0.036265
vn -0.988298 0.12532 -0.086961
vn -0.988294 0.125379 -0.086924
vn -0.970525 0.197998 -0.137398
vn -0.970517 0.198076 -0.137345
vn -0.944374 0.270216 -0.187459
vn -0.944364 0.270288 -0.187405
vn -0.90946 0.341657 -0.236965
vn -0.999901 0.014071 -1.2e-05
vn -0.99993 0.011312 -0.003603
vn -0.99766 0.064929 -0.021402
vn -0.997658 0.064985 -0.021362
vn -0.986562 0.155147 -0.051231
vn -0.986548 0.155267 -0.051138
vn -0.966268 0.24458 -0.080664
vn -0.966242 0.244724 -0.080543
vn -0.936664 0.332653 -0.109559
vn -0.936639 0.332754 -0.109466
vn -0.897625 0.418667 -0.137792
vn -0.425977 0.84778 -0.315931
vn -0.527477 0.722375 -0.44715
vn -0.57419 0.696159 -0.430891
vn -0.572657 0.700999 -0.425047
vn -0.664059 0.639361 -0.387612
vn -0.663138 0.642101 -0.384647
vn -0.741398 0.575701 -0.344813
vn -0.740911 0.577155 -0.343429
vn -0.807206 0.507283 -0.301798
vn -0.806989 0.507963 -0.301234
vn -0.862221 0.435707 -0.258331
vn -0.862153 0.435939 -0.258165
vn -0.910022 0.356729 -0.211199
vn -0.905108 0.38037 -0.189995
vn -0.941536 0.301424 -0.150508
vn -0.941553 0.301334 -0.150582
vn -0.968957 0.221177 -0.110465
vn -0.968974 0.221061 -0.110553
vn -0.987658 0.140112 -0.069996
vn -0.987667 0.140022 -0.070059
vn -0.997854 0.058601 -0.029217
vn -0.997855 0.058558 -0.029245
vn -0.999985 0.004883 -0.002289
vn -0.999967 0.008042 0.001479
vn -0.321845 0.87996 -0.349407
vn -0.345633 0.832629 -0.432743
vn -0.210747 0.86736 -0.450857
vn -0.217332 0.847687 -0.483936
vn -0.074455 0.866017 -0.49444
vn -0.045483 0.982955 -0.178133
vn -0.060964 0.997109 -0.045352
vn -0.071672 0.898246 -0.433609
vn -0.06318 0.80795 -0.585855
vn 0.425708 0.802843 -0.417392
vn 0.293392 0.945058 -0.144173
vn 0.320911 0.92139 -0.219216
vn 0.317004 0.884576 -0.342102
vn 0.20938 0.911991 -0.352751
vn 0.208786 0.891754 -0.401476
vn 0.810906 0.480684 -0.333729
vn 0.811046 0.502741 -0.299092
vn 0.741183 0.576897 -0.343275
vn 0.741055 0.576027 -0.345008
vn 0.663629 0.641729 -0.384423
vn 0.663425 0.639837 -0.387912
vn 0.573442 0.700524 -0.424771
vn 0.573148 0.69678 -0.431276
vn 0.469845 0.75057 -0.464639
vn 0.46942 0.743743 -0.475911
vn 0.352226 0.788303 -0.504495
vn 0.351567 0.777355 -0.521651
vn 0.220455 0.809904 -0.543558
vn 0.21954 0.796641 -0.563174
vn 0.865184 0.412027 -0.285815
vn 0.86518 0.411943 -0.285949
vn 0.85917 0.457727 -0.228721
vn 0.859176 0.457549 -0.229052
vn 0.845314 0.513273 -0.148304
vn 0.842077 0.528377 -0.108276
vn 0.999996 0.002175 -0.001906
vn 0.999996 0.002376 -0.001475
vn 0.997966 0.052405 -0.03629
vn 0.997967 0.052419 -0.036259
vn 0.988295 0.125334 -0.086971
vn 0.988297 0.125363 -0.086911
vn 0.97052 0.198016 -0.137409
vn 0.970522 0.198056 -0.137332
vn 0.944368 0.27023 -0.187469
vn 0.944371 0.270272 -0.187395
vn 0.999989 0.003741 0.0029
vn 0.999987 0.004592 -0.002145
vn 0.997855 0.058571 -0.029253
vn 0.997855 0.058588 -0.029208
vn 0.987662 0.140047 -0.070069
vn 0.987664 0.140084 -0.069982
vn 0.968965 0.221091 -0.110567
vn 0.968966 0.221145 -0.110449
vn 0.941545 0.301355 -0.150592
vn 0.941545 0.301402 -0.150495
vn 0.99997 0.007758 0.000721
vn 0.999945 0.009993 -0.003165
vn 0.997659 0.064947 -0.021408
vn 0.997659 0.064966 -0.021352
vn 0.986556 0.155185 -0.051239
vn 0.986555 0.155226 -0.051127
vn 0.966257 0.244619 -0.080678
vn 0.966254 0.244678 -0.08053
vn 0.936654 0.332678 -0.109568
vn 0.93665 0.332724 -0.109459
vn 0.902063 0.409971 -0.134928
vn 0.751817 0.613153 0.242519
vn 0.408243 0.528161 -0.744569
vn 0.407907 0.572879 -0.71093
vn 0.358138 0.584946 -0.727719
vn 0.353857 0.567703 -0.743303
vn 0.218691 0.592237 -0.775519
vn 0.221338 0.606108 -0.763965
vn 0.075893 0.619703 -0.781159
vn 0.075861 0.814189 -0.575622
vn 0.07528 0.80727 -0.585362
vn 0.072756 0.90942 -0.409466
vn 0.07167 0.898246 -0.433609
vn 0.06086 0.997229 -0.042789
vn 0.044399 0.983003 -0.178142
vn 0.963356 0.053216 -0.262894
vn 0.968282 0.061577 -0.242152
vn 0.985818 0.041416 -0.162628
vn 0.985829 0.041486 -0.162541
vn 0.99743 0.017807 -0.0694
vn 0.993384 -0.036476 -0.108896
vn 0.999931 -0.000159 -0.011783
vn 0.999956 0.003761 -0.008632
vn 0.997779 0.025812 -0.061414
vn 0.997778 0.025801 -0.06143
vn 0.987215 0.061516 -0.147044
vn 0.987209 0.061471 -0.147106
vn 0.967857 0.096874 -0.232097
vn 0.967844 0.096811 -0.232175
vn 0.939524 0.131738 -0.316132
vn 0.939517 0.131711 -0.316164
vn 0.901988 0.165979 -0.398584
vn 0.907762 0.188712 -0.374642
vn 0.858813 0.230407 -0.45755
vn 0.858962 0.230756 -0.457096
vn 0.810399 0.263991 -0.523031
vn 0.804634 0.259444 -0.534091
vn 0.999994 0.001761 -0.002951
vn 0.999995 0.001797 -0.00272
vn 0.997925 0.03319 -0.055169
vn 0.997925 0.033187 -0.055173
vn 0.988052 0.079246 -0.132183
vn 0.98805 0.079224 -0.132217
vn 0.969915 0.125036 -0.208878
vn 0.96991 0.125004 -0.208922
vn 0.943261 0.170425 -0.284981
vn 0.943258 0.170409 -0.285001
vn 0.907746 0.215239 -0.360096
vn 0.999995 0.001963 -0.002344
vn 0.999996 0.002248 -0.001892
vn 0.998012 0.046252 -0.042807
vn 0.998013 0.046263 -0.042786
vn 0.988554 0.110607 -0.102605
vn 0.988555 0.110623 -0.102576
vn 0.971155 0.174777 -0.16221
vn 0.971157 0.174797 -0.162174
vn 0.945523 0.238607 -0.221478
vn 0.945526 0.238632 -0.221438
vn 0.911249 0.301857 -0.280193
vn 0.90946 0.341657 -0.236967
vn 0.909461 0.341666 -0.236951
vn 0.905109 0.380368 -0.189993
vn 0.905109 0.38036 -0.190009
vn 0.893792 0.432722 -0.117848
vn 0.892563 0.424847 -0.151118
vn 0.999995 0.001689 -0.002819
vn 0.999995 0.002086 -0.00234
vn 0.997999 0.03992 -0.04903
vn 0.997999 0.039923 -0.049026
vn 0.988477 0.09541 -0.11752
vn 0.988477 0.095409 -0.117522
vn 0.970963 0.150702 -0.185796
vn 0.970962 0.150698 -0.185802
vn 0.94517 0.20566 -0.253686
vn 0.945172 0.205668 -0.253675
vn 0.910696 0.260097 -0.320909
vn 0.913494 0.277913 -0.297143
vn 0.867257 0.340033 -0.363651
vn 0.867278 0.340092 -0.363548
vn 0.813536 0.397226 -0.424701
vn 0.813575 0.397351 -0.424509
vn 0.748719 0.452957 -0.483994
vn 0.748789 0.453212 -0.483646
vn 0.671793 0.506459 -0.540549
vn 0.671911 0.506957 -0.539935
vn 0.581477 0.556836 -0.593143
vn 0.581656 0.557753 -0.592104
vn 0.634144 0.530199 -0.562805
vn 0.493716 0.531862 -0.688017
vn -0.746639 0.633211 0.203895
vn -0.953039 0.074599 -0.293518
vn -0.985823 0.041408 -0.162596
vn -0.985825 0.041493 -0.162567
vn -0.997571 0.017315 -0.067467
vn -0.99758 0.018775 -0.066948
vn -0.999906 0.004846 -0.012799
vn -0.999906 0.004847 -0.0128
vn -0.854925 0.200129 -0.478594
vn -0.854899 0.199558 -0.478878
vn -0.902005 0.166108 -0.398491
vn -0.902001 0.165968 -0.398558
vn -0.939521 0.131707 -0.316155
vn -0.939521 0.131741 -0.316139
vn -0.967851 0.096801 -0.232152
vn -0.967851 0.096882 -0.232118
vn -0.987212 0.061462 -0.147085
vn -0.987212 0.061523 -0.147061
vn -0.997778 0.025798 -0.061423
vn -0.997778 0.025814 -0.061418
vn -0.999978 0.002659 -0.005995
vn -0.999985 -0.000536 -0.00548
vn -0.999995 0.0023 -0.002002
vn -0.999995 0.002003 -0.002242
vn -0.997999 0.039917 -0.049029
vn -0.997999 0.039925 -0.049025
vn -0.988476 0.095412 -0.117519
vn -0.988477 0.095408 -0.117521
vn -0.970962 0.150703 -0.185798
vn -0.970963 0.150697 -0.185801
vn -0.945172 0.205658 -0.253683
vn -0.945171 0.205671 -0.253676
vn -0.910701 0.260091 -0.320898
vn -0.910698 0.260148 -0.320862
vn -0.866907 0.313885 -0.387231
vn -0.866896 0.314057 -0.387116
vn -0.81307 0.366734 -0.452132
vn -0.807211 0.297383 -0.509876
vn -0.813478 0.260654 -0.519917
vn -0.538448 0.831357 0.137549
vn -0.538467 0.831349 0.137522
vn -0.780356 0.241187 -0.576952
vn -0.810856 0.300683 -0.502099
vn -0.862809 0.259764 -0.433685
vn -0.862812 0.25942 -0.433886
vn -0.907745 0.215326 -0.360047
vn -0.907746 0.215238 -0.360096
vn -0.94326 0.170406 -0.284996
vn -0.943259 0.170427 -0.284984
vn -0.969913 0.124997 -0.20891
vn -0.969912 0.125042 -0.208889
vn -0.988052 0.079217 -0.132207
vn -0.988051 0.07925 -0.132192
vn -0.997925 0.033186 -0.055171
vn -0.997925 0.033192 -0.055169
vn -0.999994 0.001876 -0.002849
vn -0.999994 0.001924 -0.002856
vn -0.485652 0.358289 -0.797352
vn -0.451793 0.438533 -0.776899
vn -0.349071 0.460595 -0.816089
vn -0.348481 0.484518 -0.802373
vn -0.2188 0.50435 -0.835319
vn -0.217743 0.531519 -0.818581
vn -0.075427 0.543005 -0.836335
vn -0.07467 0.556426 -0.827535
vn -0.071769 0.372347 -0.925314
vn -0.070543 0.40096 -0.913375
vn -0.059723 0.016927 -0.998071
vn -0.060188 0.008189 -0.998154
vn 0.063435 -0.145989 -0.98725
vn 0.063435 -0.145971 -0.987253
vn 0.070901 0.40095 -0.913352
vn 0.072027 0.383717 -0.920637
vn 0.074669 0.556426 -0.827535
vn 0.06518 0.693068 -0.71792
vn -0.076459 0.692512 -0.717343
vn -0.076569 0.691073 -0.718718
vn -0.222935 0.67569 -0.702669
vn -0.223182 0.672767 -0.705389
vn -0.357126 0.644702 -0.675885
vn -0.357385 0.642099 -0.678222
vn -0.476771 0.604377 -0.638293
vn -0.476981 0.602607 -0.639808
vn -0.581469 0.557845 -0.592202
vn -0.58162 0.556758 -0.593076
vn -0.67179 0.507025 -0.540022
vn -0.671887 0.506405 -0.540483
vn -0.748716 0.453272 -0.483703
vn -0.748777 0.452911 -0.483946
vn -0.817235 0.39383 -0.420743
vn -0.814062 0.425643 -0.395134
vn -0.867661 0.364389 -0.338207
vn -0.867663 0.364373 -0.33822
vn -0.911245 0.301896 -0.280164
vn -0.911249 0.301855 -0.280193
vn -0.945523 0.238638 -0.221446
vn -0.945527 0.2386 -0.221472
vn -0.971154 0.174806 -0.162182
vn -0.971157 0.174768 -0.162205
vn -0.988553 0.110629 -0.102585
vn -0.988555 0.110601 -0.1026
vn -0.998012 0.046267 -0.042791
vn -0.998013 0.046248 -0.042801
vn -0.999995 0.002333 -0.001969
vn -0.999995 0.002295 -0.00197
vn -0.407449 0.271858 -0.871825
vn 0.999852 -0.000272 -0.017208
vn 0.999986 -0.00145 -0.005088
vn 0.999997 -0.001822 -0.001431
vn 0.999972 -0.003746 0.006498
vn -0.999559 -0.001083 0.029682
vn 0.999894 -6.1e-05 -0.014533
vn 0.999894 -0.000597 -0.014546
vn 0.999889 -6e-05 -0.014903
vn 0.999889 -4.3e-05 -0.014906
vn -0.999695 0.000516 0.024697
vn 0.999738 -0.000289 -0.02291
vn 0.999738 -0.000349 -0.022897
vn 0.999733 -0.000328 -0.023118
vn -0.999095 0.005707 0.042143
vn 0.99892 -0.007243 -0.045901
vn 0.998919 -0.007246 -0.045913
vn 0.99892 -0.007306 -0.045884
vn 0.998918 -0.007246 -0.045932
vn 0.998918 -0.00726 -0.045926
vn -0.995722 0.032674 0.086431
vn 0.995853 -0.031757 -0.085253
vn 0.998412 0.017324 -0.053602
vn 0.999064 0.003206 -0.043147
vn -0.969431 0.147244 0.196273
vn 0.97877 -0.11524 -0.169494
vn 0.978806 -0.115568 -0.169067
vn 0.978056 -0.118 -0.171702
vn -0.556804 0.655087 0.510715
vn 0.551394 -0.655674 -0.515807
vn 0.807513 0.574599 0.133257
vn 0.870388 -0.351987 -0.344283
vn 0.870393 -0.351979 -0.344276
vn 0.870716 -0.353478 -0.341915
vn 0.859196 -0.369251 -0.35417
vn 0.58769 0.731162 0.346443
vn 0.964344 -0.078073 -0.252872
vn 0.964258 -0.078454 -0.253083
vn 0.846377 0.527646 0.072355
vn 0.846378 0.527645 0.072356
vn 0.949891 0.302252 -0.079697
vn 0.838022 -0.306651 -0.451315
vn 0.880749 0.470825 -0.051028
vn 0.948783 0.227219 -0.219507
vn 0.929541 0.013892 -0.368456
vn 0.933661 0.007309 -0.358084
vn 0.933671 0.007311 -0.358057
vn 0.859718 -0.191158 -0.47365
vn 0.909407 0.343731 -0.234153
vn 0.902407 0.019571 -0.430441
vn 0.839737 -0.141275 -0.524293
vn 0.867087 0.044541 -0.496162
vn 0.893503 0.011907 -0.448899
vn 0.895005 0.269764 -0.355238
vn 0.86803 0.070714 -0.491451
vn 0.872748 0.067548 -0.483475
vn 0.854751 0.019411 -0.518675
vn 0.839411 0.123661 -0.529242
vn 0.816638 0.055461 -0.574479
vn 0.821191 0.051128 -0.568359
vn 0.783176 -0.043955 -0.620244
vn 0.783177 -0.043945 -0.620244
vn 0.80531 0.266188 -0.529735
vn 0.784203 0.098104 -0.612701
vn 0.753452 0.029728 -0.656831
vn 0.761133 0.023466 -0.648172
vn 0.653635 -0.089298 -0.751523
vn 0.772149 0.090548 -0.628957
vn 0.748013 0.246906 -0.616047
vn 0.74238 0.164071 -0.649579
vn 0.694655 0.035837 -0.71845
vn 0.687573 0.21288 -0.694208
vn 0.673829 0.194723 -0.712768
vn 0.67383 0.194723 -0.712767
vn 0.668567 0.136211 -0.731071
vn 0.642453 0.07971 -0.762168
vn 0.616254 0.203717 -0.760744
vn 0.61625 0.203715 -0.760747
vn 0.589101 0.131206 -0.797336
vn 0.596194 0.127532 -0.792647
vn 0.58231 0.107707 -0.8058
vn 0.58231 0.107707 -0.8058
vn 0.544362 0.210168 -0.812096
vn 0.521129 0.156343 -0.839036
vn 0.529904 0.152433 -0.834246
vn 0.507492 0.106477 -0.855052
vn 0.470679 0.229521 -0.851928
vn 0.4477 0.195619 -0.872524
vn 0.447689 0.195608 -0.872532
vn 0.455465 0.231179 -0.859714
vn 0.391629 0.252638 -0.88476
vn 0.421994 0.092829 -0.901834
vn 0.461929 0.190219 -0.866279
vn 0.461928 0.190218 -0.866279
vn 0.375707 0.267103 -0.887412
vn 0.375704 0.267112 -0.887411
vn 0.377313 0.180421 -0.908341
vn 0.339743 0.097526 -0.935448
vn 0.356972 0.092683 -0.929506
vn 0.339597 0.096939 -0.935562
vn 0.299613 0.247907 -0.921289
vn 0.257488 0.111037 -0.95988
vn 0.2749 0.107292 -0.955468
vn 0.256729 0.107327 -0.960506
vn 0.271352 0.089947 -0.958268
vn 0.248514 0.067659 -0.966262
vn 0.202887 0.227562 -0.952393
vn 0.174427 0.123477 -0.976897
vn 0.189102 0.121276 -0.97444
vn 0.161865 0.043159 -0.985869
vn 0.099366 0.210305 -0.972573
vn 0.106757 0.156386 -0.98191
vn 0.088155 0.087616 -0.992246
vn 0.101002 0.0865 -0.991119
vn 0.077131 -0.021746 -0.996784
vn 0.032421 0.161724 -0.986303
vn 0.010308 0.094031 -0.995516
vn 0.027427 -0.016204 -0.999492
vn 0.027427 -0.016204 -0.999492
vn 0.007793 -0.097281 -0.995227
vn 0.007797 -0.097281 -0.995227
vn -0.050618 0.354673 -0.933619
vn -0.077794 0.248729 -0.965444
vn -0.041582 0.077153 -0.996152
vn -0.041583 0.077153 -0.996152
vn -0.05568 -0.046691 -0.997356
vn -0.141261 0.265847 -0.953609
vn -0.148471 0.115455 -0.982154
vn -0.14847 0.115461 -0.982153
vn -0.12791 0.118093 -0.98473
vn -0.13389 0.013091 -0.99091
vn -0.133889 0.01309 -0.99091
vn -0.230119 0.251774 -0.940029
vn -0.240751 0.156472 -0.957891
vn -0.217749 0.160878 -0.962655
vn -0.221088 0.052963 -0.973815
vn -0.204003 0.071971 -0.976321
vn -0.256362 -0.05032 -0.96527
vn -0.407277 0.271685 -0.871959
vn -0.271079 0.352387 -0.895734
vn -0.345167 0.23542 -0.908536
vn -0.317397 0.242451 -0.916775
vn -0.308628 0.065928 -0.948895
vn -0.393288 0.198901 -0.897643
vn -0.344509 0.23193 -0.909682
vn -0.344511 0.23193 -0.909682
vn -0.99976 -0.0 -0.021893
vn -0.999984 -1e-06 -0.005734
vn -0.999986 -2e-06 -0.005341
vn -0.999865 -1e-06 -0.016423
vn -0.999879 -2e-06 -0.015541
vn 0.999985 -1e-06 -0.005529
vn 0.999875 -1.7e-05 -0.015794
vn 0.99976 -3.4e-05 -0.021926
vn 0.999988 1.9e-05 -0.004968
vn 0.999852 0.0 -0.017186
vn -0.999957 -0.004722 0.007925
vn -0.999993 -0.00364 0.000391
vn -0.999978 -0.002795 -0.005962
vn -0.367271 -0.101498 -0.924559
vn -0.367166 -0.102238 -0.92452
vn -0.366401 -0.103891 -0.924639
vn -0.574327 0.015807 -0.818473
vn -0.574328 0.015793 -0.818473
vn -0.542368 0.032384 -0.839517
vn -0.478141 -0.201078 -0.854955
vn -0.468567 -0.151557 -0.87033
vn -0.528314 0.096722 -0.843522
vn -0.558637 0.082064 -0.825343
vn -0.560569 0.217959 -0.79891
vn -0.425435 0.078658 -0.901564
vn -0.41937 -8.2e-05 -0.907815
vn -0.390133 -0.035928 -0.920057
vn -0.405372 -0.04164 -0.913203
vn -0.405373 -0.04164 -0.913202
vn -0.616895 0.34038 -0.709635
vn -0.642885 -0.013464 -0.765845
vn -0.620144 -0.042763 -0.783322
vn -0.611447 -0.088286 -0.786345
vn -0.602731 -0.08265 -0.793652
vn -0.56421 -0.184557 -0.804739
vn -0.751062 0.160027 -0.640545
vn -0.645433 -0.236621 -0.726242
vn -0.441167 -0.438123 -0.783211
vn -0.718866 -0.084921 -0.689942
vn -0.76916 0.255941 -0.585566
vn -0.7056 0.191332 -0.682291
vn -0.705566 0.191319 -0.68233
vn -0.649975 -0.218924 -0.72774
vn -0.649974 -0.218924 -0.72774
vn -0.679694 -0.177617 -0.711666
vn -0.697841 -0.129802 -0.704393
vn -0.862281 0.207059 -0.462167
vn -0.865829 0.078247 -0.494183
vn -0.844481 0.100758 -0.526022
vn -0.53488 -0.496698 -0.683516
vn -0.513395 -0.481561 -0.710299
vn -0.511822 -0.534909 -0.672243
vn -0.585868 -0.443043 -0.678581
vn -0.59507 -0.452985 -0.66385
vn -0.866571 0.081582 -0.492341
vn -0.911729 0.035286 -0.409275
vn -0.857399 -0.173713 -0.484448
vn -0.857399 -0.173713 -0.484449
vn -0.81917 -0.2128 -0.532613
vn -0.351121 -0.706082 -0.614949
vn -0.442423 -0.667687 -0.598712
vn -0.442424 -0.667687 -0.598711
vn -0.469955 -0.631117 -0.617117
vn -0.834529 -0.266936 -0.481983
vn -0.62718 0.747362 0.219306
vn -0.527858 -0.653903 -0.542012
vn -0.513343 -0.619775 -0.593598
vn -0.499027 -0.672667 -0.546344
vn -0.370019 -0.737826 -0.564535
vn -0.192733 -0.81006 -0.553766
vn -0.192717 -0.810066 -0.553763
vn -0.191217 -0.806421 -0.559573
vn -0.165644 -0.821504 -0.545613
vn -0.464858 -0.693405 -0.550542
vn -0.353197 0.819717 0.450906
vn -0.886042 -0.3257 -0.329923
vn -0.882813 -0.309372 -0.353454
vn -0.826168 -0.413574 -0.382625
vn -0.82941 -0.412956 -0.376226
vn -0.876037 -0.342094 -0.339897
vn -0.876574 -0.345166 -0.335379
vn -0.89619 -0.308163 -0.319184
vn 0.95653 0.184885 0.225539
vn -0.997873 0.063161 0.016112
vn -0.996095 0.088286 6.5e-05
vn -0.992876 -0.049926 -0.10819
vn -0.995821 0.076924 0.049231
vn -0.999337 -0.003177 -0.036262
vn -0.999208 -0.00462 -0.039523
vn -0.999266 -0.003601 -0.038147
vn -0.999265 -0.003584 -0.038155
vn -0.999389 -0.002483 -0.034851
vn -0.999389 -0.002494 -0.034867
vn -0.999389 -0.00255 -0.03485
vn -0.999398 -0.002276 -0.034629
vn -0.999861 -0.001672 -0.016559
vn -0.999995 -0.002997 0.000237
vn -0.999873 -8.3e-05 -0.015918
vn -0.999869 -0.000101 -0.016178
vn -0.999869 -7e-05 -0.016177
vn -0.999862 -8.9e-05 -0.016619
vn -0.999857 -4.2e-05 -0.016888
vn 0.999594 0.001285 0.028458
vn 0.978051 -0.07368 -0.194904
vn 0.978036 -0.07371 -0.194966
vn 0.0 0.0 -1.0
vn 0.0 0.0 -1.0
vn 0.068344 -0.661832 -0.74653
vn -0.066457 -0.421617 -0.904335
vn -0.019592 -0.239362 -0.970733
vn -0.02214 -0.422704 -0.905998
vn -0.000857 -0.239598 -0.970872
vn -0.003084 -0.422964 -0.906141
vn 0.069861 -0.239517 -0.968376
vn -0.0 -0.099729 -0.995015
vn 0.027925 -0.771083 -0.636122
vn 0.027925 -0.771078 -0.636129
vn -0.089426 -0.659754 -0.746142
vn 0.054841 -0.934225 -0.352443
vn 0.033434 -0.968431 -0.247029
vn 0.034117 -0.935067 -0.352827
vn 0.022803 -0.968686 -0.24724
vn 0.022804 -0.968676 -0.24728
vn -0.070853 -0.932928 -0.353022
vn 0.0 -0.99773 -0.067349
vn 0.0 0.996954 -0.077998
vn 0.05959 0.249516 -0.966536
vn 0.015552 0.337088 -0.941345
vn 0.015004 0.249699 -0.968207
vn 0.084073 0.931203 -0.354671
vn -0.005018 0.966529 -0.256508
vn -0.005691 0.934082 -0.357013
vn -0.015194 0.966406 -0.256571
vn -0.016038 0.933906 -0.357157
vn -0.063092 0.964499 -0.256439
vn 0.062066 0.674972 -0.735228
vn 0.00051 0.736967 -0.675928
vn -7.4e-05 0.675812 -0.737074
vn -0.057295 0.735442 -0.675161
vn 0.0 0.049885 -0.998755
vn -0.049598 0.249159 -0.967192
vn 0.006786 0.337022 -0.941472
vn 0.006786 0.337048 -0.941463
vn -0.999 0.044699 -0.001166
vn -0.984307 0.176449 -0.002462
vn -0.95188 0.306401 -0.006597
vn -0.95195 0.306182 -0.006593
vn -0.847089 0.531385 -0.008382
vn -0.746503 0.665253 -0.013149
vn -0.746628 0.665112 -0.013147
vn -0.562254 0.826853 -0.013579
vn -0.309643 0.95066 -0.019159
vn -0.197748 0.980058 -0.01954
vn -0.30738 0.95144 -0.016726
vn -0.983495 0.175588 -0.043673
vn -0.192033 0.948162 -0.253205
vn -0.486086 0.84366 -0.227944
vn -0.835807 0.448685 -0.316398
vn 0.355116 0.690876 -0.629748
vn -0.594914 0.66044 -0.458144
vn -0.546609 0.688485 -0.476662
vn -0.545854 0.688967 -0.476831
vn -0.836326 0.448102 -0.315854
vn -0.837904 0.532536 -0.119675
vn -0.841927 0.526232 -0.119326
vn -0.258619 0.046107 -0.964878
vn 0.057322 0.204292 -0.97723
vn -0.253789 0.197213 -0.946942
vn -0.540698 0.155834 -0.826657
vn -0.699375 0.147765 -0.699314
vn -0.832422 0.115557 -0.541959
vn -0.701927 0.121102 -0.701878
vn -0.589776 0.267621 -0.761933
vn -0.589794 0.267649 -0.76191
vn -0.589794 0.267629 -0.761917
vn -0.901912 0.278288 -0.330319
vn -0.992448 0.095596 -0.076869
vn -0.884781 0.433417 -0.171208
vn -0.997858 0.065163 -0.005816
vn -0.992934 0.070286 -0.095609
vn -0.956044 0.065093 -0.285908
vn -0.964396 0.056098 -0.258443
vn -0.486087 0.84365 -0.22798
vn -0.458379 0.86812 -0.190412
vn -0.548084 0.817011 -0.179155
vn -0.5545 0.812642 -0.179282
vn -0.895978 0.235804 -0.376324
vn -0.833021 0.296043 -0.46737
vn -0.833527 0.295722 -0.46667
vn -0.543678 0.455203 -0.705127
vn -0.543004 0.455355 -0.705548
vn 0.195084 0.539109 -0.819331
vn -0.598396 0.587165 -0.545123
vn -0.258872 0.0 -0.965912
vn -0.258872 0.0 -0.965912
vn -0.258822 0.0 -0.965925
vn -0.258822 0.0 -0.965925
vn -0.707107 0.0 -0.707107
vn -0.707107 0.0 -0.707107
vn -0.707107 0.0 -0.707107
vn -0.707107 0.0 -0.707107
vn -0.965925 0.0 -0.258822
vn -0.965915 1.6e-05 -0.258858
vn -0.965912 -0.0 -0.258872
vn -0.964395 -0.056042 -0.25846
vn -0.252031 -0.229833 -0.94003
vn -0.467207 -0.208111 -0.859306
vn -0.964407 -0.056034 -0.258416
vn -0.833574 -0.296357 -0.466184
vn -0.83777 -0.532932 -0.118852
vn 0.342879 -0.624858 -0.701418
vn -0.591273 -0.437828 -0.677276
vn -0.543011 -0.45652 -0.70479
vn -0.543739 -0.456355 -0.704335
vn -0.833082 -0.296868 -0.466738
vn -0.832451 -0.115451 -0.541937
vn -0.701931 -0.121061 -0.701881
vn -0.197475 -0.977974 -0.06761
vn 0.088267 -0.972886 -0.213778
vn -0.548122 -0.816964 -0.179255
vn -0.554491 -0.812627 -0.179383
vn -0.83366 -0.538839 -0.121097
vn -0.607295 -0.741463 -0.285351
vn -0.607254 -0.741522 -0.285285
vn -0.607254 -0.741481 -0.285392
vn -0.903266 -0.3103 -0.296353
vn -0.991196 -0.064533 -0.115611
vn -0.883743 -0.152614 -0.442389
vn -0.995436 -0.003233 -0.095377
vn -0.993906 -0.073936 -0.081761
vn -0.958662 -0.273757 -0.077617
vn -0.98348 -0.175656 -0.043735
vn -0.467208 -0.208135 -0.8593
vn -0.447815 -0.181666 -0.875476
vn -0.542098 -0.170451 -0.822846
vn -0.255748 -0.155597 -0.95414
vn -0.699387 -0.147645 -0.699327
vn -0.898675 -0.357609 -0.253967
vn -0.836217 -0.448703 -0.315287
vn -0.83575 -0.44936 -0.315592
vn -0.54584 -0.689768 -0.475687
vn -0.54645 -0.689379 -0.475551
vn 0.195743 -0.812169 -0.549606
vn -0.597768 -0.527823 -0.603387
vn -0.171202 -0.985085 -0.017261
vn -0.562092 -0.827046 -0.006947
vn -0.984294 -0.176504 -0.003467
vn -0.19775 -0.980097 -0.017479
vn -0.567224 -0.823422 -0.015266
vn -0.562254 -0.82682 -0.015456
vn -0.567159 -0.823464 -0.015399
vn -0.838921 -0.544175 -0.00922
vn -0.872385 -0.488728 -0.009465
vn -0.872214 -0.489032 -0.009471
vn -0.989476 -0.144684 -0.00219
vn -0.143471 0.989457 -0.019775
vn -0.258729 0.965679 -0.02288
vn -0.424717 0.905009 -0.023977
vn -0.258747 0.965716 -0.021044
vn -0.423884 0.905428 -0.022868
vn -0.70688 0.70688 -0.025325
vn -0.738845 0.673434 -0.02437
vn -0.738355 0.673972 -0.024371
vn -0.965702 0.258746 -0.021675
vn -0.969233 0.245231 -0.021198
vn -0.990886 0.089329 -0.10082
vn -0.990886 0.089315 -0.100835
vn -0.962009 0.01215 -0.272746
vn -0.540239 0.691263 -0.479893
vn 0.280509 0.897945 -0.339132
vn -0.257315 0.963078 -0.079176
vn -0.497085 0.848107 -0.18336
vn -0.251384 0.946852 -0.200692
vn -0.545786 0.815321 -0.193311
vn -0.698941 0.698941 -0.151533
vn -0.834184 0.533946 -0.137979
vn -0.461351 0.482947 -0.744256
vn -0.955695 0.153722 -0.251033
vn -0.828844 0.300105 -0.472181
vn -0.829584 0.299662 -0.471161
vn -0.248396 0.240779 -0.938256
vn 0.20004 0.183706 -0.962412
vn 0.246132 0.243028 -0.938273
vn 0.24613 0.243092 -0.938257
vn 0.28048 0.897966 -0.339098
vn 0.280481 0.897947 -0.339148
vn -0.49958 0.712018 -0.493406
vn 0.34796 0.636184 -0.688617
vn 0.34796 0.636182 -0.688619
vn -0.695329 0.126193 -0.707526
vn -0.958458 0.085874 -0.272001
vn -0.827232 0.097109 -0.553406
vn -0.941664 0.052239 -0.332476
vn -0.990097 0.040914 -0.134291
vn -0.962527 0.25707 -0.086358
vn -0.993803 0.109134 -0.021107
vn -0.96423 0.21097 -0.160473
vn -0.830324 0.453683 -0.323626
vn -0.831443 0.452466 -0.322455
vn -0.543224 0.689359 -0.479262
vn -0.539205 0.457414 -0.707128
vn -0.54117 0.456989 -0.705901
vn -0.539642 0.16896 -0.824766
vn -0.251946 0.179031 -0.951037
vn -0.255926 0.0 -0.966696
vn -0.255926 -0.0 -0.966696
vn -0.256083 0.0 -0.966655
vn -0.256083 -0.0 -0.966655
vn -0.700932 0.0 -0.713228
vn -0.700932 -0.0 -0.713228
vn -0.962011 0.0 -0.27301
vn -0.96206 -8.1e-05 -0.272837
vn -0.96208 0.0 -0.272766
vn -0.835397 -0.534067 -0.129939
vn -0.831466 -0.452264 -0.322678
vn -0.99075 -0.081993 -0.108129
vn -0.99075 -0.082019 -0.108105
vn -0.956985 -0.231774 -0.17453
vn -0.991288 -0.116981 -0.060531
vn -0.541169 -0.456989 -0.705901
vn 0.322721 -0.402419 -0.856686
vn -0.254745 -0.095925 -0.962239
vn -0.522777 -0.156088 -0.838058
vn -0.251946 -0.179031 -0.951037
vn -0.539642 -0.16896 -0.824766
vn -0.695329 -0.126193 -0.707526
vn -0.82887 -0.113412 -0.547826
vn 0.092603 -0.965018 -0.245286
vn -0.527923 -0.828457 -0.186968
vn 0.068119 -0.974226 -0.215041
vn -0.167289 -0.954609 -0.246446
vn 0.322686 -0.40238 -0.856717
vn 0.322686 -0.402408 -0.856704
vn -0.439208 -0.489229 -0.753493
vn 0.132898 -0.765291 -0.629815
vn 0.133016 -0.819818 -0.556961
vn -0.497753 -0.665269 -0.55647
vn 0.092603 -0.965015 -0.245298
vn -0.830332 -0.453849 -0.323372
vn -0.833567 -0.536905 -0.129999
vn -0.968943 -0.237417 -0.069156
vn -0.98405 -0.17557 -0.028643
vn -0.960067 -0.064343 -0.272272
vn -0.991992 -0.002486 -0.126279
vn -0.963158 -0.139716 -0.229794
vn -0.8296 -0.299484 -0.471246
vn -0.828864 -0.300254 -0.472051
vn -0.539205 -0.457414 -0.707128
vn -0.543223 -0.689365 -0.479254
vn -0.540334 -0.691208 -0.479865
vn -0.545476 -0.816862 -0.187598
vn -0.528883 -0.827869 -0.186855
vn -0.649698 -0.587208 -0.482783
vn -0.538989 -0.842017 -0.022334
vn -0.514562 -0.857153 -0.022708
vn -0.842011 -0.538976 -0.022831
vn -0.741661 -0.670253 -0.026469
vn -0.970295 -0.241087 -0.020108
vn -0.984249 -0.175741 -0.019214
vn -0.970293 -0.241007 -0.021143
vn -0.537886 -0.842722 -0.022328
vn -0.175857 -0.984243 -0.01843
vn -0.289763 -0.956851 -0.021759
vn 0.0 0.0 -1.0
vn 0.0 0.0 -1.0
vn 0.0 0.0 -1.0
vn -0.661831 -0.068341 -0.746532
vn -0.421622 0.066455 -0.904333
vn -0.239362 0.01959 -0.970733
vn -0.422704 0.022138 -0.905997
vn -0.239495 0.000844 -0.970897
vn -0.422964 0.003073 -0.906141
vn -0.239531 -0.069868 -0.968371
vn -0.099728 0.0 -0.995015
vn -0.77109 -0.027917 -0.636114
vn -0.771083 -0.027917 -0.636123
vn -0.659755 0.089443 -0.746139
vn -0.934231 -0.054834 -0.35243
vn -0.968423 -0.033438 -0.247061
vn -0.935034 -0.03412 -0.352913
vn -0.968681 -0.0228 -0.24726
vn -0.968678 -0.0228 -0.247271
vn -0.932925 0.070869 -0.353026
vn -0.997732 -0.0 -0.067305
vn 0.996955 0.0 -0.077985
vn 0.931204 -0.084079 -0.354668
vn 0.96653 0.005013 -0.256505
vn 0.934063 0.005687 -0.357063
vn 0.966408 0.015195 -0.256562
vn 0.933912 0.016039 -0.357144
vn 0.964495 0.063078 -0.256458
vn 0.674968 -0.062072 -0.735231
vn 0.736974 -0.000507 -0.675921
vn 0.675812 7.6e-05 -0.737074
vn 0.735438 0.057296 -0.675165
vn 0.249476 -0.059598 -0.966545
vn 0.337067 -0.015552 -0.941352
vn 0.249814 -0.015005 -0.968178
vn 0.049885 0.0 -0.998755
vn 0.24916 0.049598 -0.967191
vn 0.337028 -0.006789 -0.94147
vn 0.337127 -0.006789 -0.941435
vn 0.044538 0.999007 -0.001163
vn 0.176353 0.984324 -0.002462
vn 0.305945 0.952026 -0.006589
vn 0.305722 0.952098 -0.006585
vn 0.531346 0.847114 -0.008384
vn 0.665012 0.746717 -0.013148
vn 0.664954 0.746769 -0.013147
vn 0.835321 0.549595 -0.013578
vn 0.950718 0.309471 -0.019058
vn 0.980058 0.197747 -0.01954
vn 0.951454 0.307335 -0.016727
vn 0.175492 0.983512 -0.043663
vn 0.948157 0.192061 -0.2532
vn 0.843698 0.485995 -0.227995
vn 0.448693 0.835799 -0.316408
vn 0.69089 -0.355074 -0.629757
vn 0.660467 0.594885 -0.458143
vn 0.688535 0.546533 -0.476678
vn 0.688926 0.54592 -0.476815
vn 0.448146 0.836286 -0.315899
vn 0.532596 0.837865 -0.119678
vn 0.526193 0.841952 -0.119324
vn 0.046094 0.258615 -0.96488
vn 0.204292 -0.057337 -0.977229
vn 0.1972 0.253944 -0.946903
vn 0.155861 0.540595 -0.826719
vn 0.147802 0.699229 -0.699452
vn 0.115532 0.83254 -0.541784
vn 0.121083 0.702001 -0.701807
vn 0.267625 0.58978 -0.761929
vn 0.267643 0.589791 -0.761914
vn 0.267627 0.589791 -0.76192
vn 0.278152 0.902022 -0.330132
vn 0.095595 0.992448 -0.07687
vn 0.433448 0.884763 -0.171221
vn 0.0654 0.997842 -0.005921
vn 0.070374 0.992916 -0.095734
vn 0.065179 0.955959 -0.286173
vn 0.056077 0.964415 -0.258378
vn 0.843717 0.485994 -0.227927
vn 0.867285 0.459374 -0.191812
vn 0.816406 0.548328 -0.181156
vn 0.820749 0.541865 -0.180981
vn 0.235697 0.896093 -0.376118
vn 0.295966 0.833136 -0.467213
vn 0.295722 0.833521 -0.466681
vn 0.455228 0.543589 -0.70518
vn 0.45537 0.542956 -0.705575
vn 0.53911 -0.19514 -0.819317
vn 0.587171 0.598363 -0.545154
vn -0.000431 0.965933 -0.258791
vn 0.0 0.2588 -0.965931
vn -0.000175 0.258872 -0.965912
vn -0.000191 0.259036 -0.965868
vn -0.000116 0.258952 -0.96589
vn -0.000316 0.707107 -0.707107
vn 0.0 0.706963 -0.707251
vn 0.0 0.707035 -0.707179
vn -0.000316 0.707179 -0.707035
vn -0.000431 0.966013 -0.258494
vn -0.000117 0.965907 -0.258889
vn -0.035381 0.980181 -0.19492
vn -0.233705 0.189868 -0.953589
vn -0.208148 0.467105 -0.859353
vn -0.296374 0.833554 -0.466208
vn -0.532933 0.837773 -0.118827
vn -0.624845 -0.342956 -0.701392
vn -0.437865 0.59117 -0.677343
vn -0.456493 0.543069 -0.704762
vn -0.456321 0.543828 -0.704288
vn -0.296877 0.83307 -0.466754
vn -0.104962 0.831423 -0.545637
vn -0.104727 0.834907 -0.540335
vn -0.977976 0.197481 -0.067556
vn -0.97241 -0.097269 -0.212031
vn -0.816388 0.548323 -0.181252
vn -0.820734 0.541856 -0.181074
vn -0.538859 0.833649 -0.121079
vn -0.741414 0.60735 -0.285361
vn -0.741498 0.607291 -0.285267
vn -0.741465 0.607291 -0.285355
vn -0.31006 0.903394 -0.296213
vn -0.064573 0.991186 -0.115672
vn -0.152659 0.883691 -0.442476
vn -0.003283 0.995425 -0.095493
vn -0.074076 0.993888 -0.081847
vn -0.273998 0.958586 -0.077701
vn -0.175461 0.983517 -0.043668
vn -0.208115 0.467104 -0.859361
vn -0.174324 0.44228 -0.879773
vn -0.162837 0.541472 -0.824799
vn -0.162684 0.536088 -0.828338
vn -0.357383 0.898804 -0.25383
vn -0.448692 0.83622 -0.315296
vn -0.449364 0.835741 -0.315608
vn -0.689747 0.545871 -0.475682
vn -0.689333 0.54652 -0.475538
vn -0.812166 -0.195739 -0.549611
vn -0.527879 0.59766 -0.603445
vn -0.985739 0.167394 -0.017271
vn -0.83188 0.554908 -0.007288
vn -0.176307 0.984329 -0.003463
vn -0.980095 0.197748 -0.017569
vn -0.828204 0.560224 -0.015093
vn -0.835288 0.549594 -0.015505
vn -0.827647 0.561039 -0.015376
vn -0.544193 0.838909 -0.009292
vn -0.497167 0.867603 -0.009529
vn -0.497224 0.86757 -0.00953
vn -0.149544 0.988752 -0.002389
vn 0.989454 0.143493 -0.019776
vn 0.965693 0.258677 -0.022879
vn 0.905015 0.424704 -0.023976
vn 0.965711 0.258763 -0.021044
vn 0.905494 0.423743 -0.022867
vn 0.706896 0.706864 -0.025326
vn 0.673447 0.738834 -0.024371
vn 0.673844 0.738472 -0.024371
vn 0.258689 0.965717 -0.021675
vn 0.245225 0.969234 -0.0212
vn 0.089278 0.990896 -0.100773
vn 0.08925 0.990895 -0.100802
vn 0.012151 0.962009 -0.272746
vn 0.691229 0.540291 -0.479883
vn 0.897964 -0.280442 -0.339136
vn 0.963094 0.257259 -0.079164
vn 0.848126 0.497051 -0.183367
vn 0.946847 0.251399 -0.200695
vn 0.815285 0.545841 -0.193306
vn 0.698956 0.698924 -0.151545
vn 0.533966 0.834169 -0.137994
vn 0.482948 0.461346 -0.744259
vn 0.153637 0.955741 -0.250906
vn 0.300104 0.828844 -0.472181
vn 0.299724 0.82948 -0.471305
vn 0.240776 0.248487 -0.938233
vn 0.183689 -0.200046 -0.962414
vn 0.243133 -0.246236 -0.938219
vn 0.24304 -0.246239 -0.938242
vn 0.897935 -0.280481 -0.33918
vn 0.897952 -0.28048 -0.339135
vn 0.711985 0.499638 -0.493396
vn 0.636177 -0.348 -0.688604
vn 0.636177 -0.348 -0.688604
vn 0.12621 0.695363 -0.707489
vn 0.085891 0.958456 -0.272001
vn 0.097132 0.827116 -0.553574
vn 0.052219 0.941677 -0.332442
vn 0.040891 0.990107 -0.134226
vn 0.257009 0.962545 -0.086331
vn 0.109217 0.993793 -0.021143
vn 0.211045 0.964208 -0.160506
vn 0.453706 0.830312 -0.323626
vn 0.452476 0.831442 -0.322443
vn 0.689419 0.543129 -0.479283
vn 0.457427 0.539113 -0.70719
vn 0.456972 0.541217 -0.705876
vn 0.16897 0.539706 -0.824722
vn 0.179039 0.2517 -0.951101
vn 0.0 0.256019 -0.966672
vn 0.0 0.256019 -0.966672
vn 0.0 0.255834 -0.966721
vn 0.0 0.255834 -0.966721
vn 0.0 0.700969 -0.713192
vn 0.0 0.700969 -0.713192
vn 0.0 0.962011 -0.27301
vn -8.1e-05 0.96206 -0.272837
vn 0.0 0.96208 -0.272766
vn -0.534022 0.835428 -0.129923
vn -0.452271 0.831467 -0.322668
vn -0.081964 0.990759 -0.108068
vn -0.081975 0.990759 -0.108057
vn -0.231734 0.957003 -0.174486
vn -0.116981 0.991288 -0.060529
vn -0.456971 0.541218 -0.705876
vn -0.402414 -0.322692 -0.856699
vn -0.095928 0.254838 -0.962214
vn -0.156087 0.522814 -0.838035
vn -0.179039 0.2517 -0.951101
vn -0.16897 0.539706 -0.824722
vn -0.12621 0.695363 -0.707489
vn -0.113445 0.828756 -0.547991
vn -0.965017 -0.092579 -0.245298
vn -0.828077 0.528544 -0.186896
vn -0.974226 -0.068089 -0.21505
vn -0.954627 0.167201 -0.246437
vn -0.402419 -0.322696 -0.856695
vn -0.402405 -0.322696 -0.856701
vn -0.48923 0.439202 -0.753496
vn -0.765294 -0.132926 -0.629807
vn -0.819818 -0.133046 -0.556954
vn -0.665317 0.49766 -0.556496
vn -0.96501 -0.092579 -0.245327
vn -0.45384 0.830344 -0.323355
vn -0.536891 0.833578 -0.129983
vn -0.237505 0.968921 -0.06916
vn -0.175675 0.984031 -0.028655
vn -0.064331 0.960067 -0.272272
vn -0.002469 0.991993 -0.126265
vn -0.139716 0.963158 -0.229794
vn -0.299571 0.829494 -0.471378
vn -0.300231 0.828862 -0.47207
vn -0.457427 0.539113 -0.70719
vn -0.689419 0.543129 -0.479283
vn -0.691228 0.540292 -0.479883
vn -0.816895 0.545427 -0.187593
vn -0.827858 0.528901 -0.186854
vn -0.587086 0.649759 -0.482848
vn -0.842014 0.538994 -0.022335
vn -0.857114 0.514627 -0.022708
vn -0.53893 0.842041 -0.022831
vn -0.670251 0.741662 -0.02647
vn -0.240818 0.970362 -0.020105
vn -0.175846 0.98423 -0.019215
vn -0.24123 0.970237 -0.021147
vn -0.842192 0.538715 -0.022334
vn -0.984259 0.175766 -0.018428
vn -0.956862 0.289728 -0.02176
vn 0.0 -1.0 0.0
vn 0.0 -1.0 0.0
vn -0.0 -1.0 0.0
vn 0.0 -1.0 0.0
vn 0.674966 -0.735233 0.062074
vn 0.964496 -0.256454 -0.06308
vn 0.933918 -0.357142 -0.015717
vn 0.966408 -0.256563 -0.015195
vn 0.934063 -0.357063 -0.005687
vn 0.96653 -0.256505 -0.005013
vn 0.931208 -0.35466 0.084073
vn 0.996954 -0.077988 0.0
vn 0.736971 -0.675924 0.000511
vn 0.675814 -0.737072 7.5e-05
vn 0.735443 -0.67516 -0.057297
vn 0.249476 -0.966545 0.059598
vn 0.337071 -0.941351 0.015549
vn 0.249816 -0.968173 0.015278
vn 0.049885 -0.998755 0.0
vn 0.249159 -0.967192 -0.049598
vn 0.337028 -0.94147 0.006789
vn 0.337105 -0.941443 0.006789
vn -0.099728 -0.995015 0.0
vn -0.23953 -0.968372 0.069868
vn -0.422965 -0.906141 -0.003073
vn -0.23952 -0.970891 -0.000844
vn -0.422716 -0.906006 -0.021543
vn -0.239351 -0.970735 -0.019588
vn -0.421621 -0.904334 -0.066456
vn -0.66183 -0.746533 0.06834
vn -0.771083 -0.636123 0.027917
vn -0.662851 -0.74818 0.029227
vn -0.770129 -0.636373 -0.04394
vn -0.934231 -0.352429 0.054833
vn -0.968413 -0.247055 0.033771
vn -0.935033 -0.352914 0.03412
vn -0.96868 -0.247264 0.0228
vn -0.968678 -0.24727 0.0228
vn -0.932926 -0.353025 -0.070868
vn -0.997732 -0.067305 0.0
vn 0.099728 -0.995015 0.0
vn 0.239529 -0.968372 -0.069867
vn 0.422965 -0.906141 0.003073
vn 0.239519 -0.970891 0.000844
vn 0.422714 -0.906007 0.021543
vn 0.239351 -0.970735 0.019588
vn 0.421624 -0.904332 0.066456
vn 0.661829 -0.746534 -0.068341
vn 0.771084 -0.636121 -0.027916
vn 0.662851 -0.748181 -0.029226
vn 0.770129 -0.636373 0.043939
vn 0.934232 -0.352426 -0.054833
vn 0.968412 -0.247059 -0.033772
vn 0.935032 -0.352918 -0.034122
vn 0.96868 -0.247264 -0.022801
vn 0.968678 -0.24727 -0.022801
vn 0.932925 -0.353026 0.070871
vn 0.997732 -0.067305 0.0
vn -0.996954 -0.077988 -0.0
vn -0.931206 -0.354664 -0.084076
vn -0.96653 -0.256505 0.005013
vn -0.934063 -0.357063 0.005687
vn -0.966407 -0.256567 0.015195
vn -0.933918 -0.357143 0.015716
vn -0.964497 -0.25645 0.063081
vn -0.736512 -0.67503 -0.043415
vn -0.675804 -0.737082 -7.5e-05
vn -0.675814 -0.737072 -7.5e-05
vn -0.735444 -0.675159 0.057299
vn -0.249471 -0.966546 -0.059601
vn -0.337072 -0.941351 -0.015549
vn -0.249818 -0.968172 -0.015278
vn -0.049885 -0.998755 0.0
vn -0.249159 -0.967192 0.049599
vn -0.337028 -0.94147 -0.006789
vn -0.337104 -0.941443 -0.006789
vn 0.985071 -0.01726 0.17128
vn 0.827224 -0.006956 0.561829
vn 0.176716 -0.003474 0.984256
vn 0.980104 -0.01748 0.197713
vn 0.823395 -0.015267 0.567264
vn 0.826828 -0.015459 0.562243
vn 0.82359 -0.015404 0.566977
vn 0.531206 -0.008946 0.847196
vn 0.488807 -0.00917 0.872344
vn 0.490787 -0.009205 0.871231
vn 0.144463 -0.00221 0.989508
vn 0.455246 -0.705232 0.543506
vn 0.170585 -0.82292 0.541943
vn 0.155619 -0.954141 0.25573
vn 0.229848 -0.94004 0.251982
vn 0.181865 -0.8758 0.447102
vn 0.208196 -0.860054 0.465791
vn 0.208314 -0.860023 0.465795
vn 0.739759 -0.284764 0.609644
vn 0.811784 -0.551367 -0.192359
vn 0.527719 -0.603269 0.597979
vn 0.816966 -0.179139 0.548156
vn 0.121067 -0.701809 0.702002
vn 0.056068 -0.258474 0.96439
vn 0.056041 -0.258342 0.964427
vn 0.007279 -0.108099 0.994113
vn 0.115049 -0.301469 0.94651
vn 0.063801 -0.114791 0.991339
vn 0.308033 -0.291755 0.905535
vn 0.353099 -0.25185 0.901051
vn 0.076796 -0.083729 0.993525
vn 0.277157 -0.078677 0.957598
vn 0.977984 -0.067557 0.197444
vn 0.972934 -0.213649 -0.088055
vn 0.739721 -0.284742 0.6097
vn 0.739801 -0.284655 0.609644
vn 0.688926 -0.476814 0.54592
vn 0.688426 -0.47664 0.546703
vn 0.455332 -0.705469 0.543126
vn 0.436247 -0.67727 0.592448
vn 0.622206 -0.698296 -0.353895
vn 0.526143 -0.118273 0.842131
vn 0.812652 -0.179264 0.554491
vn 0.17587 -0.043745 0.983441
vn 0.532253 -0.120623 0.837948
vn 0.448084 -0.316022 0.836272
vn 0.448879 -0.316393 0.835705
vn 0.295739 -0.466835 0.833429
vn 0.295959 -0.467075 0.833216
vn 0.115506 -0.541658 0.832626
vn 0.147773 -0.699313 0.699374
vn 0.0 -0.258791 0.965933
vn 0.0 -0.965925 0.258822
vn 0.0 -0.965925 0.258822
vn 0.0 -0.965925 0.258822
vn 0.0 -0.965925 0.258822
vn 0.0 -0.707107 0.707107
vn 0.0 -0.707107 0.707107
vn 0.0 -0.707035 0.707179
vn 0.0 -0.707035 0.707179
vn 0.0 -0.258887 0.965908
vn 5e-05 -0.258776 0.965937
vn 0.0 -0.258754 0.965943
vn -0.197064 -0.946963 0.253824
vn -0.689747 -0.475682 0.545871
vn -0.816947 -0.179243 0.548152
vn -0.948165 -0.253202 0.19202
vn -0.868439 -0.190593 0.457698
vn -0.844446 -0.228239 0.48458
vn -0.844476 -0.228134 0.484578
vn -0.267001 -0.760306 0.592153
vn -0.540815 -0.81901 -0.191684
vn -0.586957 -0.544931 0.598776
vn -0.056007 -0.258379 0.964419
vn -0.538806 -0.120073 0.833829
vn -0.175824 -0.043769 0.983448
vn -0.066245 -0.006143 0.997784
vn -0.41005 -0.164977 0.897018
vn -0.094771 -0.076022 0.992592
vn -0.273544 -0.327811 0.904275
vn -0.233565 -0.371614 0.898527
vn -0.072259 -0.098665 0.992494
vn -0.066195 -0.289534 0.954876
vn -0.046121 -0.964892 0.258565
vn -0.204153 -0.977276 -0.057038
vn -0.267021 -0.760369 0.592063
vn -0.267163 -0.760248 0.592155
vn -0.147619 -0.699329 0.699391
vn -0.155734 -0.826635 0.54076
vn -0.456333 -0.704282 0.543827
vn -0.456524 -0.704807 0.542986
vn -0.689387 -0.475557 0.546434
vn -0.661031 -0.456899 0.595215
vn -0.687793 -0.626791 -0.366161
vn -0.121042 -0.701811 0.702004
vn -0.115432 -0.541981 0.832426
vn -0.296771 -0.466805 0.833079
vn -0.296406 -0.46601 0.833653
vn -0.449192 -0.315608 0.835834
vn -0.448744 -0.315192 0.836232
vn -0.532603 -0.119737 0.837853
vn -0.812636 -0.17937 0.554481
vn -0.044421 -0.001165 0.999012
vn -0.17669 -0.002466 0.984263
vn -0.306338 -0.006714 0.951899
vn -0.306647 -0.00672 0.9518
vn -0.544068 -0.008827 0.838995
vn -0.664956 -0.013143 0.746767
vn -0.665114 -0.013146 0.746626
vn -0.82686 -0.013577 0.562244
vn -0.950723 -0.019162 0.30945
vn -0.980065 -0.019542 0.197712
vn -0.95143 -0.016725 0.307412
vn 0.587637 -0.482352 0.64963
vn 0.84196 -0.022334 0.539078
vn 0.857161 -0.022709 0.514548
vn 0.539112 -0.022835 0.841925
vn 0.670114 -0.026353 0.74179
vn 0.241351 -0.02033 0.970225
vn 0.191521 -0.019687 0.981291
vn 0.24083 -0.021139 0.970337
vn 0.843035 -0.022324 0.537395
vn 0.984259 -0.018428 0.175766
vn 0.956862 -0.02176 0.289728
vn 0.534206 -0.129961 0.835305
vn 0.828876 -0.187064 0.52723
vn 0.452394 -0.322722 0.831378
vn 0.081903 -0.10794 0.990778
vn 0.081843 -0.107997 0.990777
vn 0.23187 -0.174546 0.956959
vn 0.117068 -0.060536 0.991277
vn 0.456971 -0.705876 0.541218
vn 0.819815 -0.556952 -0.133073
vn 0.665283 -0.556469 0.497736
vn 0.095904 -0.962229 0.25479
vn 0.156077 -0.837988 0.522892
vn 0.179026 -0.951038 0.251946
vn 0.168959 -0.824725 0.539705
vn 0.126236 -0.707594 0.695252
vn 0.113479 -0.548114 0.82867
vn 0.040259 -0.272789 0.961231
vn 0.954626 -0.246442 0.167201
vn 0.974227 -0.215051 -0.068075
vn 0.965012 -0.24532 -0.092577
vn 0.965007 -0.24534 -0.092577
vn 0.402406 -0.85668 -0.322752
vn 0.40241 -0.856677 -0.322756
vn 0.521592 -0.790924 -0.319971
vn 0.3312 -0.719605 0.610307
vn 0.765299 -0.629794 -0.132953
vn 0.453841 -0.323355 0.830343
vn 0.536873 -0.130035 0.833582
vn 0.250638 -0.070052 0.965543
vn 0.191339 -0.029623 0.981077
vn 0.064242 -0.272013 0.960147
vn 0.012669 -0.134089 0.990888
vn 0.139716 -0.229794 0.963158
vn 0.299642 -0.471485 0.829407
vn 0.300302 -0.472176 0.828775
vn 0.457427 -0.70719 0.539113
vn 0.689419 -0.479283 0.543129
vn 0.691229 -0.479883 0.540292
vn 0.816895 -0.187594 0.545427
vn 0.827805 -0.186858 0.528983
vn 0.0 -0.272576 0.962134
vn 0.0 -0.272576 0.962134
vn 0.0 -0.27301 0.962011
vn 0.0 -0.27301 0.962011
vn 0.0 -0.7133 0.700859
vn 0.0 -0.7133 0.700859
vn 0.0 -0.966655 0.256083
vn 0.0 -0.966655 0.256083
vn 0.0 -0.966685 0.255969
vn 0.0 -0.966685 0.25597
vn -0.089237 -0.100815 0.990895
vn -0.089279 -0.100773 0.990896
vn -0.012025 -0.272556 0.962065
vn -0.691229 -0.479883 0.540291
vn -0.897947 -0.339134 -0.280498
vn -0.482948 -0.744259 0.461346
vn -0.153479 -0.250666 0.95583
vn -0.300175 -0.472288 0.828757
vn -0.299795 -0.471413 0.829393
vn -0.963107 -0.079167 0.25721
vn -0.848161 -0.183386 0.496983
vn -0.946846 -0.200702 0.251399
vn -0.815281 -0.19332 0.545843
vn -0.698953 -0.151564 0.698922
vn -0.533959 -0.138016 0.83417
vn -0.257519 -0.061744 0.964298
vn -0.240773 -0.938246 0.248439
vn -0.183689 -0.962414 -0.200046
vn -0.243192 -0.938191 -0.246282
vn -0.243016 -0.938235 -0.246287
vn -0.897921 -0.339174 -0.280533
vn -0.897944 -0.339115 -0.280533
vn -0.711985 -0.493396 0.499638
vn -0.636146 -0.688597 -0.34807
vn -0.636171 -0.688574 -0.348069
vn -0.126236 -0.707594 0.695252
vn -0.085917 -0.272 0.958454
vn -0.097158 -0.5537 0.827029
vn -0.052219 -0.332442 0.941677
vn -0.040886 -0.134139 0.990119
vn -0.256926 -0.086309 0.962569
vn -0.117076 -0.03176 0.992615
vn -0.210998 -0.160442 0.964229
vn -0.453717 -0.323605 0.830314
vn -0.452583 -0.322514 0.831356
vn -0.689419 -0.479283 0.543129
vn -0.457427 -0.70719 0.539113
vn -0.456971 -0.705876 0.541217
vn -0.168959 -0.824725 0.539705
vn -0.179026 -0.951038 0.251946
vn -0.989459 -0.019775 0.143459
vn -0.965706 -0.022878 0.258628
vn -0.905015 -0.023976 0.424704
vn -0.965711 -0.021044 0.258763
vn -0.905079 -0.022875 0.424628
vn -0.706896 -0.025321 0.706864
vn -0.258612 -0.021369 0.965745
vn -0.245081 -0.02142 0.969266
vn -0.258428 -0.021668 0.965787
vn -0.673854 -0.024369 0.738462
vn -0.673536 -0.024368 0.738753
vn -0.985068 -0.01726 -0.171296
vn -0.827527 -0.006971 -0.561382
vn -0.17649 -0.003468 -0.984296
vn -0.980101 -0.01748 -0.197729
vn -0.823564 -0.014922 -0.567028
vn -0.835259 -0.015599 -0.549636
vn -0.823052 -0.015393 -0.567757
vn -0.544194 -0.009225 -0.838909
vn -0.488945 -0.009469 -0.872263
vn -0.488132 -0.009454 -0.872718
vn -0.14469 -0.002192 -0.989475
vn -0.455212 -0.705157 -0.543631
vn -0.170588 -0.822836 -0.542071
vn -0.155624 -0.954123 -0.255793
vn -0.229841 -0.940028 -0.252031
vn -0.181888 -0.875825 -0.447042
vn -0.208259 -0.860057 -0.465757
vn -0.208319 -0.860042 -0.465759
vn -0.739742 -0.284724 -0.609683
vn -0.811778 -0.551372 0.19237
vn -0.527681 -0.603226 -0.598056
vn -0.816407 -0.18115 -0.548329
vn -0.121093 -0.701878 -0.701929
vn -0.056091 -0.258474 -0.964388
vn -0.056065 -0.258342 -0.964425
vn -0.007337 -0.108205 -0.994102
vn -0.115049 -0.301469 -0.94651
vn -0.063832 -0.114903 -0.991324
vn -0.307982 -0.2918 -0.905539
vn -0.353115 -0.251835 -0.901049
vn -0.076909 -0.083772 -0.993513
vn -0.277207 -0.078717 -0.95758
vn -0.977979 -0.067566 -0.197462
vn -0.972459 -0.211918 0.097024
vn -0.73973 -0.284732 -0.609694
vn -0.739745 -0.284716 -0.609684
vn -0.688926 -0.476814 -0.54592
vn -0.688508 -0.476668 -0.546575
vn -0.455355 -0.705553 -0.542998
vn -0.436191 -0.677241 -0.592522
vn -0.622216 -0.698298 0.353874
vn -0.538864 -0.121022 -0.833654
vn -0.820722 -0.180975 -0.541906
vn -0.175643 -0.043691 -0.983484
vn -0.532927 -0.11877 -0.837784
vn -0.448093 -0.316004 -0.836274
vn -0.448772 -0.316321 -0.83579
vn -0.295645 -0.466747 -0.833511
vn -0.296085 -0.467227 -0.833086
vn -0.115545 -0.541847 -0.832497
vn -0.147788 -0.699382 -0.699302
vn -0.000216 -0.258791 -0.965933
vn 0.0 -0.965912 -0.258872
vn 0.0 -0.965912 -0.258872
vn 0.0 -0.965908 -0.258887
vn 0.0 -0.965908 -0.258887
vn 0.0 -0.707179 -0.707035
vn 0.0 -0.707179 -0.707035
vn 0.0 -0.707107 -0.707107
vn 0.0 -0.707107 -0.707107
vn 0.0 -0.258887 -0.965908
vn -1.5e-05 -0.258854 -0.965917
vn 0.000216 -0.258754 -0.965943
vn 0.197067 -0.946946 -0.253887
vn 0.689777 -0.475685 -0.545831
vn 0.816415 -0.181258 -0.548281
vn 0.94816 -0.253203 -0.192043
vn 0.867563 -0.191977 -0.458781
vn 0.84448 -0.228118 -0.484578
vn 0.844469 -0.228159 -0.484579
vn 0.267039 -0.760322 -0.592115
vn 0.540813 -0.819007 0.191702
vn 0.586946 -0.544942 -0.598776
vn 0.056019 -0.258379 -0.964418
vn 0.526187 -0.119395 -0.841945
vn 0.175681 -0.043732 -0.983475
vn 0.0662 -0.00614 -0.997787
vn 0.410071 -0.165002 -0.897004
vn 0.094791 -0.07605 -0.992588
vn 0.273317 -0.327487 -0.904461
vn 0.233348 -0.371287 -0.898719
vn 0.072175 -0.098569 -0.992509
vn 0.066122 -0.289275 -0.95496
vn 0.046107 -0.964879 -0.258615
vn 0.204151 -0.977276 0.057041
vn 0.267031 -0.760361 -0.592069
vn 0.267103 -0.760299 -0.592116
vn 0.147659 -0.699396 -0.699315
vn 0.155762 -0.826656 -0.54072
vn 0.456331 -0.704314 -0.543786
vn 0.456493 -0.704762 -0.543069
vn 0.689337 -0.475532 -0.546519
vn 0.661027 -0.456905 -0.595215
vn 0.687784 -0.626782 0.366193
vn 0.12106 -0.701881 -0.701931
vn 0.115448 -0.541907 -0.832471
vn 0.296735 -0.466751 -0.833122
vn 0.296453 -0.466138 -0.833565
vn 0.449292 -0.315688 -0.83575
vn 0.4487 -0.315137 -0.836276
vn 0.532533 -0.119744 -0.837896
vn 0.820706 -0.181082 -0.541896
vn 0.044699 -0.001168 -0.999
vn 0.176543 -0.002465 -0.98429
vn 0.30624 -0.006592 -0.951932
vn 0.306461 -0.006596 -0.95186
vn 0.531346 -0.008383 -0.847114
vn 0.665115 -0.013146 -0.746625
vn 0.665236 -0.013148 -0.746517
vn 0.835294 -0.013578 -0.549636
vn 0.950694 -0.019058 -0.309545
vn 0.980062 -0.019541 -0.197728
vn 0.951439 -0.016725 -0.307383
vn -0.587331 -0.482683 -0.649662
vn -0.842014 -0.022334 -0.538994
vn -0.857161 -0.022708 -0.514548
vn -0.538992 -0.022833 -0.842001
vn -0.670251 -0.02647 -0.741662
vn -0.240819 -0.020105 -0.970362
vn -0.175846 -0.019215 -0.98423
vn -0.24123 -0.021147 -0.970238
vn -0.841768 -0.022336 -0.539377
vn -0.984259 -0.018428 -0.175766
vn -0.956853 -0.02176 -0.289757
vn -0.534084 -0.129924 -0.835389
vn -0.827674 -0.186819 -0.529202
vn -0.452263 -0.322676 -0.831468
vn -0.082009 -0.108118 -0.99075
vn -0.08202 -0.108106 -0.99075
vn -0.231784 -0.174536 -0.956981
vn -0.116981 -0.060529 -0.991288
vn -0.456971 -0.705876 -0.541218
vn -0.819817 -0.556955 0.133046
vn -0.6653 -0.556483 -0.497698
vn -0.095916 -0.962221 -0.254814
vn -0.156078 -0.838025 -0.522833
vn -0.179022 -0.951038 -0.251946
vn -0.168953 -0.824727 -0.539704
vn -0.126215 -0.70756 -0.69529
vn -0.11344 -0.547925 -0.8288
vn -0.040213 -0.272559 -0.961298
vn -0.954626 -0.246442 -0.167201
vn -0.974227 -0.21505 0.068082
vn -0.965011 -0.245319 0.092586
vn -0.965009 -0.245328 0.092586
vn -0.402414 -0.856699 0.322692
vn -0.402385 -0.856722 0.322667
vn -0.521608 -0.790949 0.319883
vn -0.331158 -0.719592 -0.610346
vn -0.765294 -0.629807 0.132926
vn -0.453836 -0.323365 -0.830342
vn -0.536892 -0.129983 -0.833578
vn -0.237505 -0.06916 -0.968921
vn -0.175675 -0.028655 -0.984031
vn -0.064337 -0.272296 -0.96006
vn -0.012682 -0.134159 -0.990879
vn -0.139789 -0.229905 -0.963121
vn -0.299535 -0.471324 -0.829537
vn -0.30024 -0.472062 -0.828863
vn -0.457418 -0.707163 -0.539156
vn -0.689391 -0.479274 -0.543172
vn -0.691255 -0.479892 -0.540251
vn -0.816924 -0.187592 -0.545384
vn -0.827858 -0.186854 -0.528901
vn 0.0 -0.272861 -0.962053
vn 0.0 -0.272861 -0.962053
vn 0.0 -0.272779 -0.962077
vn 0.0 -0.272779 -0.962077
vn 0.0 -0.713264 -0.700895
vn 0.0 -0.713264 -0.700895
vn 0.0 -0.966655 -0.256083
vn 0.0 -0.966655 -0.256083
vn 0.0 -0.966678 -0.255994
vn 0.0 -0.966678 -0.255994
vn 0.089327 -0.100819 -0.990887
vn 0.089299 -0.100847 -0.990886
vn 0.012156 -0.272841 -0.961982
vn 0.691255 -0.479892 -0.54025
vn 0.897961 -0.339126 0.280463
vn 0.482948 -0.744259 -0.461346
vn 0.153716 -0.251026 -0.955697
vn 0.300104 -0.472181 -0.828844
vn 0.299698 -0.471247 -0.829522
vn 0.963088 -0.079167 -0.257283
vn 0.848112 -0.183364 -0.497074
vn 0.946847 -0.200695 -0.251399
vn 0.815313 -0.193308 -0.5458
vn 0.698957 -0.151536 -0.698925
vn 0.533971 -0.137983 -0.834168
vn 0.257748 -0.061765 -0.964236
vn 0.240775 -0.93824 -0.248463
vn 0.183692 -0.962417 0.200028
vn 0.243164 -0.938211 0.246235
vn 0.24304 -0.938242 0.246239
vn 0.897948 -0.339147 0.280481
vn 0.897952 -0.339135 0.28048
vn 0.711997 -0.493396 -0.499619
vn 0.636167 -0.688609 0.348007
vn 0.636176 -0.688601 0.348007
vn 0.126215 -0.70756 -0.69529
vn 0.085866 -0.271772 -0.958523
vn 0.097119 -0.553512 -0.827159
vn 0.052243 -0.332563 -0.941633
vn 0.040914 -0.134291 -0.990097
vn 0.257114 -0.086359 -0.962515
vn 0.11705 -0.031726 -0.992619
vn 0.211068 -0.160538 -0.964198
vn 0.453701 -0.323637 -0.83031
vn 0.452468 -0.322451 -0.831443
vn 0.689391 -0.479274 -0.543172
vn 0.457418 -0.707163 -0.539156
vn 0.456972 -0.705876 -0.541217
vn 0.168953 -0.824727 -0.539704
vn 0.179022 -0.951038 -0.251946
vn 0.989453 -0.019776 -0.143495
vn 0.965686 -0.022879 -0.258702
vn 0.905043 -0.023976 -0.424643
vn 0.965711 -0.021044 -0.258763
vn 0.905288 -0.022872 -0.424182
vn 0.706896 -0.025325 -0.706864
vn 0.258802 -0.021375 -0.965694
vn 0.245224 -0.021426 -0.96923
vn 0.258658 -0.021676 -0.965726
vn 0.673854 -0.024373 -0.738462
vn 0.673536 -0.024372 -0.738753
vn -0.050273 -0.711231 0.701159
vn -0.016081 -0.707258 0.706773
vn -0.049775 -0.709814 0.702628
vn -0.050803 -0.705943 0.706444
vn -0.050266 -0.711319 0.70107
vn -0.047613 -0.717358 0.695076
vn -0.047501 -0.717721 0.694709
vn -0.043453 -0.730618 0.681402
vn -0.01657 -0.710024 0.703983
vn -0.045771 -0.777415 0.627321
vn -0.048706 -0.714402 0.698038
vn -0.051486 -0.70666 0.705677
vn -0.153701 -0.705499 0.691843
vn -0.153702 -0.705497 0.691845
vn -0.153701 -0.705496 0.691846
vn -0.153702 -0.705495 0.691847
vn -0.282048 -0.705495 0.650174
vn -0.282049 -0.705493 0.650175
vn -0.282049 -0.705493 0.650176
vn -0.28205 -0.705491 0.650177
vn -0.400171 -0.705492 0.584931
vn -0.400167 -0.705498 0.584927
vn -0.400167 -0.705498 0.584927
vn -0.400169 -0.705495 0.584928
vn -0.503781 -0.705496 0.498478
vn -0.503781 -0.705495 0.498479
vn -0.503782 -0.705495 0.498478
vn -0.503785 -0.705492 0.49848
vn -0.589133 -0.705493 0.393957
vn -0.589129 -0.705497 0.393956
vn -0.589129 -0.705497 0.393956
vn -0.58913 -0.705496 0.393956
vn -0.653121 -0.705496 0.27515
vn -0.653117 -0.705501 0.275149
vn -0.653117 -0.705501 0.275149
vn -0.653117 -0.7055 0.27515
vn -0.693431 -0.705499 0.146371
vn -0.693432 -0.705498 0.146371
vn -0.693432 -0.705498 0.146372
vn -0.693434 -0.705496 0.146371
vn -0.706545 -0.706546 0.03985
vn -0.706545 -0.706545 0.03985
vn 0.225576 -0.705476 0.671877
vn 0.023529 -0.710983 0.702815
vn 0.020674 -0.707106 0.706806
vn 0.020701 -0.707104 0.706806
vn 0.002681 -0.705679 0.708526
vn 0.021468 -0.706691 0.707197
vn 0.020546 -0.70723 0.706685
vn 0.013596 -0.7114 0.702656
vn 0.016506 -0.70954 0.704472
vn 0.018904 -0.707833 0.706127
vn 0.019977 -0.706984 0.706947
vn 0.019873 -0.70748 0.706454
vn 0.019778 -0.708295 0.705639
vn 0.019813 -0.707565 0.70637
vn 0.014257 -0.707096 -0.706974
vn 0.019796 -0.707863 -0.706072
vn 0.019802 -0.707799 -0.706136
vn 0.019972 -0.706988 -0.706943
vn 0.01928 -0.707535 -0.706415
vn 0.018176 -0.708327 -0.705651
vn 0.018276 -0.708263 -0.705712
vn 0.017112 -0.708997 -0.705004
vn 0.017641 -0.708691 -0.705298
vn 0.016242 -0.709492 -0.704526
vn 0.020701 -0.707102 -0.706809
vn 0.020674 -0.707103 -0.706808
vn 0.09333 -0.705481 -0.702557
vn 0.09333 -0.705483 -0.702555
vn 0.093329 -0.705482 -0.702556
vn 0.093336 -0.705482 -0.702555
vn 0.225565 -0.705481 -0.671876
vn 0.225564 -0.705482 -0.671875
vn 0.225564 -0.705481 -0.671876
vn 0.225574 -0.705481 -0.671872
vn 0.349524 -0.705481 -0.616547
vn 0.349526 -0.705477 -0.616549
vn 0.349526 -0.705477 -0.616549
vn 0.349414 -0.705475 -0.616616
vn 0.460661 -0.705481 -0.538598
vn 0.460665 -0.705476 -0.538602
vn 0.460666 -0.705477 -0.5386
vn 0.460565 -0.705474 -0.53869
vn 0.554899 -0.70548 -0.440892
vn 0.554899 -0.705479 -0.440892
vn 0.554896 -0.705477 -0.440899
vn 0.554902 -0.705478 -0.440891
vn 0.628781 -0.705477 -0.327011
vn 0.628781 -0.705477 -0.327011
vn 0.628783 -0.705479 -0.327004
vn 0.628732 -0.705475 -0.327111
vn 0.679591 -0.70548 -0.201131
vn 0.679592 -0.705479 -0.201131
vn 0.679591 -0.705479 -0.201136
vn 0.679645 -0.705489 -0.200918
vn 0.705474 -0.705478 -0.067874
vn 0.705476 -0.705476 -0.067874
vn 0.705476 -0.705476 0.067874
vn 0.705473 -0.705479 0.067874
vn 0.679489 -0.705458 0.201551
vn 0.679593 -0.705476 0.201137
vn 0.679594 -0.705477 0.201132
vn 0.679594 -0.705478 0.201132
vn 0.628813 -0.705481 0.32694
vn 0.628783 -0.705479 0.327004
vn 0.628781 -0.705477 0.327011
vn 0.628779 -0.705479 0.32701
vn 0.554836 -0.705474 0.44098
vn 0.554901 -0.705478 0.440892
vn 0.554901 -0.705477 0.440893
vn 0.554899 -0.70548 0.440892
vn 0.460565 -0.705474 0.53869
vn 0.460666 -0.705477 0.5386
vn 0.460665 -0.705476 0.538602
vn 0.460664 -0.705477 0.538601
vn 0.349416 -0.705471 0.61662
vn 0.349519 -0.705473 0.616559
vn 0.349526 -0.705477 0.616549
vn 0.349525 -0.705481 0.616546
vn 0.225449 -0.705475 0.671921
vn 0.225568 -0.705471 0.671885
vn 0.225567 -0.705476 0.67188
vn 0.093218 -0.705471 0.702582
vn 0.093331 -0.705483 0.702554
vn 0.093331 -0.705472 0.702566
vn 0.09333 -0.705471 0.702567
vn -0.044253 0.684673 -0.727506
vn -0.043547 0.682323 -0.729752
vn -0.029912 0.693171 -0.720152
vn -0.049037 0.700777 -0.711693
vn -0.049022 0.700723 -0.711747
vn -0.050567 0.706451 -0.705954
vn -0.050311 0.703885 -0.70853
vn -0.049829 0.698231 -0.714136
vn -0.049818 0.698083 -0.714281
vn -0.701086 0.050033 -0.71132
vn -0.706775 0.016064 -0.707256
vn -0.70266 0.049544 -0.709798
vn -0.706447 0.050567 -0.705958
vn -0.701148 0.050038 -0.711257
vn -0.695125 0.047378 -0.717326
vn -0.695258 0.047419 -0.717194
vn -0.681471 0.043207 -0.730569
vn -0.706429 0.015725 -0.707609
vn -0.62813 0.045621 -0.77677
vn -0.702223 0.049801 -0.710214
vn -0.705693 0.051252 -0.706661
vn -0.692029 0.152781 -0.705516
vn -0.692029 0.152781 -0.705517
vn -0.692028 0.152782 -0.705517
vn -0.692026 0.15278 -0.70552
vn -0.650895 0.280317 -0.70552
vn -0.650894 0.280316 -0.705521
vn -0.650894 0.280316 -0.705521
vn -0.650896 0.280318 -0.705519
vn -0.586493 0.39783 -0.705519
vn -0.586493 0.397831 -0.705518
vn -0.586493 0.397831 -0.705518
vn -0.586493 0.39783 -0.705519
vn -0.50112 0.50112 -0.705519
vn -0.501121 0.501121 -0.705518
vn -0.501121 0.501121 -0.705518
vn -0.501122 0.501122 -0.705517
vn -0.397831 0.586495 -0.705517
vn -0.397831 0.586493 -0.705518
vn -0.397831 0.586493 -0.705518
vn -0.397831 0.586491 -0.70552
vn -0.280317 0.650894 -0.70552
vn -0.280318 0.650898 -0.705517
vn -0.280317 0.650898 -0.705518
vn -0.280316 0.650896 -0.705519
vn -0.152782 0.692026 -0.70552
vn -0.152782 0.692029 -0.705517
vn -0.152781 0.692028 -0.705517
vn -0.152781 0.692027 -0.705519
vn -0.050985 0.705717 -0.706657
vn -0.047207 0.649994 -0.758471
vn -0.02337 0.702999 -0.710807
vn 0.01975 0.70608 -0.707857
vn 0.019753 0.706105 -0.707831
vn 0.019931 0.706947 -0.706985
vn 0.018147 0.705668 -0.708311
vn 0.019189 0.706384 -0.707569
vn 0.014155 0.706956 -0.707116
vn 0.018188 0.705692 -0.708286
vn 0.017107 0.705037 -0.708964
vn 0.016799 0.704867 -0.709141
vn 0.012338 -0.707053 -0.707053
vn 0.016408 0.704651 -0.709364
vn 0.020663 0.706813 -0.707099
vn 0.093288 0.702568 -0.705475
vn 0.093287 0.702565 -0.705478
vn 0.093289 0.702566 -0.705477
vn 0.09329 0.702567 -0.705476
vn 0.225582 0.671875 -0.705476
vn 0.225583 0.671877 -0.705474
vn 0.225586 0.671876 -0.705474
vn 0.225584 0.671875 -0.705476
vn 0.349594 0.616513 -0.705476
vn 0.349594 0.616512 -0.705476
vn 0.349594 0.616512 -0.705476
vn 0.349594 0.616512 -0.705476
vn 0.460769 0.538512 -0.705476
vn 0.46077 0.538513 -0.705475
vn 0.46077 0.538512 -0.705475
vn 0.460769 0.538512 -0.705476
vn 0.555025 0.440739 -0.705476
vn 0.555025 0.440739 -0.705476
vn 0.555025 0.440739 -0.705476
vn 0.555026 0.440739 -0.705476
vn 0.628902 0.326782 -0.705476
vn 0.628903 0.326783 -0.705474
vn 0.628903 0.326783 -0.705474
vn 0.628906 0.326783 -0.705472
vn 0.67969 0.200826 -0.705472
vn 0.679687 0.200826 -0.705474
vn 0.679687 0.200826 -0.705474
vn 0.679686 0.200826 -0.705476
vn 0.705513 0.067496 -0.705476
vn 0.705515 0.067496 -0.705474
vn 0.705514 0.067495 -0.705475
vn 0.705514 0.067496 -0.705475
vn 0.705435 -0.068313 -0.705474
vn 0.705435 -0.068313 -0.705475
vn 0.705435 -0.068313 -0.705475
vn 0.705435 -0.068313 -0.705475
vn 0.679454 -0.201613 -0.705475
vn 0.679453 -0.201613 -0.705476
vn 0.679454 -0.201612 -0.705475
vn 0.679456 -0.201614 -0.705473
vn 0.628525 -0.327511 -0.705473
vn 0.628525 -0.327511 -0.705474
vn 0.628524 -0.327511 -0.705475
vn 0.628522 -0.327508 -0.705477
vn 0.554513 -0.44138 -0.705477
vn 0.554513 -0.44138 -0.705478
vn 0.554514 -0.44138 -0.705477
vn 0.554514 -0.441381 -0.705476
vn 0.460145 -0.539045 -0.705476
vn 0.460145 -0.539046 -0.705476
vn 0.460146 -0.539046 -0.705475
vn 0.460146 -0.539047 -0.705474
vn 0.348882 -0.616918 -0.705474
vn 0.348882 -0.616919 -0.705473
vn 0.348881 -0.616919 -0.705474
vn 0.348881 -0.616918 -0.705475
vn 0.224805 -0.672137 -0.705475
vn 0.224805 -0.672137 -0.705474
vn 0.224806 -0.672139 -0.705473
vn 0.224806 -0.672138 -0.705473
vn 0.092475 -0.702678 -0.705473
vn 0.092475 -0.702678 -0.705473
vn 0.092474 -0.702675 -0.705476
vn 0.092474 -0.702675 -0.705476
vn 0.012337 -0.707051 -0.707055
vn 0.0 -0.0 -1.0
vn 0.0 0.0 -1.0
vn -1e-06 -4e-06 -1.0
vn 6e-06 1.8e-05 -1.0
vn 0.0 0.0 -1.0
vn 0.0 0.0 -1.0
vn 0.0 0.0 -1.0
vn 0.0 0.0 -1.0
vn 0.0 0.0 -1.0
vn 0.0 0.0 -1.0
vn 0.0 0.0 -1.0
vn 0.0 0.0 -1.0
vn 0.0 0.0 -1.0
vn -0.0 -0.0 -1.0
vn -0.0 -0.0 -1.0
vn 0.0 0.0 -1.0
vn 0.0 0.0 -1.0
vn 0.0 0.0 -1.0
vn 0.0 0.0 -1.0
vn 0.0 0.0 -1.0
vn 0.0 0.0 -1.0
vn 0.0 0.0 -1.0
vn 0.0 0.0 -1.0
vn 0.0 0.0 -1.0
vn 0.0 0.0 -1.0
vn 0.0 -1e-06 -1.0
vn 0.0 -0.0 -1.0
vn 0.0 -0.0 -1.0
vn -0.0 -1e-06 -1.0
vn 0.0 -0.0 -1.0
vn 0.0 0.0 -1.0
vn -0.0 0.0 -1.0
vn -1e-06 0.0 -1.0
vn -1e-06 0.0 -1.0
vn 0.0 0.0 -1.0
vn -0.0 0.0 -1.0
vn 0.0 0.0 -1.0
vn -0.0 0.0 -1.0
vn 0.0 0.0 -1.0
vn -0.0 0.0 -1.0
vn 0.0 0.0 -1.0
vn -0.0 0.0 -1.0
vn 0.0 0.0 -1.0
vn 0.0 0.0 -1.0
vn 0.0 0.0 -1.0
vn 0.0 0.0 -1.0
vn 0.0 0.0 -1.0
vn 0.0 0.0 -1.0
vn 0.0 0.0 -1.0
vn 0.0 0.0 -1.0
vn 0.0 0.0 -1.0
vn -1e-06 0.0 -1.0
vn -1e-06 0.0 -1.0
vn 0.0 0.0 -1.0
vn 0.0 0.0 -1.0
vn 1e-06 -0.0 -1.0
vn 1e-06 -0.0 -1.0
vn 0.0 0.0 -1.0
vn 0.0 0.0 -1.0
vn 0.0 0.0 -1.0
vn 0.0 0.0 -1.0
vn -1e-06 0.0 -1.0
vn -0.0 0.0 -1.0
vn 0.0 0.0 -1.0
vn 0.0 0.0 -1.0
vn 0.0 -0.0 -1.0
vn 0.0 -0.0 -1.0
vn 0.0 0.0 -1.0
vn 0.0 0.0 -1.0
vn 0.0 0.0 -1.0
vn 0.0 0.0 -1.0
vn 0.0 0.0 -1.0
vn 0.0 0.0 -1.0
vn 0.0 0.0 -1.0
vn 0.0 0.0 -1.0
vn 0.0 -0.0 -1.0
vn 0.0 0.0 -1.0
vn 0.0 0.0 -1.0
vn 0.0 0.0 -1.0
vn 1e-06 0.0 -1.0
vn -0.0 0.0 -1.0
vn 0.0 -0.0 -1.0
vn -0.0 -0.0 -1.0
vn -1e-06 -0.0 -1.0
vn 0.0 0.0 -1.0
vn -1e-06 0.0 -1.0
vn -0.0 0.0 -1.0
vn -0.0 -0.0 -1.0
vn -0.0 0.0 -1.0
vn 0.0 -0.0 -1.0
vn 1e-06 0.0 -1.0
vn 0.0 0.0 -1.0
vn 0.0 0.0 -1.0
vn 0.0 0.0 -1.0
vn 0.0 0.0 -1.0
vn 0.0 -0.0 -1.0
vn 0.0 -0.0 -1.0
vn 0.0 -0.0 -1.0
vn 0.0 0.0 -1.0
vn 0.0 0.0 -1.0
vn 0.0 0.0 -1.0
vn -0.0 0.0 -1.0
vn -0.0 0.0 -1.0
vn -0.0 0.0 -1.0
vn -0.0 0.0 -1.0
vn 0.0 -1.0 0.0
vn 0.0 -1.0 -0.0
vn 0.0 -1.0 0.0
vn 0.0 -1.0 -0.0
vn 0.0 -1.0 -0.0
vn 0.0 -1.0 0.0
vn 0.0 -1.0 0.0
vn 0.0 -1.0 0.0
vn 0.0 -1.0 -0.0
vn 0.0 -1.0 0.0
vn 0.0 -1.0 -0.0
vn 0.0 -1.0 0.0
vn 0.0 -1.0 0.0
vn 0.0 -1.0 0.0
vn 0.0 -1.0 0.0
vn 0.0 -1.0 -0.0
vn 0.0 -1.0 0.0
vn 0.0 -1.0 -0.0
vn 0.0 -1.0 0.0
vn 0.0 -1.0 -0.0
vn 0.0 -1.0 0.0
vn 0.0 -1.0 -0.0
vn 0.0 -1.0 0.0
vn 0.0 -1.0 -0.0
vn 0.0 -1.0 0.0
vn 0.0 -1.0 -0.0
vn 0.0 -1.0 0.0
vn 0.0 -1.0 -0.0
vn 0.0 -1.0 0.0
vn -0.0 -1.0 -0.0
vn 0.0 -1.0 -0.0
vn -0.0 -1.0 0.0
vn 0.0 -1.0 0.0
vn -0.0 -1.0 0.0
vn 0.0 -1.0 0.0
vn -0.0 -1.0 0.0
vn 0.0 -1.0 0.0
vn -0.0 -1.0 0.0
vn 0.0 -1.0 0.0
vn -0.0 -1.0 0.0
vn 0.0 -1.0 0.0
vn -0.0 -1.0 0.0
vn 0.0 -1.0 0.0
vn 0.0 -1.0 0.0
vn 0.0 -1.0 0.0
vn 0.0 -1.0 0.0
vn 0.0 -1.0 0.0
vn 0.0 -1.0 0.0
vn 0.0 -1.0 0.0
vn 0.0 -1.0 0.0
vn 0.0 -1.0 0.0
vn 0.0 -1.0 0.0
vn 0.0 -1.0 0.0
vn 0.0 -1.0 0.0
vn 0.0 -1.0 0.0
vn 0.0 -1.0 0.0
vn 0.0 -1.0 0.0
vn 0.0 -1.0 0.0
vn 0.0 -1.0 0.0
vn 0.0 -1.0 0.0
vn 0.0 -1.0 0.0
vn 0.0 -1.0 0.0
vn 0.0 -1.0 0.0
vn 0.0 -1.0 0.0
vn 0.0 -1.0 0.0
vn 0.0 -1.0 0.0
vn 0.0 -1.0 0.0
vn 0.0 -1.0 0.0
vn 0.0 -1.0 0.0
vn 0.0 -1.0 0.0
vn 0.0 -1.0 0.0
vn 0.0 -1.0 0.0
vn 0.0 -1.0 0.0
vn 0.0 -1.0 0.0
vn 0.0 -1.0 0.0
vn 0.0 -1.0 0.0
vn 0.0 -1.0 0.0
vn 0.0 -1.0 0.0
vn 0.0 -1.0 0.0
vn 0.0 -1.0 0.0
vn 0.0 -1.0 0.0
vn 0.0 -1.0 0.0
vn 0.0 -1.0 0.0
vn 0.0 -1.0 0.0
vn 0.601909 0.0 -0.798565
vn 0.601909 0.0 -0.798565
vn 0.121989 0.0 -0.992532
vn 0.121989 0.0 -0.992532
vn -0.390623 0.0 -0.920551
vn -0.390623 -0.0 -0.920551
vn -0.798563 0.0 -0.601911
vn -0.798563 -0.0 -0.601911
vn -0.992532 0.0 -0.121987
vn -0.992532 -0.0 -0.121987
vn -0.920552 0.0 0.390621
vn -0.920552 0.0 0.390621
vn -0.662111 -0.694747 0.280955
vn -0.66211 -0.694748 0.280956
vn -0.713882 -0.694747 -0.08774
vn -0.713883 -0.694747 -0.08774
vn -0.57437 -0.694746 -0.432928
vn -0.57437 -0.694747 -0.432926
vn -0.280957 -0.694748 -0.662109
vn -0.280957 -0.694748 -0.662109
vn 0.087741 -0.694748 -0.713882
vn 0.08774 -0.694749 -0.713881
vn 0.432925 -0.694748 -0.57437
vn 0.432927 -0.694747 -0.57437
vn -0.0 -1.0 0.0
vn 0.0 -1.0 0.0
vn -0.0 -1.0 0.0
vn 0.0 -1.0 0.0
vn 0.0 -1.0 0.0
vn 0.0 -1.0 0.0
vn 0.0 -1.0 0.0
vn 0.0 -1.0 0.0
vn 0.0 -1.0 0.0
vn 0.0 -1.0 0.0
vn 0.0 -1.0 0.0
vn -0.0 -1.0 0.0
vn 0.0 -1.0 0.0
vn 0.0 -1.0 0.0
vn 0.0 -1.0 0.0
vn 0.0 -1.0 0.0
vn 0.0 -1.0 0.0
vn 0.0 -1.0 0.0
vn 0.0 -1.0 0.0
vn 0.0 -1.0 0.0
vn 0.0 -1.0 -0.0
vn 0.0 -1.0 0.0
vn 0.0 -1.0 0.0
vn 0.0 -1.0 -0.0
vn 0.0 -1.0 0.0
vn 0.0 -1.0 -0.0
vn 0.0 -1.0 0.0
vn 0.0 -1.0 -0.0
vn 0.0 -1.0 -0.0
vn 0.0 -1.0 -0.0
vn -0.0 -1.0 0.0
vn 0.0 -1.0 -0.0
vn -0.0 -1.0 0.0
vn -0.0 -1.0 0.0
vn -0.616657 -0.703488 0.353325
vn -0.616649 -0.703498 0.35332
vn -0.691216 -0.703493 0.165279
vn -0.691223 -0.703486 0.165281
vn -0.709783 -0.703492 -0.036154
vn -0.709789 -0.703486 -0.036154
vn -0.670855 -0.703483 -0.234661
vn -0.670847 -0.703491 -0.234659
vn -0.577559 -0.703495 -0.41415
vn -0.577565 -0.703488 -0.414154
vn -0.437488 -0.703488 -0.560097
vn -0.437483 -0.703496 -0.560091
vn -0.261966 -0.703498 -0.660655
vn -0.261968 -0.703493 -0.660659
vn -0.065227 -0.703494 -0.707702
vn -0.065226 -0.703504 -0.707692
vn 0.136796 -0.703503 -0.697402
vn 0.136799 -0.703486 -0.697419
vn 0.327744 -0.703486 -0.630628
vn 0.327747 -0.703479 -0.630634
vn 0.49214 -0.703481 -0.51275
vn 0.492135 -0.703488 -0.512745
vn -0.867667 0.0 0.497146
vn -0.867667 0.0 0.497146
vn -0.972583 0.0 0.232558
vn -0.972583 0.0 0.232558
vn -0.998705 0.0 -0.05087
vn -0.998705 0.0 -0.05087
vn -0.943919 0.0 -0.330177
vn -0.943919 0.0 -0.330177
vn -0.812662 0.0 -0.582735
vn -0.812662 0.0 -0.582735
vn -0.615568 0.0 -0.788084
vn -0.615568 0.0 -0.788084
vn -0.368604 0.0 -0.929587
vn -0.368604 0.0 -0.929587
vn -0.091779 0.0 -0.995779
vn -0.091779 0.0 -0.995779
vn 0.192483 0.0 -0.9813
vn 0.192483 0.0 -0.9813
vn 0.46115 0.0 -0.887322
vn 0.46115 0.0 -0.887322
vn 0.692458 0.0 -0.721458
vn 0.692458 0.0 -0.721458
vn 0.0 -1.0 0.0
vn 0.0 -1.0 0.0
vn 0.0 -1.0 0.0
vn 0.0 -1.0 -0.0
vn -0.0 -1.0 0.0
vn 0.0 -1.0 -0.0
vn 0.0 -1.0 0.0
vn 0.0 -1.0 0.0
vn 0.0 -1.0 0.0
vn 0.0 -1.0 0.0
vn 0.0 -1.0 0.0
vn 0.0 -1.0 0.0
vn 0.0 -1.0 0.0
vn 0.0 -1.0 0.0
vn 0.0 -1.0 0.0
vn 0.0 -1.0 0.0
vn 0.0 -1.0 0.0
vn 0.0 -1.0 0.0
vn 0.0 -1.0 0.0
vn -0.0 -1.0 0.0
vn 0.0 -1.0 -0.0
vn 0.0 -1.0 0.0
vn 0.0 -1.0 0.0
vn 0.0 -1.0 -0.0
vn 0.0 -1.0 0.0
vn 0.0 -1.0 -0.0
vn -0.0 -1.0 0.0
vn 0.0 -1.0 -0.0
vn -0.0 -1.0 0.0
vn -0.0 -1.0 0.0
vn 0.0 -1.0 0.0
vn 0.0 -1.0 -0.0
vn 0.0 -1.0 0.0
vn 0.0 -1.0 -0.0
vn 0.0 -1.0 0.0
vn 0.0 -1.0 0.0
vn 0.0 -1.0 -0.0
vn 0.0 -1.0 0.0
vn 0.0 -1.0 -0.0
vn 0.0 -1.0 0.0
vn 0.0 -1.0 -0.0
vn 0.0 -1.0 -0.0
vn -0.0 -1.0 0.0
vn 0.0 -1.0 0.0
vn -0.0 -1.0 0.0
vn 0.0 -1.0 0.0
vn -0.0 -1.0 0.0
vn -0.0 -1.0 0.0
vn 0.0 -1.0 0.0
vn -0.0 -1.0 0.0
vn 0.0 -1.0 0.0
vn -0.0 -1.0 0.0
vn 0.0 -1.0 0.0
vn 0.0 -1.0 0.0
vn -0.995185 0.0 0.098017
vn -0.995185 0.0 0.098017
vn -0.95694 0.0 0.290285
vn -0.95694 0.0 0.290285
vn -0.881921 0.0 0.471397
vn -0.881921 0.0 0.471397
vn -0.773011 0.0 0.634393
vn -0.773011 0.0 0.634393
vn -0.634393 0.0 0.773011
vn -0.634393 0.0 0.773011
vn -0.471396 0.0 0.881921
vn -0.471396 0.0 0.881921
vn -0.290285 0.0 0.95694
vn -0.290285 0.0 0.95694
vn -0.098018 0.0 0.995185
vn -0.098018 0.0 0.995185
vn 0.098018 0.0 0.995185
vn 0.098018 0.0 0.995185
vn 0.290285 0.0 0.95694
vn 0.290285 0.0 0.95694
vn 0.471396 0.0 0.881921
vn 0.471396 0.0 0.881921
vn 0.634393 0.0 0.773011
vn 0.634393 0.0 0.773011
vn 0.77301 0.0 0.634393
vn 0.77301 0.0 0.634393
vn 0.881921 0.0 0.471397
vn 0.881921 0.0 0.471397
vn 0.95694 0.0 0.290285
vn 0.95694 0.0 0.290285
vn 0.995185 0.0 0.098017
vn 0.995185 0.0 0.098017
vn 0.0 1.0 0.0
vn 0.0 1.0 0.0
vn 0.0 1.0 0.0
vn 0.0 1.0 0.0
vn -0.0 1.0 0.0
vn -0.0 1.0 0.0
vn -0.0 1.0 0.0
vn 0.0 1.0 0.0
vn 0.0 1.0 0.0
vn 0.0 1.0 0.0
vn 0.0 1.0 0.0
vn 0.0 1.0 0.0
vn -0.0 1.0 0.0
vn -0.0 1.0 -0.0
vn -0.0 1.0 0.0
vn 0.0 1.0 0.0
vn 0.0 1.0 0.0
vn 0.0 1.0 -0.0
vn 0.0 1.0 -0.0
vn 0.0 1.0 0.0
vn -0.0 1.0 0.0
vn -0.0 1.0 0.0
vn 0.0 1.0 0.0
vn -0.0 1.0 0.0
vn 0.0 1.0 0.0
vn 0.0 1.0 0.0
vn 0.0 1.0 -0.0
vn 0.0 1.0 -0.0
vn 0.0 1.0 0.0
vn -0.0 1.0 0.0
vn -0.0 1.0 0.0
vn 0.0 1.0 0.0
vn -0.0 1.0 0.0
vn -0.0 1.0 0.0
vn -0.866026 0.0 0.499999
vn 0.499995 0.0 0.866029
vn 0.499995 -0.0 0.866029
vn 0.0 0.0 1.0
vn 0.0 -0.0 1.0
vn -0.499995 0.0 0.866028
vn -0.499995 0.0 0.866028
vn -0.866026 0.0 0.499999
vn -0.866026 0.0 0.499999
vn -1.0 0.0 -0.0
vn -1.0 0.0 0.0
vn -0.866026 0.0 -0.499999
vn -0.866026 0.0 -0.499999
vn -0.866025 0.0 -0.500001
vn -0.866025 -0.0 -0.500001
vn -1.0 0.0 0.0
vn -1.0 0.0 0.0
vn -0.866026 0.0 0.499999
vn -0.866026 0.0 0.499999
vn -0.499995 0.0 0.866029
vn -0.499995 0.0 0.866029
vn -0.499995 0.0 0.866028
vn 0.0 0.0 1.0
vn -0.0 0.0 1.0
vn 0.499996 0.0 0.866028
vn 0.499996 0.0 0.866028
vn 0.500007 0.0 0.866021
vn -0.866021 0.0 -0.500008
vn 0.500007 0.0 0.866021
vn 0.500007 -0.0 0.866021
vn 0.0 0.0 1.0
vn 0.0 -0.0 1.0
vn -0.500008 0.0 0.866021
vn -0.500008 0.0 0.866021
vn -0.866026 0.0 0.499999
vn -0.866026 0.0 0.499999
vn -1.0 0.0 -0.0
vn -1.0 0.0 0.0
vn -0.866021 0.0 -0.500008
vn -0.866021 0.0 -0.500008
vn 0.866027 0.0 -0.499998
vn -0.499995 0.0 -0.866029
vn -0.499995 0.0 -0.866029
vn 0.0 0.0 -1.0
vn 0.0 0.0 -1.0
vn 0.499995 0.0 -0.866028
vn 0.499995 0.0 -0.866028
vn 0.866027 0.0 -0.499998
vn 0.866027 0.0 -0.499998
vn 1.0 0.0 -0.0
vn 1.0 0.0 0.0
vn 0.866026 0.0 0.499999
vn 0.866026 -0.0 0.499999
vn 0.866026 0.0 0.499999
vn 0.866026 0.0 0.499999
vn 1.0 0.0 0.0
vn 1.0 0.0 0.0
vn 0.866026 0.0 -0.499999
vn 0.866026 0.0 -0.499999
vn 0.500001 0.0 -0.866025
vn 0.500001 0.0 -0.866025
vn 0.500001 0.0 -0.866025
vn 0.0 0.0 -1.0
vn -0.0 -0.0 -1.0
vn -0.500002 0.0 -0.866024
vn -0.500002 -0.0 -0.866024
vn -0.516406 0.794281 -0.320066
vn -0.606552 0.731999 -0.310277
vn -0.587585 0.741798 -0.323233
vn 0.37937 0.799722 0.465321
vn 0.333694 0.809934 0.482343
vn 0.333687 0.809931 0.482353
vn 0.333727 0.83149 0.444129
vn 0.518474 0.740119 0.428262
vn 0.551769 0.761333 0.340475
vn 0.551532 0.761243 0.34106
vn 0.358067 0.855009 0.375164
vn 0.512408 0.822123 0.248096
vn 0.673256 0.725075 0.14489
vn 0.527995 0.779388 0.337306
vn 0.52799 0.779383 0.337325
vn 0.426076 0.872167 0.240383
vn 0.520913 0.850239 0.075785
vn 0.520033 0.839435 0.157846
vn 0.634469 0.770919 0.055977
vn 0.48398 0.815037 -0.318556
vn 0.427618 0.881788 -0.198979
vn 0.561542 0.81689 -0.131762
vn 0.505886 0.825886 -0.248982
vn 0.601601 0.784671 -0.149558
vn 0.478407 0.877905 -0.020242
vn 0.452701 0.887482 0.086245
vn 0.488272 0.872377 -0.023429
vn 0.488274 0.872376 -0.023417
vn 0.176958 0.786312 -0.591946
vn 0.189306 0.857036 -0.479221
vn 0.136097 0.851336 -0.506659
vn 0.176077 0.872292 -0.456184
vn 0.357935 0.798262 -0.484418
vn 0.36037 0.845532 -0.393967
vn 0.315846 0.844313 -0.43287
vn 0.317564 0.881809 -0.348663
vn 0.382512 0.891745 -0.241815
vn 0.454343 0.74177 -0.493305
vn 0.5244 0.810489 -0.260984
vn -0.367978 0.677739 -0.636601
vn -0.168496 0.797251 -0.579655
vn -0.230718 0.78774 -0.57117
vn -0.172929 0.857799 -0.484022
vn -0.036724 0.8048 -0.592409
vn -0.167345 0.784909 -0.596585
vn -0.028576 0.776155 -0.629894
vn 0.003744 0.870473 -0.492203
vn 0.119013 0.874414 -0.470358
vn 0.010827 0.856534 -0.515977
vn 0.010751 0.856524 -0.515996
vn -0.228119 0.829402 -0.509955
vn -0.228111 0.829402 -0.509958
vn -0.331313 0.840396 -0.428914
vn -0.395871 0.796524 -0.456985
vn -0.341585 0.809114 -0.478178
vn -0.568195 0.558528 -0.604318
vn -0.587537 0.741814 -0.323284
vn -0.571403 0.743116 -0.348247
vn -0.563078 0.725065 -0.396514
vn -0.457982 0.823059 -0.335896
vn -0.50532 0.808159 -0.30254
vn -0.369384 0.850303 -0.374887
vn 0.020524 0.73023 -0.682893
vn -0.421159 0.747435 -0.513776
vn -0.038606 0.719737 -0.693173
vn -0.016917 0.799481 -0.600453
vn 0.054441 0.824837 -0.562743
vn 0.022556 0.726048 -0.687274
vn 0.022518 0.726037 -0.687286
vn 0.139918 0.707197 -0.693034
vn 0.123656 0.804805 -0.580515
vn 0.220957 0.806135 -0.54893
vn 0.140926 0.786485 -0.601316
vn 0.306058 0.721262 -0.621378
vn 0.275712 0.802583 -0.529001
vn 0.275668 0.802563 -0.529056
vn -0.469025 0.720474 -0.510816
vn -0.469038 0.720474 -0.510804
vn -0.455881 0.689521 -0.56279
vn -0.352993 0.789714 -0.501745
vn -0.300213 0.789358 -0.535524
vn -0.300018 0.789363 -0.535626
vn -0.45488 0.538499 -0.709298
vn -0.261003 0.772033 -0.57952
vn -0.309439 0.765045 -0.564761
vn -0.258913 0.782075 -0.566854
vn -0.193318 0.786661 -0.586339
vn -0.287235 0.561649 -0.775917
vn -0.141963 0.755907 -0.639102
vn -0.123343 0.641303 -0.757309
vn -0.084735 0.841497 -0.533576
vn -0.193904 0.746972 -0.635951
vn 0.448244 0.840615 0.304045
vn 0.404449 0.855419 0.323541
vn 0.432187 0.853359 0.291536
vn 0.629093 0.760392 -0.161385
vn 0.488162 0.868524 -0.085817
vn 0.311929 0.90395 -0.292532
vn 0.403859 0.779082 -0.47951
vn 0.435618 0.792235 -0.427319
vn 0.501496 0.73959 -0.448898
vn 0.501433 0.739546 -0.44904
vn 0.553685 0.757694 -0.345446
vn 0.451377 0.855045 -0.255257
vn 0.41265 0.895047 -0.169146
vn 0.528891 0.807326 -0.261722
vn 0.528888 0.807324 -0.261735
vn 0.76141 0.647495 -0.031692
vn 0.490518 0.871409 0.006162
vn 0.490524 0.871406 0.006112
vn 0.334256 0.905058 0.262951
vn 0.540493 0.809162 0.230487
vn 0.480113 0.81313 0.329106
vn 0.564678 0.788181 0.244764
vn 0.465213 0.880548 0.090626
vn 0.541182 0.840648 0.020801
vn 0.512324 0.851556 0.111248
vn 0.512332 0.851553 0.11124
vn 0.474805 0.591313 -0.651851
vn 0.283275 0.862543 -0.419255
vn 0.239316 0.789502 -0.565167
vn 0.617033 0.715826 -0.326898
vn -0.198572 0.758283 -0.620948
vn 0.534604 0.781643 0.321298
vn 0.558633 0.767943 0.313357
vn 0.25912 0.731621 -0.630546
vn 0.286631 0.788592 -0.544026
vn 0.370578 0.759262 -0.53497
vn 0.293207 0.768047 -0.569327
vn 0.40218 0.694899 -0.596127
vn 0.395145 0.77597 -0.491662
vn 0.360892 0.776502 -0.516529
vn 0.387013 0.7875 -0.47965
vn 0.518342 0.692729 -0.501446
vn 0.507089 0.749501 -0.425569
vn 0.507096 0.749436 -0.425675
vn -0.028607 0.76837 -0.639367
vn 0.129492 0.814373 -0.56571
vn -0.24175 0.748155 -0.617917
vn -0.241762 0.748159 -0.617908
vn -0.238048 0.710272 -0.662455
vn -0.086864 0.796754 -0.598028
vn -0.150195 0.810104 -0.566721
vn -0.084088 0.800005 -0.594071
vn -0.06414 0.702028 -0.709255
vn -0.064138 0.702027 -0.709257
vn 0.025698 0.758047 -0.651694
vn 0.025703 0.758047 -0.651693
vn -0.03654 0.605209 -0.795228
vn 0.163921 0.730943 -0.662459
vn 0.114823 0.739768 -0.662992
vn 0.169426 0.791157 -0.587678
vn 0.264415 0.6958 -0.667793
vn 0.314048 0.689302 -0.652868
vn 0.313861 0.68934 -0.652917
vn 0.759689 0.625334 0.178409
vn 0.613553 0.746955 0.256147
vn 0.641293 0.736352 0.215708
vn 0.565438 0.799505 0.202664
vn 0.559562 0.766729 0.31467
vn 0.556716 0.767985 0.316648
vn 0.556742 0.767977 0.316623
vn 0.593285 0.712887 -0.373904
vn 0.537488 0.78714 -0.302517
vn 0.628732 0.737402 -0.24685
vn 0.517505 0.849021 0.106546
vn 0.652492 0.757037 0.033897
vn 0.632115 0.770079 0.08608
vn 0.710074 0.701283 0.063227
vn 0.819359 0.573172 0.011143
vn 0.685612 0.726212 0.050521
vn 0.605524 0.792982 -0.067226
vn 0.592863 0.805288 0.004951
vn 0.603933 0.794154 -0.067706
vn 0.711747 0.694379 -0.106085
vn 0.629043 0.753741 -0.190209
vn 0.633776 0.764215 -0.119591
vn 0.580527 0.79155 -0.190886
vn 0.658938 0.709297 -0.250395
vn 0.60538 0.727286 -0.323372
vn 0.605352 0.727286 -0.323426
vn 0.593959 0.638896 -0.488901
vn 0.457875 0.832668 -0.311471
vn 0.476576 0.748053 -0.461835
vn 0.314445 0.756644 -0.573248
vn 0.514388 0.747335 0.42059
vn 0.527605 0.604604 -0.596731
vn 0.553452 0.79485 -0.248805
vn 0.553479 0.794843 -0.248768
vn 0.219089 0.776495 -0.590809
vn 0.295068 0.851834 -0.432797
vn 0.363261 0.843568 -0.395518
vn 0.307517 0.798936 -0.51685
vn 0.307566 0.798928 -0.516834
vn 0.402834 0.74268 -0.534931
vn 0.431111 0.835495 -0.340722
vn 0.499915 0.804903 -0.319713
vn 0.499881 0.804915 -0.319737
vn -0.307545 0.841069 -0.444994
vn -0.374932 0.817766 -0.436675
vn -0.331064 0.815467 -0.474774
vn -0.390699 0.8007 -0.454131
vn -0.353918 0.788041 -0.503719
vn -0.191419 0.884663 -0.425123
vn -0.116826 0.874401 -0.470929
vn -0.116766 0.874393 -0.47096
vn -0.338538 0.67653 -0.653988
vn -0.04451 0.856118 -0.51486
vn -0.125762 0.862507 -0.490169
vn -0.038208 0.867359 -0.496215
vn 0.042779 0.853157 -0.519897
vn -0.118426 0.68906 -0.714963
vn 0.123512 0.82203 -0.555889
vn 0.111708 0.751917 -0.649725
vn 0.212713 0.882591 -0.419268
vn 0.036216 0.833687 -0.551048
vn 0.486924 0.759215 0.431853
vn 0.486914 0.759215 0.431865
vn 0.49407 0.768638 0.406313
vn 0.715 0.694423 0.080939
vn 0.58226 0.792949 0.179461
vn 0.557743 0.829986 -0.006827
vn 0.625195 0.748231 -0.221996
vn 0.668871 0.728379 -0.148578
vn 0.663835 0.733762 -0.144621
vn 0.663815 0.733771 -0.14467
vn 0.698357 0.711136 -0.081138
vn 0.597308 0.80038 0.051141
vn 0.572502 0.812412 0.11058
vn 0.644868 0.763537 0.034006
vn 0.644871 0.763533 0.034027
vn 0.791355 0.589069 0.16357
vn 0.582534 0.778667 0.233091
vn 0.58252 0.778642 0.23321
vn 0.443049 0.804292 0.396007
vn 0.588331 0.718805 0.370385
vn 0.544707 0.712785 0.44185
vn 0.608955 0.696521 0.379516
vn 0.536643 0.791277 0.293078
vn 0.601342 0.763574 0.235251
vn 0.578683 0.756339 0.305086
vn 0.578698 0.756333 0.305071
vn 0.634259 0.685473 -0.357551
vn 0.550197 0.821206 -0.151343
vn 0.493826 0.812478 -0.309862
vn -0.734322 0.0 -0.678801
vn -0.753368 -0.135741 -0.643437
vn -0.785317 -0.0 -0.619094
vn -0.83147 0.0 -0.55557
vn -0.844749 -0.135739 -0.517663
vn -0.872496 -0.0 -0.488621
vn -0.908143 0.0 -0.418659
vn -0.915329 -0.135735 -0.379143
vn -0.938191 -0.0 -0.346119
vn -0.962455 0.0 -0.271441
vn -0.96337 -0.13574 -0.231285
vn -0.980785 -0.0 -0.19509
vn -0.993069 0.0 -0.117537
vn -0.987691 -0.135738 -0.077733
vn -0.999229 -0.0 -0.03926
vn -0.999229 0.0 0.03926
vn -0.987691 -0.135738 0.077733
vn -0.993069 0.0 0.117537
vn -0.980785 0.0 0.19509
vn -0.96337 -0.13574 0.231285
vn -0.962455 0.0 0.271441
vn -0.938191 0.0 0.346117
vn -0.915329 -0.135739 0.379141
vn -0.908143 0.0 0.418659
vn -0.872496 0.0 0.488622
vn -0.844749 -0.135739 0.517663
vn -0.83147 0.0 0.55557
vn -0.785317 0.0 0.619094
vn -0.753369 -0.135736 0.643437
vn -0.734324 0.0 0.678799
vn -0.678801 0.0 0.734322
vn -0.643437 -0.135742 0.753368
vn -0.619093 0.0 0.785318
vn -0.55557 0.0 0.83147
vn -0.517663 -0.135738 0.844749
vn -0.488622 0.0 0.872496
vn -0.41866 0.0 0.908143
vn -0.37914 -0.135745 0.915328
vn -0.346114 0.0 0.938192
vn -0.271442 0.0 0.962455
vn -0.231285 -0.135742 0.96337
vn -0.19509 0.0 0.980785
vn -0.117538 0.0 0.993068
vn -0.077733 -0.13574 0.98769
vn -0.03926 0.0 0.999229
vn 0.03926 0.0 0.999229
vn 0.077733 -0.13574 0.98769
vn 0.117538 0.0 0.993068
vn 0.19509 0.0 0.980785
vn 0.231283 -0.135734 0.963371
vn 0.271437 0.0 0.962456
vn 0.346119 0.0 0.938191
vn 0.379143 -0.135738 0.915328
vn 0.41866 0.0 0.908143
vn 0.488622 0.0 0.872496
vn 0.517663 -0.135738 0.844749
vn 0.55557 0.0 0.83147
vn 0.619093 0.0 0.785318
vn 0.643437 -0.135742 0.753368
vn 0.678801 0.0 0.734322
vn -0.500001 0.0 -0.866025
vn 0.866026 0.0 0.499999
vn 0.866026 0.0 0.499999
vn 1.0 0.0 0.0
vn 1.0 0.0 0.0
vn 0.866026 0.0 -0.499999
vn 0.866026 0.0 -0.499999
vn 0.500002 0.0 -0.866024
vn 0.500002 0.0 -0.866024
vn 0.0 0.0 -1.0
vn -0.0 -0.0 -1.0
vn -0.500001 0.0 -0.866025
vn -0.500001 -0.0 -0.866025
vn -0.866026 0.0 -0.499999
vn -0.866026 -0.0 -0.499999
vn -1.0 0.0 0.0
vn -1.0 0.0 0.0
vn -0.866026 0.0 0.499999
vn -0.866026 0.0 0.499999
vn -0.499995 0.0 0.866029
vn -0.499995 0.0 0.866029
vn 0.0 0.0 1.0
vn -0.0 0.0 1.0
vn 0.499995 0.0 0.866028
vn 0.499995 0.0 0.866028
vn 0.866026 0.0 0.499999
vn -0.10638 0.975537 0.192382
vn -0.200433 0.975516 -0.090531
vn -0.143173 0.975596 0.166474
vn -0.13551 0.975751 0.171893
vn -0.139211 0.974944 0.173507
vn -0.131748 0.971375 0.197669
vn -0.136573 0.975557 0.17215
vn -0.136559 0.976304 0.167878
vn -0.136561 0.976309 0.167842
vn -0.128214 0.976269 0.174528
vn -0.128212 0.976274 0.1745
vn -0.128277 0.975444 0.179036
vn -0.12737 0.975624 0.178702
vn -0.127339 0.975631 0.178689
vn -0.130504 0.974964 0.180036
vn -0.130508 0.974964 0.180038
vn -0.130645 0.97493 0.180119
vn -0.13921 0.974944 0.173507
vn -0.113038 0.979083 0.169173
vn -0.085707 0.984495 0.153048
vn -0.14414 0.975393 0.166829
vn -0.149601 0.975412 0.161838
vn -0.144137 0.975392 0.166839
vn -0.144166 0.975392 0.166814
vn -0.147468 0.975028 0.166056
vn -0.147463 0.975028 0.166056
vn -0.154231 0.97334 0.169768
vn -0.151104 0.976562 0.153277
vn -0.183182 0.962899 0.198166
vn -0.154172 0.973358 0.16972
vn -0.154213 0.973345 0.169758
vn -0.168232 0.97386 0.152626
vn -0.151152 0.976542 0.153361
vn -0.166437 0.973005 0.159876
vn -0.189596 0.966094 0.175261
vn -0.193894 0.964468 0.179461
vn -0.168221 0.973864 0.152613
vn -0.169261 0.97509 0.143353
vn -0.165204 0.975267 0.146839
vn -0.165217 0.975261 0.146865
vn -0.165994 0.977406 0.130855
vn -0.169742 0.974448 0.147099
vn -0.169259 0.975089 0.143361
vn -0.170244 0.975309 0.140676
vn -0.170244 0.975309 0.140675
vn -0.171828 0.97537 0.138306
vn -0.171877 0.975371 0.138236
vn -0.177785 0.975434 0.130084
vn -0.17784 0.975434 0.130008
vn -0.167826 0.975619 0.141426
vn -0.167816 0.97562 0.141436
vn -0.166459 0.975674 0.142657
vn -0.166456 0.975674 0.14266
vn -0.163799 0.975933 0.14396
vn -0.163798 0.975933 0.143961
vn -0.158513 0.976811 0.143925
vn -0.1586 0.976796 0.143928
vn -0.159791 0.976543 0.144325
vn -0.159459 0.97633 0.146124
vn -0.157462 0.975437 0.154042
vn -0.146727 0.97609 0.160374
vn -0.157441 0.975437 0.154059
vn -0.151228 0.976077 0.156214
vn -0.146664 0.976752 0.156351
vn -0.144961 0.977734 0.15173
vn -0.146727 0.97609 0.160371
vn -0.145378 0.975635 0.164324
vn -0.145404 0.975642 0.164255
vn -0.145389 0.975642 0.164271
vn 0.153968 0.975607 0.156474
vn 0.147248 0.975877 0.161187
vn 0.151975 0.976183 0.154826
vn 0.173004 0.967771 0.183002
vn 0.153812 0.97349 0.169289
vn 0.180258 0.964096 0.195001
vn 0.15412 0.973396 0.169547
vn 0.153946 0.973454 0.169378
vn 0.147591 0.975124 0.16538
vn 0.14759 0.975124 0.16538
vn 0.130891 0.977395 0.166034
vn 0.142908 0.974112 0.175165
vn 0.142886 0.974118 0.175152
vn 0.105606 0.981767 0.158053
vn 0.138171 0.9746 0.176251
vn 0.138164 0.974601 0.176248
vn 0.13511 0.975193 0.175338
vn 0.135051 0.975204 0.175321
vn 0.134235 0.97576 0.172837
vn 0.134228 0.975756 0.172866
vn 0.134688 0.976201 0.169974
vn 0.134688 0.976202 0.169969
vn 0.134571 0.976843 0.16634
vn 0.135525 0.974852 0.176907
vn 0.143345 0.975714 0.165633
vn 0.144403 0.976095 0.162439
vn 0.144442 0.97611 0.162312
vn 0.144442 0.976111 0.162309
vn 0.143442 0.977329 0.155732
vn 0.14418 0.976885 0.157824
vn 0.146567 0.976611 0.157318
vn 0.151991 0.976183 0.15481
vn 0.14916 0.975558 0.161364
vn 0.172984 0.967773 0.183006
vn 0.172995 0.967771 0.183011
vn -0.173104 0.975592 -0.135112
vn -0.157244 0.975605 -0.153195
vn -0.16019 0.975884 -0.148292
vn -0.15011 0.978172 -0.143687
vn -0.159633 0.976294 -0.146173
vn -0.159537 0.976314 -0.146149
vn -0.159462 0.976324 -0.146158
vn -0.180101 0.973256 -0.142608
vn -0.162759 0.977214 -0.136244
vn -0.162751 0.977215 -0.136242
vn -0.167288 0.976373 -0.136788
vn -0.167288 0.976373 -0.136788
vn -0.170066 0.975945 -0.136412
vn -0.17008 0.975943 -0.136409
vn -0.173105 0.975586 -0.135153
vn -0.17318 0.975202 -0.137806
vn -0.173177 0.975205 -0.137785
vn -0.173834 0.974717 -0.14039
vn -0.165263 0.975493 -0.145264
vn -0.169381 0.976463 -0.133529
vn -0.175908 0.973769 -0.144324
vn -0.173826 0.974721 -0.140368
vn -0.165948 0.974796 -0.149113
vn -0.165937 0.974806 -0.149061
vn -0.165915 0.974814 -0.149028
vn -0.17394 0.971798 -0.159229
vn -0.173962 0.97179 -0.159253
vn -0.215257 0.956071 -0.198981
vn -0.156157 0.975635 -0.154113
vn -0.156378 0.97558 -0.154236
vn -0.199671 0.975529 -0.092054
vn -0.191834 0.975626 -0.106555
vn -0.191709 0.975562 -0.107362
vn -0.182609 0.975585 -0.122015
vn -0.182466 0.975599 -0.122116
vn -0.172594 0.97555 -0.136064
vn -0.173078 0.975556 -0.135404
vn -0.173112 0.975597 -0.135068
vn -0.215526 0.975746 -0.038313
vn -0.218751 0.975437 -0.025891
vn -0.219472 0.975403 -0.020504
vn -0.19912 0.975666 -0.091795
vn -0.206399 0.975501 -0.076145
vn -0.206479 0.975695 -0.073382
vn -0.211843 0.975476 -0.059746
vn -0.212892 0.97545 -0.056338
vn -0.210616 0.975763 -0.0594
vn -0.21597 0.975455 -0.042959
vn -0.216074 0.975792 0.0338
vn -0.216824 0.975873 -0.025663
vn -0.220167 0.975424 -0.00865
vn -0.21875 0.975778 -0.00227
vn -0.220209 0.975414 0.008652
vn -0.219974 0.975375 0.015953
vn -0.217611 0.975998 0.00855
vn -0.218876 0.975409 0.025906
vn -0.216176 0.975407 0.043
vn -0.216177 0.975407 0.043
vn -0.212541 0.975791 0.051549
vn -0.212127 0.975409 0.059826
vn -0.207572 0.975787 0.068952
vn -0.206754 0.975415 0.076276
vn -0.206754 0.975415 0.076276
vn -0.201199 0.975777 0.085894
vn -0.200093 0.975425 0.092244
vn -0.193465 0.975763 0.102265
vn -0.179712 0.975415 0.127551
vn -0.175898 0.97544 0.132574
vn -0.172846 0.975478 0.136261
vn -0.174117 0.975721 0.132862
vn -0.183083 0.975456 0.122332
vn -0.184418 0.975744 0.117955
vn -0.192185 0.975439 0.107629
vn -0.192185 0.975439 0.107629
vn -0.055612 0.975734 0.211779
vn -0.042965 0.975446 0.216006
vn -0.038158 0.975414 0.21705
vn -0.107187 0.975643 0.191396
vn -0.092075 0.975516 0.199727
vn -0.089854 0.975678 0.199946
vn -0.076162 0.975489 0.206448
vn -0.073327 0.975466 0.207578
vn -0.075784 0.975735 0.205423
vn -0.059759 0.975466 0.211886
vn 0.016235 0.97579 0.218107
vn -0.042624 0.975841 0.214282
vn -0.025894 0.975431 0.218779
vn -0.019937 0.975771 0.217883
vn -0.008651 0.975419 0.220188
vn -0.001869 0.975381 0.220518
vn -0.008557 0.975962 0.217771
vn 0.008653 0.975411 0.220222
vn 0.025907 0.975407 0.218882
vn 0.025905 0.975407 0.218882
vn 0.03421 0.975792 0.216007
vn 0.043 0.975407 0.216174
vn 0.051954 0.97579 0.21245
vn 0.059823 0.975411 0.212118
vn 0.059825 0.975411 0.212117
vn 0.069352 0.975783 0.207456
vn 0.07627 0.975419 0.206738
vn 0.086288 0.975771 0.201059
vn 0.135048 0.975205 0.175321
vn 0.133534 0.975443 0.175159
vn 0.12231 0.975466 0.18305
vn 0.11833 0.975734 0.18423
vn 0.107612 0.975446 0.192157
vn 0.102649 0.975755 0.193301
vn 0.092233 0.975431 0.20007
vn 0.092234 0.975431 0.20007
vn 0.036941 0.998499 0.040438
vn 0.036942 0.998499 0.040438
vn 0.036942 0.998499 0.040438
vn 0.033303 0.998499 0.043473
vn 0.033303 0.998499 0.043472
vn 0.021597 0.998499 0.050323
vn 0.033304 0.998499 0.043473
vn 0.029595 0.998499 0.046078
vn 0.029595 0.998499 0.046077
vn 0.025703 0.998499 0.048355
vn 0.025685 0.998499 0.048367
vn 0.025684 0.998499 0.048366
vn 0.021597 0.998499 0.050324
vn 0.021597 0.9985 0.050322
vn 0.017362 0.9985 0.051936
vn 0.017363 0.998499 0.051938
vn 0.013008 0.998499 0.053196
vn 0.013009 0.998499 0.053194
vn 0.013009 0.998499 0.053195
vn 0.008566 0.998499 0.054088
vn 0.008567 0.998499 0.054091
vn 0.008566 0.998499 0.05409
vn 0.004065 0.998499 0.054613
vn 0.004065 0.998499 0.054611
vn -0.000463 0.998499 0.05476
vn -0.000464 0.998499 0.054762
vn -0.000464 0.998499 0.054762
vn -0.00499 0.998499 0.054536
vn -0.00499 0.998499 0.054536
vn -0.004991 0.998499 0.054534
vn -0.009482 0.998499 0.053935
vn -0.009482 0.998499 0.053937
vn -0.01391 0.998499 0.052968
vn -0.013909 0.998499 0.052966
vn -0.013909 0.998499 0.052968
vn -0.018241 0.998499 0.051637
vn -0.01824 0.9985 0.051634
vn -0.01824 0.9985 0.051633
vn -0.022446 0.9985 0.049949
vn -0.022447 0.998499 0.04995
vn -0.026499 0.998499 0.047923
vn -0.0265 0.998499 0.047924
vn -0.0265 0.998499 0.047923
vn -0.030372 0.998499 0.045568
vn -0.030372 0.998499 0.045569
vn -0.030373 0.998499 0.045568
vn -0.034036 0.998499 0.042902
vn -0.034035 0.998499 0.042901
vn -0.037465 0.9985 0.03994
vn -0.037466 0.998499 0.03994
vn -0.046133 0.998499 0.029507
vn -0.037466 0.998499 0.039941
vn -0.04064 0.998499 0.036707
vn -0.04064 0.998499 0.036706
vn -0.043536 0.998499 0.03322
vn -0.043535 0.998499 0.03322
vn -0.043536 0.998499 0.033221
vn -0.046133 0.998499 0.029507
vn -0.046134 0.998499 0.029508
vn -0.048416 0.998499 0.025592
vn -0.048415 0.998499 0.025592
vn -0.050365 0.998499 0.021501
vn -0.050365 0.998499 0.021501
vn -0.050365 0.998499 0.021502
vn -0.051971 0.998499 0.017264
vn -0.05197 0.998499 0.017264
vn -0.051971 0.998499 0.017264
vn -0.05322 0.998499 0.012908
vn -0.05322 0.998499 0.012908
vn -0.054105 0.998499 0.008463
vn -0.054105 0.998499 0.008463
vn -0.054105 0.998499 0.008463
vn -0.054619 0.998499 0.003961
vn -0.05462 0.998499 0.003961
vn -0.054619 0.998499 0.003961
vn -0.05476 0.998499 -0.000568
vn -0.05476 0.998499 -0.000568
vn -0.054525 0.998499 -0.005094
vn -0.054525 0.998499 -0.005094
vn -0.054525 0.998499 -0.005094
vn -0.053917 0.998499 -0.009585
vn -0.053917 0.998499 -0.009585
vn -0.053917 0.998499 -0.009584
vn -0.05294 0.998499 -0.01401
vn -0.052941 0.998499 -0.01401
vn -0.051601 0.998499 -0.018339
vn -0.051601 0.998499 -0.018339
vn -0.051601 0.998499 -0.018339
vn -0.049908 0.998499 -0.022542
vn -0.049908 0.998499 -0.022542
vn -0.049907 0.998499 -0.022544
vn -0.047874 0.998499 -0.026592
vn -0.047874 0.998499 -0.026592
vn -0.045511 0.998499 -0.030459
vn -0.045511 0.998499 -0.030458
vn -0.040182 0.9985 -0.037198
vn -0.040182 0.9985 -0.037197
vn -0.040182 0.9985 -0.037198
vn -0.042928 0.9985 -0.033992
vn -0.042928 0.9985 -0.033992
vn -0.045511 0.998499 -0.030458
vn -0.423546 0.901949 -0.084248
vn -0.117222 0.901947 0.415633
vn 0.661731 0.222846 0.715857
vn 0.293136 0.901946 0.31712
vn 0.293137 0.901948 0.317113
vn 0.530209 0.624412 0.573575
vn 0.293134 0.90195 0.31711
vn 0.26735 0.90195 0.339132
vn 0.267353 0.901947 0.339138
vn 0.239919 0.901946 0.35907
vn 0.239919 0.901948 0.359065
vn 0.239922 0.901947 0.359067
vn 0.211009 0.901947 0.376785
vn 0.211005 0.901952 0.376774
vn 0.180791 0.901953 0.392169
vn 0.180791 0.901952 0.392169
vn 0.180796 0.901949 0.392175
vn 0.149468 0.901949 0.405151
vn 0.149468 0.90195 0.40515
vn 0.117222 0.90195 0.415627
vn 0.117222 0.901946 0.415636
vn 0.11722 0.901947 0.415634
vn 0.08425 0.901947 0.42355
vn 0.08425 0.901949 0.423545
vn 0.050755 0.901949 0.42885
vn 0.050756 0.901951 0.428844
vn 0.050759 0.901948 0.428852
vn 0.016955 0.901947 0.431513
vn -0.016956 0.901951 0.431505
vn -0.016955 0.901946 0.431516
vn 0.016955 0.901946 0.431516
vn -0.016953 0.901947 0.431513
vn -0.050757 0.901948 0.428852
vn -0.050756 0.901949 0.42885
vn -0.08425 0.901949 0.423545
vn -0.08425 0.901949 0.423544
vn -0.084248 0.901947 0.42355
vn -0.149468 0.901949 0.40515
vn -0.149468 0.90195 0.40515
vn -0.117219 0.90195 0.415628
vn -0.149467 0.901949 0.405152
vn -0.180795 0.901949 0.392175
vn -0.180798 0.901947 0.392179
vn -0.211009 0.901947 0.376785
vn -0.211008 0.901948 0.376783
vn -0.211002 0.901947 0.376789
vn -0.239922 0.901947 0.359067
vn -0.239916 0.901952 0.359059
vn -0.267348 0.901951 0.339129
vn -0.26735 0.90195 0.339131
vn -0.293133 0.90195 0.317111
vn -0.293133 0.90195 0.317111
vn -0.293132 0.901951 0.317109
vn -0.317109 0.901951 0.293133
vn -0.317118 0.901946 0.293139
vn -0.339142 0.901946 0.267351
vn -0.339133 0.901949 0.267351
vn -0.339136 0.901947 0.267355
vn -0.359068 0.901947 0.239921
vn -0.359067 0.901947 0.239921
vn -0.376784 0.901947 0.211008
vn -0.376783 0.901948 0.211008
vn -0.376782 0.901949 0.211008
vn -0.392175 0.901949 0.180795
vn -0.392174 0.901949 0.180795
vn -0.40515 0.901949 0.149468
vn -0.40515 0.901949 0.149468
vn -0.405151 0.901949 0.149468
vn -0.415628 0.901949 0.117219
vn -0.415631 0.901948 0.11722
vn -0.423547 0.901948 0.084248
vn -0.423544 0.901949 0.084249
vn -0.423544 0.901949 0.084249
vn -0.428849 0.901949 0.050758
vn -0.431509 0.901949 0.016954
vn -0.43151 0.901949 0.016954
vn -0.428849 0.901949 0.050758
vn -0.431509 0.901949 0.016954
vn -0.431509 0.901949 -0.016954
vn -0.431509 0.901949 -0.016954
vn -0.428849 0.901949 -0.050758
vn -0.428849 0.901949 -0.050758
vn -0.42885 0.901949 -0.050757
vn -0.41563 0.901949 -0.11722
vn -0.415631 0.901948 -0.11722
vn -0.423547 0.901948 -0.084249
vn -0.415628 0.901949 -0.11722
vn -0.40515 0.901949 -0.149469
vn -0.405148 0.901951 -0.149467
vn -0.392172 0.901951 -0.180793
vn -0.392176 0.901949 -0.180796
vn -0.39217 0.90195 -0.180801
vn -0.376779 0.90195 -0.211006
vn -0.376784 0.901947 -0.211009
vn -0.359067 0.901947 -0.239921
vn -0.359065 0.901949 -0.239919
vn -0.339132 0.901949 -0.267354
vn -0.339133 0.901949 -0.267351
vn -0.339135 0.901948 -0.267353
vn -0.317114 0.901948 -0.293137
vn -0.317113 0.901948 -0.293136
vn 0.530213 0.624403 0.573581
vn 0.483574 0.624403 0.613414
vn 0.483574 0.624402 0.613415
vn 0.433957 0.624402 0.649464
vn 0.433956 0.624407 0.64946
vn 0.381663 0.624408 0.681504
vn 0.381665 0.6244 0.68151
vn 0.327015 0.6244 0.709356
vn 0.327014 0.624405 0.709352
vn 0.270352 0.624405 0.732822
vn 0.270352 0.624402 0.732825
vn 0.212023 0.624402 0.751777
vn 0.212023 0.62441 0.75177
vn 0.152387 0.62441 0.766088
vn 0.152386 0.624402 0.766095
vn 0.091806 0.624402 0.775689
vn 0.091807 0.62441 0.775683
vn 0.030667 0.62441 0.780494
vn 0.030665 0.624397 0.780505
vn -0.030667 0.624397 0.780505
vn -0.030664 0.62441 0.780494
vn -0.091805 0.62441 0.775683
vn -0.091808 0.624402 0.775689
vn -0.152388 0.624402 0.766094
vn -0.152385 0.624411 0.766087
vn -0.212021 0.624411 0.75177
vn -0.212025 0.624402 0.751776
vn -0.270353 0.624402 0.732824
vn -0.270351 0.624405 0.732822
vn -0.327016 0.624405 0.709351
vn -0.32701 0.624419 0.709342
vn -0.381656 0.624418 0.681499
vn -0.381662 0.624407 0.681505
vn -0.433955 0.624407 0.64946
vn -0.433958 0.624402 0.649463
vn -0.483577 0.624402 0.613413
vn -0.483576 0.624403 0.613413
vn -0.530212 0.624403 0.573582
vn -0.530216 0.624397 0.573585
vn -0.573586 0.624397 0.530214
vn -0.573573 0.624415 0.530207
vn -0.613405 0.624414 0.483571
vn -0.613416 0.6244 0.483576
vn -0.649465 0.6244 0.433958
vn -0.649458 0.624409 0.433956
vn -0.681505 0.624409 0.381661
vn -0.681507 0.624406 0.381661
vn -0.709351 0.624406 0.327015
vn -0.709354 0.624401 0.327016
vn -0.732825 0.624401 0.270353
vn -0.732824 0.624402 0.270353
vn -0.751777 0.624402 0.212022
vn -0.751773 0.624407 0.212022
vn -0.766091 0.624407 0.152386
vn -0.766095 0.624401 0.152386
vn -0.77569 0.624401 0.091809
vn -0.775691 0.6244 0.091809
vn -0.780503 0.6244 0.030666
vn -0.780501 0.624402 0.030666
vn -0.780501 0.624402 -0.030666
vn -0.780502 0.6244 -0.030666
vn -0.775691 0.6244 -0.091809
vn -0.775689 0.624402 -0.091809
vn -0.766094 0.624403 -0.152386
vn -0.766091 0.624406 -0.152385
vn -0.751773 0.624407 -0.212021
vn -0.751777 0.624402 -0.212023
vn -0.732824 0.624402 -0.270354
vn -0.732825 0.624401 -0.270354
vn -0.709354 0.624401 -0.327017
vn -0.709351 0.624406 -0.327015
vn -0.681506 0.624406 -0.381662
vn -0.681505 0.624409 -0.381661
vn -0.649459 0.624409 -0.433954
vn -0.649464 0.6244 -0.433959
vn -0.613414 0.6244 -0.483577
vn -0.613411 0.624408 -0.483573
vn -0.573578 0.624408 -0.53021
vn -0.57358 0.624404 -0.530212
vn 0.661731 0.222852 0.715856
vn 0.603523 0.222851 0.76557
vn 0.603523 0.222864 0.765567
vn 0.541598 0.222864 0.810557
vn 0.541598 0.222857 0.810559
vn 0.476334 0.222857 0.850553
vn 0.476334 0.222853 0.850554
vn 0.40813 0.222853 0.885306
vn 0.40813 0.222868 0.885302
vn 0.337411 0.222869 0.914595
vn 0.337412 0.222886 0.91459
vn 0.264614 0.222887 0.938243
vn 0.264611 0.222848 0.938254
vn 0.190185 0.222847 0.956122
vn 0.190185 0.222839 0.956124
vn 0.114581 0.222839 0.968098
vn 0.114582 0.222851 0.968095
vn 0.038271 0.222851 0.974101
vn 0.038273 0.222865 0.974098
vn -0.038271 0.222865 0.974098
vn -0.038273 0.222851 0.974101
vn -0.11458 0.222851 0.968095
vn -0.114582 0.222839 0.968098
vn -0.190186 0.222839 0.956123
vn -0.190184 0.222847 0.956122
vn -0.264617 0.222848 0.938252
vn -0.264615 0.222856 0.93825
vn -0.337412 0.222856 0.914597
vn -0.337409 0.222869 0.914595
vn -0.408128 0.222868 0.885303
vn -0.408132 0.222853 0.885305
vn -0.476334 0.222853 0.850554
vn -0.476333 0.222857 0.850553
vn -0.541599 0.222857 0.810559
vn -0.541597 0.222864 0.810558
vn -0.603524 0.222864 0.765565
vn -0.603521 0.222876 0.765564
vn -0.661727 0.222875 0.715852
vn -0.661728 0.22287 0.715852
vn -0.715852 0.222869 0.661729
vn -0.715858 0.222847 0.66173
vn -0.76557 0.222848 0.603524
vn -0.765566 0.222864 0.603523
vn -0.810557 0.222864 0.541599
vn -0.810559 0.222855 0.541599
vn -0.850554 0.222855 0.476332
vn -0.850552 0.222864 0.476332
vn -0.885303 0.222863 0.40813
vn -0.885303 0.222865 0.40813
vn -0.914595 0.222865 0.337412
vn -0.914595 0.222865 0.337412
vn -0.938249 0.222865 0.264614
vn -0.938249 0.222863 0.264614
vn -0.956118 0.222863 0.190183
vn -0.956118 0.222864 0.190183
vn -0.968093 0.222863 0.114581
vn -0.968093 0.22286 0.114581
vn -0.974099 0.222859 0.038273
vn -0.9741 0.222857 0.038273
vn -0.9741 0.222857 -0.038273
vn -0.974099 0.222859 -0.038273
vn -0.968093 0.22286 -0.114581
vn -0.968093 0.222863 -0.114581
vn -0.956118 0.222864 -0.190183
vn -0.956118 0.222863 -0.190183
vn -0.938249 0.222863 -0.264614
vn -0.938249 0.222865 -0.264614
vn -0.914595 0.222864 -0.337413
vn -0.914596 0.222859 -0.337414
vn -0.885304 0.222859 -0.40813
vn -0.885305 0.222857 -0.408131
vn -0.850554 0.222856 -0.476333
vn -0.850554 0.222855 -0.476333
vn -0.810559 0.222855 -0.5416
vn -0.810558 0.222864 -0.541598
vn -0.765567 0.222864 -0.603522
vn -0.765567 0.222858 -0.603524
vn -0.715855 0.222858 -0.66173
vn -0.715855 0.222858 -0.66173
vn 0.732426 0.0 0.680846
vn 0.732426 0.0 0.680846
vn 0.866025 0.0 0.5
vn 0.866025 0.0 0.5
vn 1.0 0.0 0.0
vn 1.0 0.0 -0.0
vn 0.866025 0.0 -0.5
vn 0.866025 0.0 -0.5
vn -0.681604 0.463748 -0.565998
vn -0.750958 -0.0 -0.66035
vn -0.887191 -0.122279 -0.444904
vn -0.754046 0.504989 -0.420001
vn -0.795854 -0.28088 -0.536398
vn -0.795854 -0.28088 -0.536399
vn -0.887188 -0.122279 -0.44491
vn -0.932603 0.154142 -0.326332
vn -0.871371 0.394228 -0.292055
vn -0.946936 -0.251443 -0.20022
vn -0.946936 -0.251443 -0.20022
vn -0.844078 0.523134 -0.117744
vn -0.958158 0.282503 0.046109
vn -0.946745 0.318995 0.043771
vn -0.974808 -0.208852 -0.078291
vn -0.974808 -0.208852 -0.078292
vn -0.966469 -0.190497 0.172187
vn -0.966469 -0.190497 0.172189
vn -0.831128 0.52059 0.195479
vn -0.901973 0.113193 0.416692
vn -0.832443 0.414654 0.367559
vn -0.920754 -0.261636 0.289411
vn -0.920754 -0.261636 0.289411
vn -0.842883 -0.095066 0.529633
vn -0.84289 -0.095066 0.529622
vn -0.715892 0.497 0.490398
vn -0.683689 -0.033845 0.728989
vn -0.621685 0.476462 0.621685
vn -0.740055 -0.283585 0.609834
vn -0.740056 -0.283585 0.609833
vn -0.683683 -0.033844 0.728993
vn -0.584811 0.035913 0.810374
vn -0.504884 0.449292 0.737041
vn -0.356433 -0.14726 0.922643
vn -0.347069 0.511559 0.786035
vn -0.458132 -0.276308 0.844849
vn -0.458132 -0.276308 0.844848
vn -0.356435 -0.14726 0.922642
vn -0.233489 0.19622 0.952355
vn -0.212558 0.371569 0.903745
vn -0.108713 -0.239269 0.964848
vn -0.108713 -0.239269 0.964848
vn -0.039323 0.524421 0.850551
vn 0.139584 0.239155 0.960896
vn 0.129595 0.346535 0.929042
vn 0.015622 -0.225068 0.974218
vn 0.015616 -0.225068 0.974218
vn 0.265211 -0.169975 0.94909
vn 0.265209 -0.169975 0.949091
vn 0.272074 0.516738 0.811762
vn 0.503247 0.07371 0.860993
vn 0.438632 0.432961 0.787494
vn 0.375594 -0.269934 0.886603
vn 0.375596 -0.269934 0.886602
vn 0.60956 -0.065546 0.790025
vn 0.609565 -0.065546 0.790021
vn 0.557785 0.487517 0.671716
vn 0.684079 0.0 0.729407
vn 0.530665 -0.556778 0.639056
vn 0.659346 0.0 0.751839
vn 0.430403 0.230257 0.872774
vn 0.38208 -0.619248 0.685964
vn 0.516824 0.366915 0.773477
vn 0.516819 0.366914 0.773481
vn 0.10759 -0.627321 0.771293
vn 0.430399 0.230256 0.872777
vn 0.30453 -0.320083 0.897111
vn 0.289745 -0.410754 0.864482
vn 0.187208 0.281204 0.941211
vn 0.187221 0.281204 0.941208
vn -0.065068 -0.1009 0.992766
vn -0.039457 -0.519673 0.853454
vn 0.061299 0.348544 0.935286
vn 0.061301 0.348544 0.935286
vn -0.194301 0.089736 0.976829
vn -0.194303 0.089736 0.976828
vn -0.185712 -0.58485 0.789596
vn -0.436106 0.166645 0.884331
vn -0.321516 -0.605312 0.728165
vn -0.297861 0.375927 0.877472
vn -0.297865 0.375927 0.877471
vn -0.549153 -0.62997 0.549153
vn -0.436102 0.166645 0.884333
vn -0.543267 -0.209285 0.813056
vn -0.498308 -0.471719 0.727441
vn -0.624617 0.320241 0.71225
vn -0.624622 0.320241 0.712245
vn -0.813059 -0.209273 0.543268
vn -0.727434 -0.471735 0.498304
vn -0.71224 0.320264 0.624617
vn -0.71224 0.320264 0.624616
vn -0.884331 0.166635 0.436109
vn -0.884333 0.166635 0.436105
vn -0.728177 -0.605295 0.321521
vn -0.976825 0.089772 0.194303
vn -0.789622 -0.584813 0.185717
vn -0.877461 0.375958 0.297857
vn -0.877461 0.375957 0.297857
vn -0.976824 0.089772 0.194311
vn -0.992769 -0.100876 0.06507
vn -0.853453 -0.519674 0.039458
vn -0.935276 0.34857 -0.061302
vn -0.935276 0.34857 -0.061301
vn -0.7713 -0.627312 -0.107592
vn -0.89711 -0.32009 -0.304528
vn -0.86449 -0.410735 -0.289748
vn -0.941219 0.281167 -0.187221
vn -0.941219 0.281167 -0.187221
vn -0.872768 0.230282 -0.430402
vn -0.872769 0.230283 -0.430401
vn -0.685985 -0.619219 -0.382091
vn -0.751839 0.0 -0.659346
vn -0.639067 -0.556756 -0.530675
vn -0.773471 0.36694 -0.516815
vn -0.77347 0.366941 -0.516816
vn 0.664938 -0.0 0.746899
vn 0.934997 -0.011105 0.35448
vn 0.980716 -0.014918 -0.194868
vn -0.263957 -0.008326 -0.964499
vn -0.499796 0.028464 -0.865675
vn -0.505195 0.02567 -0.862624
vn -0.505195 0.02567 -0.862624
vn 0.0 -0.01224 -0.999925
vn 0.226277 0.14031 -0.963905
vn 0.22629 0.140317 -0.9639
vn -0.017873 0.024996 -0.999528
vn -0.017873 0.024996 -0.999528
vn -0.263943 -0.008326 -0.964502
vn -0.263977 -0.008326 -0.964493
vn 0.500787 0.036172 -0.864814
vn 0.499686 0.035407 -0.865483
vn 0.500805 0.036181 -0.864804
vn 0.260533 -0.012676 -0.965382
vn 0.260583 -0.012669 -0.965368
vn 0.980715 -0.014918 -0.194872
vn 0.881468 0.027008 -0.47147
vn 0.865583 0.03196 -0.499744
vn 0.877835 0.053062 -0.476015
vn 0.877837 0.053064 -0.47601
vn 0.721934 -0.014231 -0.691816
vn 0.721849 -0.014233 -0.691904
vn 0.721937 -0.014233 -0.691812
vn 0.934995 -0.011105 0.354486
vn 0.996777 0.0148 0.07884
vn 0.999044 0.043725 0.0
vn 0.993423 0.092618 0.067325
vn 0.980716 -0.014918 -0.194867
vn 0.799729 -0.0 0.600361
vn 0.799719 -2e-06 0.600374
vn 0.863713 0.073031 0.498664
vn 0.794304 0.14142 0.590831
vn 0.934999 -0.011106 0.354476
vn 0.266378 -0.015896 0.963737
vn 0.266343 -0.0159 0.963747
vn 0.50074 0.0574 0.863692
vn 0.499206 0.05631 0.864652
vn 0.500921 0.055142 0.863735
vn 0.664957 -3e-06 0.746881
vn -0.26557 -0.018905 0.963906
vn 0.000942 0.050795 0.998709
vn -0.0 0.050108 0.998744
vn 0.001098 0.049708 0.998763
vn 0.266348 -0.015896 0.963746
vn -0.737083 -0.013463 0.675668
vn -0.529396 0.026857 0.84795
vn -0.529408 0.026852 0.847942
vn -0.298432 0.185845 0.936162
vn -0.499884 0.021766 0.865819
vn -0.264283 -0.018563 0.964266
vn -0.264284 -0.018563 0.964266
vn -0.894544 0.015955 0.446695
vn -0.89455 0.015953 0.446682
vn -0.894543 0.015961 0.446698
vn -0.865139 0.045212 0.499489
vn -0.737078 -0.013465 0.675673
vn -0.737173 -0.013465 0.67557
vn -0.996327 0.00728 -0.085318
vn -0.935197 -0.005599 -0.354084
vn -0.996327 0.00728 -0.085319
vn -0.979724 0.105271 0.170467
vn -0.999828 0.018551 0.0
vn -0.980766 -0.009918 0.194937
vn -0.980764 -0.009918 0.194947
vn -0.664513 -2e-06 -0.747277
vn -0.664494 -0.0 -0.747293
vn -0.799521 0.0 -0.600638
vn -0.799527 1e-06 -0.60063
vn -0.799467 -3.1e-05 -0.600709
vn -0.86539 0.038281 -0.499634
vn -0.9352 -0.0056 -0.354075
vn -0.935196 -0.005599 -0.354085
vn -0.934988 -0.011098 -0.354505
vn -0.980713 -0.014939 0.194881
vn -0.721818 -0.014229 0.691937
vn -0.665008 0.0 -0.746836
vn -0.266566 -0.015874 -0.963686
vn -0.266532 -0.015876 -0.963695
vn -0.500856 0.057481 -0.86362
vn -0.499204 0.056394 -0.864648
vn -0.501028 0.055069 -0.863677
vn -0.664964 9e-06 -0.746876
vn 0.264109 -0.018575 -0.964314
vn -0.001168 0.050916 -0.998702
vn 0.0 0.050116 -0.998743
vn -0.001391 0.049557 -0.99877
vn -0.266563 -0.015874 -0.963687
vn 0.737039 -0.013475 -0.675716
vn 0.529319 0.026888 -0.847997
vn 0.529292 0.026899 -0.848013
vn 0.298353 0.185917 -0.936173
vn 0.499778 0.029734 -0.865643
vn 0.264078 -0.018581 -0.964322
vn 0.264134 -0.018581 -0.964307
vn 0.894587 0.015939 -0.44661
vn 0.894549 0.015948 -0.446686
vn 0.894552 0.015945 -0.44668
vn 0.86514 0.045208 -0.499489
vn 0.73704 -0.013475 -0.675715
vn 0.737049 -0.013475 -0.675705
vn 0.996337 0.007301 0.085204
vn 0.935229 -0.005613 0.353998
vn 0.996337 0.007302 0.0852
vn 0.979713 0.105311 -0.170507
vn 0.999741 0.022741 0.0
vn 0.980754 -0.009909 -0.194995
vn 0.980756 -0.009909 -0.194988
vn 0.799575 1.3e-05 0.600567
vn 0.799571 1.2e-05 0.600571
vn 0.799583 1.8e-05 0.600555
vn 0.86539 0.038279 0.499634
vn 0.935232 -0.005612 0.353991
vn 0.935237 -0.005613 0.353977
vn 0.664522 -3e-06 0.747269
vn 0.664529 -3e-06 0.747263
vn 0.263562 -0.008388 0.964606
vn 0.499796 0.028467 0.865675
vn 0.505217 0.025662 0.862611
vn 0.50522 0.02566 0.862609
vn 0.017071 0.025235 0.999536
vn 0.017061 0.025237 0.999536
vn 0.263561 -0.008391 0.964606
vn 0.263511 -0.008391 0.96462
vn -0.261382 -0.012676 0.965152
vn -0.261418 -0.012672 0.965143
vn 0.0 -0.01224 0.999925
vn -0.226968 0.140776 0.963674
vn -0.227143 0.140859 0.963621
vn -0.721937 -0.014229 0.691812
vn -0.721803 -0.014226 0.691952
vn -0.499686 0.035425 0.865482
vn -0.501089 0.0364 0.86463
vn -0.50108 0.036396 0.864635
vn -0.980714 -0.014939 0.194878
vn -0.881409 0.027045 0.47158
vn -0.865553 0.033006 0.499729
vn -0.877777 0.052979 0.476132
vn -0.877779 0.052981 0.476127
vn -0.934997 -0.011098 -0.354481
vn -0.996774 0.014786 -0.078883
vn -0.998909 0.046707 0.0
vn -0.993418 0.092645 -0.067359
vn -0.980714 -0.014939 0.194879
vn -0.799721 0.0 -0.600372
vn -0.799722 0.0 -0.600371
vn -0.863388 0.077962 -0.498481
vn -0.794306 0.141414 -0.590831
vn -0.934992 -0.011098 -0.354494
vn -0.951076 -0.012611 -0.308698
vn -0.951093 -0.012624 -0.308647
vn -0.719231 6e-06 -0.694771
vn -0.744968 0.001983 -0.667097
vn -0.865753 0.025135 -0.49984
vn -0.839966 0.056778 -0.53966
vn -0.839943 0.056801 -0.539694
vn -0.325218 -0.012028 -0.945563
vn -0.566914 0.013112 -0.823673
vn -0.687894 -0.0 -0.725811
vn -0.71907 0.0 -0.694938
vn -0.499817 0.026986 -0.865711
vn -0.351657 0.142136 -0.925275
vn -0.566937 0.013103 -0.823657
vn -0.062821 0.02 -0.997824
vn -0.062816 0.020001 -0.997825
vn -0.325237 -0.012028 -0.945556
vn 0.683252 -0.022165 -0.729846
vn 0.463256 0.037312 -0.885439
vn 0.499125 0.059115 -0.864511
vn 0.458742 0.089245 -0.884077
vn 0.683274 -0.022171 -0.729826
vn 0.219488 -0.019188 -0.975426
vn 0.219533 -0.019187 -0.975416
vn -0.0 -0.018728 -0.999825
vn 0.18976 0.199351 -0.961379
vn -0.062731 0.02006 -0.997829
vn 0.967941 -0.023128 -0.250109
vn 0.967947 -0.023128 -0.250088
vn 0.859566 0.062063 -0.507242
vn 0.859552 0.062073 -0.507265
vn 0.864783 0.05358 -0.499278
vn 0.859812 0.050219 -0.508135
vn 0.683271 -0.022165 -0.729828
vn 0.952122 -0.0138 0.305407
vn 0.998705 0.027716 0.042666
vn 0.998772 0.049546 0.0
vn 0.995714 0.077344 0.050708
vn 0.967943 -0.023127 -0.250101
vn 0.720377 1e-06 0.693583
vn 0.744668 0.002122 0.667432
vn 0.834513 0.018985 0.550661
vn 0.834505 0.018982 0.550673
vn 0.929347 0.157022 0.334154
vn 0.864812 0.052896 0.499302
vn 0.952119 -0.013801 0.305417
vn 0.952118 -0.013801 0.30542
vn 0.376563 -0.001613 0.92639
vn 0.588415 0.086183 0.803953
vn 0.499662 0.036903 0.865434
vn 0.607055 0.0 0.79466
vn 0.720338 0.0 0.693624
vn -0.172703 -0.007007 0.984949
vn -0.172649 -0.006994 0.984959
vn 0.095545 0.066287 0.993216
vn 0.095546 0.066287 0.993216
vn -0.0 0.003183 0.999995
vn 0.376515 -0.001613 0.926409
vn 0.376565 -0.001613 0.926389
vn -0.668442 -0.009253 0.743707
vn -0.66846 -0.009253 0.74369
vn -0.668467 -0.009254 0.743685
vn -0.441741 0.049376 0.895783
vn -0.441751 0.049372 0.895778
vn -0.499952 0.014268 0.865936
vn -0.172745 -0.007007 0.984942
vn -0.172734 -0.007007 0.984944
vn -0.845937 0.039094 0.531847
vn -0.865573 0.032287 0.49974
vn -0.84719 0.017472 0.531003
vn -0.84721 0.017478 0.530971
vn -0.96336 -0.012261 0.267933
vn -0.963358 -0.012262 0.267939
vn -0.963357 -0.012262 0.267943
vn -0.951077 -0.012611 -0.308696
vn -0.951082 -0.012611 -0.308682
vn -0.999653 0.026327 0.0
vn -0.999389 0.032801 -0.012115
vn -0.999389 0.032801 -0.012112
vn -0.204833 -0.008263 -0.978762
vn -0.434932 0.014061 -0.900354
vn -0.434947 0.014065 -0.900346
vn -0.667053 0.001991 -0.745008
vn -0.499841 0.025136 -0.865752
vn -0.5799 0.090072 -0.809693
vn -0.57992 0.090087 -0.809677
vn 0.335656 -0.007835 -0.941952
vn 0.063538 0.011861 -0.997909
vn 0.063561 0.011853 -0.997908
vn 0.0 0.03852 -0.999258
vn -0.204831 -0.008266 -0.978762
vn -0.204777 -0.008263 -0.978774
vn 0.586244 0.002866 -0.810129
vn 0.788782 -0.002516 -0.614669
vn 0.58626 0.002863 -0.810118
vn 0.344424 0.094018 -0.934095
vn 0.499835 0.025596 -0.865742
vn 0.335368 -0.007813 -0.942055
vn 0.335348 -0.007813 -0.942062
vn 0.921714 0.076802 -0.380191
vn 0.866026 -0.00037 -0.499999
vn 0.921708 0.076797 -0.380207
vn 0.788771 -0.002517 -0.614683
vn 0.788776 -0.002516 -0.614676
vn 0.99387 0.002746 -0.110519
vn 0.99387 0.002746 -0.11052
vn 0.927484 -0.002494 -0.373855
vn 0.927463 -0.002494 -0.373907
vn 0.915586 0.004443 0.402097
vn 0.915586 0.004443 0.402099
vn 0.987835 -0.003745 0.155459
vn 0.999993 -0.0037 0.0
vn 0.986694 0.088378 0.136472
vn 0.986692 0.088382 0.136479
vn 0.501821 0.042096 0.863946
vn 0.631067 0.007589 0.775691
vn 0.631001 0.007608 0.775745
vn 0.667614 0.002104 0.744504
vn 0.693656 0.0 0.720307
vn 0.693668 0.0 0.720295
vn 0.866026 0.0 0.499999
vn 0.797285 0.09425 0.596199
vn 0.797283 0.094251 0.596201
vn -0.307921 -0.019654 0.951209
vn -0.307923 -0.019654 0.951208
vn -0.019465 0.061111 0.997941
vn 0.0 0.051246 0.998686
vn -0.022969 0.03854 0.998993
vn -0.307922 -0.019654 0.951209
vn 0.242139 -0.017367 0.970086
vn 0.242152 -0.017368 0.970083
vn 0.499929 -0.016714 0.865905
vn 0.278734 0.204736 0.938291
vn 0.501821 0.042097 0.863947
vn -0.769909 -0.013204 0.638017
vn -0.560226 0.018774 0.828127
vn -0.499545 0.042625 0.865239
vn -0.554535 0.102124 0.82587
vn -0.30794 -0.019647 0.951203
vn -0.917135 0.002487 0.398568
vn -0.917162 0.002485 0.398506
vn -0.917166 0.002481 0.398499
vn -0.863317 0.079026 0.498436
vn -0.769907 -0.013205 0.63802
vn -0.769912 -0.013204 0.638013
vn -0.989266 -0.001067 -0.146121
vn -0.989265 -0.001068 -0.146126
vn -0.987585 0.117618 0.104123
vn -0.998771 0.049562 0.0
vn -0.992615 -0.002483 0.121284
vn -0.992613 -0.002483 0.1213
vn -0.69491 1e-06 -0.719097
vn -0.694927 -0.0 -0.71908
vn -0.793525 0.0 -0.608538
vn -0.793533 5e-06 -0.608527
vn -0.909279 0.104353 -0.402892
vn -0.865708 0.02707 -0.499816
vn -0.922963 0.001188 -0.384887
vn -0.989262 -0.001067 -0.146151
vn 0.0 1.0 0.0
vn -0.0 1.0 0.0
vn 0.0 1.0 0.0
vn 0.0 1.0 0.0
vn 0.0 1.0 0.0
vn 0.0 1.0 0.0
vn 0.0 1.0 0.0
vn 0.0 1.0 0.0
vn 0.0 1.0 0.0
vn 0.0 1.0 0.0
vn 0.0 1.0 0.0
vn 0.0 1.0 0.0
vn 0.0 1.0 -0.0
vn 0.0 1.0 0.0
vn 0.0 1.0 0.0
vn 0.0 1.0 -0.0
vn 0.0 1.0 0.0
vn 0.0 1.0 -0.0
vn -0.0 1.0 0.0
vn 0.0 1.0 -0.0
vn -0.0 1.0 0.0
vn 0.0 1.0 0.0
vn 0.0 1.0 0.0
vn -0.0 1.0 0.0
vn -0.447204 0.783537 0.431368
vn -0.027383 0.717609 0.695908
vn -0.397043 0.860959 -0.317973
vn -0.448164 0.840669 -0.304014
vn 0.421338 0.74749 0.513549
vn 0.035038 0.707514 0.70583
vn 0.016953 0.800279 0.599389
vn -0.054101 0.824282 0.563588
vn 0.444236 0.576167 0.686065
vn 0.262536 0.763641 0.589853
vn 0.31246 0.75685 0.574062
vn 0.258437 0.78301 0.565778
vn 0.19298 0.787409 0.585445
vn 0.28456 0.596664 0.750345
vn 0.13972 0.744611 0.652711
vn 0.462282 0.730293 0.502958
vn 0.432684 0.729665 0.529503
vn 0.475496 0.710859 0.518251
vn 0.455861 0.690039 0.562171
vn 0.355785 0.784984 0.507165
vn 0.398537 0.780587 0.48151
vn 0.295807 0.799521 0.522747
vn 0.127644 0.670754 0.730613
vn 0.088442 0.849194 0.520622
vn 0.193569 0.735959 0.648764
vn -0.612763 0.774583 -0.156661
vn -0.499667 0.794801 -0.344418
vn -0.560508 0.792003 -0.241996
vn -0.386036 0.886361 -0.255616
vn -0.397061 0.860953 -0.317966
vn -0.39707 0.860958 -0.317942
vn -0.412949 0.770216 0.486046
vn -0.365875 0.839194 0.402354
vn -0.520938 0.782366 0.341361
vn -0.479066 0.758443 0.441882
vn -0.554644 0.756009 0.347593
vn -0.450095 0.855751 0.255158
vn -0.411395 0.895731 0.168584
vn -0.736668 0.675204 0.037671
vn -0.507739 0.821294 0.260148
vn -0.507738 0.821293 0.260152
vn -0.629076 0.76056 0.160661
vn -0.495885 0.864263 0.084547
vn -0.50007 0.849769 0.1668
vn -0.470613 0.882339 -0.001173
vn -0.384786 0.912223 -0.140672
vn -0.558983 0.828748 -0.02673
vn -0.530522 0.839225 -0.119363
vn -0.530554 0.839212 -0.119316
vn -0.013311 0.745246 0.666656
vn -0.013271 0.745236 0.666669
vn -0.138726 0.707498 0.692966
vn -0.123216 0.805479 0.579673
vn -0.205005 0.819338 0.535405
vn -0.127624 0.800908 0.585029
vn -0.304664 0.722032 0.621168
vn -0.283731 0.795963 0.534734
vn -0.283751 0.795969 0.534714
vn -0.44561 0.629613 0.636411
vn -0.277047 0.865274 0.417787
vn -0.241123 0.787181 0.567632
vn -0.261717 0.779364 -0.569294
vn -0.309195 0.772763 -0.554288
vn 0.456037 0.801577 0.386659
vn -0.057357 0.82881 0.556583
vn -0.070476 0.861698 0.502503
vn -0.2349 0.844705 0.480931
vn -0.087321 0.833453 0.545648
vn -0.264034 0.808225 0.526364
vn -0.249735 0.866459 0.432297
vn -0.218151 0.863547 0.454639
vn -0.241994 0.873983 0.421418
vn -0.433244 0.804192 0.406908
vn 0.539478 0.74658 0.389335
vn 0.539489 0.746577 0.389326
vn 0.480355 0.75782 0.441551
vn 0.440796 0.795087 0.416577
vn 0.453209 0.806127 0.380474
vn 0.453099 0.806161 0.380533
vn 0.430784 0.813512 0.390669
vn 0.319322 0.780098 0.538034
vn 0.290543 0.815898 0.499894
vn 0.290543 0.815899 0.499894
vn 0.312254 0.811123 0.494548
vn 0.288327 0.827382 0.481981
vn 0.132418 0.797183 0.589038
vn 0.109757 0.821871 0.559
vn 0.135043 0.818127 0.558955
vn 0.114447 0.84545 0.521647
vn -0.068547 0.80512 0.589138
vn -0.096237 0.817385 0.567996
vn -0.096184 0.817382 0.568009
vn -0.523663 0.756381 -0.392001
vn -0.466859 0.736936 -0.488844
vn -0.38637 0.762459 -0.519013
vn -0.420948 0.77621 -0.469361
vn -0.309158 0.822531 -0.477351
vn -0.315803 0.766664 -0.559012
vn -0.298781 0.76531 -0.570115
vn -0.298763 0.765304 -0.570132
vn -0.594609 0.802458 0.050015
vn -0.480139 0.874991 -0.06211
vn -0.541747 0.829117 -0.138117
vn -0.536101 0.842622 -0.050827
vn -0.629922 0.765656 -0.130265
vn -0.479756 0.847779 -0.226063
vn -0.466543 0.829612 -0.306728
vn -0.318344 0.848888 -0.421956
vn -0.481694 0.819891 -0.309434
vn -0.455798 0.807058 -0.375374
vn -0.575864 0.750488 -0.324266
vn -0.481251 0.84691 -0.226144
vn -0.481239 0.84692 -0.226131
vn -0.414986 0.851288 0.321084
vn -0.414986 0.851286 0.321089
vn -0.382845 0.85138 0.358583
vn -0.379224 0.878443 0.290734
vn -0.556365 0.795798 0.239089
vn -0.548754 0.819204 0.166656
vn -0.522293 0.824132 0.219128
vn -0.466068 0.875766 0.125755
vn -0.595991 0.801405 0.05044
vn -0.558809 0.811309 0.171785
vn -0.625978 0.779211 -0.031329
vn -0.317539 0.73788 0.595569
vn -0.482107 0.764226 -0.428406
vn -0.51431 0.747397 -0.420575
vn -0.520238 0.634342 0.571807
vn -0.220226 0.759402 0.612216
vn -0.295277 0.851364 0.43358
vn -0.363485 0.843628 0.395185
vn -0.304971 0.812131 0.49743
vn -0.304975 0.81213 0.497428
vn -0.403253 0.742344 0.535082
vn -0.431616 0.834846 0.341672
vn -0.492092 0.814109 0.308339
vn -0.492113 0.814101 0.308325
vn 0.325832 0.700338 0.635107
vn 0.050964 0.844062 0.533819
vn 0.133418 0.851022 0.507899
vn 0.038336 0.866812 0.497159
vn -0.043182 0.85332 0.519596
vn 0.108817 0.71447 0.691152
vn -0.121374 0.808248 0.576198
vn 0.307413 0.841116 0.444996
vn 0.366091 0.826788 0.427082
vn 0.323252 0.824119 0.46512
vn 0.390414 0.801008 0.453831
vn 0.353878 0.787966 0.503864
vn 0.197566 0.878441 0.435097
vn 0.26697 0.879774 0.393352
vn 0.109894 0.88264 0.457023
vn -0.115108 0.771152 0.626159
vn -0.212502 0.889739 0.403989
vn -0.032416 0.820855 0.570217
vn -0.641864 0.69583 -0.322229
vn -0.562126 0.691386 -0.453872
vn -0.606476 0.699117 -0.378712
vn -0.473166 0.789155 -0.391597
vn -0.482111 0.764221 -0.428411
vn -0.482125 0.764226 -0.428386
vn -0.769124 0.617062 -0.166383
vn -0.716572 0.692865 -0.080387
vn -0.59136 0.786251 -0.179171
vn -0.595606 0.796214 -0.106283
vn -0.571384 0.787273 -0.231781
vn -0.48667 0.811174 -0.324267
vn -0.617725 0.749812 -0.237061
vn -0.595063 0.741607 -0.309709
vn -0.595101 0.741598 -0.309655
vn -0.564812 0.782117 0.263212
vn -0.564849 0.782103 0.263172
vn -0.498819 0.805756 0.319277
vn -0.528828 0.820205 0.218185
vn -0.65531 0.711601 0.253365
vn -0.684901 0.710568 0.161258
vn -0.638763 0.732135 0.236558
vn -0.587034 0.804817 0.087525
vn -0.677105 0.732608 0.069385
vn -0.650919 0.74711 0.13465
vn -0.699559 0.709841 0.08212
vn -0.598288 0.799669 -0.050805
vn -0.573646 0.811646 -0.11028
vn -0.633318 0.772944 -0.038296
vn -0.633318 0.772943 -0.038297
vn -0.555469 0.730369 0.397511
vn -0.621858 0.757845 -0.197393
vn -0.569513 0.794497 -0.210785
vn -0.569514 0.794496 -0.210783
vn -0.573054 0.805359 -0.151679
vn -0.686826 0.707636 -0.165897
vn -0.705275 0.706047 -0.063912
vn -0.650937 0.758354 -0.034342
vn -0.65094 0.758352 -0.034333
vn -0.705284 0.70604 -0.063888
vn -0.524056 0.850152 -0.051062
vn -0.640935 0.766981 0.030698
vn -0.709166 0.70502 0.005495
vn -0.709167 0.705019 0.005482
vn -0.592169 0.794649 0.133678
vn -0.613206 0.770891 0.172355
vn -0.613162 0.779106 0.130487
vn -0.691684 0.7023 0.168367
vn -0.535146 0.729544 0.425893
vn -0.503767 0.781209 0.368689
vn -0.628811 0.712221 0.31199
vn -0.581018 0.701954 0.411921
vn -0.636639 0.704317 0.314051
vn -0.560123 0.786682 0.259604
vn -0.540197 0.823287 0.174316
vn -0.574657 0.775254 0.262203
vn -0.574667 0.775261 0.262163
vn -0.546089 0.58949 0.595221
vn -0.474552 0.791858 0.384398
vn -0.426088 0.780308 0.457787
vn -0.424582 0.751327 0.50521
vn -0.449083 0.751066 0.483968
vn -0.453963 0.705029 0.544841
vn -0.331236 0.781381 0.528892
vn -0.308022 0.771414 0.556815
vn -0.336633 0.769906 0.542147
vn -0.330531 0.704678 0.627836
vn -0.220509 0.766069 0.60375
vn -0.220463 0.766074 0.603761
vn -0.310675 0.76429 0.565103
vn -0.218984 0.785127 0.579329
vn -0.18479 0.716188 0.672998
vn -0.22346 0.708438 0.669463
vn -0.184461 0.70536 0.684428
vn -0.089598 0.791518 0.604542
vn -0.037447 0.753059 0.656887
vn -0.074268 0.745676 0.662157
vn -0.022905 0.714579 0.69918
vn 0.051454 0.795303 0.604025
vn 0.076981 0.814537 0.574981
vn 0.068662 0.771725 0.632239
vn 0.068671 0.771727 0.632235
vn 0.149569 0.718595 0.679154
vn 0.185725 0.808216 0.558832
vn 0.224401 0.815477 0.533518
vn 0.187074 0.807037 0.560084
vn 0.316431 0.727663 0.608587
vn 0.341292 0.745145 0.572957
vn 0.27978 0.765309 0.579676
vn 0.362962 0.744746 0.56001
vn 0.341299 0.745147 0.572949
vn -0.010019 0.999837 -0.014994
vn -0.007976 0.999837 -0.016174
vn -0.005797 0.999837 -0.017076
vn -0.003518 0.999837 -0.017687
vn -0.001179 0.999837 -0.017995
vn 0.001179 0.999837 -0.017995
vn 0.003518 0.999837 -0.017687
vn 0.005797 0.999837 -0.017076
vn 0.007976 0.999837 -0.016174
vn 0.010019 0.999837 -0.014994
vn 0.01189 0.999837 -0.013558
vn 0.013558 0.999837 -0.01189
vn 0.014994 0.999837 -0.010019
vn 0.016174 0.999837 -0.007976
vn 0.017076 0.999837 -0.005797
vn 0.017687 0.999837 -0.003518
vn 0.017995 0.999837 -0.001179
vn 0.017995 0.999837 0.001179
vn 0.017687 0.999837 0.003518
vn 0.017076 0.999837 0.005797
vn 0.016174 0.999837 0.007976
vn 0.014994 0.999837 0.010019
vn 0.013558 0.999837 0.01189
vn 0.01189 0.999837 0.013558
vn 0.010019 0.999837 0.014994
vn 0.007976 0.999837 0.016174
vn 0.005797 0.999837 0.017076
vn 0.003518 0.999837 0.017687
vn 0.001179 0.999837 0.017995
vn -0.001179 0.999837 0.017995
vn -0.003518 0.999837 0.017687
vn -0.005797 0.999837 0.017076
vn -0.007976 0.999837 0.016174
vn -0.010019 0.999837 0.014994
vn -0.01189 0.999837 0.013558
vn -0.013558 0.999837 0.01189
vn -0.014994 0.999837 0.010019
vn -0.016174 0.999837 0.007976
vn -0.017076 0.999837 0.005797
vn -0.017687 0.999837 0.003518
vn -0.017995 0.999837 0.001179
vn -0.017995 0.999837 -0.001179
vn -0.017687 0.999837 -0.003518
vn -0.017076 0.999837 -0.005797
vn -0.016174 0.999837 -0.007976
vn -0.014994 0.999837 -0.010019
vn -0.013558 0.999837 -0.01189
vn -0.01189 0.999837 -0.013558
vn -0.074872 0.995937 -0.050028
vn -0.074872 0.995937 -0.050028
vn -0.080762 0.995937 -0.039827
vn -0.080762 0.995937 -0.039827
vn -0.080762 0.995937 -0.039827
vn -0.085269 0.995937 -0.028945
vn -0.085269 0.995937 -0.028945
vn -0.088318 0.995937 -0.017568
vn -0.088318 0.995937 -0.017568
vn -0.088318 0.995937 -0.017568
vn -0.089855 0.995937 -0.005889
vn -0.089855 0.995937 -0.005889
vn -0.089855 0.995937 -0.00589
vn -0.089855 0.995937 0.005889
vn -0.089855 0.995937 0.005889
vn -0.088318 0.995937 0.017568
vn -0.088318 0.995937 0.017568
vn -0.088318 0.995937 0.017568
vn -0.085269 0.995937 0.028945
vn -0.085269 0.995937 0.028945
vn -0.085269 0.995937 0.028945
vn -0.080762 0.995937 0.039827
vn -0.080762 0.995937 0.039827
vn -0.080762 0.995937 0.039828
vn -0.074872 0.995937 0.050028
vn -0.074872 0.995937 0.050028
vn -0.067702 0.995937 0.059373
vn -0.067702 0.995937 0.059373
vn -0.067702 0.995937 0.059373
vn -0.059373 0.995937 0.067702
vn -0.059373 0.995937 0.067702
vn -0.059373 0.995937 0.067702
vn -0.050028 0.995937 0.074872
vn -0.050028 0.995937 0.074872
vn -0.039828 0.995937 0.080761
vn -0.039827 0.995937 0.080762
vn -0.039827 0.995937 0.080762
vn -0.028945 0.995937 0.085269
vn -0.028945 0.995937 0.085269
vn -0.028945 0.995937 0.085269
vn -0.017568 0.995937 0.088318
vn -0.017567 0.995937 0.088318
vn -0.017567 0.995937 0.088318
vn -0.00589 0.995937 0.089855
vn -0.005889 0.995937 0.089855
vn 0.00589 0.995937 0.089855
vn 0.00589 0.995937 0.089856
vn 0.005889 0.995937 0.089855
vn 0.017567 0.995937 0.088318
vn 0.017567 0.995937 0.088318
vn 0.017568 0.995937 0.088318
vn 0.028945 0.995937 0.085269
vn 0.028945 0.995937 0.085269
vn 0.039828 0.995937 0.080762
vn 0.039827 0.995937 0.080762
vn 0.039827 0.995937 0.080762
vn 0.050028 0.995937 0.074872
vn 0.050028 0.995937 0.074872
vn 0.050028 0.995937 0.074872
vn 0.059373 0.995937 0.067702
vn 0.059373 0.995937 0.067702
vn 0.067702 0.995937 0.059373
vn 0.067702 0.995937 0.059373
vn 0.074872 0.995937 0.050028
vn 0.074872 0.995937 0.050028
vn 0.074872 0.995937 0.050028
vn 0.080762 0.995937 0.039827
vn 0.080762 0.995937 0.039827
vn 0.080762 0.995937 0.039827
vn 0.085269 0.995937 0.028945
vn 0.085269 0.995937 0.028945
vn 0.088318 0.995937 0.017568
vn 0.088318 0.995937 0.017568
vn 0.088318 0.995937 0.017568
vn 0.089855 0.995937 0.005889
vn 0.089855 0.995937 0.005889
vn 0.089855 0.995937 0.00589
vn 0.089855 0.995937 -0.005889
vn 0.089855 0.995937 -0.005889
vn 0.088318 0.995937 -0.017568
vn 0.088318 0.995937 -0.017568
vn 0.088318 0.995937 -0.017568
vn 0.085269 0.995937 -0.028945
vn 0.085269 0.995937 -0.028945
vn 0.085269 0.995937 -0.028945
vn 0.080762 0.995937 -0.039827
vn 0.080762 0.995937 -0.039827
vn 0.080762 0.995937 -0.039828
vn 0.074872 0.995937 -0.050028
vn 0.074872 0.995937 -0.050028
vn 0.067702 0.995937 -0.059373
vn 0.067702 0.995937 -0.059373
vn 0.067702 0.995937 -0.059373
vn 0.059373 0.995937 -0.067702
vn 0.059373 0.995937 -0.067702
vn 0.059372 0.995937 -0.067702
vn 0.050028 0.995937 -0.074873
vn 0.050028 0.995937 -0.074872
vn 0.039827 0.995937 -0.080762
vn 0.039827 0.995937 -0.080762
vn 0.039827 0.995937 -0.080762
vn 0.028945 0.995937 -0.085269
vn 0.028945 0.995937 -0.085269
vn 0.028945 0.995937 -0.085269
vn 0.017568 0.995937 -0.088318
vn 0.017567 0.995937 -0.088318
vn 0.017567 0.995937 -0.088318
vn 0.00589 0.995937 -0.089855
vn 0.005889 0.995937 -0.089855
vn -0.005889 0.995937 -0.089855
vn -0.00589 0.995937 -0.089855
vn -0.005889 0.995937 -0.089855
vn -0.017568 0.995937 -0.088318
vn -0.017567 0.995937 -0.088318
vn -0.017567 0.995937 -0.088318
vn -0.028945 0.995937 -0.085269
vn -0.028945 0.995937 -0.085269
vn -0.039827 0.995937 -0.080762
vn -0.039827 0.995937 -0.080762
vn -0.039827 0.995937 -0.080762
vn -0.050028 0.995937 -0.074872
vn -0.050028 0.995937 -0.074872
vn -0.050028 0.995937 -0.074873
vn -0.059373 0.995937 -0.067702
vn -0.059373 0.995937 -0.067702
vn -0.067702 0.995937 -0.059373
vn -0.067702 0.995937 -0.059373
vn -0.074872 0.995937 -0.050028
vn -0.030043 0.998537 -0.044963
vn -0.030043 0.998537 -0.044963
vn -0.023917 0.998537 -0.0485
vn -0.023917 0.998537 -0.048499
vn -0.017382 0.998537 -0.051206
vn -0.017382 0.998537 -0.051206
vn -0.01055 0.998537 -0.053037
vn -0.01055 0.998537 -0.053037
vn -0.003537 0.998537 -0.05396
vn -0.003537 0.998537 -0.05396
vn 0.003537 0.998537 -0.05396
vn 0.003537 0.998537 -0.05396
vn 0.01055 0.998537 -0.053037
vn 0.01055 0.998537 -0.053037
vn 0.017382 0.998537 -0.051206
vn 0.017382 0.998537 -0.051206
vn 0.023917 0.998537 -0.048499
vn 0.023917 0.998537 -0.048499
vn 0.030043 0.998537 -0.044963
vn 0.030043 0.998537 -0.044963
vn 0.035655 0.998537 -0.040657
vn 0.035655 0.998537 -0.040657
vn 0.040657 0.998537 -0.035655
vn 0.040657 0.998537 -0.035655
vn 0.044963 0.998537 -0.030043
vn 0.044963 0.998537 -0.030043
vn 0.0485 0.998537 -0.023917
vn 0.048499 0.998537 -0.023917
vn 0.051206 0.998537 -0.017382
vn 0.051206 0.998537 -0.017382
vn 0.053037 0.998537 -0.01055
vn 0.053037 0.998537 -0.01055
vn 0.05396 0.998537 -0.003537
vn 0.05396 0.998537 -0.003537
vn 0.05396 0.998537 0.003537
vn 0.05396 0.998537 0.003537
vn 0.053037 0.998537 0.01055
vn 0.053037 0.998537 0.01055
vn 0.051206 0.998537 0.017382
vn 0.051206 0.998537 0.017382
vn 0.0485 0.998537 0.023917
vn 0.048499 0.998537 0.023917
vn 0.044963 0.998537 0.030043
vn 0.044963 0.998537 0.030043
vn 0.040657 0.998537 0.035655
vn 0.040657 0.998537 0.035655
vn 0.035655 0.998537 0.040657
vn 0.035655 0.998537 0.040657
vn 0.030043 0.998537 0.044963
vn 0.030043 0.998537 0.044963
vn 0.023917 0.998537 0.048499
vn 0.023917 0.998537 0.0485
vn 0.017382 0.998537 0.051206
vn 0.017382 0.998537 0.051206
vn 0.01055 0.998537 0.053037
vn 0.01055 0.998537 0.053037
vn 0.003537 0.998537 0.05396
vn 0.003537 0.998537 0.05396
vn -0.003537 0.998537 0.05396
vn -0.003537 0.998537 0.05396
vn -0.01055 0.998537 0.053037
vn -0.01055 0.998537 0.053037
vn -0.017382 0.998537 0.051206
vn -0.017382 0.998537 0.051206
vn -0.023917 0.998537 0.048499
vn -0.023917 0.998537 0.0485
vn -0.030043 0.998537 0.044963
vn -0.030043 0.998537 0.044963
vn -0.035655 0.998537 0.040657
vn -0.035655 0.998537 0.040657
vn -0.040657 0.998537 0.035655
vn -0.040657 0.998537 0.035655
vn -0.044963 0.998537 0.030043
vn -0.044963 0.998537 0.030043
vn -0.0485 0.998537 0.023917
vn -0.048499 0.998537 0.023917
vn -0.051206 0.998537 0.017382
vn -0.051206 0.998537 0.017382
vn -0.053037 0.998537 0.01055
vn -0.053037 0.998537 0.01055
vn -0.05396 0.998537 0.003537
vn -0.05396 0.998537 0.003537
vn -0.05396 0.998537 -0.003537
vn -0.05396 0.998537 -0.003537
vn -0.053037 0.998537 -0.01055
vn -0.053037 0.998537 -0.01055
vn -0.051206 0.998537 -0.017382
vn -0.051206 0.998537 -0.017382
vn -0.0485 0.998537 -0.023917
vn -0.048499 0.998537 -0.023917
vn -0.044963 0.998537 -0.030043
vn -0.044963 0.998537 -0.030043
vn -0.040657 0.998537 -0.035655
vn -0.040657 0.998537 -0.035655
vn -0.035655 0.998537 -0.040657
vn -0.035655 0.998537 -0.040657
vn -0.53068 -0.556743 -0.639074
vn -0.659345 -0.0 -0.75184
vn -0.430399 0.230294 -0.872766
vn -0.382091 -0.619218 -0.685985
vn -0.516816 0.366945 -0.773468
vn -0.516815 0.366946 -0.773468
vn -0.107593 -0.6273 -0.77131
vn -0.430403 0.230294 -0.872764
vn -0.304527 -0.32009 -0.89711
vn -0.28975 -0.41072 -0.864496
vn -0.187225 0.281164 -0.941219
vn -0.187219 0.281164 -0.94122
vn 0.06507 -0.100852 -0.992771
vn 0.039457 -0.519673 -0.853454
vn -0.061303 0.348582 -0.935271
vn -0.0613 0.348582 -0.935271
vn 0.194301 0.089781 -0.976825
vn 0.194302 0.089781 -0.976824
vn 0.185718 -0.58481 -0.789624
vn 0.436104 0.166645 -0.884332
vn 0.321523 -0.605291 -0.72818
vn 0.297857 0.375962 -0.877459
vn 0.297857 0.375962 -0.877459
vn 0.436115 0.166645 -0.884327
vn 0.543271 -0.209243 -0.813065
vn 0.498302 -0.47174 -0.727431
vn 0.624617 0.32027 -0.712236
vn 0.624616 0.320271 -0.712237
vn 0.549161 -0.629956 -0.549161
vn 0.813059 -0.209273 -0.543268
vn 0.727434 -0.471735 -0.498304
vn 0.71224 0.320264 -0.624617
vn 0.712239 0.320263 -0.624617
vn 0.884331 0.166635 -0.436109
vn 0.884333 0.166635 -0.436105
vn 0.728179 -0.605292 -0.321523
vn 0.976825 0.089772 -0.194302
vn 0.789621 -0.584815 -0.185717
vn 0.877461 0.375958 -0.297857
vn 0.877461 0.375957 -0.297858
vn 0.976825 0.089772 -0.194305
vn 0.992769 -0.100873 -0.06507
vn 0.853453 -0.519674 -0.039458
vn 0.935275 0.348573 0.061302
vn 0.935275 0.348573 0.061301
vn 0.771301 -0.627311 0.107592
vn 0.897105 -0.320103 0.304526
vn 0.864489 -0.410737 0.289748
vn 0.941221 0.281159 0.187223
vn 0.941221 0.281159 0.187221
vn 0.872772 0.230264 0.430404
vn 0.872772 0.230264 0.430404
vn 0.685985 -0.619219 0.382091
vn 0.75184 0.0 0.659346
vn 0.639068 -0.556755 0.530675
vn 0.773471 0.36694 0.516815
vn 0.77347 0.366941 0.516816
vn 0.790021 -0.065549 0.609566
vn 0.671718 0.487512 0.557788
vn 0.729408 0.0 0.684079
vn 0.790022 -0.065549 0.609564
vn 0.860993 0.073709 0.503247
vn 0.787494 0.432961 0.438632
vn 0.949089 -0.169983 0.265209
vn 0.811764 0.516734 0.272076
vn 0.886604 -0.269928 0.375597
vn 0.886604 -0.269928 0.375595
vn 0.85056 0.524405 -0.039324
vn 0.949089 -0.169983 0.26521
vn 0.960899 0.239143 0.139586
vn 0.929042 0.346535 0.129596
vn 0.974212 -0.225092 0.015617
vn 0.974212 -0.225092 0.015616
vn 0.952354 0.196226 -0.233489
vn 0.903744 0.371573 -0.212558
vn 0.964846 -0.239276 -0.108711
vn 0.964846 -0.239276 -0.108712
vn 0.922645 -0.147246 -0.356433
vn 0.922645 -0.147246 -0.356434
vn 0.786042 0.511547 -0.347071
vn 0.810374 0.035921 -0.584811
vn 0.737041 0.449291 -0.504885
vn 0.844844 -0.276328 -0.458128
vn 0.844844 -0.276328 -0.458128
vn 0.728963 -0.033857 -0.683715
vn 0.72899 -0.033857 -0.683687
vn 0.621687 0.476459 -0.621685
vn 0.529627 -0.095 -0.842894
vn 0.490397 0.496999 -0.715893
vn 0.60983 -0.283606 -0.740051
vn 0.60983 -0.283606 -0.740051
vn 0.529618 -0.095 -0.8429
vn 0.416691 0.113225 -0.90197
vn 0.367555 0.414678 -0.832433
vn 0.172192 -0.190507 -0.966466
vn 0.195483 0.520579 -0.831134
vn 0.289412 -0.261589 -0.920767
vn 0.289418 -0.261589 -0.920765
vn -0.117742 0.523159 -0.844063
vn 0.172186 -0.190507 -0.966467
vn 0.046109 0.28249 -0.958161
vn 0.043771 0.318972 -0.946753
vn -0.078288 -0.208861 -0.974807
vn -0.078289 -0.208861 -0.974807
vn -0.326326 0.154201 -0.932595
vn -0.292055 0.394227 -0.871372
vn -0.200227 -0.251417 -0.946942
vn -0.200223 -0.251417 -0.946943
vn -0.444907 -0.122215 -0.887198
vn -0.444911 -0.122215 -0.887197
vn -0.420003 0.504977 -0.754053
vn -0.66035 0.0 -0.750958
vn -0.565994 0.463759 -0.6816
vn -0.536393 -0.280895 -0.795852
vn -0.536395 -0.280894 -0.795851
vn 0.68089 0.0 0.732385
vn 0.68089 0.0 0.732385
vn -0.5 0.0 0.866025
vn -0.5 0.0 0.866025
vn 0.0 0.0 1.0
vn 0.0 0.0 1.0
vn 0.499998 0.0 0.866026
vn 0.499998 0.0 0.866026
vn 0.376782 0.901948 0.211008
vn 0.180795 0.901949 -0.392175
vn 0.050758 0.901947 -0.428852
vn -0.661729 0.222858 -0.715855
vn -0.293133 0.901948 -0.317115
vn -0.293134 0.90195 -0.317111
vn -0.530212 0.624404 -0.57358
vn -0.293134 0.90195 -0.31711
vn -0.26735 0.90195 -0.339132
vn -0.267351 0.901949 -0.339133
vn -0.239919 0.901949 -0.359064
vn -0.239919 0.901949 -0.359064
vn -0.239922 0.901947 -0.359067
vn -0.211009 0.901947 -0.376785
vn -0.211007 0.90195 -0.37678
vn -0.180795 0.90195 -0.392173
vn -0.180795 0.901949 -0.392175
vn -0.180795 0.901949 -0.392175
vn -0.149469 0.901949 -0.405151
vn -0.149468 0.90195 -0.405149
vn -0.11722 0.90195 -0.415628
vn -0.117219 0.901948 -0.415631
vn -0.117221 0.901947 -0.415634
vn -0.084249 0.901947 -0.42355
vn -0.084249 0.901949 -0.423545
vn -0.050757 0.901949 -0.42885
vn -0.050757 0.90195 -0.428848
vn -0.050759 0.901947 -0.428852
vn -0.016954 0.901947 -0.431513
vn -0.016954 0.901948 -0.431513
vn 0.016954 0.901948 -0.431513
vn 0.016954 0.901948 -0.431511
vn 0.016954 0.901947 -0.431513
vn 0.084248 0.901952 -0.423537
vn 0.084249 0.901949 -0.423545
vn 0.050757 0.901949 -0.42885
vn 0.084247 0.90195 -0.423544
vn 0.117219 0.90195 -0.415628
vn 0.117219 0.90195 -0.415628
vn 0.149468 0.90195 -0.40515
vn 0.149467 0.90195 -0.405148
vn 0.149466 0.901949 -0.405152
vn 0.211007 0.90195 -0.376779
vn 0.211007 0.90195 -0.37678
vn 0.180794 0.90195 -0.392174
vn 0.211006 0.90195 -0.37678
vn 0.239918 0.90195 -0.359063
vn 0.239919 0.901949 -0.359064
vn 0.267351 0.901949 -0.339133
vn 0.267351 0.901949 -0.339133
vn 0.267355 0.90195 -0.339127
vn 0.293133 0.90195 -0.317111
vn 0.293136 0.901948 -0.317113
vn 0.317113 0.901948 -0.293136
vn 0.317114 0.901948 -0.293137
vn 0.339139 0.901948 -0.267349
vn 0.339134 0.901949 -0.267352
vn 0.339134 0.901949 -0.267352
vn 0.359064 0.901949 -0.239919
vn 0.359067 0.901947 -0.239921
vn 0.376785 0.901947 -0.211006
vn 0.376781 0.901949 -0.211008
vn 0.376779 0.90195 -0.211006
vn 0.392173 0.90195 -0.180794
vn 0.392172 0.90195 -0.180794
vn 0.405148 0.90195 -0.149467
vn 0.405149 0.90195 -0.149467
vn 0.405149 0.90195 -0.149467
vn 0.415627 0.90195 -0.117219
vn 0.415631 0.901948 -0.11722
vn 0.423547 0.901948 -0.084249
vn 0.423547 0.901948 -0.084249
vn 0.423546 0.901949 -0.084248
vn 0.42885 0.901949 -0.050758
vn 0.428849 0.901949 -0.050758
vn 0.43151 0.901949 -0.016954
vn 0.431509 0.901949 -0.016954
vn 0.431509 0.901949 -0.016954
vn 0.431509 0.901949 0.016954
vn 0.43151 0.901949 0.016954
vn 0.428849 0.901949 0.050758
vn 0.42885 0.901949 0.050758
vn 0.42885 0.901949 0.050758
vn 0.423546 0.901949 0.084249
vn 0.415628 0.90195 0.117219
vn 0.41563 0.901949 0.11722
vn 0.423546 0.901949 0.084249
vn 0.415628 0.901949 0.117219
vn 0.405151 0.901949 0.149468
vn 0.40515 0.901949 0.149468
vn 0.392174 0.901949 0.180795
vn 0.392177 0.901948 0.180796
vn 0.392175 0.901949 0.180796
vn 0.359064 0.901949 0.239918
vn 0.359067 0.901947 0.23992
vn 0.376783 0.901947 0.21101
vn 0.359061 0.90195 0.239919
vn 0.339131 0.901951 0.267349
vn 0.339132 0.90195 0.26735
vn 0.31711 0.90195 0.293134
vn 0.317112 0.901948 0.293136
vn 0.317121 0.901946 0.293133
vn -0.530213 0.624403 -0.573581
vn -0.483575 0.624403 -0.613414
vn -0.483576 0.624402 -0.613414
vn -0.433957 0.624402 -0.649464
vn -0.433956 0.624407 -0.64946
vn -0.381662 0.624408 -0.681505
vn -0.381661 0.624409 -0.681504
vn -0.327013 0.624409 -0.709348
vn -0.327014 0.624405 -0.709352
vn -0.270354 0.624405 -0.732821
vn -0.270354 0.624402 -0.732824
vn -0.212022 0.624402 -0.751777
vn -0.212021 0.62441 -0.75177
vn -0.152385 0.624411 -0.766088
vn -0.152385 0.624402 -0.766095
vn -0.091808 0.624402 -0.775689
vn -0.091808 0.624405 -0.775686
vn -0.030666 0.624405 -0.780498
vn -0.030666 0.624407 -0.780497
vn 0.030666 0.624407 -0.780497
vn 0.030666 0.624405 -0.780498
vn 0.091808 0.624405 -0.775687
vn 0.091809 0.624402 -0.775689
vn 0.152386 0.624402 -0.766095
vn 0.152387 0.6244 -0.766095
vn 0.212024 0.6244 -0.751778
vn 0.212023 0.624402 -0.751777
vn 0.270353 0.624402 -0.732824
vn 0.270351 0.624405 -0.732822
vn 0.327015 0.624405 -0.709351
vn 0.327018 0.6244 -0.709355
vn 0.381665 0.6244 -0.68151
vn 0.381661 0.624407 -0.681506
vn 0.433955 0.624407 -0.64946
vn 0.433958 0.624402 -0.649463
vn 0.483577 0.624402 -0.613413
vn 0.483576 0.624403 -0.613413
vn 0.530213 0.624403 -0.573581
vn 0.530212 0.624404 -0.57358
vn 0.573581 0.624404 -0.530212
vn 0.573578 0.624408 -0.53021
vn 0.61341 0.624408 -0.483574
vn 0.613415 0.6244 -0.483576
vn 0.649465 0.6244 -0.433958
vn 0.649458 0.624409 -0.433956
vn 0.681504 0.624409 -0.381661
vn 0.681506 0.624406 -0.381662
vn 0.709351 0.624406 -0.327015
vn 0.709354 0.624401 -0.327016
vn 0.732825 0.624401 -0.270352
vn 0.732824 0.624402 -0.270352
vn 0.751777 0.624402 -0.212022
vn 0.751773 0.624407 -0.212022
vn 0.766091 0.624407 -0.152385
vn 0.766094 0.624403 -0.152385
vn 0.775689 0.624402 -0.091809
vn 0.77569 0.624401 -0.091809
vn 0.780502 0.6244 -0.030666
vn 0.780501 0.624402 -0.030666
vn 0.780501 0.624402 0.030666
vn 0.780503 0.6244 0.030666
vn 0.775691 0.6244 0.091809
vn 0.77569 0.624401 0.091809
vn 0.766095 0.624401 0.152386
vn 0.766093 0.624404 0.152385
vn 0.751775 0.624404 0.212022
vn 0.751777 0.624402 0.212023
vn 0.732824 0.624402 0.270353
vn 0.732825 0.624401 0.270353
vn 0.709354 0.624401 0.327017
vn 0.709351 0.624406 0.327015
vn 0.681506 0.624406 0.381663
vn 0.681504 0.624409 0.381662
vn 0.64946 0.624409 0.433953
vn 0.649465 0.6244 0.433958
vn 0.613415 0.6244 0.483577
vn 0.613414 0.624402 0.483576
vn 0.573581 0.624401 0.530215
vn 0.573577 0.624411 0.530208
vn -0.661729 0.222863 -0.715854
vn -0.603523 0.222864 -0.765567
vn -0.603523 0.222864 -0.765567
vn -0.541598 0.222864 -0.810557
vn -0.541598 0.222857 -0.810559
vn -0.476334 0.222857 -0.850553
vn -0.476334 0.222853 -0.850554
vn -0.40813 0.222853 -0.885306
vn -0.40813 0.222868 -0.885302
vn -0.337413 0.222869 -0.914594
vn -0.337412 0.222856 -0.914597
vn -0.264614 0.222856 -0.938251
vn -0.264614 0.222848 -0.938253
vn -0.190183 0.222847 -0.956122
vn -0.190185 0.222863 -0.956118
vn -0.114581 0.222863 -0.968093
vn -0.114581 0.222859 -0.968094
vn -0.038273 0.222859 -0.974099
vn -0.038273 0.222857 -0.9741
vn 0.038273 0.222857 -0.9741
vn 0.038273 0.222859 -0.974099
vn 0.114581 0.222859 -0.968093
vn 0.114581 0.222863 -0.968093
vn 0.190185 0.222863 -0.956118
vn 0.190185 0.222863 -0.956118
vn 0.264614 0.222863 -0.938249
vn 0.264612 0.222872 -0.938248
vn 0.337411 0.222871 -0.914594
vn 0.337414 0.222854 -0.914597
vn 0.408132 0.222854 -0.885305
vn 0.408129 0.222867 -0.885303
vn 0.476331 0.222867 -0.850552
vn 0.476333 0.222857 -0.850553
vn 0.541599 0.222857 -0.810559
vn 0.541597 0.222864 -0.810558
vn 0.603524 0.222864 -0.765565
vn 0.603524 0.222864 -0.765565
vn 0.661729 0.222863 -0.715854
vn 0.66173 0.222858 -0.715855
vn 0.715855 0.222858 -0.66173
vn 0.715855 0.222858 -0.66173
vn 0.765568 0.222858 -0.603523
vn 0.765566 0.222864 -0.603523
vn 0.810557 0.222864 -0.541599
vn 0.810559 0.222855 -0.541599
vn 0.850554 0.222855 -0.476333
vn 0.850554 0.222856 -0.476333
vn 0.885305 0.222857 -0.40813
vn 0.885304 0.222859 -0.40813
vn 0.914597 0.222859 -0.337412
vn 0.914595 0.222865 -0.337412
vn 0.938249 0.222865 -0.264614
vn 0.938249 0.222863 -0.264614
vn 0.956118 0.222863 -0.190183
vn 0.956119 0.222861 -0.190183
vn 0.968093 0.222861 -0.114581
vn 0.968094 0.222858 -0.114581
vn 0.974099 0.222859 -0.038273
vn 0.9741 0.222857 -0.038273
vn 0.9741 0.222857 0.038273
vn 0.974099 0.222859 0.038273
vn 0.968093 0.22286 0.114581
vn 0.968093 0.222863 0.114581
vn 0.956118 0.222864 0.190183
vn 0.956118 0.222863 0.190183
vn 0.938249 0.222863 0.264614
vn 0.938249 0.222865 0.264614
vn 0.914595 0.222865 0.337412
vn 0.914595 0.222865 0.337412
vn 0.885303 0.222865 0.40813
vn 0.885303 0.222864 0.40813
vn 0.850552 0.222864 0.476333
vn 0.850553 0.222855 0.476335
vn 0.810559 0.222855 0.541599
vn 0.810558 0.222864 0.541596
vn 0.765566 0.222863 0.603523
vn 0.765566 0.222868 0.603522
vn 0.715854 0.222869 0.661727
vn 0.715855 0.222847 0.661733
vn -0.036952 0.998499 -0.040427
vn -0.036952 0.998499 -0.040427
vn -0.036953 0.998499 -0.040427
vn -0.036952 0.998499 -0.040427
vn -0.033337 0.998499 -0.043446
vn -0.033337 0.998499 -0.043446
vn -0.029654 0.998499 -0.046039
vn -0.029654 0.998499 -0.046039
vn -0.029654 0.998499 -0.046039
vn -0.02577 0.998499 -0.04832
vn -0.02577 0.998499 -0.04832
vn -0.02577 0.998499 -0.04832
vn -0.021711 0.998499 -0.050275
vn -0.021711 0.998499 -0.050275
vn -0.017506 0.998499 -0.051889
vn -0.017506 0.998499 -0.051889
vn -0.017506 0.998499 -0.051889
vn -0.013182 0.998499 -0.053152
vn -0.013182 0.998499 -0.053152
vn -0.013182 0.998499 -0.053152
vn -0.008769 0.998499 -0.054055
vn -0.008769 0.998499 -0.054056
vn -0.004297 0.998499 -0.054593
vn -0.004297 0.998499 -0.054594
vn 0.009173 0.998499 -0.053989
vn -0.004296 0.998499 -0.054593
vn 0.000205 0.998499 -0.054762
vn 0.000205 0.998499 -0.054762
vn 0.004706 0.998499 -0.05456
vn 0.004705 0.998499 -0.05456
vn 0.004705 0.998499 -0.05456
vn 0.009173 0.998499 -0.053989
vn 0.009173 0.998499 -0.053989
vn 0.013579 0.998499 -0.053053
vn 0.013579 0.998499 -0.053052
vn 0.017894 0.998499 -0.051757
vn 0.017893 0.998499 -0.051756
vn 0.017893 0.998499 -0.051757
vn 0.022087 0.998499 -0.050111
vn 0.022087 0.998499 -0.050111
vn 0.022087 0.998499 -0.050111
vn 0.02613 0.998499 -0.048126
vn 0.02613 0.998499 -0.048126
vn 0.029997 0.998499 -0.045816
vn 0.029998 0.998499 -0.045816
vn 0.029998 0.998499 -0.045816
vn 0.033662 0.998499 -0.043196
vn 0.033661 0.998499 -0.043195
vn 0.033661 0.998499 -0.043195
vn 0.037097 0.998499 -0.040283
vn 0.037097 0.998499 -0.040282
vn 0.040282 0.998499 -0.037097
vn 0.040283 0.998499 -0.037097
vn 0.040283 0.998499 -0.037097
vn 0.043195 0.998499 -0.033661
vn 0.043195 0.998499 -0.033661
vn 0.043194 0.998499 -0.033662
vn 0.045816 0.998499 -0.029997
vn 0.045816 0.998499 -0.029997
vn 0.048126 0.998499 -0.02613
vn 0.048126 0.998499 -0.02613
vn 0.048126 0.998499 -0.02613
vn 0.050111 0.998499 -0.022087
vn 0.05011 0.998499 -0.022086
vn 0.051756 0.998499 -0.017894
vn 0.051756 0.998499 -0.017893
vn 0.051756 0.998499 -0.017893
vn 0.053052 0.998499 -0.013579
vn 0.053052 0.998499 -0.013579
vn 0.053052 0.998499 -0.013579
vn 0.053989 0.998499 -0.009173
vn 0.053988 0.998499 -0.009173
vn 0.05456 0.998499 -0.004705
vn 0.05456 0.998499 -0.004705
vn 0.05456 0.998499 -0.004705
vn 0.054762 0.998499 -0.000205
vn 0.054762 0.998499 -0.000205
vn 0.054762 0.998499 -0.000205
vn 0.054593 0.998499 0.004297
vn 0.054593 0.998499 0.004297
vn 0.054055 0.998499 0.008769
vn 0.054056 0.998499 0.008769
vn 0.054056 0.9985 0.008769
vn 0.053152 0.998499 0.013182
vn 0.053152 0.998499 0.013182
vn 0.053152 0.998499 0.013182
vn 0.051889 0.998499 0.017506
vn 0.051889 0.998499 0.017506
vn 0.050275 0.998499 0.021711
vn 0.050275 0.998499 0.021711
vn 0.050275 0.9985 0.021711
vn 0.04832 0.998499 0.02577
vn 0.04832 0.998499 0.02577
vn 0.04832 0.9985 0.02577
vn 0.046039 0.998499 0.029654
vn 0.046039 0.998499 0.029654
vn 0.043446 0.998499 0.033337
vn 0.043446 0.998499 0.033337
vn 0.043446 0.998499 0.033337
vn 0.040559 0.998499 0.036795
vn 0.040559 0.998499 0.036795
vn 0.038835 0.998502 0.038545
vn 0.038835 0.998502 0.038545
vn 0.105037 0.975471 -0.193454
vn 0.172872 0.97547 -0.136281
vn 0.17324 0.975164 -0.137999
vn 0.169187 0.979079 -0.113047
vn 0.153283 0.984447 -0.085841
vn 0.182294 0.974346 -0.13198
vn 0.180473 0.975132 -0.128639
vn 0.176938 0.975917 -0.12759
vn 0.176915 0.975921 -0.12759
vn 0.176755 0.975952 -0.127573
vn 0.198479 0.971452 -0.129952
vn 0.139899 0.975504 -0.169767
vn 0.14299 0.975474 -0.167348
vn 0.145711 0.975439 -0.165186
vn 0.130792 0.97743 -0.165903
vn 0.145671 0.975219 -0.166519
vn 0.142996 0.975473 -0.167345
vn 0.150011 0.974573 -0.166445
vn 0.149984 0.974579 -0.166432
vn 0.163289 0.970433 -0.177752
vn 0.215914 0.955796 -0.199589
vn 0.163395 0.970399 -0.177844
vn 0.16337 0.970407 -0.177819
vn 0.204958 0.953327 -0.221722
vn 0.14889 0.977624 -0.148604
vn 0.148861 0.977631 -0.148587
vn 0.173827 0.97183 -0.159153
vn 0.173805 0.971838 -0.159129
vn 0.166258 0.974694 -0.14943
vn 0.167351 0.975473 -0.142987
vn 0.167348 0.975473 -0.142991
vn 0.169065 0.975498 -0.140787
vn 0.166242 0.974701 -0.149404
vn 0.165195 0.97544 -0.145694
vn 0.162998 0.978223 -0.128494
vn 0.166528 0.975222 -0.145637
vn 0.167362 0.975477 -0.142952
vn 0.124751 0.975965 -0.17869
vn 0.127711 0.975364 -0.179876
vn 0.127589 0.975929 -0.176869
vn 0.129992 0.971434 -0.19854
vn 0.128606 0.975139 -0.180457
vn 0.128602 0.97514 -0.180455
vn 0.131937 0.974357 -0.182268
vn 0.140777 0.975497 -0.169075
vn 0.136283 0.97547 -0.172873
vn 0.137975 0.975168 -0.173237
vn 0.113983 0.978728 -0.170588
vn 0.08755 0.983817 -0.156331
vn 0.167094 0.975604 -0.142397
vn 0.173073 0.975631 -0.134872
vn 0.167099 0.975603 -0.142395
vn 0.167115 0.975603 -0.142376
vn 0.165225 0.975664 -0.144152
vn 0.16524 0.975663 -0.144142
vn 0.161852 0.976034 -0.145469
vn 0.161862 0.976033 -0.145467
vn 0.154853 0.977314 -0.14449
vn 0.15738 0.976845 -0.144935
vn 0.157748 0.976081 -0.149605
vn 0.157761 0.976086 -0.149558
vn 0.155468 0.975429 -0.156104
vn 0.155488 0.975427 -0.156093
vn 0.145668 0.976607 -0.158175
vn 0.144941 0.976996 -0.15643
vn 0.144937 0.976999 -0.156415
vn 0.145324 0.975989 -0.162253
vn 0.145326 0.975993 -0.162231
vn 0.144129 0.975663 -0.165252
vn 0.144136 0.975664 -0.165239
vn 0.141567 0.975573 -0.167978
vn 0.142412 0.975603 -0.167084
vn 0.135052 0.975565 -0.173305
vn 0.135587 0.976187 -0.169338
vn 0.1356 0.9762 -0.169252
vn -0.153984 0.975608 -0.156457
vn -0.14687 0.976018 -0.160678
vn -0.152009 0.976177 -0.154826
vn -0.172982 0.967782 -0.182964
vn -0.153956 0.973453 -0.16937
vn -0.179945 0.964223 -0.194663
vn -0.186008 0.961853 -0.200597
vn -0.153911 0.973466 -0.169339
vn -0.147575 0.975126 -0.16538
vn -0.147577 0.975126 -0.16538
vn -0.130914 0.977386 -0.166064
vn -0.142885 0.974118 -0.175151
vn -0.142874 0.974121 -0.175144
vn -0.105651 0.981752 -0.158118
vn -0.13823 0.974619 -0.176095
vn -0.138227 0.97462 -0.176093
vn -0.135092 0.975224 -0.175179
vn -0.135179 0.975208 -0.175204
vn -0.134318 0.975754 -0.172806
vn -0.134322 0.975757 -0.172789
vn -0.134792 0.976191 -0.169949
vn -0.134794 0.976195 -0.169925
vn -0.134696 0.976821 -0.166367
vn -0.134695 0.976824 -0.166347
vn -0.138195 0.973893 -0.180099
vn -0.143351 0.975697 -0.16573
vn -0.144507 0.9761 -0.162318
vn -0.144507 0.976099 -0.162323
vn -0.14354 0.977311 -0.155755
vn -0.144202 0.976891 -0.157764
vn -0.146598 0.976603 -0.15734
vn -0.152016 0.976177 -0.154818
vn -0.14926 0.975525 -0.161471
vn -0.17286 0.967818 -0.182887
vn -0.172979 0.967782 -0.182966
vn 0.15633 0.975592 0.154208
vn 0.19015 0.965893 0.175766
vn 0.157616 0.975462 0.153724
vn 0.159354 0.976579 0.144566
vn 0.147914 0.978972 0.140479
vn 0.158792 0.976717 0.144251
vn 0.162499 0.97759 0.133834
vn 0.180794 0.973688 0.138728
vn 0.163616 0.97592 0.144257
vn 0.15879 0.976718 0.144251
vn 0.167605 0.976593 0.134815
vn 0.167593 0.976595 0.134814
vn 0.170854 0.976045 0.134701
vn 0.174919 0.975542 0.133123
vn 0.174915 0.975569 0.132931
vn 0.174917 0.975566 0.132948
vn 0.175424 0.975029 0.136179
vn 0.175427 0.975027 0.13619
vn 0.165938 0.979883 0.110877
vn 0.173895 0.974715 0.140328
vn 0.165257 0.975492 0.145278
vn 0.169772 0.976353 0.133837
vn 0.176048 0.973748 0.144296
vn 0.173893 0.974716 0.140322
vn 0.165253 0.975497 0.145248
vn 0.165947 0.974803 0.149068
vn 0.165959 0.974798 0.149086
vn 0.173929 0.971802 0.159217
vn 0.173944 0.971796 0.159233
vn 0.215791 0.955847 0.199475
vn 0.197135 0.96207 0.188571
vn 0.197076 0.962071 0.18863
vn 0.157629 0.975462 0.153711
vn 0.156048 0.975531 0.15488
vn 0.157228 0.975605 0.153214
vn 0.193159 0.975745 0.103013
vn 0.200042 0.975438 0.092221
vn 0.20236 0.975404 0.087389
vn 0.170837 0.976048 0.134703
vn 0.174932 0.975448 0.13379
vn 0.18516 0.975445 0.119262
vn 0.181934 0.975767 0.121564
vn 0.192131 0.975453 0.107599
vn 0.215895 0.975788 0.035023
vn 0.198315 0.975865 0.091424
vn 0.206711 0.975426 0.07626
vn 0.207302 0.975774 0.069938
vn 0.212096 0.975416 0.059817
vn 0.214054 0.975378 0.053086
vn 0.209707 0.975974 0.059144
vn 0.216162 0.97541 0.042997
vn 0.218882 0.975407 0.025906
vn 0.218882 0.975407 0.025906
vn 0.218035 0.97579 0.01716
vn 0.22024 0.975407 0.008653
vn 0.218716 0.975788 -0.000818
vn 0.220227 0.97541 -0.008653
vn 0.220227 0.97541 -0.008653
vn 0.217933 0.975783 -0.018793
vn 0.218842 0.975416 -0.025902
vn 0.215691 0.975774 -0.036647
vn 0.216096 0.975426 -0.042984
vn 0.216096 0.975426 -0.042984
vn 0.212004 0.975761 -0.054264
vn 0.212006 0.975438 -0.059792
vn 0.206896 0.975745 -0.071529
vn 0.180458 0.975138 -0.12861
vn 0.179973 0.975367 -0.127551
vn 0.191979 0.975492 -0.107514
vn 0.192554 0.975701 -0.104548
vn 0.199908 0.975471 -0.092159
vn 0.200398 0.975725 -0.088327
vn 0.206598 0.975453 -0.076218
vn 0.206598 0.975453 -0.076218
vn 0.054264 0.975761 -0.212004
vn 0.042983 0.975425 -0.216096
vn 0.036933 0.975389 -0.217374
vn 0.107013 0.975723 -0.191084
vn 0.092159 0.975471 -0.199908
vn 0.088327 0.975725 -0.200398
vn 0.076217 0.975453 -0.206598
vn 0.071996 0.975423 -0.208248
vn 0.075661 0.975815 -0.205087
vn 0.059792 0.975438 -0.212006
vn -0.01716 0.97579 -0.218035
vn 0.042557 0.975918 -0.213946
vn 0.025902 0.975416 -0.218842
vn 0.018793 0.975783 -0.217933
vn 0.008653 0.97541 -0.220227
vn 0.000825 0.975371 -0.220569
vn 0.008544 0.976032 -0.217458
vn -0.008653 0.975407 -0.22024
vn -0.025907 0.975407 -0.218882
vn -0.025906 0.975407 -0.218882
vn -0.035022 0.975788 -0.215895
vn -0.042997 0.97541 -0.216162
vn -0.052654 0.975783 -0.21231
vn -0.059817 0.975416 -0.212096
vn -0.059817 0.975416 -0.212096
vn -0.069938 0.975774 -0.207302
vn -0.07626 0.975426 -0.206711
vn -0.086761 0.975761 -0.200905
vn -0.135166 0.97521 -0.175202
vn -0.133628 0.97545 -0.175047
vn -0.122297 0.975471 -0.18303
vn -0.118588 0.975725 -0.184114
vn -0.107598 0.975453 -0.192131
vn -0.103014 0.975745 -0.193159
vn -0.092221 0.975438 -0.200042
vn -0.09222 0.975438 -0.200042
vn 0.866026 0.0 0.499999
vn 0.866026 0.0 0.499999
vn 1.0 0.0 0.0
vn 1.0 0.0 0.0
vn 0.866022 0.0 -0.500005
vn 0.866022 0.0 -0.500005
vn 0.500007 0.0 -0.866021
vn 0.500007 0.0 -0.866021
vn 0.0 0.0 -1.0
vn -0.0 -0.0 -1.0
vn -0.500008 0.0 -0.866021
vn -0.500008 -0.0 -0.866021
vn 0.734321 0.0 0.678802
vn 0.753367 -0.135745 0.643437
vn 0.785318 0.0 0.619093
vn 0.83147 0.0 0.555569
vn 0.844749 -0.135733 0.517664
vn 0.872495 0.0 0.488623
vn 0.908143 0.0 0.418659
vn 0.915329 -0.135739 0.379142
vn 0.938191 0.0 0.346117
vn 0.962455 0.0 0.271441
vn 0.96337 -0.13574 0.231285
vn 0.980785 0.0 0.19509
vn 0.993069 0.0 0.117537
vn 0.987691 -0.135738 0.077733
vn 0.999229 0.0 0.03926
vn 0.999229 0.0 -0.03926
vn 0.987691 -0.135738 -0.077733
vn 0.993069 0.0 -0.117537
vn 0.980785 0.0 -0.19509
vn 0.96337 -0.135741 -0.231284
vn 0.962455 0.0 -0.271441
vn 0.938191 0.0 -0.346117
vn 0.915329 -0.135739 -0.379141
vn 0.908143 0.0 -0.418659
vn 0.872496 0.0 -0.488621
vn 0.844749 -0.135739 -0.517663
vn 0.83147 0.0 -0.55557
vn 0.785317 0.0 -0.619094
vn 0.753368 -0.135741 -0.643437
vn 0.734322 0.0 -0.678801
vn 0.678801 0.0 -0.734322
vn 0.643438 -0.135739 -0.753368
vn 0.619095 0.0 -0.785316
vn 0.55557 0.0 -0.83147
vn 0.517663 -0.135738 -0.844749
vn 0.488622 0.0 -0.872496
vn 0.418659 0.0 -0.908144
vn 0.379142 -0.135734 -0.915329
vn 0.346119 0.0 -0.938191
vn 0.271439 0.0 -0.962456
vn 0.231285 -0.135736 -0.963371
vn 0.195091 0.0 -0.980785
vn 0.117537 0.0 -0.993069
vn 0.077733 -0.135738 -0.987691
vn 0.03926 0.0 -0.999229
vn -0.03926 0.0 -0.999229
vn -0.077733 -0.135738 -0.987691
vn -0.117537 -0.0 -0.993069
vn -0.195091 0.0 -0.980785
vn -0.231285 -0.135736 -0.963371
vn -0.271439 -0.0 -0.962456
vn -0.346116 0.0 -0.938192
vn -0.379141 -0.135742 -0.915328
vn -0.41866 -0.0 -0.908143
vn -0.488622 0.0 -0.872496
vn -0.517663 -0.135738 -0.844749
vn -0.55557 -0.0 -0.83147
vn -0.619093 0.0 -0.785318
vn -0.643437 -0.135742 -0.753368
vn -0.678801 -0.0 -0.734322
vn -0.081197 0.994137 -0.0714
vn -0.072958 0.995136 -0.066187
vn -0.091867 0.993273 -0.070492
vn -0.096218 0.993245 -0.06485
vn -0.077032 0.995275 -0.059109
vn -0.083502 0.994917 -0.05628
vn -0.092564 0.99392 -0.059621
vn -0.098059 0.993805 -0.052297
vn -0.09947 0.99379 -0.049881
vn -0.085178 0.99533 -0.045426
vn -0.101356 0.993887 -0.043771
vn -0.103603 0.993261 -0.051955
vn -0.106187 0.993288 -0.045857
vn -0.096189 0.994794 -0.033658
vn -0.101843 0.994207 -0.034359
vn -0.109787 0.993582 -0.027227
vn -0.110846 0.993561 -0.023437
vn -0.101846 0.994479 -0.025258
vn -0.097629 0.995009 -0.020643
vn -0.113462 0.993372 -0.018406
vn -0.113462 0.993372 -0.018406
vn -0.103297 0.994616 -0.008296
vn -0.103924 0.994552 -0.008179
vn -0.103991 0.994543 -0.008352
vn -0.114578 0.993414 0.000428
vn -0.114578 0.993414 0.000428
vn -0.099597 0.995016 0.004793
vn -0.11324 0.99352 0.009765
vn -0.11208 0.993499 0.019968
vn -0.100261 0.994924 0.008646
vn -0.104272 0.994375 0.018578
vn -0.099788 0.994864 0.016954
vn -0.111883 0.993309 0.028637
vn -0.110397 0.993282 0.0347
vn -0.08968 0.995706 0.022954
vn -0.095482 0.994979 0.030012
vn -0.105708 0.993725 0.036545
vn -0.105707 0.993725 0.036547
vn -0.098799 0.99406 0.045643
vn -0.089413 0.995215 0.039409
vn -0.101784 0.99327 0.055264
vn -0.098266 0.993243 0.061746
vn -0.097888 0.993777 0.053149
vn -0.085455 0.994894 0.053695
vn -0.091657 0.993981 0.060011
vn -0.088038 0.993752 0.06861
vn -0.086256 0.993734 0.071078
vn -0.08012 0.994828 0.062436
vn -0.077296 0.994972 0.063695
vn -0.085001 0.993301 0.07828
vn -0.085001 0.993301 0.07828
vn -0.069943 0.994759 0.074578
vn -0.072256 0.994295 0.07846
vn -0.068479 0.993775 0.087874
vn -0.077756 0.993519 0.082909
vn -0.066522 0.993518 0.09218
vn -0.055496 0.995916 0.071215
vn -0.062834 0.993399 0.095967
vn -0.054778 0.993375 0.101018
vn -0.050675 0.995712 0.077399
vn -0.049617 0.994568 0.0915
vn -0.049526 0.994599 0.091215
vn -0.046314 0.993385 0.105077
vn -0.04146 0.99336 0.10732
vn -0.036193 0.995965 0.082116
vn -0.035715 0.994008 0.103306
vn -0.040898 0.993539 0.105865
vn -0.037022 0.993561 0.107083
vn -0.025361 0.994312 0.103441
vn -0.024909 0.994942 0.097318
vn -0.019366 0.993294 0.11398
vn -0.012971 0.993267 0.115118
vn -0.017338 0.994629 0.102043
vn -0.011223 0.994964 0.099603
vn -0.009569 0.993778 0.110966
vn -0.00957 0.993778 0.110966
vn 0.001756 0.993978 0.109562
vn -0.000374 0.994985 0.100025
vn 0.001616 0.994906 0.100797
vn 0.009086 0.993271 0.115454
vn 0.009087 0.993271 0.115454
vn 0.014545 0.994869 0.100124
vn 0.017452 0.994043 0.107582
vn 0.026977 0.9937 0.108778
vn 0.030206 0.993682 0.108095
vn 0.026049 0.994127 0.105035
vn 0.026919 0.994985 0.096333
vn 0.036895 0.993317 0.109361
vn 0.036895 0.993317 0.109362
vn 0.040025 0.994722 0.094479
vn 0.041386 0.994537 0.095834
vn 0.041204 0.994406 0.097262
vn 0.053565 0.9935 0.100439
vn 0.057541 0.993477 0.098446
vn 0.042089 0.995992 0.07892
vn 0.061971 0.99343 0.096212
vn 0.070033 0.993407 0.090766
vn 0.059875 0.993868 0.092958
vn 0.063881 0.994517 0.082792
vn 0.062746 0.994674 0.081773
vn 0.078049 0.993286 0.085389
vn 0.079164 0.993281 0.08441
vn 0.074651 0.99386 0.081671
vn 0.080668 0.993866 0.075655
vn 0.083006 0.993582 0.076841
vn 0.083006 0.993582 0.076841
vn 0.084283 0.994318 0.065031
vn 0.078033 0.995034 0.061789
vn 0.093647 0.993631 0.062674
vn 0.091908 0.993239 0.070915
vn 0.09628 0.993266 0.064436
vn 0.086865 0.994925 0.050772
vn 0.09654 0.993884 0.053624
vn 0.100998 0.99384 0.045623
vn 0.10217 0.993825 0.043282
vn 0.095175 0.994532 0.042988
vn 0.092508 0.99494 0.03919
vn 0.109124 0.993271 0.038782
vn 0.109124 0.993271 0.038782
vn 0.097824 0.994828 0.027335
vn 0.103011 0.994307 0.02726
vn 0.103688 0.994188 0.028974
vn 0.110861 0.99364 0.019707
vn 0.1116 0.993621 0.016212
vn 0.090944 0.995725 0.016167
vn 0.114845 0.993325 0.010729
vn 0.11555 0.9933 0.001852
vn 0.100359 0.994907 0.009376
vn 0.102872 0.994693 0.001649
vn 0.105844 0.994382 0.001099
vn 0.113719 0.993479 -0.008247
vn 0.113501 0.993456 -0.012789
vn 0.095026 0.995451 -0.006891
vn 0.099066 0.995018 -0.011162
vn 0.113092 0.993427 -0.017691
vn 0.113092 0.993427 -0.01769
vn 0.101578 0.994516 -0.024904
vn 0.100281 0.994662 -0.024322
vn 0.109186 0.993359 -0.03627
vn 0.10753 0.993334 -0.041541
vn 0.104015 0.993975 -0.034552
vn 0.093087 0.995008 -0.035961
vn 0.104105 0.993573 -0.044444
vn 0.104105 0.993573 -0.044444
vn 0.093806 0.99429 -0.050868
vn 0.091163 0.994669 -0.048189
vn 0.089699 0.99478 -0.04864
vn 0.097451 0.993287 -0.062331
vn 0.097451 0.993287 -0.06233
vn 0.081263 0.994966 -0.058644
vn 0.088685 0.993758 -0.067673
vn 0.081473 0.993742 -0.076416
vn 0.086914 0.994006 -0.066319
vn 0.079728 0.994008 -0.074773
vn 0.072235 0.995251 -0.065243
vn 0.079284 0.993262 -0.084521
vn 0.073847 0.993235 -0.089616
vn 0.065261 0.99544 -0.069572
vn 0.06421 0.99489 -0.077921
vn 0.068104 0.993978 -0.085845
vn 0.061894 0.993754 -0.09286
vn 0.059454 0.993737 -0.09462
vn 0.052988 0.995425 -0.079502
vn 0.054085 0.993735 -0.097807
vn 0.061663 0.993261 -0.098138
vn 0.055972 0.993288 -0.101224
vn 0.042807 0.994777 -0.09266
vn 0.043985 0.994226 -0.097879
vn 0.037716 0.993569 -0.106764
vn 0.034009 0.993548 -0.108197
vn 0.034732 0.994548 -0.09832
vn 0.029921 0.995009 -0.095194
vn 0.029216 0.993362 -0.11126
vn 0.029218 0.993362 -0.11126
vn 0.018161 0.994626 -0.101932
vn 0.018087 0.994529 -0.102882
vn 0.018336 0.994521 -0.10292
vn 0.010434 0.993424 -0.114014
vn 0.010433 0.993424 -0.114015
vn 0.004792 0.995018 -0.099578
vn 0.000966 0.993482 -0.113982
vn -0.00914 0.993461 -0.11381
vn 0.000842 0.995038 -0.099493
vn -0.008439 0.994429 -0.105071
vn -0.007574 0.994781 -0.101751
vn -0.018045 0.993324 -0.113942
vn -0.023912 0.993297 -0.11309
vn -0.014486 0.995703 -0.091461
vn -0.020672 0.994995 -0.097767
vn -0.026739 0.993645 -0.109338
vn -0.026736 0.993645 -0.109339
vn -0.035577 0.994181 -0.101675
vn -0.031425 0.995076 -0.094003
vn -0.045677 0.99327 -0.106431
vn -0.052023 0.993243 -0.103741
vn -0.043517 0.993893 -0.101401
vn -0.045044 0.994939 -0.089823
vn -0.051955 0.993845 -0.097837
vn -0.051992 0.993846 -0.097815
vn -0.061774 0.993873 -0.091655
vn -0.055088 0.994791 -0.085767
vn -0.056223 0.994927 -0.083418
vn -0.070452 0.993267 -0.091964
vn -0.070452 0.993267 -0.091965
vn -0.066946 0.994848 -0.076132
vn -0.074629 0.99386 -0.081691
vn -0.078454 0.993872 -0.077868
vn -0.0 -1.0 0.0
vn 0.0 -1.0 0.0
vn 0.0 -1.0 0.0
vn 0.0 -1.0 0.0
vn 0.0 -1.0 0.0
vn 0.0 -1.0 -0.0
vn 0.0 -1.0 0.0
vn 0.0 -1.0 0.0
vn 0.0 -1.0 0.0
vn -0.0 -1.0 0.0
vn 0.0 -1.0 0.0
vn -0.0 -1.0 0.0
vn 0.0 -1.0 0.0
vn 0.0 -1.0 0.0
vn 0.0 -1.0 0.0
vn 0.0 -1.0 0.0
vn 0.0 -1.0 0.0
vn 0.0 -1.0 0.0
vn 0.0 -1.0 0.0
vn 0.0 -1.0 0.0
vn 0.0 -1.0 0.0
vn 0.0 -1.0 0.0
vn 0.0 -1.0 0.0
vn 0.0 -1.0 0.0
vn -0.0 -1.0 0.0
vn -0.0 -1.0 0.0
vn 0.0 -1.0 0.0
vn 0.0 -1.0 -0.0
vn 0.0 -1.0 -0.0
vn 0.0 -1.0 -0.0
vn 0.0 -1.0 0.0
vn 0.0 -1.0 0.0
vn 0.0 -1.0 0.0
vn 0.0 -1.0 0.0
vn 0.0 -1.0 0.0
vn 0.0 -1.0 0.0
vn 0.0 -1.0 0.0
vn -0.0 -1.0 0.0
vn 0.0 -1.0 0.0
vn 0.0 -1.0 -0.0
vn 0.0 -1.0 0.0
vn 0.0 -1.0 -0.0
vn 0.0 -1.0 0.0
vn 0.0 -1.0 0.0
vn 0.0 -1.0 0.0
vn 0.0 -1.0 0.0
vn 0.0 -1.0 0.0
vn 0.0 -1.0 0.0
vn 0.0 -1.0 0.0
vn -0.0 -1.0 0.0
vn -0.0 -1.0 0.0
vn -0.0 -1.0 0.0
vn 0.0 -1.0 0.0
vn 0.0 -1.0 -0.0
vn -0.0 -1.0 0.0
vn 0.0 -1.0 0.0
vn -0.0 -1.0 0.0
vn 0.0 -1.0 0.0
vn -0.0 -1.0 0.0
vn 0.0 -1.0 0.0
vn 0.0 -1.0 0.0
vn 0.0 -1.0 0.0
vn 0.0 -1.0 0.0
vn 0.0 -1.0 0.0
vn 0.0 -1.0 0.0
vn 0.0 -1.0 0.0
vn 0.0 -1.0 0.0
vn 0.0 -1.0 0.0
vn 0.0 -1.0 0.0
vn 0.0 -1.0 0.0
vn 0.0 -1.0 0.0
vn 0.0 -1.0 -0.0
vn 0.0 -1.0 0.0
vn 0.0 -1.0 -0.0
vn 0.0 -1.0 0.0
vn 0.0 -1.0 -0.0
vn 0.0 -1.0 0.0
vn 0.0 -1.0 -0.0
vn 0.0 -1.0 0.0
vn 0.0 -1.0 0.0
vn 0.0 -1.0 0.0
vn 0.0 -1.0 0.0
vn -0.0 -1.0 0.0
vn 0.0 -1.0 -0.0
vn 0.0 -1.0 0.0
vn 0.0 -1.0 -0.0
vn 0.0 -1.0 -0.0
vn 0.0 -1.0 0.0
vn 0.0 -1.0 0.0
vn 0.0 -1.0 0.0
vn 0.0 -1.0 0.0
vn 0.0 -1.0 0.0
vn 0.0 -1.0 0.0
vn 0.0 -1.0 0.0
vn 0.0 -1.0 0.0
vn 0.0 -1.0 0.0
vn 0.0 -1.0 0.0
vn 0.0 -1.0 0.0
vn 0.0 -1.0 0.0
vn 0.0 -1.0 -0.0
vn 0.0 -1.0 0.0
vn 0.0 -1.0 -0.0
vn 0.0 -1.0 0.0
vn 0.0 -1.0 -0.0
vn 0.0 -1.0 0.0
vn 0.0 -1.0 0.0
vn 0.0 -1.0 0.0
vn 0.0 -1.0 0.0
vn 0.0 -1.0 0.0
vn 0.0 -1.0 0.0
vn -0.0 -1.0 0.0
vn 0.0 -1.0 0.0
vn -0.0 -1.0 -0.0
vn -0.0 -1.0 -0.0
vn 0.0 -1.0 0.0
vn -0.0 -1.0 0.0
vn 0.0 -1.0 0.0
vn -0.0 -1.0 0.0
vn 0.0 -1.0 -0.0
vn -0.0 -1.0 0.0
vn 0.0 -1.0 0.0
vn -0.0 -1.0 0.0
vn 0.0 -1.0 -0.0
vn 0.0 -1.0 0.0
vn -0.0 -1.0 0.0
vn 0.0 -1.0 0.0
vn -0.0 -1.0 0.0
vn 0.0 -1.0 0.0
vn -0.0 -1.0 0.0
vn 0.0 -1.0 0.0
vn 0.0 -1.0 0.0
vn 0.0 -1.0 0.0
vn 0.0 -1.0 0.0
vn 0.0 -1.0 0.0
vn 0.0 -1.0 0.0
vn -0.0 -1.0 0.0
vn 0.0 -1.0 0.0
vn -0.0 -1.0 0.0
vn 0.0 -1.0 0.0
vn -0.0 -1.0 0.0
vn -0.806133 0.0 -0.591735
vn -0.806133 -0.0 -0.591735
vn -0.889335 0.0 -0.457255
vn -0.889335 -0.0 -0.457255
vn -0.950298 0.0 -0.311343
vn -0.950298 -0.0 -0.311343
vn -0.987496 0.0 -0.157642
vn -0.987496 -0.0 -0.157642
vn -1.0 0.0 0.0
vn -1.0 -0.0 -0.0
vn -0.987496 0.0 0.157642
vn -0.987496 0.0 0.157642
vn -0.950298 0.0 0.311342
vn -0.950298 0.0 0.311342
vn -0.889335 0.0 0.457255
vn -0.889335 0.0 0.457255
vn -0.806133 0.0 0.591734
vn -0.806133 0.0 0.591734
vn -0.591736 0.0 0.806132
vn -0.591736 0.0 0.806132
vn -0.457256 0.0 0.889335
vn -0.457256 0.0 0.889335
vn -0.311341 0.0 0.950298
vn -0.311341 0.0 0.950298
vn -0.157641 0.0 0.987496
vn -0.157641 0.0 0.987496
vn 0.0 0.0 1.0
vn 0.0 0.0 1.0
vn 0.157641 0.0 0.987496
vn 0.157641 0.0 0.987496
vn 0.311341 0.0 0.950298
vn 0.311341 0.0 0.950298
vn 0.457256 0.0 0.889335
vn 0.457256 0.0 0.889335
vn 0.591734 0.0 0.806133
vn 0.591734 0.0 0.806133
vn 0.806133 0.0 0.591735
vn 0.806133 0.0 0.591735
vn 0.889335 0.0 0.457256
vn 0.889335 0.0 0.457256
vn 0.950298 0.0 0.311342
vn 0.950298 0.0 0.311342
vn 0.987496 0.0 0.157642
vn 0.987496 0.0 0.157642
vn 1.0 0.0 0.0
vn 1.0 0.0 -0.0
vn 0.987496 0.0 -0.157641
vn 0.987496 0.0 -0.157641
vn 0.950298 0.0 -0.311342
vn 0.950298 0.0 -0.311342
vn 0.889335 0.0 -0.457255
vn 0.889335 0.0 -0.457255
vn 0.806133 0.0 -0.591735
vn 0.806133 0.0 -0.591735
vn 0.0 -1.0 0.0
vn 0.0 -1.0 0.0
vn 0.0 -1.0 0.0
vn 0.0 -1.0 0.0
vn 0.0 -1.0 0.0
vn 0.0 -1.0 0.0
vn 0.0 -1.0 0.0
vn 0.0 -1.0 0.0
vn 0.0 -1.0 0.0
vn 0.0 -1.0 0.0
vn -0.0 -1.0 0.0
vn 0.0 -1.0 0.0
vn 0.0 -1.0 0.0
vn 0.0 -1.0 0.0
vn 0.0 -1.0 0.0
vn 0.0 -1.0 -0.0
vn 0.0 -1.0 -0.0
vn 0.0 -1.0 0.0
vn 0.0 -1.0 0.0
vn 0.0 -1.0 0.0
vn 0.0 -1.0 -0.0
vn 0.0 -1.0 -0.0
vn -0.0 -1.0 -0.0
vn 0.0 -1.0 0.0
vn -0.0 -1.0 -0.0
vn 0.0 -1.0 0.0
vn 0.0 -1.0 0.0
vn 0.0 -1.0 0.0
vn 0.0 -1.0 0.0
vn 0.0 -1.0 0.0
vn 0.0 -1.0 0.0
vn 0.0 -1.0 -0.0
vn 0.0 -1.0 0.0
vn 0.0 -1.0 0.0
vn 0.0 -1.0 -0.0
vn 0.0 -1.0 0.0
vn 0.0 -1.0 0.0
vn -0.0 -1.0 0.0
vn -0.0 -1.0 0.0
vn -0.0 -1.0 0.0
vn 0.0 -1.0 0.0
vn 0.0 -1.0 -0.0
vn 0.0 -1.0 -0.0
vn 0.0 -1.0 -0.0
vn 0.0 -1.0 -0.0
vn 0.0 -1.0 -0.0
vn 0.0 -1.0 -0.0
vn 0.0 -1.0 0.0
vn -0.0 -1.0 0.0
vn -0.0 -1.0 0.0
vn 0.0 -1.0 0.0
vn 0.0 -1.0 0.0
vn -0.0 -1.0 0.0
vn 0.0 -1.0 0.0
vn 0.0 -1.0 0.0
vn 0.0 -1.0 0.0
vn 0.0 -1.0 0.0
vn 0.0 -1.0 0.0
vn 0.0 -1.0 0.0
vn 0.0 -1.0 0.0
vn 0.0 -1.0 0.0
vn 0.0 -1.0 0.0
vn 0.0 -1.0 0.0
vn 0.0 -1.0 0.0
vn 0.0 -1.0 0.0
vn 0.0 -1.0 0.0
vn 0.0 -1.0 0.0
vn 0.0 -1.0 0.0
vn 0.0 -1.0 0.0
vn 0.0 -1.0 0.0
vn 0.0 -1.0 0.0
vn 0.0 -1.0 0.0
vn 0.0 -1.0 0.0
vn 0.0 -1.0 0.0
vn 0.0 -1.0 0.0
vn 0.0 -1.0 0.0
vn 0.0 -1.0 0.0
vn 0.0 -1.0 0.0
vn 0.0 -1.0 0.0
vn 0.0 -1.0 0.0
vn 0.0 -1.0 0.0
vn 0.0 -1.0 0.0
vn 0.0 -1.0 -0.0
vn 0.0 -1.0 -0.0
vn 0.0 -1.0 0.0
vn 0.0 -1.0 0.0
vn 0.0 -1.0 0.0
vn 0.0 -1.0 0.0
vn 0.0 -1.0 0.0
vn 0.0 -1.0 0.0
vn 0.0 -1.0 0.0
vn 0.0 -1.0 0.0
vn 0.0 -1.0 0.0
vn 0.0 -1.0 0.0
vn 0.0 -1.0 0.0
vn 0.0 -1.0 0.0
vn 0.0 -1.0 0.0
vn 0.0 -1.0 0.0
vn -0.0 1.0 0.0
vn 0.0 1.0 0.0
vn 0.0 1.0 0.0
vn -0.0 1.0 0.0
vn 0.0 1.0 0.0
vn -0.0 1.0 0.0
vn 0.0 1.0 0.0
vn 0.0 1.0 0.0
vn 0.0 1.0 0.0
vn 0.0 1.0 0.0
vn 0.0 1.0 0.0
vn 0.0 1.0 0.0
vn 0.0 1.0 0.0
vn 0.0 1.0 0.0
vn 0.0 1.0 0.0
vn 0.0 1.0 0.0
vn 0.0 1.0 -0.0
vn 0.0 1.0 0.0
vn 0.0 1.0 0.0
vn 0.0 1.0 -0.0
vn 0.0 1.0 0.0
vn 0.0 1.0 -0.0
vn -0.0 1.0 0.0
vn 0.0 1.0 -0.0
vn 0.0 1.0 0.0
vn -0.0 1.0 0.0
vn 0.0 1.0 0.0
vn -0.0 1.0 0.0
vn 0.0 1.0 0.0
vn 0.0 1.0 0.0
vn 0.0 1.0 0.0
vn 0.0 1.0 0.0
vn 0.0 1.0 0.0
vn 0.0 1.0 0.0
vn 0.0 1.0 0.0
vn 0.0 1.0 0.0
vn 0.0 1.0 0.0
vn 0.0 1.0 0.0
vn 0.0 1.0 -0.0
vn 0.0 1.0 0.0
vn 0.0 1.0 0.0
vn 0.0 1.0 -0.0
vn 0.0 1.0 0.0
vn 0.0 1.0 -0.0
vn -0.0 1.0 0.0
vn 0.0 1.0 -0.0
vn -0.0 1.0 0.0
vn 0.0 1.0 0.0
vn 0.0 1.0 0.0
vn 0.0 1.0 0.0
vn 0.0 1.0 0.0
vn 0.0 1.0 0.0
vn 0.0 1.0 0.0
vn 0.0 1.0 0.0
vn 0.0 1.0 0.0
vn 0.0 1.0 0.0
vn 0.0 1.0 0.0
vn 0.0 1.0 0.0
vn 0.0 1.0 -0.0
vn 0.0 1.0 0.0
vn 0.0 1.0 0.0
vn 0.0 1.0 -0.0
vn 0.0 1.0 0.0
vn 0.0 1.0 -0.0
vn -0.0 1.0 0.0
vn 0.0 1.0 -0.0
vn -0.0 1.0 0.0
vn 0.0 1.0 0.0
vn 0.0 1.0 0.0
vn -0.0 1.0 0.0
vn 0.0 1.0 0.0
vn -0.0 1.0 0.0
vn 0.591735 0.0 -0.806133
vn 0.591735 0.0 -0.806133
vn 0.457256 0.0 -0.889335
vn 0.457256 0.0 -0.889335
vn 0.311341 0.0 -0.950298
vn 0.311341 0.0 -0.950298
vn 0.157642 0.0 -0.987496
vn 0.157642 0.0 -0.987496
vn 0.0 0.0 -1.0
vn 0.0 0.0 -1.0
vn -0.157641 0.0 -0.987496
vn -0.157641 -0.0 -0.987496
vn -0.311341 0.0 -0.950298
vn -0.311341 -0.0 -0.950298
vn -0.457256 0.0 -0.889335
vn -0.457256 -0.0 -0.889335
vn -0.591735 0.0 -0.806133
vn -0.591735 -0.0 -0.806133
vn -0.707106 0.0 0.707108
vn -0.707106 0.0 0.707108
vn 0.707106 0.0 -0.707108
vn 0.707106 0.0 -0.707108
vn -0.707106 -0.0 -0.707108
vn -0.707106 -0.0 -0.707108
vn 0.707106 -0.0 0.707108
vn 0.707106 -0.0 0.707108
vn 0.707106 0.0 -0.707108
vn 0.707106 0.0 -0.707108
vn -0.707106 0.0 0.707108
vn -0.707106 0.0 0.707108
vn 0.707106 0.0 0.707108
vn 0.707106 0.0 0.707108
vn -0.707114 0.0 -0.7071
vn -0.707114 0.0 -0.7071
vn -0.794292 0.0 -0.607536
vn -0.794292 -0.0 -0.607536
vn -0.970862 0.0 -0.239639
vn -0.970862 -0.0 -0.239639
vn -0.98576 0.0 0.168158
vn -0.98576 0.0 0.168158
vn -0.836508 0.0 0.547954
vn -0.836508 0.0 0.547954
vn 0.547958 0.0 -0.836506
vn 0.547958 0.0 -0.836506
vn 0.168156 0.0 -0.98576
vn 0.168156 0.0 -0.98576
vn -0.239636 0.0 -0.970863
vn -0.239636 -0.0 -0.970863
vn -0.607536 0.0 -0.794292
vn -0.607536 -0.0 -0.794292
vn 0.836508 0.0 0.547954
vn 0.836508 0.0 0.547954
vn 0.98576 0.0 0.168158
vn 0.98576 0.0 0.168158
vn 0.970862 0.0 -0.239639
vn 0.970862 0.0 -0.239639
vn 0.794292 0.0 -0.607536
vn 0.794292 0.0 -0.607536
vn 0.607536 0.0 -0.794292
vn 0.607536 0.0 -0.794292
vn 0.239636 0.0 -0.970863
vn 0.239636 0.0 -0.970863
vn -0.168156 0.0 -0.98576
vn -0.168156 -0.0 -0.98576
vn -0.547958 0.0 -0.836506
vn -0.547958 -0.0 -0.836506
vn -0.836508 0.0 -0.547954
vn -0.836508 -0.0 -0.547954
vn -0.98576 0.0 -0.168158
vn -0.98576 -0.0 -0.168158
vn -0.970861 0.0 0.239643
vn -0.970861 0.0 0.239643
vn -0.794292 0.0 0.607536
vn -0.794292 0.0 0.607536
vn -0.607524 0.0 0.794301
vn -0.607524 0.0 0.794301
vn -0.239653 0.0 0.970859
vn -0.239653 0.0 0.970859
vn 0.168156 0.0 0.98576
vn 0.168156 0.0 0.98576
vn 0.547958 0.0 0.836506
vn 0.547958 0.0 0.836506
vn 0.0 1.0 0.0
vn -0.0 1.0 0.0
vn 0.0 1.0 0.0
vn -0.0 1.0 0.0
vn 0.0 1.0 0.0
vn -0.0 1.0 0.0
vn 0.0 1.0 0.0
vn -0.0 1.0 0.0
vn 0.0 1.0 0.0
vn 0.0 1.0 0.0
vn 0.0 1.0 0.0
vn 0.0 1.0 0.0
vn 0.0 1.0 0.0
vn 0.0 1.0 0.0
vn 0.0 1.0 0.0
vn 0.0 1.0 0.0
vn 0.0 1.0 0.0
vn 0.0 1.0 0.0
vn 0.0 1.0 0.0
vn 0.0 1.0 0.0
vn 0.0 1.0 0.0
vn 0.0 1.0 0.0
vn 0.0 1.0 0.0
vn 0.0 1.0 0.0
vn 0.0 1.0 0.0
vn 0.0 1.0 0.0
vn 0.0 1.0 0.0
vn 0.0 1.0 0.0
vn 0.0 1.0 0.0
vn 0.0 1.0 0.0
vn 0.0 1.0 0.0
vn 0.0 1.0 0.0
vn 0.0 1.0 0.0
vn 0.0 1.0 0.0
vn 0.0 1.0 0.0
vn 0.0 1.0 0.0
vn 0.0 1.0 0.0
vn 0.0 1.0 0.0
vn 0.0 1.0 0.0
vn 0.0 1.0 0.0
vn 0.0 1.0 0.0
vn 0.0 1.0 0.0
vn 0.0 1.0 0.0
vn 0.0 1.0 -0.0
vn 0.0 1.0 0.0
vn 0.0 1.0 -0.0
vn 0.0 1.0 0.0
vn 0.0 1.0 -0.0
vn 0.0 1.0 0.0
vn 0.0 1.0 -0.0
vn 0.0 1.0 0.0
vn 0.0 1.0 -0.0
vn 0.0 1.0 0.0
vn 0.0 1.0 -0.0
vn 0.0 1.0 0.0
vn 0.0 1.0 -0.0
vn 0.0 1.0 0.0
vn 0.0 1.0 -0.0
vn -0.0 1.0 0.0
vn 0.0 1.0 0.0
vn 0.0 1.0 0.0
vn -0.0 1.0 0.0
vn 0.0 1.0 0.0
vn -0.0 1.0 0.0
vn 0.0 1.0 0.0
vn -0.0 1.0 0.0
vn 0.0 1.0 0.0
vn -0.0 1.0 0.0
f 1810//1 1829//1 1819//1 
f 1807//2 1827//2 1882//2 
f 2109//3 1807//3 1882//3 
f 1956//4 2109//4 1882//4 
f 1985//5 2109//5 1956//5 
f 2109//6 1985//6 2032//6 
f 2041//7 2109//7 2032//7 
f 2101//8 2109//8 2041//8 
f 1808//9 1954//9 1911//9 
f 2038//10 2115//10 2100//10 
f 2040//11 2038//11 2100//11 
f 1808//12 2038//12 2040//12 
f 1995//13 1808//13 2040//13 
f 1954//14 1808//14 1995//14 
f 1835//15 1829//15 1810//15 
f 1808//16 1911//16 1835//16 
f 1810//17 1808//17 1835//17 
f 1786//18 1808//18 1810//18 
f 1712//19 1786//19 1810//19 
f 1742//20 1786//20 1712//20 
f 1609//21 1742//21 1712//21 
f 1701//22 1742//22 1609//22 
f 1643//23 1701//23 1609//23 
f 1550//24 1435//24 1545//24 
f 1532//25 1435//25 1550//25 
f 1607//26 1532//26 1550//26 
f 1609//27 1532//27 1607//27 
f 1611//28 1609//28 1607//28 
f 1643//29 1609//29 1611//29 
f 1353//30 1230//30 1306//30 
f 1230//31 1353//31 1377//31 
f 1422//32 1230//32 1377//32 
f 1358//33 1230//33 1422//33 
f 1434//34 1358//34 1422//34 
f 1435//35 1358//35 1434//35 
f 1456//36 1435//36 1434//36 
f 1545//37 1435//37 1456//37 
f 768//38 944//38 1040//38 
f 1148//39 768//39 1040//39 
f 1026//40 768//40 1148//40 
f 1226//41 1026//41 1148//41 
f 1230//42 1026//42 1226//42 
f 1250//43 1230//43 1226//43 
f 1306//44 1230//44 1250//44 
f 641//45 650//45 615//45 
f 608//46 641//46 615//46 
f 615//47 650//47 731//47 
f 750//48 615//48 731//48 
f 680//49 615//49 750//49 
f 765//50 680//50 750//50 
f 768//51 680//51 765//51 
f 867//52 768//52 765//52 
f 944//53 768//53 867//53 
f 490//54 478//54 481//54 
f 482//55 490//55 481//55 
f 544//56 490//56 482//56 
f 490//57 544//57 549//57 
f 585//58 490//58 549//58 
f 591//59 490//59 585//59 
f 591//60 608//60 615//60 
f 555//61 591//61 615//61 
f 490//62 591//62 555//62 
f 366//63 362//63 371//63 
f 422//64 366//64 371//64 
f 427//65 366//65 422//65 
f 427//66 478//66 490//66 
f 420//67 427//67 490//67 
f 366//68 427//68 420//68 
f 1//69 30//69 33//69 
f 9//70 20//70 2//70 
f 9//71 51//71 50//71 
f 29//72 9//72 50//72 
f 20//73 9//73 29//73 
f 1//74 33//74 93//74 
f 112//75 1//75 93//75 
f 136//76 1//76 112//76 
f 1//77 136//77 151//77 
f 177//78 1//78 151//78 
f 191//79 1//79 177//79 
f 1//80 191//80 212//80 
f 217//81 1//81 212//81 
f 213//82 1//82 217//82 
f 284//83 213//83 217//83 
f 366//84 213//84 284//84 
f 353//85 366//85 284//85 
f 362//86 366//86 353//86 
f 3//87 349//87 354//87 
f 265//88 3//88 354//88 
f 240//89 3//89 265//89 
f 3//90 240//90 210//90 
f 205//91 3//91 210//91 
f 175//92 3//92 205//92 
f 3//93 175//93 161//93 
f 132//94 3//94 161//94 
f 130//95 3//95 132//95 
f 3//96 130//96 90//96 
f 86//97 3//97 90//97 
f 35//98 3//98 86//98 
f 2//99 21//99 27//99 
f 31//100 2//100 27//100 
f 10//101 2//101 31//101 
f 53//102 10//102 31//102 
f 52//103 10//103 53//103 
f 349//104 423//104 369//104 
f 368//105 349//105 369//105 
f 354//106 349//106 368//106 
f 476//107 584//107 550//107 
f 539//108 476//108 550//108 
f 495//109 476//109 539//109 
f 476//110 495//110 480//110 
f 479//111 476//111 480//111 
f 349//112 476//112 479//112 
f 426//113 349//113 479//113 
f 423//114 349//114 426//114 
f 596//115 728//115 660//115 
f 596//116 660//116 640//116 
f 597//117 596//117 640//117 
f 476//118 596//118 597//118 
f 594//119 476//119 597//119 
f 584//120 476//120 594//120 
f 759//121 1042//121 946//121 
f 759//122 946//122 866//122 
f 764//123 759//123 866//123 
f 596//124 759//124 764//124 
f 752//125 596//125 764//125 
f 728//126 596//126 752//126 
f 1423//127 1223//127 1429//127 
f 1223//128 1423//128 1380//128 
f 1355//129 1223//129 1380//129 
f 1305//130 1223//130 1355//130 
f 1223//131 1305//131 1260//131 
f 1225//132 1223//132 1260//132 
f 759//133 1223//133 1225//133 
f 1146//134 759//134 1225//134 
f 1042//135 759//135 1146//135 
f 1566//136 1605//136 1599//136 
f 1429//137 1503//137 1455//137 
f 1433//138 1429//138 1455//138 
f 1423//139 1429//139 1433//139 
f 1429//140 1605//140 1566//140 
f 1536//141 1429//141 1566//141 
f 1503//142 1429//142 1536//142 
f 1806//143 1792//143 1769//143 
f 1605//144 1806//144 1769//144 
f 1710//145 1605//145 1769//145 
f 1696//146 1605//146 1710//146 
f 1605//147 1696//147 1650//147 
f 1608//148 1605//148 1650//148 
f 1599//149 1605//149 1608//149 
f 1809//150 1792//150 1806//150 
f 2108//151 1809//151 1806//151 
f 2099//152 1809//152 2108//152 
f 1811//153 1820//153 1827//153 
f 1807//154 1811//154 1827//154 
f 1713//155 1811//155 1807//155 
f 1606//156 1713//156 1807//156 
f 1610//157 1713//157 1606//157 
f 1533//158 1610//158 1606//158 
f 1430//159 1533//159 1606//159 
f 1436//160 1533//160 1430//160 
f 1359//161 1436//161 1430//161 
f 1224//162 1359//162 1430//162 
f 1231//163 1359//163 1224//163 
f 1027//164 1231//164 1224//164 
f 758//165 1027//165 1224//165 
f 769//166 1027//166 758//166 
f 681//167 769//167 758//167 
f 595//168 681//168 758//168 
f 616//169 681//169 595//169 
f 554//170 616//170 595//170 
f 477//171 554//171 595//171 
f 489//172 554//172 477//172 
f 421//173 489//173 477//173 
f 350//174 421//174 477//174 
f 367//175 421//175 350//175 
f 3//176 35//176 21//176 
f 2//177 3//177 21//177 
f 350//178 3//178 2//178 
f 214//179 367//179 350//179 
f 2//180 214//180 350//180 
f 1//181 214//181 2//181 
f 20//182 1//182 2//182 
f 30//183 1//183 20//183 
f 2263//184 2099//184 2108//184 
f 2405//185 2263//185 2108//185 
f 2402//186 2263//186 2405//186 
f 2426//187 2402//187 2405//187 
f 2573//188 2608//188 2603//188 
f 2608//189 2573//189 2529//189 
f 2501//190 2608//190 2529//190 
f 2405//191 2608//191 2501//191 
f 2457//192 2405//192 2501//192 
f 2426//193 2405//193 2457//193 
f 2718//194 2780//194 2738//194 
f 2780//195 2718//195 2663//195 
f 2662//196 2780//196 2663//196 
f 2608//197 2780//197 2662//197 
f 2614//198 2608//198 2662//198 
f 2603//199 2608//199 2614//199 
f 2989//200 2906//200 2877//200 
f 2846//201 2989//201 2877//201 
f 2989//202 2846//202 2821//202 
f 2793//203 2989//203 2821//203 
f 2780//204 2989//204 2793//204 
f 2774//205 2780//205 2793//205 
f 2738//206 2780//206 2774//206 
f 3455//207 3224//207 3179//207 
f 3037//208 3455//208 3179//208 
f 2989//209 3455//209 3037//209 
f 2985//210 2989//210 3037//210 
f 2906//211 2989//211 2985//211 
f 3584//212 3543//212 3620//212 
f 3594//213 3584//213 3620//213 
f 3620//214 3543//214 3469//214 
f 3461//215 3620//215 3469//215 
f 3455//216 3620//216 3461//216 
f 3451//217 3455//217 3461//217 
f 3224//218 3455//218 3451//218 
f 3737//219 3703//219 3657//219 
f 3651//220 3737//220 3657//220 
f 3620//221 3737//221 3651//221 
f 3604//222 3620//222 3651//222 
f 3594//223 3620//223 3604//223 
f 3798//224 3860//224 3845//224 
f 3860//225 3798//225 3778//225 
f 3733//226 3860//226 3778//226 
f 3737//227 3860//227 3733//227 
f 3730//228 3737//228 3733//228 
f 3703//229 3737//229 3730//229 
f 4045//230 4038//230 4048//230 
f 4045//231 4014//231 4015//231 
f 4037//232 4045//232 4015//232 
f 4038//233 4045//233 4037//233 
f 4019//234 4018//234 4049//234 
f 4038//235 4019//235 4049//235 
f 4049//236 4018//236 3950//236 
f 3949//237 4049//237 3950//237 
f 3939//238 4049//238 3949//238 
f 4049//239 3939//239 3938//239 
f 3927//240 4049//240 3938//240 
f 3924//241 4049//241 3927//241 
f 4049//242 3924//242 3891//242 
f 3885//243 4049//243 3891//243 
f 3860//244 4049//244 3885//244 
f 3856//245 3860//245 3885//245 
f 3845//246 3860//246 3856//246 
f 4047//247 3855//247 3887//247 
f 3888//248 4047//248 3887//248 
f 4047//249 3888//249 3917//249 
f 3923//250 4047//250 3917//250 
f 3932//251 4047//251 3923//251 
f 4047//252 3932//252 3935//252 
f 3945//253 4047//253 3935//253 
f 3946//254 4047//254 3945//254 
f 4047//255 3946//255 3977//255 
f 3980//256 4047//256 3977//256 
f 4023//257 4047//257 3980//257 
f 4048//258 4035//258 4027//258 
f 4025//259 4048//259 4027//259 
f 4044//260 4048//260 4025//260 
f 4012//261 4044//261 4025//261 
f 4013//262 4044//262 4012//262 
f 3858//263 3732//263 3790//263 
f 3793//264 3858//264 3790//264 
f 3842//265 3858//265 3793//265 
f 3855//266 4047//266 3862//266 
f 3858//267 3855//267 3862//267 
f 3846//268 3855//268 3858//268 
f 3842//269 3846//269 3858//269 
f 3735//270 3616//270 3624//270 
f 3631//271 3735//271 3624//271 
f 3735//272 3631//272 3664//272 
f 3674//273 3735//273 3664//273 
f 3719//274 3735//274 3674//274 
f 3732//275 3858//275 3740//275 
f 3735//276 3732//276 3740//276 
f 3729//277 3732//277 3735//277 
f 3719//278 3729//278 3735//278 
f 3616//279 3735//279 3621//279 
f 3618//280 3616//280 3621//280 
f 3572//281 3616//281 3618//281 
f 3553//282 3572//282 3618//282 
f 3453//283 3268//283 3340//283 
f 3445//284 3453//284 3340//284 
f 3458//285 3453//285 3445//285 
f 3468//286 3458//286 3445//286 
f 3618//287 3458//287 3468//287 
f 3491//288 3618//288 3468//288 
f 3553//289 3618//289 3491//289 
f 2987//290 2849//290 2905//290 
f 2987//291 2905//291 2945//291 
f 2983//292 2987//292 2945//292 
f 2992//293 2987//293 2983//293 
f 3067//294 2992//294 2983//294 
f 3453//295 2992//295 3067//295 
f 3164//296 3453//296 3067//296 
f 3268//297 3453//297 3164//297 
f 2665//298 2675//298 2778//298 
f 2612//299 2665//299 2778//299 
f 2778//300 2675//300 2749//300 
f 2773//301 2778//301 2749//301 
f 2784//302 2778//302 2773//302 
f 2789//303 2784//303 2773//303 
f 2987//304 2784//304 2789//304 
f 2834//305 2987//305 2789//305 
f 2849//306 2987//306 2834//306 
f 2400//307 2417//307 2403//307 
f 2473//308 2516//308 2606//308 
f 2417//309 2473//309 2606//309 
f 2447//310 2473//310 2417//310 
f 2400//311 2447//311 2417//311 
f 2606//312 2516//312 2560//312 
f 2605//313 2606//313 2560//313 
f 2612//314 2606//314 2605//314 
f 2619//315 2612//315 2605//315 
f 2665//316 2612//316 2619//316 
f 2384//317 2403//317 2390//317 
f 2400//318 2403//318 2384//318 
f 2331//319 2400//319 2384//319 
f 2253//320 2400//320 2331//320 
f 2400//321 2253//321 2221//321 
f 2174//322 2400//322 2221//322 
f 2115//323 2400//323 2174//323 
f 2166//324 2115//324 2174//324 
f 2100//325 2115//325 2166//325 
f 2406//326 2109//326 2101//326 
f 2167//327 2406//327 2101//327 
f 2406//328 2167//328 2211//328 
f 2255//329 2406//329 2211//329 
f 2302//330 2406//330 2255//330 
f 2383//331 2391//331 2404//331 
f 2377//332 2383//332 2404//332 
f 4048//333 4038//333 4049//333 
f 3861//334 4048//334 4049//334 
f 3859//335 4048//335 3861//335 
f 4047//336 4023//336 4035//336 
f 4048//337 4047//337 4035//337 
f 3863//338 4047//338 4048//338 
f 3859//339 3863//339 4048//339 
f 3617//340 3738//340 3619//340 
f 3738//341 3617//341 3622//341 
f 3736//342 3738//342 3622//342 
f 3861//343 3738//343 3736//343 
f 3739//344 3861//344 3736//344 
f 3859//345 3861//345 3739//345 
f 2988//346 3454//346 2990//346 
f 3454//347 2988//347 2993//347 
f 3452//348 3454//348 2993//348 
f 3619//349 3454//349 3452//349 
f 3457//350 3619//350 3452//350 
f 3617//351 3619//351 3457//351 
f 2607//352 2781//352 2609//352 
f 2781//353 2607//353 2613//353 
f 2779//354 2781//354 2613//354 
f 2990//355 2781//355 2779//355 
f 2785//356 2990//356 2779//356 
f 2988//357 2990//357 2785//357 
f 2406//358 2302//358 2377//358 
f 2404//359 2406//359 2377//359 
f 2609//360 2406//360 2404//360 
f 2418//361 2609//361 2404//361 
f 2607//362 2609//362 2418//362 
f 3713//363 3763//363 3762//363 
f 3715//364 3763//364 3713//364 
f 3643//365 3715//365 3713//365 
f 3644//366 3715//366 3643//366 
f 3538//367 3644//367 3643//367 
f 3539//368 3644//368 3538//368 
f 3240//369 3539//369 3538//369 
f 3241//370 3539//370 3240//370 
f 2885//371 3241//371 3240//371 
f 2886//372 3241//372 2885//372 
f 2726//373 2886//373 2885//373 
f 2727//374 2886//374 2726//374 
f 2548//375 2727//375 2726//375 
f 2549//376 2727//376 2548//376 
f 2122//377 2549//377 2548//377 
f 2123//378 2549//378 2122//378 
f 1669//379 2123//379 2122//379 
f 1670//380 2123//380 1669//380 
f 1485//381 1670//381 1669//381 
f 1486//382 1670//382 1485//382 
f 1329//383 1486//383 1485//383 
f 1330//384 1486//384 1329//384 
f 973//385 1330//385 1329//385 
f 974//386 1330//386 973//386 
f 674//387 974//387 973//387 
f 675//388 974//388 674//388 
f 571//389 675//389 674//389 
f 572//390 675//390 571//390 
f 496//391 572//391 571//391 
f 498//392 572//392 496//392 
f 452//393 498//393 496//393 
f 453//394 498//394 452//394 
f 2777//395 2709//395 2710//395 
f 2776//396 2709//396 2777//396 
f 2814//397 2776//397 2777//397 
f 2813//398 2776//398 2814//398 
f 2808//399 2813//399 2814//399 
f 2807//400 2813//400 2808//400 
f 2758//401 2807//401 2808//401 
f 2757//402 2807//402 2758//402 
f 2691//403 2757//403 2758//403 
f 2690//404 2757//404 2691//404 
f 2577//405 2690//405 2691//405 
f 2576//406 2690//406 2577//406 
f 2479//407 2576//407 2577//407 
f 2478//408 2576//408 2479//408 
f 1823//409 2478//409 2479//409 
f 1822//410 2478//410 1823//410 
f 1704//411 1822//411 1823//411 
f 1703//412 1822//412 1704//412 
f 1576//413 1703//413 1704//413 
f 1575//414 1703//414 1576//414 
f 1495//415 1575//415 1576//415 
f 1494//416 1575//416 1495//416 
f 2776//417 2706//417 2709//417 
f 2770//418 2706//418 2776//418 
f 2813//419 2770//419 2776//419 
f 2809//420 2770//420 2813//420 
f 2807//421 2809//421 2813//421 
f 2797//422 2809//422 2807//422 
f 2757//423 2797//423 2807//423 
f 2756//424 2797//424 2757//424 
f 2690//425 2756//425 2757//425 
f 2687//426 2756//426 2690//426 
f 2576//427 2687//427 2690//427 
f 2575//428 2687//428 2576//428 
f 2478//429 2575//429 2576//429 
f 2477//430 2575//430 2478//430 
f 1822//431 2477//431 2478//431 
f 1824//432 2477//432 1822//432 
f 1703//433 1824//433 1822//433 
f 1705//434 1824//434 1703//434 
f 1575//435 1705//435 1703//435 
f 1579//436 1705//436 1575//436 
f 1494//437 1579//437 1575//437 
f 1496//438 1579//438 1494//438 
f 1776//439 1790//439 1762//439 
f 1746//440 1776//440 1762//440 
f 1780//441 1776//441 1746//441 
f 1759//442 1780//442 1746//442 
f 1796//443 1780//443 1759//443 
f 1789//444 1796//444 1759//444 
f 1992//445 1796//445 1789//445 
f 1965//446 1992//446 1789//446 
f 2395//447 1992//447 1965//447 
f 2419//448 2395//448 1965//448 
f 2427//449 2395//449 2419//449 
f 2455//450 2427//450 2419//450 
f 2395//451 2427//451 2428//451 
f 2396//452 2395//452 2428//452 
f 1992//453 2395//453 2396//453 
f 1993//454 1992//454 2396//454 
f 1796//455 1992//455 1993//455 
f 1797//456 1796//456 1993//456 
f 1780//457 1796//457 1797//457 
f 1781//458 1780//458 1797//458 
f 1776//459 1780//459 1781//459 
f 1777//460 1776//460 1781//460 
f 1790//461 1776//461 1777//461 
f 1791//462 1790//462 1777//462 
f 1666//463 2105//463 2104//463 
f 1665//464 1666//464 2104//464 
f 1482//465 1666//465 1665//465 
f 1481//466 1482//466 1665//466 
f 1326//467 1482//467 1481//467 
f 1325//468 1326//468 1481//468 
f 970//469 1326//469 1325//469 
f 969//470 970//470 1325//470 
f 671//471 970//471 969//471 
f 670//472 671//472 969//472 
f 569//473 671//473 670//473 
f 573//474 569//474 670//474 
f 500//475 569//475 573//475 
f 502//476 500//476 573//476 
f 454//477 500//477 502//477 
f 455//478 454//478 502//478 
f 501//479 454//479 455//479 
f 503//480 501//480 455//480 
f 570//481 501//481 503//481 
f 574//482 570//482 503//482 
f 673//483 570//483 574//483 
f 672//484 673//484 574//484 
f 972//485 673//485 672//485 
f 971//486 972//486 672//486 
f 1328//487 972//487 971//487 
f 1327//488 1328//488 971//488 
f 1484//489 1328//489 1327//489 
f 1483//490 1484//490 1327//490 
f 1668//491 1484//491 1483//491 
f 1667//492 1668//492 1483//492 
f 2097//493 1668//493 1667//493 
f 2116//494 2097//494 1667//494 
f 2547//495 2097//495 2116//495 
f 2546//496 2547//496 2116//496 
f 2725//497 2547//497 2546//497 
f 2723//498 2725//498 2546//498 
f 2884//499 2725//499 2723//499 
f 2883//500 2884//500 2723//500 
f 3239//501 2884//501 2883//501 
f 3238//502 3239//502 2883//502 
f 3541//503 3239//503 3238//503 
f 3537//504 3541//504 3238//504 
f 3638//505 3541//505 3537//505 
f 3642//506 3638//506 3537//506 
f 3712//507 3638//507 3642//507 
f 3718//508 3712//508 3642//508 
f 3761//509 3712//509 3718//509 
f 3764//510 3761//510 3718//510 
f 3711//511 3761//511 3764//511 
f 3717//512 3711//512 3764//512 
f 3637//513 3711//513 3717//513 
f 3641//514 3637//514 3717//514 
f 3540//515 3637//515 3641//515 
f 3536//516 3540//516 3641//516 
f 3237//517 3540//517 3536//517 
f 3236//518 3237//518 3536//518 
f 2882//519 3237//519 3236//519 
f 2881//520 2882//520 3236//520 
f 2724//521 2882//521 2881//521 
f 2722//522 2724//522 2881//522 
f 2545//523 2724//523 2722//523 
f 2544//524 2545//524 2722//524 
f 2105//525 2545//525 2544//525 
f 2104//526 2105//526 2544//526 
f 150//527 155//527 358//527 
f 123//528 150//528 358//528 
f 127//529 150//529 123//529 
f 358//530 155//530 169//530 
f 201//531 358//531 169//531 
f 281//532 358//532 201//532 
f 358//533 281//533 293//533 
f 317//534 358//534 293//534 
f 327//535 358//535 317//535 
f 2102//536 1721//536 2098//536 
f 1721//537 2102//537 1753//537 
f 1720//538 1721//538 1753//538 
f 1654//539 1721//539 1720//539 
f 1560//540 1654//540 1720//540 
f 1549//541 1654//541 1560//541 
f 1547//542 1549//542 1560//542 
f 1468//543 1549//543 1547//543 
f 1381//544 1468//544 1547//544 
f 1371//545 1468//545 1381//545 
f 1365//546 1371//546 1381//546 
f 1302//547 1371//547 1365//547 
f 1093//548 1302//548 1365//548 
f 1078//549 1302//549 1093//549 
f 1045//550 1078//550 1093//550 
f 904//551 1078//551 1045//551 
f 726//552 904//552 1045//552 
f 723//553 904//553 726//553 
f 704//554 723//554 726//554 
f 627//555 723//555 704//555 
f 577//556 627//556 704//556 
f 578//557 627//557 577//557 
f 562//558 578//558 577//558 
f 518//559 578//559 562//559 
f 444//560 518//560 562//560 
f 450//561 518//561 444//561 
f 430//562 450//562 444//562 
f 416//563 450//563 430//563 
f 286//564 416//564 430//564 
f 358//565 416//565 286//565 
f 219//566 358//566 286//566 
f 123//567 358//567 219//567 
f 47//568 123//568 219//568 
f 61//569 123//569 47//569 
f 1838//570 1832//570 1837//570 
f 1844//571 1838//571 1837//571 
f 1848//572 1838//572 1844//572 
f 1846//573 1848//573 1844//573 
f 1838//574 1848//574 1857//574 
f 1851//575 1838//575 1857//575 
f 1832//576 1838//576 1851//576 
f 1819//577 1832//577 1851//577 
f 1826//578 1832//578 1819//578 
f 1715//579 1851//579 1855//579 
f 1864//580 1715//580 1855//580 
f 1868//581 1715//581 1864//581 
f 351//582 309//582 1//582 
f 213//583 351//583 1//583 
f 409//584 351//584 213//584 
f 366//585 409//585 213//585 
f 445//586 409//586 366//586 
f 420//587 445//587 366//587 
f 509//588 445//588 420//588 
f 490//589 509//589 420//589 
f 566//590 509//590 490//590 
f 555//591 566//591 490//591 
f 619//592 566//592 555//592 
f 615//593 619//593 555//593 
f 707//594 619//594 615//594 
f 680//595 707//595 615//595 
f 837//596 707//596 680//596 
f 768//597 837//597 680//597 
f 1043//598 837//598 768//598 
f 1026//599 1043//599 768//599 
f 1289//600 1043//600 1026//600 
f 1230//601 1289//601 1026//601 
f 1362//602 1289//602 1230//602 
f 1358//603 1362//603 1230//603 
f 1442//604 1362//604 1358//604 
f 1435//605 1442//605 1358//605 
f 1540//606 1442//606 1435//606 
f 1532//607 1540//607 1435//607 
f 1636//608 1540//608 1532//608 
f 1609//609 1636//609 1532//609 
f 1715//610 1636//610 1609//610 
f 1712//611 1715//611 1609//611 
f 1851//612 1715//612 1712//612 
f 1810//613 1851//613 1712//613 
f 1819//614 1851//614 1810//614 
f 2120//615 2165//615 2117//615 
f 2168//616 2165//616 2120//616 
f 2156//617 2153//617 2114//617 
f 2113//618 2156//618 2114//618 
f 2106//619 2156//619 2113//619 
f 2161//620 2156//620 2106//620 
f 2111//621 2161//621 2106//621 
f 2165//622 2161//622 2111//622 
f 2107//623 2165//623 2111//623 
f 2117//624 2165//624 2107//624 
f 3585//625 3548//625 3586//625 
f 2653//626 2615//626 2585//626 
f 2579//627 2653//627 2585//627 
f 2604//628 2653//628 2579//628 
f 2604//629 2579//629 2510//629 
f 2486//630 2604//630 2510//630 
f 2462//631 2604//631 2486//631 
f 2771//632 2832//632 2798//632 
f 2832//633 2771//633 2735//633 
f 2695//634 2832//634 2735//634 
f 2775//635 2832//635 2695//635 
f 2668//636 2775//636 2695//636 
f 2653//637 2775//637 2668//637 
f 2656//638 2653//638 2668//638 
f 2615//639 2653//639 2656//639 
f 3107//640 3030//640 2893//640 
f 2876//641 3107//641 2893//641 
f 2986//642 3107//642 2876//642 
f 2835//643 2986//643 2876//643 
f 2832//644 2986//644 2835//644 
f 2824//645 2832//645 2835//645 
f 2798//646 2832//646 2824//646 
f 3488//647 3347//647 3209//647 
f 3450//648 3488//648 3209//648 
f 3118//649 3450//649 3209//649 
f 3107//650 3450//650 3118//650 
f 3098//651 3107//651 3118//651 
f 3030//652 3107//652 3098//652 
f 3635//653 3636//653 3634//653 
f 3603//654 3635//654 3634//654 
f 3592//655 3635//655 3603//655 
f 3635//656 3592//656 3519//656 
f 3514//657 3635//657 3519//657 
f 3615//658 3635//658 3514//658 
f 3492//659 3615//659 3514//659 
f 3488//660 3615//660 3492//660 
f 3430//661 3488//661 3492//661 
f 3347//662 3488//662 3430//662 
f 3766//663 3771//663 3746//663 
f 3766//664 3746//664 3697//664 
f 3676//665 3766//665 3697//665 
f 3647//666 3766//666 3676//666 
f 3647//667 3636//667 3635//667 
f 3734//668 3647//668 3635//668 
f 3766//669 3647//669 3734//669 
f 3871//670 3872//670 3865//670 
f 3815//671 3871//671 3865//671 
f 3857//672 3871//672 3815//672 
f 3801//673 3857//673 3815//673 
f 3766//674 3857//674 3801//674 
f 3772//675 3766//675 3801//675 
f 3771//676 3766//676 3772//676 
f 3974//677 3952//677 3951//677 
f 3964//678 3974//678 3951//678 
f 4044//679 4011//679 4014//679 
f 4045//680 4044//680 4014//680 
f 4048//681 4044//681 4045//681 
f 4044//682 3988//682 3987//682 
f 4007//683 4044//683 3987//683 
f 4011//684 4044//684 4007//684 
f 3988//685 4044//685 4013//685 
f 4010//686 3988//686 4013//686 
f 3988//687 4010//687 4006//687 
f 3986//688 3988//688 4006//688 
f 4028//689 3988//689 3986//689 
f 4028//690 3986//690 3985//690 
f 4036//691 4028//691 3985//691 
f 4032//692 4028//692 4036//692 
f 4039//693 4032//693 4036//693 
f 4043//694 4032//694 4039//694 
f 4041//695 4043//695 4039//695 
f 4040//696 4043//696 4041//696 
f 4042//697 4040//697 4041//697 
f 4033//698 4040//698 4042//698 
f 4024//699 4033//699 4042//699 
f 3974//700 4033//700 4024//700 
f 3968//701 3974//701 4024//701 
f 3952//702 3974//702 3968//702 
f 3921//703 3951//703 3937//703 
f 3922//704 3921//704 3937//704 
f 4046//705 3921//705 3922//705 
f 3893//706 4046//706 3922//706 
f 3871//707 4046//707 3893//707 
f 3884//708 3871//708 3893//708 
f 3872//709 3871//709 3884//709 
f 3921//710 3895//710 3926//710 
f 3940//711 3921//711 3926//711 
f 3951//712 3921//712 3940//712 
f 3941//713 3951//713 3940//713 
f 3964//714 3951//714 3941//714 
f 3805//715 3783//715 3816//715 
f 3838//716 3805//716 3816//716 
f 3864//717 3805//717 3838//717 
f 3844//718 3864//718 3838//718 
f 3921//719 3864//719 3844//719 
f 3886//720 3921//720 3844//720 
f 3895//721 3921//721 3886//721 
f 3694//722 3645//722 3659//722 
f 3623//723 3585//723 3586//723 
f 3601//724 3623//724 3586//724 
f 3694//725 3623//725 3601//725 
f 3605//726 3694//726 3601//726 
f 3645//727 3694//727 3605//727 
f 3694//728 3659//728 3678//728 
f 3696//729 3694//729 3678//729 
f 3741//730 3694//730 3696//730 
f 3710//731 3741//731 3696//731 
f 3805//732 3741//732 3710//732 
f 3745//733 3805//733 3710//733 
f 3783//734 3805//734 3745//734 
f 3310//735 3242//735 3317//735 
f 3345//736 3310//736 3317//736 
f 3459//737 3310//737 3345//737 
f 3464//738 3459//738 3345//738 
f 3585//739 3459//739 3464//739 
f 3516//740 3585//740 3464//740 
f 3548//741 3585//741 3516//741 
f 2994//742 2907//742 2908//742 
f 3064//743 2994//743 2908//743 
f 3310//744 2994//744 3064//744 
f 3100//745 3310//745 3064//745 
f 3242//746 3310//746 3100//746 
f 2799//747 2831//747 2907//747 
f 2786//748 2799//748 2907//748 
f 2907//749 2831//749 2894//749 
f 2901//750 2907//750 2894//750 
f 2908//751 2907//751 2901//751 
f 2554//752 2555//752 2581//752 
f 2611//753 2554//753 2581//753 
f 2651//754 2669//754 2734//754 
f 2611//755 2651//755 2734//755 
f 2594//756 2651//756 2611//756 
f 2581//757 2594//757 2611//757 
f 2734//758 2669//758 2692//758 
f 2736//759 2734//759 2692//759 
f 2786//760 2734//760 2736//760 
f 2744//761 2786//761 2736//761 
f 2799//762 2786//762 2744//762 
f 2385//763 2414//763 2392//763 
f 2085//764 2220//764 2171//764 
f 2220//765 2085//765 2438//765 
f 2487//766 2220//766 2438//766 
f 2254//767 2220//767 2487//767 
f 2511//768 2254//768 2487//768 
f 2330//769 2254//769 2511//769 
f 2555//770 2330//770 2511//770 
f 2385//771 2330//771 2555//771 
f 2554//772 2385//772 2555//772 
f 2414//773 2385//773 2554//773 
f 43//774 172//774 48//774 
f 13//775 152//775 26//775 
f 152//776 171//776 135//776 
f 7//777 211//777 171//777 
f 152//778 7//778 171//778 
f 11//779 7//779 152//779 
f 13//780 11//780 152//780 
f 152//781 135//781 129//781 
f 111//782 152//782 129//782 
f 131//783 152//783 111//783 
f 56//784 131//784 111//784 
f 110//785 131//785 56//785 
f 10//786 9//786 2//786 
f 10//787 59//787 54//787 
f 51//788 10//788 54//788 
f 9//789 10//789 51//789 
f 10//790 52//790 74//790 
f 78//791 10//791 74//791 
f 59//792 10//792 78//792 
f 74//793 52//793 55//793 
f 60//794 74//794 55//794 
f 74//795 60//795 79//795 
f 75//796 74//796 79//796 
f 24//797 74//797 75//797 
f 28//798 24//798 75//798 
f 12//799 24//799 28//799 
f 14//800 12//800 28//800 
f 18//801 12//801 14//801 
f 16//802 18//802 14//802 
f 19//803 18//803 16//803 
f 17//804 19//804 16//804 
f 56//805 19//805 17//805 
f 45//806 56//806 17//806 
f 110//807 56//807 45//807 
f 211//808 7//808 6//808 
f 5//809 211//809 6//809 
f 243//810 211//810 5//810 
f 8//811 243//811 5//811 
f 273//812 243//812 8//812 
f 15//813 273//813 8//813 
f 286//814 22//814 41//814 
f 42//815 286//815 41//815 
f 219//816 286//816 42//816 
f 47//817 219//817 42//817 
f 2085//818 2171//818 2168//818 
f 2120//819 2085//819 2168//819 
f 2042//820 2085//820 2120//820 
f 1779//821 2085//821 2042//821 
f 1994//822 1779//822 2042//822 
f 1731//823 1779//823 1994//823 
f 1955//824 1731//824 1994//824 
f 1910//825 1731//825 1955//825 
f 1660//826 1910//826 1831//826 
f 1828//827 1660//827 1831//827 
f 1714//828 1660//828 1828//828 
f 1821//829 1714//829 1828//829 
f 1514//830 1470//830 1469//830 
f 1470//831 1514//831 1524//831 
f 1563//832 1470//832 1524//832 
f 1537//833 1470//833 1563//833 
f 1537//834 1563//834 1596//834 
f 1625//835 1537//835 1596//835 
f 1660//836 1537//836 1625//836 
f 1655//837 1660//837 1625//837 
f 1910//838 1660//838 1655//838 
f 1691//839 1910//839 1655//839 
f 1731//840 1910//840 1691//840 
f 1439//841 1469//841 1470//841 
f 1361//842 1439//842 1470//842 
f 1413//843 1439//843 1361//843 
f 1303//844 1413//844 1361//844 
f 1369//845 1413//845 1303//845 
f 909//846 1114//846 1295//846 
f 1032//847 909//847 1295//847 
f 1301//848 1032//848 1295//848 
f 1303//849 1032//849 1301//849 
f 1315//850 1303//850 1301//850 
f 1369//851 1303//851 1315//851 
f 694//852 724//852 626//852 
f 628//853 694//853 626//853 
f 626//854 724//854 860//854 
f 883//855 626//855 860//855 
f 698//856 626//856 883//856 
f 894//857 698//857 883//857 
f 909//858 698//858 894//858 
f 1081//859 909//859 894//859 
f 1114//860 909//860 1081//860 
f 516//861 519//861 536//861 
f 579//862 516//862 536//862 
f 556//863 516//863 579//863 
f 610//864 556//864 579//864 
f 626//865 556//865 610//865 
f 624//866 626//866 610//866 
f 628//867 626//867 624//867 
f 398//868 428//868 405//868 
f 376//869 398//869 405//869 
f 428//870 398//870 411//870 
f 451//871 428//871 411//871 
f 516//872 428//872 451//872 
f 511//873 516//873 451//873 
f 519//874 516//874 511//874 
f 152//875 156//875 172//875 
f 43//876 152//876 172//876 
f 26//877 152//877 43//877 
f 172//878 156//878 207//878 
f 242//879 172//879 207//879 
f 347//880 172//880 242//880 
f 347//881 376//881 405//881 
f 218//882 347//882 405//882 
f 172//883 347//883 218//883 
f 273//884 15//884 22//884 
f 286//885 273//885 22//885 
f 348//886 273//886 286//886 
f 355//887 348//887 286//887 
f 444//888 475//888 469//888 
f 443//889 444//889 469//889 
f 430//890 444//890 443//890 
f 417//891 430//891 443//891 
f 286//892 430//892 417//892 
f 400//893 286//893 417//893 
f 355//894 286//894 400//894 
f 562//895 577//895 576//895 
f 535//896 562//896 576//896 
f 444//897 562//897 535//897 
f 521//898 444//898 535//898 
f 475//899 444//899 521//899 
f 577//900 609//900 581//900 
f 580//901 577//901 581//901 
f 576//902 577//902 580//902 
f 726//903 861//903 733//903 
f 725//904 726//904 733//904 
f 704//905 726//905 725//905 
f 696//906 704//906 725//906 
f 577//907 704//907 696//907 
f 637//908 577//908 696//908 
f 609//909 577//909 637//909 
f 1093//910 1247//910 1115//910 
f 1092//911 1093//911 1115//911 
f 1045//912 1093//912 1092//912 
f 1048//913 1045//913 1092//913 
f 726//914 1045//914 1048//914 
f 884//915 726//915 1048//915 
f 861//916 726//916 884//916 
f 1547//917 1560//917 1558//917 
f 1515//918 1547//918 1558//918 
f 1381//919 1547//919 1515//919 
f 1492//920 1381//920 1515//920 
f 1419//921 1381//921 1492//921 
f 1381//922 1419//922 1412//922 
f 1379//923 1381//923 1412//923 
f 1365//924 1381//924 1379//924 
f 1351//925 1365//925 1379//925 
f 1093//926 1365//926 1351//926 
f 1316//927 1093//927 1351//927 
f 1247//928 1093//928 1316//928 
f 2462//929 2486//929 2467//929 
f 2432//930 2462//930 2467//930 
f 2401//931 2462//931 2432//931 
f 2103//932 2401//932 2432//932 
f 2102//933 2401//933 2103//933 
f 1803//934 2102//934 2103//934 
f 1753//935 2102//935 1803//935 
f 1751//936 1753//936 1803//936 
f 1720//937 1753//937 1751//937 
f 1732//938 1720//938 1751//938 
f 1560//939 1720//939 1732//939 
f 1560//940 1732//940 1724//940 
f 1662//941 1560//941 1724//941 
f 1628//942 1560//942 1662//942 
f 1560//943 1628//943 1600//943 
f 1565//944 1560//944 1600//944 
f 1558//945 1560//945 1565//945 
f 2539//946 2538//946 2399//946 
f 2098//947 2539//947 2399//947 
f 2112//948 2539//948 2098//948 
f 2591//949 2538//949 2539//949 
f 2715//950 2591//950 2539//950 
f 2713//951 2591//951 2715//951 
f 2764//952 2713//952 2715//952 
f 2873//953 2764//953 2715//953 
f 2871//954 2764//954 2873//954 
f 2962//955 2871//955 2873//955 
f 3233//956 2962//956 2873//956 
f 3229//957 2962//957 3233//957 
f 3411//958 3229//958 3233//958 
f 3547//959 3411//959 3233//959 
f 3545//960 3411//960 3547//960 
f 3593//961 3545//961 3547//961 
f 3658//962 3593//962 3547//962 
f 3656//963 3593//963 3658//963 
f 3706//964 3656//964 3658//964 
f 3779//965 3706//965 3658//965 
f 3770//966 3706//966 3779//966 
f 3810//967 3770//967 3779//967 
f 3866//968 3810//968 3779//968 
f 3849//969 3810//969 3866//969 
f 3876//970 3849//970 3866//970 
f 3867//971 3876//971 3866//971 
f 3853//972 3876//972 3867//972 
f 3813//973 3853//973 3867//973 
f 3789//974 3813//974 3867//974 
f 3782//975 3813//975 3789//975 
f 3709//976 3782//976 3789//976 
f 3668//977 3709//977 3789//977 
f 3665//978 3709//978 3668//978 
f 3597//979 3665//979 3668//979 
f 3562//980 3597//980 3668//980 
f 3558//981 3597//981 3562//981 
f 3422//982 3558//982 3562//982 
f 3275//983 3422//983 3562//983 
f 3270//984 3422//984 3275//984 
f 2967//985 3270//985 3275//985 
f 2904//986 2967//986 3275//986 
f 2902//987 2967//987 2904//987 
f 2769//988 2902//988 2904//988 
f 2739//989 2769//989 2904//989 
f 2737//990 2769//990 2739//990 
f 2596//991 2737//991 2739//991 
f 2564//992 2596//992 2739//992 
f 2563//993 2596//993 2564//993 
f 2409//994 2563//994 2564//994 
f 2347//995 2409//995 2564//995 
f 2348//996 2409//996 2347//996 
f 3808//997 3806//997 3811//997 
f 3878//998 3808//998 3811//998 
f 3877//999 3808//999 3878//999 
f 3707//1000 3806//1000 3808//1000 
f 3701//1001 3707//1001 3808//1001 
f 3699//1002 3707//1002 3701//1002 
f 3596//1003 3699//1003 3701//1003 
f 3589//1004 3596//1004 3701//1004 
f 3587//1005 3596//1005 3589//1005 
f 3419//1006 3587//1006 3589//1006 
f 3379//1007 3419//1007 3589//1007 
f 3377//1008 3419//1008 3379//1008 
f 2965//1009 3377//1009 3379//1009 
f 2922//1010 2965//1010 3379//1010 
f 2918//1011 2965//1011 2922//1011 
f 2767//1012 2918//1012 2922//1012 
f 2761//1013 2767//1013 2922//1013 
f 2759//1014 2767//1014 2761//1014 
f 2597//1015 2759//1015 2761//1015 
f 2570//1016 2597//1016 2761//1016 
f 2568//1017 2597//1017 2570//1017 
f 2410//1018 2568//1018 2570//1018 
f 2343//1019 2410//1019 2570//1019 
f 2345//1020 2410//1020 2343//1020 
f 1872//1021 1869//1021 1867//1021 
f 1901//1022 1872//1022 1867//1022 
f 1902//1023 1872//1023 1901//1023 
f 1903//1024 1902//1024 1901//1024 
f 1916//1025 1903//1025 1901//1025 
f 1918//1026 1903//1026 1916//1026 
f 2316//1027 2317//1027 2296//1027 
f 2294//1028 2316//1028 2296//1028 
f 2316//1029 2344//1029 2346//1029 
f 2318//1030 2316//1030 2346//1030 
f 2317//1031 2316//1031 2318//1031 
f 2294//1032 2296//1032 1918//1032 
f 1916//1033 2294//1033 1918//1033 
f 2341//1034 2345//1034 2343//1034 
f 2311//1035 2341//1035 2343//1035 
f 2312//1036 2341//1036 2311//1036 
f 2309//1037 2312//1037 2311//1037 
f 2293//1038 2309//1038 2311//1038 
f 2295//1039 2309//1039 2293//1039 
f 1895//1040 1896//1040 1917//1040 
f 1915//1041 1895//1041 1917//1041 
f 1895//1042 1866//1042 1868//1042 
f 1893//1043 1895//1043 1868//1043 
f 1896//1044 1895//1044 1893//1044 
f 1915//1045 1917//1045 2295//1045 
f 2293//1046 1915//1046 2295//1046 
f 1633//1047 1868//1047 1866//1047 
f 1715//1048 1868//1048 1633//1048 
f 1633//1049 1440//1049 1540//1049 
f 1636//1050 1633//1050 1540//1050 
f 1715//1051 1633//1051 1636//1051 
f 1440//1052 1283//1052 1362//1052 
f 1442//1053 1440//1053 1362//1053 
f 1540//1054 1440//1054 1442//1054 
f 1283//1055 825//1055 1043//1055 
f 1289//1056 1283//1056 1043//1056 
f 1362//1057 1283//1057 1289//1057 
f 825//1058 617//1058 707//1058 
f 837//1059 825//1059 707//1059 
f 1043//1060 825//1060 837//1060 
f 617//1061 507//1061 566//1061 
f 619//1062 617//1062 566//1062 
f 707//1063 617//1063 619//1063 
f 507//1064 401//1064 445//1064 
f 509//1065 507//1065 445//1065 
f 566//1066 507//1066 509//1066 
f 402//1067 410//1067 352//1067 
f 309//1068 402//1068 352//1068 
f 308//1069 402//1069 309//1069 
f 351//1070 308//1070 309//1070 
f 401//1071 308//1071 351//1071 
f 409//1072 401//1072 351//1072 
f 445//1073 401//1073 409//1073 
f 446//1074 410//1074 402//1074 
f 508//1075 446//1075 402//1075 
f 510//1076 446//1076 508//1076 
f 565//1077 510//1077 508//1077 
f 618//1078 565//1078 508//1078 
f 620//1079 565//1079 618//1079 
f 708//1080 620//1080 618//1080 
f 826//1081 708//1081 618//1081 
f 836//1082 708//1082 826//1082 
f 1044//1083 836//1083 826//1083 
f 1284//1084 1044//1084 826//1084 
f 1290//1085 1044//1085 1284//1085 
f 1363//1086 1290//1086 1284//1086 
f 1441//1087 1363//1087 1284//1087 
f 1443//1088 1363//1088 1441//1088 
f 1541//1089 1443//1089 1441//1089 
f 1634//1090 1541//1090 1441//1090 
f 1637//1091 1541//1091 1634//1091 
f 1716//1092 1637//1092 1634//1092 
f 1867//1093 1716//1093 1634//1093 
f 1869//1094 1716//1094 1867//1094 
f 2571//1095 2569//1095 2411//1095 
f 2346//1096 2571//1096 2411//1096 
f 2344//1097 2571//1097 2346//1097 
f 2598//1098 2569//1098 2571//1098 
f 2762//1099 2598//1099 2571//1099 
f 2760//1100 2598//1100 2762//1100 
f 2768//1101 2760//1101 2762//1101 
f 2923//1102 2768//1102 2762//1102 
f 2919//1103 2768//1103 2923//1103 
f 2966//1104 2919//1104 2923//1104 
f 3380//1105 2966//1105 2923//1105 
f 3376//1106 2966//1106 3380//1106 
f 3418//1107 3376//1107 3380//1107 
f 3590//1108 3418//1108 3380//1108 
f 3588//1109 3418//1109 3590//1109 
f 3595//1110 3588//1110 3590//1110 
f 3702//1111 3595//1111 3590//1111 
f 3700//1112 3595//1112 3702//1112 
f 3708//1113 3700//1113 3702//1113 
f 3809//1114 3708//1114 3702//1114 
f 3807//1115 3708//1115 3809//1115 
f 3812//1116 3807//1116 3809//1116 
f 3877//1117 3812//1117 3809//1117 
f 3878//1118 3812//1118 3877//1118 
f 335//1119 336//1119 341//1119 
f 340//1120 335//1120 341//1120 
f 335//1121 326//1121 327//1121 
f 334//1122 335//1122 327//1122 
f 336//1123 335//1123 334//1123 
f 333//1124 329//1124 328//1124 
f 337//1125 333//1125 328//1125 
f 338//1126 333//1126 337//1126 
f 339//1127 338//1127 337//1127 
f 342//1128 339//1128 337//1128 
f 343//1129 339//1129 342//1129 
f 340//1130 341//1130 343//1130 
f 342//1131 340//1131 343//1131 
f 1897//1132 1898//1132 1920//1132 
f 1919//1133 1897//1133 1920//1133 
f 1897//1134 1870//1134 1871//1134 
f 1894//1135 1897//1135 1871//1135 
f 1898//1136 1897//1136 1894//1136 
f 1919//1137 1920//1137 2298//1137 
f 2297//1138 1919//1138 2298//1138 
f 2342//1139 2348//1139 2347//1139 
f 2313//1140 2342//1140 2347//1140 
f 2314//1141 2342//1141 2313//1141 
f 2310//1142 2314//1142 2313//1142 
f 2297//1143 2310//1143 2313//1143 
f 2298//1144 2310//1144 2297//1144 
f 1638//1145 1639//1145 1718//1145 
f 1871//1146 1638//1146 1718//1146 
f 1870//1147 1638//1147 1871//1147 
f 1542//1148 1639//1148 1638//1148 
f 1446//1149 1542//1149 1638//1149 
f 1448//1150 1542//1150 1446//1150 
f 1364//1151 1448//1151 1446//1151 
f 1291//1152 1364//1152 1446//1152 
f 1294//1153 1364//1153 1291//1153 
f 1057//1154 1294//1154 1291//1154 
f 859//1155 1057//1155 1291//1155 
f 870//1156 1057//1156 859//1156 
f 713//1157 870//1157 859//1157 
f 622//1158 713//1158 859//1158 
f 623//1159 713//1159 622//1159 
f 575//1160 623//1160 622//1160 
f 512//1161 575//1161 622//1161 
f 517//1162 575//1162 512//1162 
f 449//1163 517//1163 512//1163 
f 407//1164 449//1164 512//1164 
f 414//1165 449//1165 407//1165 
f 357//1166 414//1166 407//1166 
f 328//1167 357//1167 407//1167 
f 329//1168 357//1168 328//1168 
f 408//1169 416//1169 358//1169 
f 327//1170 408//1170 358//1170 
f 326//1171 408//1171 327//1171 
f 450//1172 416//1172 408//1172 
f 513//1173 450//1173 408//1173 
f 518//1174 450//1174 513//1174 
f 578//1175 518//1175 513//1175 
f 625//1176 578//1176 513//1176 
f 627//1177 578//1177 625//1177 
f 723//1178 627//1178 625//1178 
f 886//1179 723//1179 625//1179 
f 904//1180 723//1180 886//1180 
f 1078//1181 904//1181 886//1181 
f 1300//1182 1078//1182 886//1182 
f 1302//1183 1078//1183 1300//1183 
f 1371//1184 1302//1184 1300//1184 
f 1466//1185 1371//1185 1300//1185 
f 1468//1186 1371//1186 1466//1186 
f 1549//1187 1468//1187 1466//1187 
f 1652//1188 1549//1188 1466//1188 
f 1654//1189 1549//1189 1652//1189 
f 1721//1190 1654//1190 1652//1190 
f 2112//1191 1721//1191 1652//1191 
f 2098//1192 1721//1192 2112//1192 
f 2362//1193 2356//1193 2335//1193 
f 2334//1194 2362//1194 2335//1194 
f 2296//1195 1945//1195 1918//1195 
f 2215//1196 2267//1196 2249//1196 
f 2267//1197 1987//1197 2296//1197 
f 1987//1198 2169//1198 2140//1198 
f 2057//1199 1987//1199 2140//1199 
f 2004//1200 1987//1200 2057//1200 
f 2296//1201 1987//1201 1966//1201 
f 1947//1202 2296//1202 1966//1202 
f 1945//1203 2296//1203 1947//1203 
f 1987//1204 2267//1204 2215//1204 
f 2209//1205 1987//1205 2215//1205 
f 2169//1206 1987//1206 2209//1206 
f 1858//1207 1852//1207 1878//1207 
f 1879//1208 1858//1208 1878//1208 
f 1851//1209 1857//1209 1876//1209 
f 1877//1210 1851//1210 1876//1210 
f 1917//1211 2266//1211 2295//1211 
f 1988//1212 1944//1212 1960//1212 
f 1944//1213 2216//1213 1917//1213 
f 2216//1214 2036//1214 2056//1214 
f 2139//1215 2216//1215 2056//1215 
f 2202//1216 2216//1216 2139//1216 
f 1917//1217 2216//1217 2243//1217 
f 2264//1218 1917//1218 2243//1218 
f 2266//1219 1917//1219 2264//1219 
f 2216//1220 1944//1220 1988//1220 
f 1998//1221 2216//1221 1988//1221 
f 2036//1222 2216//1222 1998//1222 
f 2355//1223 2361//1223 2333//1223 
f 2332//1224 2355//1224 2333//1224 
f 281//1225 201//1225 199//1225 
f 263//1226 281//1226 199//1226 
f 202//1227 282//1227 264//1227 
f 200//1228 202//1228 264//1228 
f 341//1229 332//1229 343//1229 
f 321//1230 331//1230 325//1230 
f 331//1231 322//1231 341//1231 
f 322//1232 316//1232 314//1232 
f 315//1233 322//1233 314//1233 
f 319//1234 322//1234 315//1234 
f 341//1235 322//1235 324//1235 
f 330//1236 341//1236 324//1236 
f 332//1237 341//1237 330//1237 
f 322//1238 331//1238 321//1238 
f 320//1239 322//1239 321//1239 
f 316//1240 322//1240 320//1240 
f 2357//1241 2363//1241 2336//1241 
f 2337//1242 2357//1242 2336//1242 
f 1853//1243 1859//1243 1881//1243 
f 1880//1244 1853//1244 1881//1244 
f 1920//1245 2268//1245 2298//1245 
f 1989//1246 1946//1246 1961//1246 
f 1946//1247 2217//1247 1920//1247 
f 2217//1248 2037//1248 2068//1248 
f 2138//1249 2217//1249 2068//1249 
f 2203//1250 2217//1250 2138//1250 
f 1920//1251 2217//1251 2244//1251 
f 2265//1252 1920//1252 2244//1252 
f 2268//1253 1920//1253 2265//1253 
f 2217//1254 1946//1254 1989//1254 
f 1999//1255 2217//1255 1989//1255 
f 2037//1256 2217//1256 1999//1256 
f 1511//1257 1525//1257 1502//1257 
f 1525//1258 1511//1258 1516//1258 
f 1554//1259 1525//1259 1516//1259 
f 1553//1260 1525//1260 1554//1260 
f 1562//1261 1553//1261 1554//1261 
f 1561//1262 1562//1262 1554//1262 
f 1585//1263 1562//1263 1561//1263 
f 1603//1264 1585//1264 1657//1264 
f 1646//1265 1603//1265 1657//1265 
f 1756//1266 1758//1266 1745//1266 
f 1700//1267 1756//1267 1745//1267 
f 1657//1268 1756//1268 1700//1268 
f 1659//1269 1657//1269 1700//1269 
f 1646//1270 1657//1270 1659//1270 
f 2130//1271 2129//1271 2077//1271 
f 2039//1272 2130//1272 2077//1272 
f 1756//1273 2130//1273 2039//1273 
f 1778//1274 1756//1274 2039//1274 
f 1758//1275 1756//1275 1778//1275 
f 2435//1276 2129//1276 2130//1276 
f 2464//1277 2435//1277 2130//1277 
f 2461//1278 2435//1278 2464//1278 
f 2464//1279 2552//1279 2533//1279 
f 2472//1280 2464//1280 2533//1280 
f 2461//1281 2464//1281 2472//1281 
f 2552//1282 2632//1282 2559//1282 
f 2551//1283 2552//1283 2559//1283 
f 2533//1284 2552//1284 2551//1284 
f 2631//1285 2635//1285 2553//1285 
f 2580//1286 2631//1286 2553//1286 
f 2465//1287 2509//1287 2512//1287 
f 2515//1288 2465//1288 2512//1288 
f 2553//1289 2465//1289 2515//1289 
f 2550//1290 2553//1290 2515//1290 
f 2580//1291 2553//1291 2550//1291 
f 2466//1292 2463//1292 2468//1292 
f 2485//1293 2466//1293 2468//1293 
f 2230//1294 2132//1294 2133//1294 
f 2466//1295 2132//1295 2230//1295 
f 2448//1296 2466//1296 2230//1296 
f 2463//1297 2466//1297 2448//1297 
f 1794//1298 2133//1298 2132//1298 
f 1754//1299 1794//1299 2132//1299 
f 1757//1300 1794//1300 1754//1300 
f 1754//1301 1702//1301 1717//1301 
f 1729//1302 1754//1302 1717//1302 
f 1757//1303 1754//1303 1729//1303 
f 1656//1304 1699//1304 1755//1304 
f 1626//1305 1640//1305 1656//1305 
f 1584//1306 1626//1306 1656//1306 
f 1656//1307 1640//1307 1649//1307 
f 1658//1308 1656//1308 1649//1308 
f 1699//1309 1656//1309 1658//1309 
f 2466//1310 2485//1310 2509//1310 
f 2465//1311 2466//1311 2509//1311 
f 2132//1312 2466//1312 2465//1312 
f 2131//1313 2132//1313 2465//1313 
f 1754//1314 2132//1314 2131//1314 
f 1755//1315 1754//1315 2131//1315 
f 1702//1316 1754//1316 1755//1316 
f 1699//1317 1702//1317 1755//1317 
f 1585//1318 1561//1318 1569//1318 
f 1584//1319 1585//1319 1569//1319 
f 1657//1320 1585//1320 1584//1320 
f 1656//1321 1657//1321 1584//1321 
f 1756//1322 1657//1322 1656//1322 
f 1755//1323 1756//1323 1656//1323 
f 2130//1324 1756//1324 1755//1324 
f 2131//1325 2130//1325 1755//1325 
f 2464//1326 2130//1326 2131//1326 
f 2465//1327 2464//1327 2131//1327 
f 2552//1328 2464//1328 2465//1328 
f 2553//1329 2552//1329 2465//1329 
f 2632//1330 2552//1330 2553//1330 
f 2635//1331 2632//1331 2553//1331 
f 2645//1332 2632//1332 2635//1332 
f 2649//1333 2645//1333 2635//1333 
f 2655//1334 2645//1334 2649//1334 
f 2654//1335 2655//1335 2649//1335 
f 2661//1336 2655//1336 2654//1336 
f 2696//1337 2661//1337 2654//1337 
f 2704//1338 2661//1338 2696//1338 
f 3749//1339 3823//1339 3822//1339 
f 3899//1340 3822//1340 3823//1340 
f 108//1341 69//1341 70//1341 
f 102//1342 72//1342 73//1342 
f 99//1343 74//1343 24//1343 
f 3971//1344 3985//1344 3984//1344 
f 37//1345 63//1345 64//1345 
f 118//1346 37//1346 64//1346 
f 34//1347 37//1347 118//1347 
f 120//1348 89//1348 49//1348 
f 104//1349 122//1349 124//1349 
f 238//1350 266//1350 215//1350 
f 206//1351 238//1351 215//1351 
f 137//1352 126//1352 124//1352 
f 122//1353 137//1353 124//1353 
f 173//1354 137//1354 122//1354 
f 238//1355 173//1355 122//1355 
f 176//1356 173//1356 238//1356 
f 206//1357 176//1357 238//1357 
f 238//1358 394//1358 365//1358 
f 318//1359 238//1359 365//1359 
f 266//1360 238//1360 318//1360 
f 431//1361 467//1361 472//1361 
f 392//1362 467//1362 431//1362 
f 394//1363 419//1363 399//1363 
f 370//1364 394//1364 399//1364 
f 365//1365 394//1365 370//1365 
f 520//1366 533//1366 537//1366 
f 467//1367 533//1367 520//1367 
f 492//1368 467//1368 520//1368 
f 472//1369 467//1369 492//1369 
f 606//1370 621//1370 611//1370 
f 589//1371 606//1371 611//1371 
f 533//1372 606//1372 589//1372 
f 546//1373 533//1373 589//1373 
f 537//1374 533//1374 546//1374 
f 645//1375 621//1375 606//1375 
f 691//1376 645//1376 606//1376 
f 699//1377 645//1377 691//1377 
f 691//1378 856//1378 757//1378 
f 736//1379 691//1379 757//1379 
f 699//1380 691//1380 736//1380 
f 856//1381 1036//1381 876//1381 
f 863//1382 856//1382 876//1382 
f 757//1383 856//1383 863//1383 
f 1314//1384 1356//1384 1317//1384 
f 1271//1385 1314//1385 1317//1385 
f 1111//1386 1314//1386 1271//1386 
f 1152//1387 1111//1387 1271//1387 
f 1118//1388 1111//1388 1152//1388 
f 1360//1389 1356//1389 1314//1389 
f 1411//1390 1360//1390 1314//1390 
f 1416//1391 1360//1391 1411//1391 
f 1418//1392 1416//1392 1411//1392 
f 1509//1393 1418//1393 1411//1393 
f 1512//1394 1418//1394 1509//1394 
f 1512//1395 1502//1395 1489//1395 
f 1424//1396 1512//1396 1489//1396 
f 1418//1397 1512//1397 1424//1397 
f 1561//1398 1509//1398 1569//1398 
f 1509//1399 1561//1399 1554//1399 
f 1516//1400 1509//1400 1554//1400 
f 1512//1401 1509//1401 1516//1401 
f 1511//1402 1512//1402 1516//1402 
f 1502//1403 1512//1403 1511//1403 
f 1622//1404 1640//1404 1626//1404 
f 1584//1405 1622//1405 1626//1405 
f 1507//1406 1622//1406 1584//1406 
f 1620//1407 1658//1407 1649//1407 
f 1723//1408 1729//1408 1717//1408 
f 1702//1409 1723//1409 1717//1409 
f 1699//1410 1658//1410 1620//1410 
f 1627//1411 1699//1411 1620//1411 
f 1702//1412 1699//1412 1627//1412 
f 1794//1413 2096//1413 2133//1413 
f 1723//1414 2096//1414 1794//1414 
f 1757//1415 1723//1415 1794//1415 
f 1729//1416 1723//1416 1757//1416 
f 2494//1417 2468//1417 2463//1417 
f 2494//1418 2463//1418 2448//1418 
f 2230//1419 2494//1419 2448//1419 
f 2096//1420 2494//1420 2230//1420 
f 2133//1421 2096//1421 2230//1421 
f 2509//1422 2485//1422 2492//1422 
f 2587//1423 2509//1423 2492//1423 
f 2512//1424 2509//1424 2587//1424 
f 2584//1425 2631//1425 2580//1425 
f 2550//1426 2584//1426 2580//1426 
f 2515//1427 2584//1427 2550//1427 
f 2635//1428 2631//1428 2584//1428 
f 2699//1429 2635//1429 2584//1429 
f 2649//1430 2635//1430 2699//1430 
f 2697//1431 2704//1431 2696//1431 
f 2654//1432 2697//1432 2696//1432 
f 2895//1433 2891//1433 2848//1433 
f 2838//1434 2895//1434 2848//1434 
f 2801//1435 2895//1435 2838//1435 
f 2796//1436 2801//1436 2838//1436 
f 2788//1437 2801//1437 2796//1437 
f 2929//1438 2891//1438 2895//1438 
f 3101//1439 2929//1439 2895//1439 
f 3040//1440 2929//1440 3101//1440 
f 3101//1441 3170//1441 3162//1441 
f 3095//1442 3101//1442 3162//1442 
f 3040//1443 3101//1443 3095//1443 
f 3337//1444 3170//1444 3351//1444 
f 3349//1445 3337//1445 3351//1445 
f 3351//1446 3521//1446 3486//1446 
f 3363//1447 3351//1447 3486//1447 
f 3349//1448 3351//1448 3363//1448 
f 3607//1449 3598//1449 3571//1449 
f 3565//1450 3607//1450 3571//1450 
f 3521//1451 3607//1451 3565//1451 
f 3512//1452 3521//1452 3565//1452 
f 3486//1453 3521//1453 3512//1453 
f 3680//1454 3669//1454 3663//1454 
f 3607//1455 3680//1455 3663//1455 
f 3628//1456 3607//1456 3663//1456 
f 3598//1457 3607//1457 3628//1457 
f 3680//1458 3749//1458 3722//1458 
f 3675//1459 3680//1459 3722//1459 
f 3669//1460 3680//1460 3675//1460 
f 3749//1461 3788//1461 3773//1461 
f 3744//1462 3749//1462 3773//1462 
f 3722//1463 3749//1463 3744//1463 
f 3788//1464 3820//1464 3800//1464 
f 3897//1465 3889//1465 3883//1465 
f 3870//1466 3897//1466 3883//1466 
f 3820//1467 3897//1467 3870//1467 
f 3839//1468 3820//1468 3870//1468 
f 3800//1469 3820//1469 3839//1469 
f 3897//1470 3933//1470 3930//1470 
f 3916//1471 3897//1471 3930//1471 
f 3889//1472 3897//1472 3916//1472 
f 3944//1473 3943//1473 3933//1473 
f 3897//1474 3944//1474 3933//1474 
f 3953//1475 3944//1475 3897//1475 
f 3955//1476 3953//1476 3897//1476 
f 3965//1477 3953//1477 3955//1477 
f 3978//1478 3965//1478 3955//1478 
f 3957//1479 4029//1479 4022//1479 
f 4004//1480 3959//1480 4002//1480 
f 3959//1481 4004//1481 4016//1481 
f 4020//1482 3959//1482 4016//1482 
f 3957//1483 3959//1483 4020//1483 
f 4021//1484 3957//1484 4020//1484 
f 4029//1485 3957//1485 4021//1485 
f 3982//1486 4002//1486 3959//1486 
f 3960//1487 3982//1487 3959//1487 
f 3983//1488 3982//1488 3960//1488 
f 3962//1489 3983//1489 3960//1489 
f 3997//1490 3983//1490 3962//1490 
f 3998//1491 3997//1491 3962//1491 
f 3966//1492 3998//1492 3962//1492 
f 3999//1493 3998//1493 3966//1493 
f 4036//1494 3985//1494 3971//1494 
f 3973//1495 4041//1495 4039//1495 
f 4024//1496 4042//1496 3975//1496 
f 3968//1497 4024//1497 3975//1497 
f 3975//1498 3913//1498 3915//1498 
f 3952//1499 3975//1499 3915//1499 
f 3968//1500 3975//1500 3952//1500 
f 3915//1501 3884//1501 3893//1501 
f 3922//1502 3915//1502 3893//1502 
f 3952//1503 3915//1503 3922//1503 
f 3937//1504 3952//1504 3922//1504 
f 3951//1505 3952//1505 3937//1505 
f 3913//1506 3836//1506 3815//1506 
f 3865//1507 3913//1507 3815//1507 
f 3915//1508 3913//1508 3865//1508 
f 3872//1509 3915//1509 3865//1509 
f 3884//1510 3915//1510 3872//1510 
f 3759//1511 3746//1511 3771//1511 
f 3772//1512 3759//1512 3771//1512 
f 3836//1513 3759//1513 3772//1513 
f 3801//1514 3836//1514 3772//1514 
f 3815//1515 3836//1515 3801//1515 
f 3697//1516 3746//1516 3759//1516 
f 3690//1517 3697//1517 3759//1517 
f 3676//1518 3697//1518 3690//1518 
f 3690//1519 3634//1519 3636//1519 
f 3647//1520 3690//1520 3636//1520 
f 3676//1521 3690//1521 3647//1521 
f 3430//1522 3492//1522 3528//1522 
f 3356//1523 3430//1523 3528//1523 
f 3519//1524 3592//1524 3613//1524 
f 3528//1525 3519//1525 3613//1525 
f 3514//1526 3519//1526 3528//1526 
f 3492//1527 3514//1527 3528//1527 
f 3105//1528 3098//1528 3118//1528 
f 3209//1529 3105//1529 3118//1529 
f 3356//1530 3105//1530 3209//1530 
f 3347//1531 3356//1531 3209//1531 
f 3430//1532 3356//1532 3347//1532 
f 3105//1533 2899//1533 2893//1533 
f 3030//1534 3105//1534 2893//1534 
f 3098//1535 3105//1535 3030//1535 
f 2805//1536 2798//1536 2824//1536 
f 2835//1537 2805//1537 2824//1537 
f 2899//1538 2805//1538 2835//1538 
f 2876//1539 2899//1539 2835//1539 
f 2893//1540 2899//1540 2876//1540 
f 2701//1541 2735//1541 2771//1541 
f 2587//1542 2615//1542 2656//1542 
f 2668//1543 2587//1543 2656//1543 
f 2701//1544 2587//1544 2668//1544 
f 2695//1545 2701//1545 2668//1545 
f 2735//1546 2701//1546 2695//1546 
f 2494//1547 2467//1547 2486//1547 
f 2510//1548 2494//1548 2486//1548 
f 2589//1549 2494//1549 2510//1549 
f 2579//1550 2589//1550 2510//1550 
f 2585//1551 2589//1551 2579//1551 
f 2432//1552 2467//1552 2494//1552 
f 2096//1553 2432//1553 2494//1553 
f 2103//1554 2432//1554 2096//1554 
f 1723//1555 1724//1555 1732//1555 
f 1751//1556 1723//1556 1732//1556 
f 2096//1557 1723//1557 1751//1557 
f 1803//1558 2096//1558 1751//1558 
f 2103//1559 2096//1559 1803//1559 
f 1723//1560 1702//1560 1627//1560 
f 1662//1561 1723//1561 1627//1561 
f 1724//1562 1723//1562 1662//1562 
f 1558//1563 1505//1563 1515//1563 
f 1620//1564 1505//1564 1558//1564 
f 1620//1565 1558//1565 1565//1565 
f 1600//1566 1620//1566 1565//1566 
f 1627//1567 1620//1567 1600//1567 
f 1628//1568 1627//1568 1600//1568 
f 1662//1569 1627//1569 1628//1569 
f 1419//1570 1407//1570 1412//1570 
f 1505//1571 1407//1571 1419//1571 
f 1492//1572 1505//1572 1419//1572 
f 1515//1573 1505//1573 1492//1573 
f 1407//1574 1310//1574 1351//1574 
f 1379//1575 1407//1575 1351//1575 
f 1412//1576 1407//1576 1379//1576 
f 1107//1577 1092//1577 1115//1577 
f 1247//1578 1107//1578 1115//1578 
f 1310//1579 1107//1579 1247//1579 
f 1316//1580 1310//1580 1247//1580 
f 1351//1581 1310//1581 1316//1581 
f 1107//1582 851//1582 884//1582 
f 1048//1583 1107//1583 884//1583 
f 1092//1584 1107//1584 1048//1584 
f 684//1585 696//1585 725//1585 
f 733//1586 684//1586 725//1586 
f 851//1587 684//1587 733//1587 
f 861//1588 851//1588 733//1588 
f 884//1589 851//1589 861//1589 
f 637//1590 696//1590 684//1590 
f 599//1591 637//1591 684//1591 
f 609//1592 637//1592 599//1592 
f 523//1593 535//1593 576//1593 
f 580//1594 523//1594 576//1594 
f 581//1595 523//1595 580//1595 
f 523//1596 457//1596 475//1596 
f 521//1597 523//1597 475//1597 
f 535//1598 523//1598 521//1598 
f 457//1599 417//1599 443//1599 
f 469//1600 457//1600 443//1600 
f 475//1601 457//1601 469//1601 
f 378//1602 222//1602 348//1602 
f 355//1603 378//1603 348//1603 
f 400//1604 378//1604 355//1604 
f 220//1605 211//1605 243//1605 
f 273//1606 220//1606 243//1606 
f 171//1607 211//1607 220//1607 
f 129//1608 171//1608 220//1608 
f 135//1609 171//1609 129//1609 
f 220//1610 273//1610 348//1610 
f 222//1611 220//1611 348//1611 
f 129//1612 220//1612 222//1612 
f 98//1613 129//1613 222//1613 
f 98//1614 12//1614 18//1614 
f 19//1615 98//1615 18//1615 
f 98//1616 19//1616 56//1616 
f 111//1617 98//1617 56//1617 
f 129//1618 98//1618 111//1618 
f 223//1619 379//1619 381//1619 
f 225//1620 223//1620 381//1620 
f 99//1621 223//1621 225//1621 
f 102//1622 99//1622 225//1622 
f 74//1623 99//1623 102//1623 
f 73//1624 74//1624 102//1624 
f 222//1625 378//1625 379//1625 
f 223//1626 222//1626 379//1626 
f 98//1627 222//1627 223//1627 
f 99//1628 98//1628 223//1628 
f 12//1629 98//1629 99//1629 
f 24//1630 12//1630 99//1630 
f 525//1631 459//1631 457//1631 
f 523//1632 525//1632 457//1632 
f 599//1633 525//1633 523//1633 
f 581//1634 599//1634 523//1634 
f 609//1635 599//1635 581//1635 
f 2584//1636 2515//1636 2512//1636 
f 2587//1637 2584//1637 2512//1637 
f 2699//1638 2584//1638 2587//1638 
f 2701//1639 2699//1639 2587//1639 
f 2805//1640 2699//1640 2701//1640 
f 2771//1641 2805//1641 2701//1641 
f 2798//1642 2805//1642 2771//1642 
f 2589//1643 2585//1643 2615//1643 
f 2587//1644 2589//1644 2615//1644 
f 2494//1645 2589//1645 2587//1645 
f 2492//1646 2494//1646 2587//1646 
f 2468//1647 2494//1647 2492//1647 
f 2485//1648 2468//1648 2492//1648 
f 3973//1649 4039//1649 4036//1649 
f 3971//1650 3973//1650 4036//1650 
f 3912//1651 3973//1651 3971//1651 
f 3910//1652 3912//1652 3971//1652 
f 3835//1653 3912//1653 3910//1653 
f 3833//1654 3835//1654 3910//1654 
f 3757//1655 3835//1655 3833//1655 
f 3975//1656 4042//1656 4041//1656 
f 3973//1657 3975//1657 4041//1657 
f 3913//1658 3975//1658 3973//1658 
f 3912//1659 3913//1659 3973//1659 
f 3836//1660 3913//1660 3912//1660 
f 3835//1661 3836//1661 3912//1661 
f 3759//1662 3836//1662 3835//1662 
f 3757//1663 3759//1663 3835//1663 
f 3690//1664 3759//1664 3757//1664 
f 3688//1665 3690//1665 3757//1665 
f 3634//1666 3690//1666 3688//1666 
f 3613//1667 3634//1667 3688//1667 
f 3603//1668 3634//1668 3613//1668 
f 3592//1669 3603//1669 3613//1669 
f 3820//1670 3788//1670 3749//1670 
f 3822//1671 3820//1671 3749//1671 
f 3897//1672 3820//1672 3822//1672 
f 3899//1673 3897//1673 3822//1673 
f 3955//1674 3897//1674 3899//1674 
f 3351//1675 3170//1675 3101//1675 
f 3352//1676 3351//1676 3101//1676 
f 3521//1677 3351//1677 3352//1677 
f 3523//1678 3521//1678 3352//1678 
f 3607//1679 3521//1679 3523//1679 
f 3608//1680 3607//1680 3523//1680 
f 3680//1681 3607//1681 3608//1681 
f 3682//1682 3680//1682 3608//1682 
f 3749//1683 3680//1683 3682//1683 
f 3751//1684 3749//1684 3682//1684 
f 3823//1685 3749//1685 3751//1685 
f 3685//1686 3754//1686 3751//1686 
f 3682//1687 3685//1687 3751//1687 
f 3610//1688 3685//1688 3682//1688 
f 3608//1689 3610//1689 3682//1689 
f 3525//1690 3610//1690 3608//1690 
f 3523//1691 3525//1691 3608//1691 
f 3354//1692 3525//1692 3523//1692 
f 3352//1693 3354//1693 3523//1693 
f 3103//1694 3354//1694 3352//1694 
f 3101//1695 3103//1695 3352//1695 
f 2897//1696 3103//1696 3101//1696 
f 2895//1697 2897//1697 3101//1697 
f 2803//1698 2897//1698 2895//1698 
f 2801//1699 2803//1699 2895//1699 
f 2697//1700 2803//1700 2801//1700 
f 2788//1701 2697//1701 2801//1701 
f 2704//1702 2697//1702 2788//1702 
f 3902//1703 3901//1703 3825//1703 
f 3827//1704 3902//1704 3825//1704 
f 3904//1705 3902//1705 3827//1705 
f 3829//1706 3904//1706 3827//1706 
f 3906//1707 3904//1707 3829//1707 
f 3959//1708 3957//1708 3901//1708 
f 3902//1709 3959//1709 3901//1709 
f 3960//1710 3959//1710 3902//1710 
f 3904//1711 3960//1711 3902//1711 
f 3962//1712 3960//1712 3904//1712 
f 3906//1713 3962//1713 3904//1713 
f 3966//1714 3962//1714 3906//1714 
f 3969//1715 4000//1715 3999//1715 
f 3966//1716 3969//1716 3999//1716 
f 3908//1717 3969//1717 3966//1717 
f 3906//1718 3908//1718 3966//1718 
f 3831//1719 3908//1719 3906//1719 
f 3829//1720 3831//1720 3906//1720 
f 3754//1721 3831//1721 3829//1721 
f 3827//1722 3754//1722 3829//1722 
f 3751//1723 3754//1723 3827//1723 
f 3825//1724 3751//1724 3827//1724 
f 3823//1725 3751//1725 3825//1725 
f 3901//1726 3823//1726 3825//1726 
f 3899//1727 3823//1727 3901//1727 
f 3957//1728 3899//1728 3901//1728 
f 3955//1729 3899//1729 3957//1729 
f 4022//1730 3955//1730 3957//1730 
f 3978//1731 3955//1731 4022//1731 
f 3971//1732 3984//1732 4000//1732 
f 3969//1733 3971//1733 4000//1733 
f 3910//1734 3971//1734 3969//1734 
f 3908//1735 3910//1735 3969//1735 
f 3833//1736 3910//1736 3908//1736 
f 3831//1737 3833//1737 3908//1737 
f 3757//1738 3833//1738 3831//1738 
f 3754//1739 3757//1739 3831//1739 
f 3688//1740 3757//1740 3754//1740 
f 3685//1741 3688//1741 3754//1741 
f 3613//1742 3688//1742 3685//1742 
f 3610//1743 3613//1743 3685//1743 
f 3528//1744 3613//1744 3610//1744 
f 3525//1745 3528//1745 3610//1745 
f 3356//1746 3528//1746 3525//1746 
f 3354//1747 3356//1747 3525//1747 
f 3105//1748 3356//1748 3354//1748 
f 3103//1749 3105//1749 3354//1749 
f 2899//1750 3105//1750 3103//1750 
f 2897//1751 2899//1751 3103//1751 
f 2805//1752 2899//1752 2897//1752 
f 2803//1753 2805//1753 2897//1753 
f 2699//1754 2805//1754 2803//1754 
f 2697//1755 2699//1755 2803//1755 
f 2649//1756 2699//1756 2697//1756 
f 2654//1757 2649//1757 2697//1757 
f 392//1758 431//1758 419//1758 
f 394//1759 392//1759 419//1759 
f 236//1760 392//1760 394//1760 
f 238//1761 236//1761 394//1761 
f 120//1762 236//1762 238//1762 
f 122//1763 120//1763 238//1763 
f 89//1764 120//1764 122//1764 
f 104//1765 89//1765 122//1765 
f 118//1766 64//1766 65//1766 
f 116//1767 118//1767 65//1767 
f 234//1768 118//1768 116//1768 
f 233//1769 234//1769 116//1769 
f 391//1770 234//1770 233//1770 
f 389//1771 391//1771 233//1771 
f 465//1772 391//1772 389//1772 
f 1111//1773 1118//1773 1051//1773 
f 1036//1774 1111//1774 1051//1774 
f 855//1775 1111//1775 1036//1775 
f 856//1776 855//1776 1036//1776 
f 689//1777 855//1777 856//1777 
f 691//1778 689//1778 856//1778 
f 604//1779 689//1779 691//1779 
f 606//1780 604//1780 691//1780 
f 531//1781 604//1781 606//1781 
f 533//1782 531//1782 606//1782 
f 465//1783 531//1783 533//1783 
f 467//1784 465//1784 533//1784 
f 391//1785 465//1785 467//1785 
f 392//1786 391//1786 467//1786 
f 234//1787 391//1787 392//1787 
f 236//1788 234//1788 392//1788 
f 118//1789 234//1789 236//1789 
f 120//1790 118//1790 236//1790 
f 34//1791 118//1791 120//1791 
f 49//1792 34//1792 120//1792 
f 23//1793 34//1793 49//1793 
f 114//1794 68//1794 69//1794 
f 108//1795 114//1795 69//1795 
f 231//1796 114//1796 108//1796 
f 229//1797 231//1797 108//1797 
f 387//1798 231//1798 229//1798 
f 385//1799 387//1799 229//1799 
f 462//1800 387//1800 385//1800 
f 378//1801 400//1801 417//1801 
f 457//1802 378//1802 417//1802 
f 379//1803 378//1803 457//1803 
f 459//1804 379//1804 457//1804 
f 381//1805 379//1805 459//1805 
f 383//1806 381//1806 459//1806 
f 225//1807 381//1807 383//1807 
f 227//1808 225//1808 383//1808 
f 102//1809 225//1809 227//1809 
f 106//1810 102//1810 227//1810 
f 72//1811 102//1811 106//1811 
f 71//1812 72//1812 106//1812 
f 1507//1813 1584//1813 1569//1813 
f 1509//1814 1507//1814 1569//1814 
f 1409//1815 1507//1815 1509//1815 
f 1411//1816 1409//1816 1509//1816 
f 1312//1817 1409//1817 1411//1817 
f 1314//1818 1312//1818 1411//1818 
f 1109//1819 1312//1819 1314//1819 
f 1111//1820 1109//1820 1314//1820 
f 853//1821 1109//1821 1111//1821 
f 855//1822 853//1822 1111//1822 
f 686//1823 853//1823 855//1823 
f 689//1824 686//1824 855//1824 
f 601//1825 686//1825 689//1825 
f 604//1826 601//1826 689//1826 
f 528//1827 601//1827 604//1827 
f 531//1828 528//1828 604//1828 
f 462//1829 528//1829 531//1829 
f 465//1830 462//1830 531//1830 
f 387//1831 462//1831 465//1831 
f 389//1832 387//1832 465//1832 
f 231//1833 387//1833 389//1833 
f 233//1834 231//1834 389//1834 
f 114//1835 231//1835 233//1835 
f 116//1836 114//1836 233//1836 
f 68//1837 114//1837 116//1837 
f 65//1838 68//1838 116//1838 
f 1620//1839 1649//1839 1640//1839 
f 1622//1840 1620//1840 1640//1840 
f 1505//1841 1620//1841 1622//1841 
f 1507//1842 1505//1842 1622//1842 
f 1407//1843 1505//1843 1507//1843 
f 1409//1844 1407//1844 1507//1844 
f 1310//1845 1407//1845 1409//1845 
f 1312//1846 1310//1846 1409//1846 
f 1107//1847 1310//1847 1312//1847 
f 1109//1848 1107//1848 1312//1848 
f 851//1849 1107//1849 1109//1849 
f 853//1850 851//1850 1109//1850 
f 684//1851 851//1851 853//1851 
f 686//1852 684//1852 853//1852 
f 599//1853 684//1853 686//1853 
f 601//1854 599//1854 686//1854 
f 525//1855 599//1855 601//1855 
f 528//1856 525//1856 601//1856 
f 459//1857 525//1857 528//1857 
f 462//1858 459//1858 528//1858 
f 383//1859 459//1859 462//1859 
f 385//1860 383//1860 462//1860 
f 227//1861 383//1861 385//1861 
f 229//1862 227//1862 385//1862 
f 106//1863 227//1863 229//1863 
f 108//1864 106//1864 229//1864 
f 71//1865 106//1865 108//1865 
f 70//1866 71//1866 108//1866 
f 3986//1867 3984//1867 3985//1867 
f 3986//1868 4002//1868 3982//1868 
f 3986//1869 3982//1869 3983//1869 
f 3997//1870 3986//1870 3983//1870 
f 3998//1871 3986//1871 3997//1871 
f 3986//1872 3998//1872 3999//1872 
f 4000//1873 3986//1873 3999//1873 
f 3984//1874 3986//1874 4000//1874 
f 3986//1875 4001//1875 3981//1875 
f 4004//1876 3986//1876 3981//1876 
f 4002//1877 3986//1877 4004//1877 
f 73//1878 78//1878 74//1878 
f 78//1879 73//1879 72//1879 
f 71//1880 78//1880 72//1880 
f 70//1881 78//1881 71//1881 
f 78//1882 70//1882 69//1882 
f 68//1883 78//1883 69//1883 
f 65//1884 78//1884 68//1884 
f 63//1885 77//1885 62//1885 
f 78//1886 63//1886 62//1886 
f 64//1887 63//1887 78//1887 
f 65//1888 64//1888 78//1888 
f 4012//1889 4010//1889 4013//1889 
f 4008//1890 4001//1890 3986//1890 
f 4006//1891 4008//1891 3986//1891 
f 4012//1892 4008//1892 4006//1892 
f 4010//1893 4012//1893 4006//1893 
f 62//1894 59//1894 78//1894 
f 54//1895 59//1895 62//1895 
f 51//1896 54//1896 62//1896 
f 58//1897 51//1897 62//1897 
f 50//1898 51//1898 58//1898 
f 3363//1899 3445//1899 3340//1899 
f 2788//1900 2705//1900 2704//1900 
f 4016//1901 4004//1901 3981//1901 
f 4001//1902 4016//1902 3981//1902 
f 4008//1903 4016//1903 4001//1903 
f 2749//1904 2705//1904 2788//1904 
f 2929//1905 3067//1905 2983//1905 
f 2945//1906 2929//1906 2983//1906 
f 2891//1907 2929//1907 2945//1907 
f 2905//1908 2891//1908 2945//1908 
f 2848//1909 2891//1909 2905//1909 
f 2849//1910 2848//1910 2905//1910 
f 2838//1911 2848//1911 2849//1911 
f 2834//1912 2838//1912 2849//1912 
f 2796//1913 2838//1913 2834//1913 
f 2789//1914 2796//1914 2834//1914 
f 2788//1915 2796//1915 2789//1915 
f 2773//1916 2788//1916 2789//1916 
f 2749//1917 2788//1917 2773//1917 
f 3067//1918 2929//1918 3040//1918 
f 3095//1919 3067//1919 3040//1919 
f 3164//1920 3067//1920 3095//1920 
f 3164//1921 3095//1921 3162//1921 
f 3170//1922 3164//1922 3162//1922 
f 3268//1923 3164//1923 3170//1923 
f 3337//1924 3268//1924 3170//1924 
f 3340//1925 3268//1925 3337//1925 
f 3349//1926 3340//1926 3337//1926 
f 3363//1927 3340//1927 3349//1927 
f 3468//1928 3445//1928 3363//1928 
f 3486//1929 3468//1929 3363//1929 
f 3491//1930 3468//1930 3486//1930 
f 3512//1931 3491//1931 3486//1931 
f 3553//1932 3491//1932 3512//1932 
f 3565//1933 3553//1933 3512//1933 
f 3572//1934 3553//1934 3565//1934 
f 3571//1935 3572//1935 3565//1935 
f 3616//1936 3572//1936 3571//1936 
f 3598//1937 3616//1937 3571//1937 
f 3624//1938 3616//1938 3598//1938 
f 3631//1939 3624//1939 3598//1939 
f 3628//1940 3631//1940 3598//1940 
f 3664//1941 3631//1941 3628//1941 
f 3663//1942 3664//1942 3628//1942 
f 3674//1943 3664//1943 3663//1943 
f 3674//1944 3663//1944 3669//1944 
f 3675//1945 3674//1945 3669//1945 
f 3719//1946 3674//1946 3675//1946 
f 3722//1947 3719//1947 3675//1947 
f 3729//1948 3719//1948 3722//1948 
f 3732//1949 3729//1949 3722//1949 
f 3744//1950 3732//1950 3722//1950 
f 3790//1951 3732//1951 3744//1951 
f 3790//1952 3744//1952 3773//1952 
f 3788//1953 3790//1953 3773//1953 
f 3793//1954 3790//1954 3788//1954 
f 3800//1955 3793//1955 3788//1955 
f 3842//1956 3793//1956 3800//1956 
f 3839//1957 3842//1957 3800//1957 
f 3943//1958 3946//1958 3945//1958 
f 3935//1959 3943//1959 3945//1959 
f 3933//1960 3943//1960 3935//1960 
f 3932//1961 3933//1961 3935//1961 
f 3930//1962 3933//1962 3932//1962 
f 3923//1963 3930//1963 3932//1963 
f 3916//1964 3930//1964 3923//1964 
f 3917//1965 3916//1965 3923//1965 
f 3889//1966 3916//1966 3917//1966 
f 3888//1967 3889//1967 3917//1967 
f 3883//1968 3889//1968 3888//1968 
f 3887//1969 3883//1969 3888//1969 
f 3870//1970 3883//1970 3887//1970 
f 3855//1971 3870//1971 3887//1971 
f 3839//1972 3870//1972 3855//1972 
f 3846//1973 3839//1973 3855//1973 
f 3842//1974 3839//1974 3846//1974 
f 3946//1975 3943//1975 3944//1975 
f 3953//1976 3946//1976 3944//1976 
f 3977//1977 3946//1977 3953//1977 
f 3965//1978 3977//1978 3953//1978 
f 3980//1979 3977//1979 3965//1979 
f 3978//1980 3980//1980 3965//1980 
f 4023//1981 3980//1981 3978//1981 
f 4016//1982 4008//1982 4012//1982 
f 4025//1983 4016//1983 4012//1983 
f 4020//1984 4016//1984 4025//1984 
f 4027//1985 4020//1985 4025//1985 
f 4021//1986 4020//1986 4027//1986 
f 4035//1987 4021//1987 4027//1987 
f 4029//1988 4021//1988 4035//1988 
f 4023//1989 4029//1989 4035//1989 
f 4022//1990 4029//1990 4023//1990 
f 3978//1991 4022//1991 4023//1991 
f 2675//1992 2705//1992 2749//1992 
f 1545//1993 1456//1993 1499//1993 
f 1500//1994 1545//1994 1499//1994 
f 1525//1995 1553//1995 1550//1995 
f 1545//1996 1525//1996 1550//1996 
f 1502//1997 1525//1997 1545//1997 
f 1500//1998 1502//1998 1545//1998 
f 1550//1999 1553//1999 1562//1999 
f 1585//2000 1550//2000 1562//2000 
f 1607//2001 1550//2001 1585//2001 
f 1603//2002 1607//2002 1585//2002 
f 1611//2003 1607//2003 1603//2003 
f 1643//2004 1611//2004 1603//2004 
f 1643//2005 1603//2005 1646//2005 
f 1659//2006 1643//2006 1646//2006 
f 1701//2007 1643//2007 1659//2007 
f 1700//2008 1701//2008 1659//2008 
f 1742//2009 1701//2009 1700//2009 
f 1742//2010 1700//2010 1745//2010 
f 1758//2011 1742//2011 1745//2011 
f 1786//2012 1742//2012 1758//2012 
f 1778//2013 1786//2013 1758//2013 
f 1808//2014 1786//2014 1778//2014 
f 2039//2015 1808//2015 1778//2015 
f 2038//2016 1808//2016 2039//2016 
f 2115//2017 2038//2017 2039//2017 
f 2115//2018 2039//2018 2077//2018 
f 2129//2019 2115//2019 2077//2019 
f 2400//2020 2115//2020 2129//2020 
f 2435//2021 2400//2021 2129//2021 
f 2447//2022 2400//2022 2435//2022 
f 2473//2023 2447//2023 2435//2023 
f 2473//2024 2435//2024 2461//2024 
f 2472//2025 2473//2025 2461//2025 
f 2516//2026 2473//2026 2472//2026 
f 2533//2027 2516//2027 2472//2027 
f 2560//2028 2516//2028 2533//2028 
f 2560//2029 2533//2029 2551//2029 
f 2559//2030 2560//2030 2551//2030 
f 2605//2031 2560//2031 2559//2031 
f 2632//2032 2605//2032 2559//2032 
f 2619//2033 2605//2033 2632//2033 
f 2645//2034 2619//2034 2632//2034 
f 2665//2035 2619//2035 2645//2035 
f 2665//2036 2645//2036 2655//2036 
f 2661//2037 2665//2037 2655//2037 
f 2675//2038 2665//2038 2661//2038 
f 2704//2039 2675//2039 2661//2039 
f 2705//2040 2675//2040 2704//2040 
f 371//2041 365//2041 370//2041 
f 104//2042 112//2042 93//2042 
f 58//2043 29//2043 50//2043 
f 77//2044 63//2044 37//2044 
f 62//2045 77//2045 37//2045 
f 89//2046 104//2046 93//2046 
f 33//2047 89//2047 93//2047 
f 49//2048 89//2048 33//2048 
f 30//2049 49//2049 33//2049 
f 23//2050 49//2050 30//2050 
f 20//2051 23//2051 30//2051 
f 34//2052 23//2052 20//2052 
f 29//2053 34//2053 20//2053 
f 37//2054 34//2054 29//2054 
f 58//2055 37//2055 29//2055 
f 62//2056 37//2056 58//2056 
f 112//2057 104//2057 124//2057 
f 126//2058 112//2058 124//2058 
f 136//2059 112//2059 126//2059 
f 137//2060 136//2060 126//2060 
f 151//2061 136//2061 137//2061 
f 173//2062 151//2062 137//2062 
f 177//2063 151//2063 173//2063 
f 176//2064 177//2064 173//2064 
f 191//2065 177//2065 176//2065 
f 206//2066 191//2066 176//2066 
f 212//2067 191//2067 206//2067 
f 215//2068 212//2068 206//2068 
f 217//2069 212//2069 215//2069 
f 266//2070 217//2070 215//2070 
f 284//2071 217//2071 266//2071 
f 318//2072 284//2072 266//2072 
f 353//2073 284//2073 318//2073 
f 365//2074 353//2074 318//2074 
f 362//2075 353//2075 365//2075 
f 371//2076 362//2076 365//2076 
f 371//2077 370//2077 399//2077 
f 419//2078 371//2078 399//2078 
f 422//2079 371//2079 419//2079 
f 431//2080 422//2080 419//2080 
f 427//2081 422//2081 431//2081 
f 472//2082 427//2082 431//2082 
f 478//2083 427//2083 472//2083 
f 492//2084 478//2084 472//2084 
f 481//2085 478//2085 492//2085 
f 482//2086 481//2086 492//2086 
f 520//2087 482//2087 492//2087 
f 544//2088 482//2088 520//2088 
f 537//2089 544//2089 520//2089 
f 546//2090 544//2090 537//2090 
f 589//2091 608//2091 591//2091 
f 585//2092 589//2092 591//2092 
f 546//2093 589//2093 585//2093 
f 549//2094 546//2094 585//2094 
f 544//2095 546//2095 549//2095 
f 608//2096 589//2096 611//2096 
f 621//2097 608//2097 611//2097 
f 641//2098 608//2098 621//2098 
f 645//2099 641//2099 621//2099 
f 650//2100 641//2100 645//2100 
f 699//2101 650//2101 645//2101 
f 731//2102 650//2102 699//2102 
f 736//2103 731//2103 699//2103 
f 750//2104 731//2104 736//2104 
f 757//2105 750//2105 736//2105 
f 765//2106 750//2106 757//2106 
f 867//2107 765//2107 757//2107 
f 867//2108 757//2108 863//2108 
f 876//2109 867//2109 863//2109 
f 944//2110 867//2110 876//2110 
f 1036//2111 944//2111 876//2111 
f 1040//2112 944//2112 1036//2112 
f 1040//2113 1036//2113 1051//2113 
f 1118//2114 1040//2114 1051//2114 
f 1148//2115 1040//2115 1118//2115 
f 1152//2116 1148//2116 1118//2116 
f 1226//2117 1148//2117 1152//2117 
f 1271//2118 1226//2118 1152//2118 
f 1250//2119 1226//2119 1271//2119 
f 1306//2120 1250//2120 1271//2120 
f 1317//2121 1306//2121 1271//2121 
f 1353//2122 1306//2122 1317//2122 
f 1353//2123 1317//2123 1356//2123 
f 1360//2124 1353//2124 1356//2124 
f 1377//2125 1353//2125 1360//2125 
f 1416//2126 1377//2126 1360//2126 
f 1422//2127 1377//2127 1416//2127 
f 1456//2128 1424//2128 1489//2128 
f 1422//2129 1416//2129 1418//2129 
f 1424//2130 1422//2130 1418//2130 
f 1434//2131 1422//2131 1424//2131 
f 1456//2132 1434//2132 1424//2132 
f 1489//2133 1502//2133 1500//2133 
f 1499//2134 1489//2134 1500//2134 
f 1456//2135 1489//2135 1499//2135 
f 79//2136 76//2136 83//2136 
f 80//2137 75//2137 79//2137 
f 81//2138 80//2138 79//2138 
f 66//2139 76//2139 79//2139 
f 67//2140 66//2140 79//2140 
f 84//2141 66//2141 67//2141 
f 79//2142 83//2142 85//2142 
f 82//2143 79//2143 85//2143 
f 81//2144 79//2144 82//2144 
f 3987//2145 3988//2145 3989//2145 
f 3990//2146 3987//2146 3989//2146 
f 3991//2147 3987//2147 3990//2147 
f 3987//2148 3991//2148 3992//2148 
f 3993//2149 3987//2149 3992//2149 
f 3994//2150 3987//2150 3993//2150 
f 4005//2151 3996//2151 4003//2151 
f 3987//2152 4005//2152 4003//2152 
f 3995//2153 4005//2153 3987//2153 
f 3994//2154 3995//2154 3987//2154 
f 3357//2155 3527//2155 3529//2155 
f 1722//2156 1779//2156 1731//2156 
f 1619//2157 1596//2157 1563//2157 
f 103//2158 75//2158 80//2158 
f 107//2159 81//2159 82//2159 
f 115//2160 83//2160 76//2160 
f 1313//2161 1274//2161 1318//2161 
f 3963//2162 3994//2162 3993//2162 
f 3967//2163 3992//2163 3991//2163 
f 3972//2164 4028//2164 4032//2164 
f 3976//2165 4043//2165 4040//2165 
f 2700//2166 2736//2166 2692//2166 
f 2588//2167 2555//2167 2493//2167 
f 2493//2168 2555//2168 2511//2168 
f 2487//2169 2493//2169 2511//2169 
f 2438//2170 2493//2170 2487//2170 
f 2588//2171 2651//2171 2594//2171 
f 2581//2172 2588//2172 2594//2172 
f 2555//2173 2588//2173 2581//2173 
f 2744//2174 2736//2174 2700//2174 
f 2806//2175 2744//2175 2700//2175 
f 2799//2176 2744//2176 2806//2176 
f 2831//2177 2799//2177 2806//2177 
f 2900//2178 2831//2178 2806//2178 
f 2894//2179 2831//2179 2900//2179 
f 3106//2180 3100//2180 3064//2180 
f 2908//2181 3106//2181 3064//2181 
f 2900//2182 3106//2182 2908//2182 
f 2901//2183 2900//2183 2908//2183 
f 2894//2184 2900//2184 2901//2184 
f 3242//2185 3100//2185 3106//2185 
f 3357//2186 3242//2186 3106//2186 
f 3317//2187 3242//2187 3357//2187 
f 3529//2188 3548//2188 3516//2188 
f 3464//2189 3529//2189 3516//2189 
f 3357//2190 3529//2190 3464//2190 
f 3345//2191 3357//2191 3464//2191 
f 3317//2192 3357//2192 3345//2192 
f 3614//2193 3605//2193 3601//2193 
f 3586//2194 3614//2194 3601//2194 
f 3659//2195 3691//2195 3678//2195 
f 3696//2196 3678//2196 3691//2196 
f 3760//2197 3696//2197 3691//2197 
f 3710//2198 3696//2198 3760//2198 
f 3837//2199 3838//2199 3816//2199 
f 3783//2200 3837//2200 3816//2200 
f 3760//2201 3837//2201 3783//2201 
f 3745//2202 3760//2202 3783//2202 
f 3710//2203 3760//2203 3745//2203 
f 3886//2204 3914//2204 3895//2204 
f 3837//2205 3914//2205 3886//2205 
f 3844//2206 3837//2206 3886//2206 
f 3838//2207 3837//2207 3844//2207 
f 3976//2208 3964//2208 3941//2208 
f 3940//2209 3976//2209 3941//2209 
f 3914//2210 3976//2210 3940//2210 
f 3926//2211 3914//2211 3940//2211 
f 3895//2212 3914//2212 3926//2212 
f 3976//2213 4040//2213 4033//2213 
f 3974//2214 3976//2214 4033//2214 
f 3964//2215 3976//2215 3974//2215 
f 3970//2216 3990//2216 3989//2216 
f 3988//2217 3970//2217 3989//2217 
f 3958//2218 4031//2218 4030//2218 
f 4026//2219 3958//2219 4030//2219 
f 4005//2220 3958//2220 4026//2220 
f 3956//2221 3954//2221 3979//2221 
f 4017//2222 3956//2222 3979//2222 
f 4034//2223 3956//2223 4017//2223 
f 3948//2224 3954//2224 3956//2224 
f 3898//2225 3948//2225 3956//2225 
f 3947//2226 3948//2226 3898//2226 
f 3896//2227 3890//2227 3892//2227 
f 3920//2228 3896//2228 3892//2228 
f 3925//2229 3896//2229 3920//2229 
f 3896//2230 3925//2230 3934//2230 
f 3936//2231 3896//2231 3934//2231 
f 3942//2232 3896//2232 3936//2232 
f 3896//2233 3819//2233 3814//2233 
f 3873//2234 3896//2234 3814//2234 
f 3890//2235 3896//2235 3873//2235 
f 3819//2236 3795//2236 3799//2236 
f 3802//2237 3819//2237 3799//2237 
f 3814//2238 3819//2238 3802//2238 
f 3769//2239 3748//2239 3747//2239 
f 3821//2240 3748//2240 3769//2240 
f 3695//2241 3679//2241 3677//2241 
f 3748//2242 3679//2242 3695//2242 
f 3731//2243 3748//2243 3695//2243 
f 3747//2244 3748//2244 3731//2244 
f 3646//2245 3606//2245 3602//2245 
f 3679//2246 3606//2246 3646//2246 
f 3650//2247 3679//2247 3646//2247 
f 3677//2248 3679//2248 3650//2248 
f 3606//2249 3520//2249 3579//2249 
f 3591//2250 3606//2250 3579//2250 
f 3602//2251 3606//2251 3591//2251 
f 3520//2252 3480//2252 3510//2252 
f 3518//2253 3520//2253 3510//2253 
f 3579//2254 3520//2254 3518//2254 
f 3353//2255 3429//2255 3467//2255 
f 3524//2256 3353//2256 3467//2256 
f 3102//2257 3097//2257 3176//2257 
f 3191//2258 3102//2258 3176//2258 
f 3353//2259 3102//2259 3191//2259 
f 3346//2260 3353//2260 3191//2260 
f 3429//2261 3353//2261 3346//2261 
f 3102//2262 2896//2262 2903//2262 
f 3003//2263 3102//2263 2903//2263 
f 3097//2264 3102//2264 3003//2264 
f 2802//2265 2844//2265 2896//2265 
f 2896//2266 2844//2266 2866//2266 
f 2892//2267 2896//2267 2866//2267 
f 2903//2268 2896//2268 2892//2268 
f 2698//2269 2707//2269 2716//2269 
f 2717//2270 2698//2270 2716//2270 
f 2804//2271 2698//2271 2717//2271 
f 2802//2272 2792//2272 2800//2272 
f 2811//2273 2802//2273 2800//2273 
f 2844//2274 2802//2274 2811//2274 
f 2610//2275 2582//2275 2578//2275 
f 2660//2276 2693//2276 2694//2276 
f 2582//2277 2660//2277 2694//2277 
f 2652//2278 2660//2278 2582//2278 
f 2610//2279 2652//2279 2582//2279 
f 2489//2280 2488//2280 2498//2280 
f 2527//2281 2489//2281 2498//2281 
f 2582//2282 2489//2282 2527//2282 
f 2558//2283 2582//2283 2527//2283 
f 2578//2284 2582//2284 2558//2284 
f 2084//2285 1818//2285 2078//2285 
f 2262//2286 2084//2286 2078//2286 
f 2423//2287 2084//2287 2262//2287 
f 1728//2288 1730//2288 1747//2288 
f 1793//2289 1728//2289 1747//2289 
f 1651//2290 1624//2290 1629//2290 
f 1727//2291 1624//2291 1651//2291 
f 1727//2292 1651//2292 1677//2292 
f 1684//2293 1727//2293 1677//2293 
f 1728//2294 1727//2294 1684//2294 
f 1711//2295 1728//2295 1684//2295 
f 1730//2296 1728//2296 1711//2296 
f 1568//2297 1510//2297 1513//2297 
f 1624//2298 1510//2298 1568//2298 
f 1574//2299 1624//2299 1568//2299 
f 1629//2300 1624//2300 1574//2300 
f 1510//2301 1497//2301 1501//2301 
f 1504//2302 1510//2302 1501//2302 
f 1513//2303 1510//2303 1504//2303 
f 1425//2304 1508//2304 1410//2304 
f 1313//2305 1318//2305 1357//2305 
f 1374//2306 1313//2306 1357//2306 
f 1410//2307 1313//2307 1374//2307 
f 1415//2308 1410//2308 1374//2308 
f 1425//2309 1410//2309 1415//2309 
f 1176//2310 1274//2310 1313//2310 
f 1110//2311 1176//2311 1313//2311 
f 1120//2312 1176//2312 1110//2312 
f 854//2313 844//2313 858//2313 
f 871//2314 854//2314 858//2314 
f 1110//2315 854//2315 871//2315 
f 1052//2316 1110//2316 871//2316 
f 1120//2317 1110//2317 1052//2317 
f 648//2318 697//2318 692//2318 
f 607//2319 648//2319 692//2319 
f 642//2320 648//2320 607//2320 
f 534//2321 545//2321 551//2321 
f 588//2322 534//2322 551//2322 
f 607//2323 534//2323 588//2323 
f 614//2324 607//2324 588//2324 
f 642//2325 607//2325 614//2325 
f 468//2326 442//2326 471//2326 
f 491//2327 468//2327 471//2327 
f 534//2328 468//2328 491//2328 
f 538//2329 534//2329 491//2329 
f 545//2330 534//2330 538//2330 
f 468//2331 393//2331 418//2331 
f 429//2332 468//2332 418//2332 
f 442//2333 468//2333 429//2333 
f 239//2334 216//2334 262//2334 
f 283//2335 239//2335 262//2335 
f 239//2336 283//2336 344//2336 
f 374//2337 239//2337 344//2337 
f 395//2338 239//2338 374//2338 
f 406//2339 395//2339 374//2339 
f 174//2340 133//2340 134//2340 
f 239//2341 125//2341 128//2341 
f 133//2342 239//2342 128//2342 
f 239//2343 133//2343 174//2343 
f 182//2344 239//2344 174//2344 
f 216//2345 239//2345 182//2345 
f 121//2346 40//2346 32//2346 
f 25//2347 121//2347 32//2347 
f 36//2348 121//2348 25//2348 
f 44//2349 119//2349 66//2349 
f 28//2350 75//2350 103//2350 
f 100//2351 16//2351 14//2351 
f 97//2352 45//2352 17//2352 
f 221//2353 242//2353 207//2353 
f 156//2354 221//2354 207//2354 
f 221//2355 156//2355 152//2355 
f 131//2356 221//2356 152//2356 
f 97//2357 221//2357 131//2357 
f 110//2358 97//2358 131//2358 
f 45//2359 97//2359 110//2359 
f 377//2360 411//2360 398//2360 
f 376//2361 377//2361 398//2361 
f 221//2362 377//2362 376//2362 
f 347//2363 221//2363 376//2363 
f 242//2364 221//2364 347//2364 
f 451//2365 411//2365 377//2365 
f 456//2366 451//2366 377//2366 
f 511//2367 451//2367 456//2367 
f 522//2368 511//2368 456//2368 
f 519//2369 511//2369 522//2369 
f 536//2370 519//2370 522//2370 
f 598//2371 536//2371 522//2371 
f 579//2372 536//2372 598//2372 
f 598//2373 683//2373 694//2373 
f 628//2374 598//2374 694//2374 
f 598//2375 628//2375 624//2375 
f 610//2376 598//2376 624//2376 
f 579//2377 598//2377 610//2377 
f 1081//2378 894//2378 850//2378 
f 1106//2379 1081//2379 850//2379 
f 1114//2380 1081//2380 1106//2380 
f 850//2381 894//2381 883//2381 
f 860//2382 850//2382 883//2382 
f 683//2383 850//2383 860//2383 
f 724//2384 683//2384 860//2384 
f 694//2385 683//2385 724//2385 
f 1295//2386 1114//2386 1106//2386 
f 1309//2387 1295//2387 1106//2387 
f 1301//2388 1295//2388 1309//2388 
f 1469//2389 1408//2389 1506//2389 
f 1406//2390 1439//2390 1413//2390 
f 1369//2391 1406//2391 1413//2391 
f 1309//2392 1406//2392 1369//2392 
f 1315//2393 1309//2393 1369//2393 
f 1301//2394 1309//2394 1315//2394 
f 1506//2395 1563//2395 1524//2395 
f 1514//2396 1506//2396 1524//2396 
f 1469//2397 1506//2397 1514//2397 
f 1722//2398 1731//2398 1691//2398 
f 1655//2399 1722//2399 1691//2399 
f 1619//2400 1722//2400 1655//2400 
f 1625//2401 1619//2401 1655//2401 
f 1596//2402 1619//2402 1625//2402 
f 103//2403 80//2403 81//2403 
f 107//2404 103//2404 81//2404 
f 226//2405 103//2405 107//2405 
f 228//2406 226//2406 107//2406 
f 382//2407 226//2407 228//2407 
f 384//2408 382//2408 228//2408 
f 460//2409 382//2409 384//2409 
f 461//2410 460//2410 384//2410 
f 526//2411 460//2411 461//2411 
f 527//2412 526//2412 461//2412 
f 600//2413 526//2413 527//2413 
f 97//2414 17//2414 16//2414 
f 100//2415 97//2415 16//2415 
f 221//2416 97//2416 100//2416 
f 224//2417 221//2417 100//2417 
f 377//2418 221//2418 224//2418 
f 380//2419 377//2419 224//2419 
f 456//2420 377//2420 380//2420 
f 458//2421 456//2421 380//2421 
f 522//2422 456//2422 458//2422 
f 524//2423 522//2423 458//2423 
f 598//2424 522//2424 524//2424 
f 1408//2425 1469//2425 1439//2425 
f 1406//2426 1408//2426 1439//2426 
f 1311//2427 1408//2427 1406//2427 
f 1309//2428 1311//2428 1406//2428 
f 1108//2429 1311//2429 1309//2429 
f 1106//2430 1108//2430 1309//2430 
f 852//2431 1108//2431 1106//2431 
f 850//2432 852//2432 1106//2432 
f 685//2433 852//2433 850//2433 
f 683//2434 685//2434 850//2434 
f 600//2435 685//2435 683//2435 
f 598//2436 600//2436 683//2436 
f 526//2437 600//2437 598//2437 
f 524//2438 526//2438 598//2438 
f 460//2439 526//2439 524//2439 
f 458//2440 460//2440 524//2440 
f 382//2441 460//2441 458//2441 
f 380//2442 382//2442 458//2442 
f 226//2443 382//2443 380//2443 
f 224//2444 226//2444 380//2444 
f 103//2445 226//2445 224//2445 
f 100//2446 103//2446 224//2446 
f 28//2447 103//2447 100//2447 
f 14//2448 28//2448 100//2448 
f 1619//2449 1563//2449 1506//2449 
f 1621//2450 1619//2450 1506//2450 
f 1722//2451 1619//2451 1621//2451 
f 1725//2452 1722//2452 1621//2452 
f 2081//2453 1722//2453 1725//2453 
f 2079//2454 2085//2454 1779//2454 
f 1722//2455 2079//2455 1779//2455 
f 2080//2456 2079//2456 1722//2456 
f 2081//2457 2080//2457 1722//2457 
f 2700//2458 2692//2458 2669//2458 
f 2651//2459 2700//2459 2669//2459 
f 2586//2460 2700//2460 2651//2460 
f 2588//2461 2586//2461 2651//2461 
f 2491//2462 2586//2462 2588//2462 
f 2493//2463 2491//2463 2588//2463 
f 3355//2464 3526//2464 3527//2464 
f 3357//2465 3355//2465 3527//2465 
f 3104//2466 3355//2466 3357//2466 
f 3106//2467 3104//2467 3357//2467 
f 2898//2468 3104//2468 3106//2468 
f 2900//2469 2898//2469 3106//2469 
f 2804//2470 2898//2470 2900//2470 
f 2806//2471 2804//2471 2900//2471 
f 2698//2472 2804//2472 2806//2472 
f 2700//2473 2698//2473 2806//2473 
f 2583//2474 2698//2474 2700//2474 
f 2586//2475 2583//2475 2700//2475 
f 2490//2476 2583//2476 2586//2476 
f 2491//2477 2490//2477 2586//2477 
f 3612//2478 3526//2478 3611//2478 
f 3527//2479 3526//2479 3612//2479 
f 3614//2480 3527//2480 3612//2480 
f 3529//2481 3527//2481 3614//2481 
f 3586//2482 3529//2482 3614//2482 
f 3548//2483 3529//2483 3586//2483 
f 3967//2484 3991//2484 3990//2484 
f 3970//2485 3967//2485 3990//2485 
f 3907//2486 3967//2486 3970//2486 
f 3909//2487 3907//2487 3970//2487 
f 3830//2488 3907//2488 3909//2488 
f 3832//2489 3830//2489 3909//2489 
f 3755//2490 3830//2490 3832//2490 
f 3756//2491 3755//2491 3832//2491 
f 3686//2492 3755//2492 3756//2492 
f 3687//2493 3686//2493 3756//2493 
f 3970//2494 3988//2494 4028//2494 
f 3972//2495 3970//2495 4028//2495 
f 3909//2496 3970//2496 3972//2496 
f 3911//2497 3909//2497 3972//2497 
f 3832//2498 3909//2498 3911//2498 
f 3834//2499 3832//2499 3911//2499 
f 3756//2500 3832//2500 3834//2500 
f 3758//2501 3756//2501 3834//2501 
f 3687//2502 3756//2502 3758//2502 
f 3689//2503 3687//2503 3758//2503 
f 3972//2504 4032//2504 4043//2504 
f 3976//2505 3972//2505 4043//2505 
f 3911//2506 3972//2506 3976//2506 
f 3914//2507 3911//2507 3976//2507 
f 3834//2508 3911//2508 3914//2508 
f 3837//2509 3834//2509 3914//2509 
f 3758//2510 3834//2510 3837//2510 
f 3760//2511 3758//2511 3837//2511 
f 3689//2512 3758//2512 3760//2512 
f 3691//2513 3689//2513 3760//2513 
f 3645//2514 3689//2514 3691//2514 
f 3659//2515 3645//2515 3691//2515 
f 2694//2516 2693//2516 2707//2516 
f 2698//2517 2694//2517 2707//2517 
f 2582//2518 2694//2518 2698//2518 
f 2583//2519 2582//2519 2698//2519 
f 2489//2520 2582//2520 2583//2520 
f 2490//2521 2489//2521 2583//2521 
f 2081//2522 2489//2522 2490//2522 
f 2491//2523 2081//2523 2490//2523 
f 2080//2524 2081//2524 2491//2524 
f 2493//2525 2080//2525 2491//2525 
f 2079//2526 2080//2526 2493//2526 
f 2438//2527 2079//2527 2493//2527 
f 2085//2528 2079//2528 2438//2528 
f 3821//2529 3769//2529 3795//2529 
f 3819//2530 3821//2530 3795//2530 
f 3898//2531 3821//2531 3819//2531 
f 3896//2532 3898//2532 3819//2532 
f 3947//2533 3898//2533 3896//2533 
f 3942//2534 3947//2534 3896//2534 
f 3956//2535 4034//2535 4031//2535 
f 3958//2536 3956//2536 4031//2536 
f 3898//2537 3956//2537 3958//2537 
f 3900//2538 3898//2538 3958//2538 
f 3821//2539 3898//2539 3900//2539 
f 3824//2540 3821//2540 3900//2540 
f 3748//2541 3821//2541 3824//2541 
f 3750//2542 3748//2542 3824//2542 
f 3679//2543 3748//2543 3750//2543 
f 3681//2544 3679//2544 3750//2544 
f 3606//2545 3679//2545 3681//2545 
f 3609//2546 3606//2546 3681//2546 
f 3520//2547 3606//2547 3609//2547 
f 3524//2548 3520//2548 3609//2548 
f 3480//2549 3520//2549 3524//2549 
f 3467//2550 3480//2550 3524//2550 
f 3958//2551 4005//2551 3995//2551 
f 3961//2552 3958//2552 3995//2552 
f 3900//2553 3958//2553 3961//2553 
f 3903//2554 3900//2554 3961//2554 
f 3824//2555 3900//2555 3903//2555 
f 3826//2556 3824//2556 3903//2556 
f 3750//2557 3824//2557 3826//2557 
f 3752//2558 3750//2558 3826//2558 
f 3681//2559 3750//2559 3752//2559 
f 3683//2560 3681//2560 3752//2560 
f 3609//2561 3681//2561 3683//2561 
f 3963//2562 3993//2562 3992//2562 
f 3967//2563 3963//2563 3992//2563 
f 3905//2564 3963//2564 3967//2564 
f 3907//2565 3905//2565 3967//2565 
f 3828//2566 3905//2566 3907//2566 
f 3830//2567 3828//2567 3907//2567 
f 3753//2568 3828//2568 3830//2568 
f 3755//2569 3753//2569 3830//2569 
f 3684//2570 3753//2570 3755//2570 
f 3686//2571 3684//2571 3755//2571 
f 3611//2572 3684//2572 3686//2572 
f 3687//2573 3611//2573 3686//2573 
f 3612//2574 3611//2574 3687//2574 
f 3689//2575 3612//2575 3687//2575 
f 3614//2576 3612//2576 3689//2576 
f 3645//2577 3614//2577 3689//2577 
f 3605//2578 3614//2578 3645//2578 
f 3961//2579 3995//2579 3994//2579 
f 3963//2580 3961//2580 3994//2580 
f 3903//2581 3961//2581 3963//2581 
f 3905//2582 3903//2582 3963//2582 
f 3826//2583 3903//2583 3905//2583 
f 3828//2584 3826//2584 3905//2584 
f 3752//2585 3826//2585 3828//2585 
f 3753//2586 3752//2586 3828//2586 
f 3683//2587 3752//2587 3753//2587 
f 3684//2588 3683//2588 3753//2588 
f 3609//2589 3683//2589 3684//2589 
f 3611//2590 3609//2590 3684//2590 
f 3524//2591 3609//2591 3611//2591 
f 3526//2592 3524//2592 3611//2592 
f 3353//2593 3524//2593 3526//2593 
f 3355//2594 3353//2594 3526//2594 
f 3102//2595 3353//2595 3355//2595 
f 3104//2596 3102//2596 3355//2596 
f 2896//2597 3102//2597 3104//2597 
f 2898//2598 2896//2598 3104//2598 
f 2802//2599 2896//2599 2898//2599 
f 2804//2600 2802//2600 2898//2600 
f 2792//2601 2802//2601 2804//2601 
f 2717//2602 2792//2602 2804//2602 
f 395//2603 406//2603 418//2603 
f 393//2604 395//2604 418//2604 
f 239//2605 395//2605 393//2605 
f 237//2606 239//2606 393//2606 
f 125//2607 239//2607 237//2607 
f 121//2608 125//2608 237//2608 
f 109//2609 125//2609 121//2609 
f 36//2610 109//2610 121//2610 
f 607//2611 692//2611 690//2611 
f 605//2612 607//2612 690//2612 
f 534//2613 607//2613 605//2613 
f 532//2614 534//2614 605//2614 
f 468//2615 534//2615 532//2615 
f 466//2616 468//2616 532//2616 
f 393//2617 468//2617 466//2617 
f 390//2618 393//2618 466//2618 
f 237//2619 393//2619 390//2619 
f 235//2620 237//2620 390//2620 
f 121//2621 237//2621 235//2621 
f 119//2622 121//2622 235//2622 
f 40//2623 121//2623 119//2623 
f 44//2624 40//2624 119//2624 
f 113//2625 85//2625 83//2625 
f 115//2626 113//2626 83//2626 
f 230//2627 113//2627 115//2627 
f 232//2628 230//2628 115//2628 
f 386//2629 230//2629 232//2629 
f 388//2630 386//2630 232//2630 
f 463//2631 386//2631 388//2631 
f 464//2632 463//2632 388//2632 
f 529//2633 463//2633 464//2633 
f 530//2634 529//2634 464//2634 
f 602//2635 529//2635 530//2635 
f 603//2636 602//2636 530//2636 
f 687//2637 602//2637 603//2637 
f 688//2638 687//2638 603//2638 
f 854//2639 687//2639 688//2639 
f 744//2640 854//2640 688//2640 
f 844//2641 854//2641 744//2641 
f 692//2642 697//2642 734//2642 
f 744//2643 692//2643 734//2643 
f 690//2644 692//2644 744//2644 
f 688//2645 690//2645 744//2645 
f 605//2646 690//2646 688//2646 
f 603//2647 605//2647 688//2647 
f 532//2648 605//2648 603//2648 
f 530//2649 532//2649 603//2649 
f 466//2650 532//2650 530//2650 
f 464//2651 466//2651 530//2651 
f 390//2652 466//2652 464//2652 
f 388//2653 390//2653 464//2653 
f 235//2654 390//2654 388//2654 
f 232//2655 235//2655 388//2655 
f 119//2656 235//2656 232//2656 
f 115//2657 119//2657 232//2657 
f 66//2658 119//2658 115//2658 
f 76//2659 66//2659 115//2659 
f 1508//2660 1425//2660 1497//2660 
f 1510//2661 1508//2661 1497//2661 
f 1623//2662 1508//2662 1510//2662 
f 1624//2663 1623//2663 1510//2663 
f 1726//2664 1623//2664 1624//2664 
f 1727//2665 1726//2665 1624//2665 
f 2082//2666 1726//2666 1727//2666 
f 2083//2667 2082//2667 1727//2667 
f 1728//2668 2083//2668 1727//2668 
f 2084//2669 2083//2669 1728//2669 
f 1793//2670 2084//2670 1728//2670 
f 1818//2671 2084//2671 1793//2671 
f 2084//2672 2423//2672 2456//2672 
f 2488//2673 2084//2673 2456//2673 
f 2083//2674 2084//2674 2488//2674 
f 2489//2675 2083//2675 2488//2675 
f 2082//2676 2083//2676 2489//2676 
f 2081//2677 2082//2677 2489//2677 
f 1726//2678 2082//2678 2081//2678 
f 1725//2679 1726//2679 2081//2679 
f 1623//2680 1726//2680 1725//2680 
f 1621//2681 1623//2681 1725//2681 
f 1508//2682 1623//2682 1621//2682 
f 1506//2683 1508//2683 1621//2683 
f 1410//2684 1508//2684 1506//2684 
f 1408//2685 1410//2685 1506//2685 
f 1313//2686 1410//2686 1408//2686 
f 1311//2687 1313//2687 1408//2687 
f 1110//2688 1313//2688 1311//2688 
f 1108//2689 1110//2689 1311//2689 
f 854//2690 1110//2690 1108//2690 
f 852//2691 854//2691 1108//2691 
f 687//2692 854//2692 852//2692 
f 685//2693 687//2693 852//2693 
f 602//2694 687//2694 685//2694 
f 600//2695 602//2695 685//2695 
f 529//2696 602//2696 600//2696 
f 527//2697 529//2697 600//2697 
f 463//2698 529//2698 527//2698 
f 461//2699 463//2699 527//2699 
f 386//2700 463//2700 461//2700 
f 384//2701 386//2701 461//2701 
f 230//2702 386//2702 384//2702 
f 228//2703 230//2703 384//2703 
f 113//2704 230//2704 228//2704 
f 107//2705 113//2705 228//2705 
f 85//2706 113//2706 107//2706 
f 82//2707 85//2707 107//2707 
f 1503//2708 1498//2708 1455//2708 
f 4037//2709 4015//2709 4009//2709 
f 4003//2710 4037//2710 4009//2710 
f 3996//2711 4037//2711 4003//2711 
f 4026//2712 3996//2712 4005//2712 
f 4037//2713 3996//2713 4026//2713 
f 4030//2714 4037//2714 4026//2714 
f 4038//2715 4037//2715 4030//2715 
f 4038//2716 4030//2716 4031//2716 
f 4034//2717 4038//2717 4031//2717 
f 4019//2718 4038//2718 4034//2718 
f 4017//2719 4019//2719 4034//2719 
f 4018//2720 4019//2720 4017//2720 
f 3979//2721 4018//2721 4017//2721 
f 3950//2722 4018//2722 3979//2722 
f 3950//2723 3979//2723 3954//2723 
f 3948//2724 3950//2724 3954//2724 
f 3949//2725 3950//2725 3948//2725 
f 3949//2726 3948//2726 3947//2726 
f 3942//2727 3949//2727 3947//2727 
f 3939//2728 3949//2728 3942//2728 
f 3936//2729 3939//2729 3942//2729 
f 3938//2730 3939//2730 3936//2730 
f 3934//2731 3938//2731 3936//2731 
f 3927//2732 3938//2732 3934//2732 
f 3925//2733 3927//2733 3934//2733 
f 3924//2734 3927//2734 3925//2734 
f 3920//2735 3924//2735 3925//2735 
f 3891//2736 3924//2736 3920//2736 
f 3845//2737 3856//2737 3802//2737 
f 3798//2738 3845//2738 3802//2738 
f 3891//2739 3920//2739 3892//2739 
f 3890//2740 3891//2740 3892//2740 
f 3885//2741 3891//2741 3890//2741 
f 3873//2742 3885//2742 3890//2742 
f 3856//2743 3885//2743 3873//2743 
f 3814//2744 3856//2744 3873//2744 
f 3802//2745 3856//2745 3814//2745 
f 3798//2746 3802//2746 3799//2746 
f 3795//2747 3798//2747 3799//2747 
f 3778//2748 3798//2748 3795//2748 
f 3778//2749 3795//2749 3769//2749 
f 3747//2750 3778//2750 3769//2750 
f 3733//2751 3778//2751 3747//2751 
f 3731//2752 3733//2752 3747//2752 
f 3730//2753 3733//2753 3731//2753 
f 3703//2754 3730//2754 3731//2754 
f 3703//2755 3731//2755 3695//2755 
f 3677//2756 3703//2756 3695//2756 
f 3657//2757 3703//2757 3677//2757 
f 3650//2758 3657//2758 3677//2758 
f 3651//2759 3657//2759 3650//2759 
f 3646//2760 3651//2760 3650//2760 
f 3604//2761 3651//2761 3646//2761 
f 3602//2762 3604//2762 3646//2762 
f 3594//2763 3604//2763 3602//2763 
f 3591//2764 3594//2764 3602//2764 
f 3584//2765 3594//2765 3591//2765 
f 3579//2766 3584//2766 3591//2766 
f 3543//2767 3584//2767 3579//2767 
f 3518//2768 3543//2768 3579//2768 
f 3543//2769 3518//2769 3510//2769 
f 3480//2770 3543//2770 3510//2770 
f 3469//2771 3543//2771 3480//2771 
f 3467//2772 3469//2772 3480//2772 
f 3461//2773 3469//2773 3467//2773 
f 3451//2774 3461//2774 3467//2774 
f 3451//2775 3467//2775 3429//2775 
f 3346//2776 3451//2776 3429//2776 
f 3224//2777 3451//2777 3346//2777 
f 3191//2778 3224//2778 3346//2778 
f 3179//2779 3224//2779 3191//2779 
f 3179//2780 3191//2780 3176//2780 
f 3097//2781 3179//2781 3176//2781 
f 3037//2782 3179//2782 3097//2782 
f 3003//2783 3037//2783 3097//2783 
f 2985//2784 3037//2784 3003//2784 
f 2906//2785 2985//2785 3003//2785 
f 2903//2786 2906//2786 3003//2786 
f 2877//2787 2906//2787 2903//2787 
f 2877//2788 2903//2788 2892//2788 
f 2866//2789 2877//2789 2892//2789 
f 2846//2790 2877//2790 2866//2790 
f 2844//2791 2846//2791 2866//2791 
f 2821//2792 2846//2792 2844//2792 
f 2811//2793 2821//2793 2844//2793 
f 2793//2794 2821//2794 2811//2794 
f 2800//2795 2793//2795 2811//2795 
f 2792//2796 2793//2796 2800//2796 
f 2717//2797 2716//2797 2718//2797 
f 2738//2798 2717//2798 2718//2798 
f 2792//2799 2717//2799 2738//2799 
f 2774//2800 2792//2800 2738//2800 
f 2793//2801 2792//2801 2774//2801 
f 2718//2802 2716//2802 2707//2802 
f 2693//2803 2718//2803 2707//2803 
f 2663//2804 2718//2804 2693//2804 
f 2660//2805 2663//2805 2693//2805 
f 2662//2806 2663//2806 2660//2806 
f 2652//2807 2662//2807 2660//2807 
f 2614//2808 2662//2808 2652//2808 
f 2610//2809 2614//2809 2652//2809 
f 2603//2810 2614//2810 2610//2810 
f 2578//2811 2603//2811 2610//2811 
f 2573//2812 2603//2812 2578//2812 
f 2558//2813 2573//2813 2578//2813 
f 2529//2814 2573//2814 2558//2814 
f 2527//2815 2529//2815 2558//2815 
f 2501//2816 2529//2816 2527//2816 
f 2501//2817 2527//2817 2498//2817 
f 2488//2818 2501//2818 2498//2818 
f 2457//2819 2501//2819 2488//2819 
f 2456//2820 2457//2820 2488//2820 
f 2426//2821 2457//2821 2456//2821 
f 2423//2822 2426//2822 2456//2822 
f 2402//2823 2426//2823 2423//2823 
f 2262//2824 2402//2824 2423//2824 
f 2263//2825 2402//2825 2262//2825 
f 2099//2826 2263//2826 2262//2826 
f 2099//2827 2262//2827 2078//2827 
f 1818//2828 2099//2828 2078//2828 
f 1809//2829 2099//2829 1818//2829 
f 1793//2830 1809//2830 1818//2830 
f 1792//2831 1809//2831 1793//2831 
f 1769//2832 1792//2832 1793//2832 
f 1747//2833 1769//2833 1793//2833 
f 1710//2834 1769//2834 1747//2834 
f 1710//2835 1747//2835 1730//2835 
f 1711//2836 1710//2836 1730//2836 
f 1696//2837 1710//2837 1711//2837 
f 1696//2838 1711//2838 1684//2838 
f 1677//2839 1696//2839 1684//2839 
f 1650//2840 1696//2840 1677//2840 
f 1651//2841 1650//2841 1677//2841 
f 1608//2842 1650//2842 1651//2842 
f 1629//2843 1608//2843 1651//2843 
f 1599//2844 1608//2844 1629//2844 
f 1566//2845 1599//2845 1629//2845 
f 1501//2846 1498//2846 1503//2846 
f 1566//2847 1629//2847 1574//2847 
f 1568//2848 1566//2848 1574//2848 
f 1536//2849 1566//2849 1568//2849 
f 1513//2850 1536//2850 1568//2850 
f 1503//2851 1536//2851 1513//2851 
f 1504//2852 1503//2852 1513//2852 
f 1501//2853 1503//2853 1504//2853 
f 53//2854 55//2854 52//2854 
f 57//2855 67//2855 79//2855 
f 60//2856 57//2856 79//2856 
f 53//2857 57//2857 60//2857 
f 55//2858 53//2858 60//2858 
f 4003//2859 4007//2859 3987//2859 
f 4011//2860 4007//2860 4003//2860 
f 4014//2861 4011//2861 4003//2861 
f 4009//2862 4014//2862 4003//2862 
f 4015//2863 4014//2863 4009//2863 
f 44//2864 66//2864 84//2864 
f 67//2865 44//2865 84//2865 
f 57//2866 44//2866 67//2866 
f 1497//2867 1425//2867 1455//2867 
f 1498//2868 1497//2868 1455//2868 
f 1501//2869 1497//2869 1498//2869 
f 1274//2870 1146//2870 1225//2870 
f 1260//2871 1274//2871 1225//2871 
f 1318//2872 1274//2872 1260//2872 
f 1305//2873 1318//2873 1260//2873 
f 1357//2874 1318//2874 1305//2874 
f 1355//2875 1357//2875 1305//2875 
f 1374//2876 1357//2876 1355//2876 
f 1380//2877 1374//2877 1355//2877 
f 1415//2878 1374//2878 1380//2878 
f 1423//2879 1415//2879 1380//2879 
f 1425//2880 1415//2880 1423//2880 
f 1433//2881 1425//2881 1423//2881 
f 1455//2882 1425//2882 1433//2882 
f 1146//2883 1274//2883 1176//2883 
f 1120//2884 1146//2884 1176//2884 
f 1042//2885 1146//2885 1120//2885 
f 1052//2886 1042//2886 1120//2886 
f 946//2887 1042//2887 1052//2887 
f 871//2888 946//2888 1052//2888 
f 866//2889 946//2889 871//2889 
f 744//2890 728//2890 752//2890 
f 764//2891 744//2891 752//2891 
f 844//2892 744//2892 764//2892 
f 866//2893 844//2893 764//2893 
f 858//2894 844//2894 866//2894 
f 871//2895 858//2895 866//2895 
f 728//2896 744//2896 734//2896 
f 697//2897 728//2897 734//2897 
f 660//2898 728//2898 697//2898 
f 648//2899 660//2899 697//2899 
f 640//2900 660//2900 648//2900 
f 642//2901 640//2901 648//2901 
f 597//2902 640//2902 642//2902 
f 614//2903 597//2903 642//2903 
f 594//2904 597//2904 614//2904 
f 584//2905 594//2905 614//2905 
f 588//2906 584//2906 614//2906 
f 550//2907 584//2907 588//2907 
f 551//2908 550//2908 588//2908 
f 539//2909 550//2909 551//2909 
f 539//2910 551//2910 545//2910 
f 538//2911 539//2911 545//2911 
f 495//2912 539//2912 538//2912 
f 491//2913 495//2913 538//2913 
f 480//2914 495//2914 491//2914 
f 479//2915 480//2915 491//2915 
f 471//2916 479//2916 491//2916 
f 426//2917 479//2917 471//2917 
f 426//2918 471//2918 442//2918 
f 429//2919 426//2919 442//2919 
f 423//2920 426//2920 429//2920 
f 418//2921 423//2921 429//2921 
f 369//2922 423//2922 418//2922 
f 369//2923 418//2923 406//2923 
f 374//2924 369//2924 406//2924 
f 368//2925 369//2925 374//2925 
f 354//2926 368//2926 374//2926 
f 344//2927 354//2927 374//2927 
f 265//2928 354//2928 344//2928 
f 283//2929 265//2929 344//2929 
f 240//2930 265//2930 283//2930 
f 262//2931 240//2931 283//2931 
f 210//2932 240//2932 262//2932 
f 216//2933 210//2933 262//2933 
f 205//2934 210//2934 216//2934 
f 182//2935 205//2935 216//2935 
f 175//2936 205//2936 182//2936 
f 174//2937 175//2937 182//2937 
f 161//2938 175//2938 174//2938 
f 134//2939 161//2939 174//2939 
f 132//2940 161//2940 134//2940 
f 130//2941 128//2941 90//2941 
f 130//2942 132//2942 134//2942 
f 133//2943 130//2943 134//2943 
f 128//2944 130//2944 133//2944 
f 90//2945 128//2945 125//2945 
f 109//2946 90//2946 125//2946 
f 86//2947 90//2947 109//2947 
f 35//2948 86//2948 109//2948 
f 44//2949 57//2949 53//2949 
f 31//2950 44//2950 53//2950 
f 40//2951 44//2951 31//2951 
f 27//2952 40//2952 31//2952 
f 32//2953 40//2953 27//2953 
f 21//2954 32//2954 27//2954 
f 25//2955 32//2955 21//2955 
f 35//2956 25//2956 21//2956 
f 36//2957 25//2957 35//2957 
f 109//2958 36//2958 35//2958 
f 179//2959 180//2959 245//2959 
f 244//2960 179//2960 245//2960 
f 187//2961 190//2961 252//2961 
f 250//2962 187//2962 252//2962 
f 186//2963 187//2963 250//2963 
f 247//2964 186//2964 250//2964 
f 184//2965 186//2965 247//2965 
f 246//2966 184//2966 247//2966 
f 180//2967 184//2967 246//2967 
f 245//2968 180//2968 246//2968 
f 253//2969 190//2969 256//2969 
f 252//2970 190//2970 253//2970 
f 256//2971 190//2971 192//2971 
f 195//2972 256//2972 192//2972 
f 257//2973 256//2973 195//2973 
f 197//2974 257//2974 195//2974 
f 259//2975 257//2975 197//2975 
f 264//2976 259//2976 197//2976 
f 198//2977 264//2977 197//2977 
f 200//2978 264//2978 198//2978 
f 199//2979 261//2979 263//2979 
f 249//2980 251//2980 188//2980 
f 185//2981 249//2981 188//2981 
f 248//2982 249//2982 185//2982 
f 260//2983 261//2983 199//2983 
f 196//2984 260//2984 199//2984 
f 258//2985 260//2985 196//2985 
f 194//2986 258//2986 196//2986 
f 255//2987 258//2987 194//2987 
f 193//2988 255//2988 194//2988 
f 254//2989 255//2989 193//2989 
f 189//2990 254//2990 193//2990 
f 251//2991 254//2991 189//2991 
f 188//2992 251//2992 189//2992 
f 181//2993 179//2993 244//2993 
f 248//2994 181//2994 244//2994 
f 183//2995 181//2995 248//2995 
f 185//2996 183//2996 248//2996 
f 61//2997 47//2997 42//2997 
f 101//2998 61//2998 42//2998 
f 123//2999 61//2999 101//2999 
f 127//3000 123//3000 101//3000 
f 147//3001 127//3001 101//3001 
f 150//3002 127//3002 147//3002 
f 155//3003 150//3003 147//3003 
f 155//3004 147//3004 164//3004 
f 169//3005 155//3005 164//3005 
f 199//3006 169//3006 164//3006 
f 201//3007 169//3007 199//3007 
f 42//3008 94//3008 101//3008 
f 164//3009 196//3009 199//3009 
f 166//3010 193//3010 194//3010 
f 142//3011 94//3011 87//3011 
f 189//3012 193//3012 166//3012 
f 166//3013 162//3013 189//3013 
f 142//3014 162//3014 166//3014 
f 145//3015 142//3015 166//3015 
f 94//3016 142//3016 145//3016 
f 147//3017 94//3017 145//3017 
f 101//3018 94//3018 147//3018 
f 157//3019 179//3019 181//3019 
f 159//3020 157//3020 181//3020 
f 153//3021 157//3021 159//3021 
f 138//3022 153//3022 159//3022 
f 140//3023 153//3023 138//3023 
f 38//3024 140//3024 138//3024 
f 91//3025 140//3025 38//3025 
f 159//3026 181//3026 183//3026 
f 185//3027 159//3027 183//3027 
f 188//3028 159//3028 185//3028 
f 22//3029 15//3029 87//3029 
f 94//3030 22//3030 87//3030 
f 41//3031 22//3031 94//3031 
f 42//3032 41//3032 94//3032 
f 38//3033 15//3033 8//3033 
f 5//3034 38//3034 8//3034 
f 91//3035 38//3035 5//3035 
f 166//3036 194//3036 196//3036 
f 164//3037 166//3037 196//3037 
f 145//3038 166//3038 164//3038 
f 147//3039 145//3039 164//3039 
f 87//3040 15//3040 38//3040 
f 138//3041 87//3041 38//3041 
f 142//3042 87//3042 138//3042 
f 159//3043 142//3043 138//3043 
f 162//3044 142//3044 159//3044 
f 188//3045 162//3045 159//3045 
f 189//3046 162//3046 188//3046 
f 158//3047 180//3047 179//3047 
f 157//3048 158//3048 179//3048 
f 154//3049 158//3049 157//3049 
f 153//3050 154//3050 157//3050 
f 141//3051 154//3051 153//3051 
f 140//3052 141//3052 153//3052 
f 92//3053 141//3053 140//3053 
f 91//3054 92//3054 140//3054 
f 46//3055 92//3055 91//3055 
f 5//3056 46//3056 91//3056 
f 6//3057 46//3057 5//3057 
f 6//3058 39//3058 46//3058 
f 158//3059 184//3059 180//3059 
f 160//3060 187//3060 186//3060 
f 92//3061 46//3061 39//3061 
f 143//3062 39//3062 88//3062 
f 146//3063 95//3063 105//3063 
f 190//3064 187//3064 160//3064 
f 160//3065 163//3065 190//3065 
f 143//3066 163//3066 160//3066 
f 139//3067 143//3067 160//3067 
f 39//3068 143//3068 139//3068 
f 141//3069 39//3069 139//3069 
f 92//3070 39//3070 141//3070 
f 165//3071 200//3071 198//3071 
f 167//3072 165//3072 198//3072 
f 146//3073 165//3073 167//3073 
f 148//3074 165//3074 146//3074 
f 105//3075 148//3075 146//3075 
f 167//3076 198//3076 197//3076 
f 195//3077 167//3077 197//3077 
f 192//3078 167//3078 195//3078 
f 11//3079 13//3079 88//3079 
f 39//3080 11//3080 88//3080 
f 7//3081 11//3081 39//3081 
f 6//3082 7//3082 39//3082 
f 95//3083 13//3083 26//3083 
f 43//3084 95//3084 26//3084 
f 105//3085 95//3085 43//3085 
f 160//3086 186//3086 184//3086 
f 158//3087 160//3087 184//3087 
f 139//3088 160//3088 158//3088 
f 154//3089 139//3089 158//3089 
f 141//3090 139//3090 154//3090 
f 88//3091 13//3091 95//3091 
f 146//3092 88//3092 95//3092 
f 143//3093 88//3093 146//3093 
f 167//3094 143//3094 146//3094 
f 163//3095 143//3095 167//3095 
f 192//3096 163//3096 167//3096 
f 190//3097 163//3097 192//3097 
f 200//3098 170//3098 202//3098 
f 168//3099 170//3099 200//3099 
f 48//3100 105//3100 43//3100 
f 168//3101 200//3101 165//3101 
f 149//3102 168//3102 165//3102 
f 148//3103 149//3103 165//3103 
f 144//3104 149//3104 148//3104 
f 105//3105 144//3105 148//3105 
f 117//3106 144//3106 105//3106 
f 96//3107 117//3107 105//3107 
f 48//3108 96//3108 105//3108 
f 293//3109 281//3109 263//3109 
f 277//3110 293//3110 263//3110 
f 317//3111 293//3111 277//3111 
f 285//3112 317//3112 277//3112 
f 327//3113 317//3113 285//3113 
f 307//3114 327//3114 285//3114 
f 334//3115 327//3115 307//3115 
f 336//3116 334//3116 307//3116 
f 331//3117 336//3117 307//3117 
f 341//3118 336//3118 331//3118 
f 305//3119 320//3119 321//3119 
f 325//3120 305//3120 321//3120 
f 316//3121 298//3121 314//3121 
f 271//3122 291//3122 274//3122 
f 274//3123 261//3123 260//3123 
f 277//3124 263//3124 261//3124 
f 274//3125 277//3125 261//3125 
f 285//3126 277//3126 274//3126 
f 291//3127 285//3127 274//3127 
f 307//3128 285//3128 291//3128 
f 312//3129 307//3129 291//3129 
f 271//3130 251//3130 269//3130 
f 303//3131 320//3131 305//3131 
f 289//3132 303//3132 305//3132 
f 287//3133 303//3133 289//3133 
f 248//3134 244//3134 267//3134 
f 269//3135 248//3135 267//3135 
f 249//3136 248//3136 269//3136 
f 251//3137 249//3137 269//3137 
f 274//3138 260//3138 258//3138 
f 255//3139 274//3139 258//3139 
f 271//3140 274//3140 255//3140 
f 254//3141 271//3141 255//3141 
f 251//3142 271//3142 254//3142 
f 287//3143 279//3143 296//3143 
f 298//3144 287//3144 296//3144 
f 303//3145 287//3145 298//3145 
f 316//3146 303//3146 298//3146 
f 320//3147 303//3147 316//3147 
f 325//3148 331//3148 307//3148 
f 312//3149 325//3149 307//3149 
f 305//3150 325//3150 312//3150 
f 291//3151 305//3151 312//3151 
f 289//3152 305//3152 291//3152 
f 271//3153 289//3153 291//3153 
f 287//3154 289//3154 271//3154 
f 269//3155 287//3155 271//3155 
f 279//3156 287//3156 269//3156 
f 267//3157 279//3157 269//3157 
f 267//3158 244//3158 245//3158 
f 268//3159 267//3159 245//3159 
f 279//3160 267//3160 268//3160 
f 280//3161 279//3161 268//3161 
f 296//3162 279//3162 280//3162 
f 297//3163 296//3163 280//3163 
f 298//3164 296//3164 297//3164 
f 315//3165 298//3165 297//3165 
f 314//3166 298//3166 315//3166 
f 323//3167 292//3167 294//3167 
f 290//3168 313//3168 306//3168 
f 319//3169 306//3169 322//3169 
f 324//3170 322//3170 306//3170 
f 313//3171 324//3171 306//3171 
f 330//3172 324//3172 313//3172 
f 272//3173 288//3173 270//3173 
f 270//3174 246//3174 247//3174 
f 268//3175 245//3175 246//3175 
f 270//3176 268//3176 246//3176 
f 280//3177 268//3177 270//3177 
f 288//3178 280//3178 270//3178 
f 297//3179 280//3179 288//3179 
f 304//3180 297//3180 288//3180 
f 259//3181 275//3181 257//3181 
f 276//3182 278//3182 275//3182 
f 259//3183 276//3183 275//3183 
f 264//3184 276//3184 259//3184 
f 270//3185 247//3185 250//3185 
f 252//3186 270//3186 250//3186 
f 272//3187 270//3187 252//3187 
f 253//3188 272//3188 252//3188 
f 275//3189 272//3189 253//3189 
f 256//3190 275//3190 253//3190 
f 257//3191 275//3191 256//3191 
f 313//3192 290//3192 292//3192 
f 323//3193 313//3193 292//3193 
f 330//3194 313//3194 323//3194 
f 332//3195 330//3195 323//3195 
f 319//3196 315//3196 297//3196 
f 304//3197 319//3197 297//3197 
f 306//3198 319//3198 304//3198 
f 288//3199 306//3199 304//3199 
f 290//3200 306//3200 288//3200 
f 272//3201 290//3201 288//3201 
f 292//3202 290//3202 272//3202 
f 275//3203 292//3203 272//3203 
f 294//3204 292//3204 275//3204 
f 278//3205 294//3205 275//3205 
f 333//3206 295//3206 329//3206 
f 294//3207 278//3207 295//3207 
f 333//3208 294//3208 295//3208 
f 323//3209 294//3209 333//3209 
f 338//3210 323//3210 333//3210 
f 339//3211 323//3211 338//3211 
f 332//3212 323//3212 339//3212 
f 343//3213 332//3213 339//3213 
f 295//3214 278//3214 276//3214 
f 264//3215 295//3215 276//3215 
f 282//3216 295//3216 264//3216 
f 2114//3217 2153//3217 2152//3217 
f 2072//3218 2114//3218 2152//3218 
f 2073//3219 2114//3219 2072//3219 
f 2208//3220 2234//3220 2219//3220 
f 2188//3221 2208//3221 2219//3221 
f 2195//3222 2208//3222 2188//3222 
f 2176//3223 2195//3223 2188//3223 
f 2180//3224 2195//3224 2176//3224 
f 2172//3225 2180//3225 2176//3225 
f 2153//3226 2180//3226 2172//3226 
f 2152//3227 2153//3227 2172//3227 
f 2236//3228 2234//3228 2274//3228 
f 2219//3229 2234//3229 2236//3229 
f 2274//3230 2234//3230 2257//3230 
f 2276//3231 2274//3231 2257//3231 
f 2280//3232 2274//3232 2276//3232 
f 2282//3233 2280//3233 2276//3233 
f 2292//3234 2280//3234 2282//3234 
f 2336//3235 2292//3235 2282//3235 
f 2326//3236 2336//3236 2282//3236 
f 2337//3237 2336//3237 2326//3237 
f 1881//3238 1889//3238 1880//3238 
f 1927//3239 1889//3239 1881//3239 
f 1925//3240 1927//3240 1881//3240 
f 1936//3241 1927//3241 1925//3241 
f 1934//3242 1936//3242 1925//3242 
f 1952//3243 1936//3243 1934//3243 
f 1943//3244 1952//3244 1934//3244 
f 1976//3245 1952//3245 1943//3245 
f 1976//3246 1943//3246 1978//3246 
f 1997//3247 1976//3247 1978//3247 
f 1991//3248 1997//3248 1978//3248 
f 2016//3249 1997//3249 1991//3249 
f 2018//3250 2016//3250 1991//3250 
f 2028//3251 2016//3251 2018//3251 
f 2034//3252 2073//3252 2072//3252 
f 2028//3253 2034//3253 2072//3253 
f 2030//3254 2034//3254 2028//3254 
f 2018//3255 2030//3255 2028//3255 
f 1825//3256 1821//3256 1828//3256 
f 1842//3257 1825//3257 1828//3257 
f 1833//3258 1825//3258 1842//3258 
f 1836//3259 1833//3259 1842//3259 
f 1862//3260 1836//3260 1842//3260 
f 1843//3261 1836//3261 1862//3261 
f 1847//3262 1843//3262 1862//3262 
f 1847//3263 1862//3263 1875//3263 
f 1849//3264 1847//3264 1875//3264 
f 1881//3265 1849//3265 1875//3265 
f 1859//3266 1849//3266 1881//3266 
f 1828//3267 1885//3267 1842//3267 
f 1875//3268 1925//3268 1881//3268 
f 1914//3269 1943//3269 1934//3269 
f 1964//3270 1885//3270 1959//3270 
f 1978//3271 1943//3271 1914//3271 
f 1914//3272 1969//3272 1978//3272 
f 1964//3273 1969//3273 1914//3273 
f 1907//3274 1964//3274 1914//3274 
f 1885//3275 1964//3275 1907//3275 
f 1862//3276 1885//3276 1907//3276 
f 1842//3277 1885//3277 1862//3277 
f 2055//3278 2073//3278 2034//3278 
f 2010//3279 2055//3279 2034//3279 
f 2052//3280 2055//3280 2010//3280 
f 2007//3281 2052//3281 2010//3281 
f 2049//3282 2052//3282 2007//3282 
f 2003//3283 2049//3283 2007//3283 
f 2046//3284 2049//3284 2003//3284 
f 2010//3285 2034//3285 2030//3285 
f 2018//3286 2010//3286 2030//3286 
f 1991//3287 2010//3287 2018//3287 
f 1910//3288 1955//3288 1959//3288 
f 1885//3289 1910//3289 1959//3289 
f 1831//3290 1910//3290 1885//3290 
f 1828//3291 1831//3291 1885//3291 
f 2003//3292 1955//3292 1994//3292 
f 2042//3293 2003//3293 1994//3293 
f 2046//3294 2003//3294 2042//3294 
f 1914//3295 1934//3295 1925//3295 
f 1875//3296 1914//3296 1925//3296 
f 1907//3297 1914//3297 1875//3297 
f 1862//3298 1907//3298 1875//3298 
f 1959//3299 1955//3299 2003//3299 
f 2007//3300 1959//3300 2003//3300 
f 1964//3301 1959//3301 2007//3301 
f 2010//3302 1964//3302 2007//3302 
f 1969//3303 1964//3303 2010//3303 
f 1991//3304 1969//3304 2010//3304 
f 1978//3305 1969//3305 1991//3305 
f 2120//3306 2046//3306 2042//3306 
f 2113//3307 2114//3307 2073//3307 
f 2055//3308 2113//3308 2073//3308 
f 2106//3309 2113//3309 2055//3309 
f 2052//3310 2106//3310 2055//3310 
f 2111//3311 2106//3311 2052//3311 
f 2049//3312 2111//3312 2052//3312 
f 2107//3313 2111//3313 2049//3313 
f 2046//3314 2107//3314 2049//3314 
f 2117//3315 2107//3315 2046//3315 
f 2120//3316 2117//3316 2046//3316 
f 2168//3317 2206//3317 2165//3317 
f 2156//3318 2180//3318 2153//3318 
f 2198//3319 2208//3319 2195//3319 
f 2248//3320 2206//3320 2252//3320 
f 2306//3321 2329//3321 2373//3321 
f 2234//3322 2208//3322 2198//3322 
f 2198//3323 2242//3323 2234//3323 
f 2248//3324 2242//3324 2198//3324 
f 2201//3325 2248//3325 2198//3325 
f 2206//3326 2248//3326 2201//3326 
f 2161//3327 2206//3327 2201//3327 
f 2165//3328 2206//3328 2161//3328 
f 2339//3329 2337//3329 2326//3329 
f 2301//3330 2339//3330 2326//3330 
f 2306//3331 2339//3331 2301//3331 
f 2354//3332 2339//3332 2306//3332 
f 2373//3333 2354//3333 2306//3333 
f 2301//3334 2326//3334 2282//3334 
f 2276//3335 2301//3335 2282//3335 
f 2257//3336 2301//3336 2276//3336 
f 2220//3337 2254//3337 2252//3337 
f 2206//3338 2220//3338 2252//3338 
f 2171//3339 2220//3339 2206//3339 
f 2168//3340 2171//3340 2206//3340 
f 2329//3341 2254//3341 2330//3341 
f 2385//3342 2329//3342 2330//3342 
f 2373//3343 2329//3343 2385//3343 
f 2198//3344 2195//3344 2180//3344 
f 2156//3345 2198//3345 2180//3345 
f 2201//3346 2198//3346 2156//3346 
f 2161//3347 2201//3347 2156//3347 
f 2252//3348 2254//3348 2329//3348 
f 2306//3349 2252//3349 2329//3349 
f 2248//3350 2252//3350 2306//3350 
f 2301//3351 2248//3351 2306//3351 
f 2242//3352 2248//3352 2301//3352 
f 2257//3353 2242//3353 2301//3353 
f 2234//3354 2242//3354 2257//3354 
f 2337//3355 2359//3355 2357//3355 
f 2365//3356 2359//3356 2337//3356 
f 2392//3357 2373//3357 2385//3357 
f 2365//3358 2337//3358 2339//3358 
f 2368//3359 2365//3359 2339//3359 
f 2354//3360 2368//3360 2339//3360 
f 2374//3361 2368//3361 2354//3361 
f 2373//3362 2374//3362 2354//3362 
f 2378//3363 2374//3363 2373//3363 
f 2381//3364 2378//3364 2373//3364 
f 2392//3365 2381//3365 2373//3365 
f 1856//3366 1853//3366 1880//3366 
f 1892//3367 1856//3367 1880//3367 
f 1865//3368 1856//3368 1892//3368 
f 1900//3369 1865//3369 1892//3369 
f 1871//3370 1865//3370 1900//3370 
f 1909//3371 1871//3371 1900//3371 
f 1894//3372 1871//3372 1909//3372 
f 1898//3373 1894//3373 1909//3373 
f 1946//3374 1898//3374 1909//3374 
f 1920//3375 1898//3375 1946//3375 
f 1983//3376 1999//3376 1989//3376 
f 1961//3377 1983//3377 1989//3377 
f 2037//3378 2069//3378 2068//3378 
f 1971//3379 1940//3379 1930//3379 
f 1930//3380 1889//3380 1927//3380 
f 1892//3381 1880//3381 1889//3381 
f 1930//3382 1892//3382 1889//3382 
f 1900//3383 1892//3383 1930//3383 
f 1940//3384 1900//3384 1930//3384 
f 1909//3385 1900//3385 1940//3385 
f 1949//3386 1909//3386 1940//3386 
f 1971//3387 1997//3387 2013//3387 
f 2024//3388 1999//3388 1983//3388 
f 1980//3389 2024//3389 1983//3389 
f 2021//3390 2024//3390 1980//3390 
f 2028//3391 2072//3391 2076//3391 
f 2013//3392 2028//3392 2076//3392 
f 2016//3393 2028//3393 2013//3393 
f 1997//3394 2016//3394 2013//3394 
f 1930//3395 1927//3395 1936//3395 
f 1952//3396 1930//3396 1936//3396 
f 1971//3397 1930//3397 1952//3397 
f 1976//3398 1971//3398 1952//3398 
f 1997//3399 1971//3399 1976//3399 
f 2021//3400 2071//3400 2070//3400 
f 2069//3401 2021//3401 2070//3401 
f 2024//3402 2021//3402 2069//3402 
f 2037//3403 2024//3403 2069//3403 
f 1999//3404 2024//3404 2037//3404 
f 1961//3405 1946//3405 1909//3405 
f 1949//3406 1961//3406 1909//3406 
f 1983//3407 1961//3407 1949//3407 
f 1940//3408 1983//3408 1949//3408 
f 1980//3409 1983//3409 1940//3409 
f 1971//3410 1980//3410 1940//3410 
f 2021//3411 1980//3411 1971//3411 
f 2013//3412 2021//3412 1971//3412 
f 2071//3413 2021//3413 2013//3413 
f 2076//3414 2071//3414 2013//3414 
f 2076//3415 2072//3415 2152//3415 
f 2151//3416 2076//3416 2152//3416 
f 2071//3417 2076//3417 2151//3417 
f 2150//3418 2071//3418 2151//3418 
f 2070//3419 2071//3419 2150//3419 
f 2149//3420 2070//3420 2150//3420 
f 2069//3421 2070//3421 2149//3421 
f 2138//3422 2069//3422 2149//3422 
f 2068//3423 2069//3423 2138//3423 
f 2288//3424 2271//3424 2308//3424 
f 2228//3425 2260//3425 2223//3425 
f 2203//3426 2223//3426 2217//3426 
f 2244//3427 2217//3427 2223//3427 
f 2260//3428 2244//3428 2223//3428 
f 2265//3429 2244//3429 2260//3429 
f 2238//3430 2185//3430 2193//3430 
f 2193//3431 2172//3431 2176//3431 
f 2151//3432 2152//3432 2172//3432 
f 2193//3433 2151//3433 2172//3433 
f 2150//3434 2151//3434 2193//3434 
f 2185//3435 2150//3435 2193//3435 
f 2149//3436 2150//3436 2185//3436 
f 2182//3437 2149//3437 2185//3437 
f 2292//3438 2285//3438 2280//3438 
f 2324//3439 2321//3439 2285//3439 
f 2292//3440 2324//3440 2285//3440 
f 2336//3441 2324//3441 2292//3441 
f 2193//3442 2176//3442 2188//3442 
f 2219//3443 2193//3443 2188//3443 
f 2238//3444 2193//3444 2219//3444 
f 2236//3445 2238//3445 2219//3445 
f 2285//3446 2238//3446 2236//3446 
f 2274//3447 2285//3447 2236//3447 
f 2280//3448 2285//3448 2274//3448 
f 2260//3449 2228//3449 2271//3449 
f 2288//3450 2260//3450 2271//3450 
f 2265//3451 2260//3451 2288//3451 
f 2268//3452 2265//3452 2288//3452 
f 2203//3453 2138//3453 2149//3453 
f 2182//3454 2203//3454 2149//3454 
f 2223//3455 2203//3455 2182//3455 
f 2185//3456 2223//3456 2182//3456 
f 2228//3457 2223//3457 2185//3457 
f 2238//3458 2228//3458 2185//3458 
f 2271//3459 2228//3459 2238//3459 
f 2285//3460 2271//3460 2238//3460 
f 2308//3461 2271//3461 2285//3461 
f 2321//3462 2308//3462 2285//3462 
f 2342//3463 2351//3463 2348//3463 
f 2308//3464 2321//3464 2351//3464 
f 2342//3465 2308//3465 2351//3465 
f 2288//3466 2308//3466 2342//3466 
f 2314//3467 2288//3467 2342//3467 
f 2310//3468 2288//3468 2314//3468 
f 2268//3469 2288//3469 2310//3469 
f 2298//3470 2268//3470 2310//3470 
f 2351//3471 2321//3471 2324//3471 
f 2336//3472 2351//3472 2324//3472 
f 2363//3473 2351//3473 2336//3473 
f 2074//3474 2147//3474 2136//3474 
f 2066//3475 2074//3475 2136//3475 
f 2137//3476 2067//3476 2075//3476 
f 2148//3477 2137//3477 2075//3477 
f 1942//3478 1975//3478 1951//3478 
f 1933//3479 1942//3479 1951//3479 
f 1935//3480 1933//3480 1951//3480 
f 1924//3481 1933//3481 1935//3481 
f 1926//3482 1924//3482 1935//3482 
f 1876//3483 1924//3483 1926//3483 
f 1888//3484 1876//3484 1926//3484 
f 1877//3485 1876//3485 1888//3485 
f 1975//3486 1942//3486 1977//3486 
f 1996//3487 1975//3487 1977//3487 
f 1990//3488 1996//3488 1977//3488 
f 2015//3489 1996//3489 1990//3489 
f 2017//3490 2015//3490 1990//3490 
f 2027//3491 2015//3491 2017//3491 
f 2035//3492 2074//3492 2066//3492 
f 2027//3493 2035//3493 2066//3493 
f 2029//3494 2035//3494 2027//3494 
f 2017//3495 2029//3495 2027//3495 
f 2173//3496 2136//3496 2147//3496 
f 2179//3497 2173//3497 2147//3497 
f 2175//3498 2173//3498 2179//3498 
f 2191//3499 2175//3499 2179//3499 
f 2187//3500 2175//3500 2191//3500 
f 2207//3501 2187//3501 2191//3501 
f 2218//3502 2187//3502 2207//3502 
f 2233//3503 2218//3503 2207//3503 
f 2235//3504 2218//3504 2233//3504 
f 2256//3505 2235//3505 2233//3505 
f 2273//3506 2235//3506 2256//3506 
f 2275//3507 2273//3507 2256//3507 
f 2279//3508 2273//3508 2275//3508 
f 2281//3509 2279//3509 2275//3509 
f 2291//3510 2279//3510 2281//3510 
f 2333//3511 2291//3511 2281//3511 
f 2325//3512 2333//3512 2281//3512 
f 2332//3513 2333//3513 2325//3513 
f 2033//3514 2075//3514 2067//3514 
f 2026//3515 2033//3515 2067//3515 
f 2031//3516 2033//3516 2026//3516 
f 2014//3517 2031//3517 2026//3517 
f 2019//3518 2031//3518 2014//3518 
f 2000//3519 2019//3519 2014//3519 
f 1986//3520 2019//3520 2000//3520 
f 1974//3521 1986//3521 2000//3521 
f 1973//3522 1986//3522 1974//3522 
f 1953//3523 1973//3523 1974//3523 
f 1938//3524 1973//3524 1953//3524 
f 1937//3525 1938//3525 1953//3525 
f 1932//3526 1938//3526 1937//3526 
f 1931//3527 1932//3527 1937//3527 
f 1922//3528 1932//3528 1931//3528 
f 1878//3529 1922//3529 1931//3529 
f 1886//3530 1878//3530 1931//3530 
f 1879//3531 1878//3531 1886//3531 
f 2335//3532 2322//3532 2334//3532 
f 2286//3533 2322//3533 2335//3533 
f 2287//3534 2286//3534 2335//3534 
f 2277//3535 2286//3535 2287//3535 
f 2278//3536 2277//3536 2287//3536 
f 2258//3537 2277//3537 2278//3537 
f 2258//3538 2278//3538 2269//3538 
f 2231//3539 2258//3539 2269//3539 
f 2232//3540 2258//3540 2231//3540 
f 2210//3541 2232//3541 2231//3541 
f 2214//3542 2210//3542 2231//3542 
f 2190//3543 2210//3543 2214//3543 
f 2189//3544 2190//3544 2214//3544 
f 2178//3545 2190//3545 2189//3545 
f 2170//3546 2137//3546 2148//3546 
f 2178//3547 2170//3547 2148//3547 
f 2177//3548 2170//3548 2178//3548 
f 2189//3549 2177//3549 2178//3549 
f 1879//3550 1854//3550 1858//3550 
f 1850//3551 1854//3551 1879//3551 
f 1820//3552 1841//3552 1827//3552 
f 1850//3553 1879//3553 1873//3553 
f 1845//3554 1850//3554 1873//3554 
f 1861//3555 1845//3555 1873//3555 
f 1839//3556 1845//3556 1861//3556 
f 1841//3557 1839//3557 1861//3557 
f 1834//3558 1839//3558 1841//3558 
f 1830//3559 1834//3559 1841//3559 
f 1820//3560 1830//3560 1841//3560 
f 2006//3561 1963//3561 2009//3561 
f 2054//3562 2006//3562 2009//3562 
f 2051//3563 2006//3563 2054//3563 
f 2026//3564 2067//3564 2054//3564 
f 2009//3565 2026//3565 2054//3565 
f 2014//3566 2026//3566 2009//3566 
f 2000//3567 2014//3567 2009//3567 
f 1953//3568 1913//3568 1937//3568 
f 1968//3569 1913//3569 1953//3569 
f 1974//3570 1968//3570 1953//3570 
f 1906//3571 1873//3571 1913//3571 
f 2002//3572 2048//3572 2045//3572 
f 2043//3573 2002//3573 2045//3573 
f 2041//3574 2002//3574 2043//3574 
f 2002//3575 2041//3575 2032//3575 
f 1985//3576 2002//3576 2032//3576 
f 1958//3577 2002//3577 1985//3577 
f 1956//3578 1958//3578 1985//3578 
f 1884//3579 1958//3579 1956//3579 
f 1882//3580 1884//3580 1956//3580 
f 1827//3581 1884//3581 1882//3581 
f 1886//3582 1873//3582 1879//3582 
f 1913//3583 1873//3583 1886//3583 
f 1931//3584 1913//3584 1886//3584 
f 1937//3585 1913//3585 1931//3585 
f 1963//3586 1906//3586 1913//3586 
f 1968//3587 1963//3587 1913//3587 
f 2009//3588 1963//3588 1968//3588 
f 1974//3589 2009//3589 1968//3589 
f 2000//3590 2009//3590 1974//3590 
f 1861//3591 1906//3591 1841//3591 
f 1873//3592 1906//3592 1861//3592 
f 1884//3593 1827//3593 1841//3593 
f 1906//3594 1884//3594 1841//3594 
f 1958//3595 1884//3595 1906//3595 
f 1963//3596 1958//3596 1906//3596 
f 2002//3597 1958//3597 1963//3597 
f 2006//3598 2002//3598 1963//3598 
f 2048//3599 2002//3599 2006//3599 
f 2051//3600 2048//3600 2006//3600 
f 2101//3601 2163//3601 2167//3601 
f 2054//3602 2067//3602 2137//3602 
f 2155//3603 2054//3603 2137//3603 
f 2051//3604 2054//3604 2155//3604 
f 2158//3605 2051//3605 2155//3605 
f 2048//3606 2051//3606 2158//3606 
f 2160//3607 2048//3607 2158//3607 
f 2045//3608 2048//3608 2160//3608 
f 2163//3609 2045//3609 2160//3609 
f 2043//3610 2045//3610 2163//3610 
f 2101//3611 2043//3611 2163//3611 
f 2041//3612 2043//3612 2101//3612 
f 2197//3613 2158//3613 2155//3613 
f 2305//3614 2247//3614 2300//3614 
f 2340//3615 2305//3615 2300//3615 
f 2287//3616 2335//3616 2340//3616 
f 2300//3617 2287//3617 2340//3617 
f 2278//3618 2287//3618 2300//3618 
f 2269//3619 2278//3619 2300//3619 
f 2214//3620 2197//3620 2189//3620 
f 2241//3621 2197//3621 2214//3621 
f 2231//3622 2241//3622 2214//3622 
f 2205//3623 2167//3623 2163//3623 
f 2328//3624 2353//3624 2372//3624 
f 2383//3625 2328//3625 2372//3625 
f 2328//3626 2383//3626 2377//3626 
f 2302//3627 2328//3627 2377//3627 
f 2251//3628 2328//3628 2302//3628 
f 2255//3629 2251//3629 2302//3629 
f 2205//3630 2251//3630 2255//3630 
f 2211//3631 2205//3631 2255//3631 
f 2167//3632 2205//3632 2211//3632 
f 2170//3633 2155//3633 2137//3633 
f 2197//3634 2155//3634 2170//3634 
f 2177//3635 2197//3635 2170//3635 
f 2189//3636 2197//3636 2177//3636 
f 2200//3637 2160//3637 2158//3637 
f 2197//3638 2200//3638 2158//3638 
f 2247//3639 2200//3639 2197//3639 
f 2241//3640 2247//3640 2197//3640 
f 2300//3641 2247//3641 2241//3641 
f 2231//3642 2300//3642 2241//3642 
f 2269//3643 2300//3643 2231//3643 
f 2205//3644 2163//3644 2160//3644 
f 2200//3645 2205//3645 2160//3645 
f 2251//3646 2205//3646 2200//3646 
f 2247//3647 2251//3647 2200//3647 
f 2328//3648 2251//3648 2247//3648 
f 2305//3649 2328//3649 2247//3649 
f 2353//3650 2328//3650 2305//3650 
f 2340//3651 2353//3651 2305//3651 
f 2386//3652 2391//3652 2383//3652 
f 2372//3653 2386//3653 2383//3653 
f 2380//3654 2386//3654 2372//3654 
f 2376//3655 2380//3655 2372//3655 
f 2353//3656 2376//3656 2372//3656 
f 2370//3657 2376//3657 2353//3657 
f 2367//3658 2370//3658 2353//3658 
f 2367//3659 2353//3659 2340//3659 
f 2366//3660 2367//3660 2340//3660 
f 2335//3661 2366//3661 2340//3661 
f 2356//3662 2366//3662 2335//3662 
f 1872//3663 1863//3663 1869//3663 
f 1904//3664 1890//3664 1863//3664 
f 1872//3665 1904//3665 1863//3665 
f 1921//3666 1904//3666 1872//3666 
f 1902//3667 1921//3667 1872//3667 
f 1903//3668 1921//3668 1902//3668 
f 1945//3669 1921//3669 1903//3669 
f 1918//3670 1945//3670 1903//3670 
f 1863//3671 1890//3671 1887//3671 
f 1878//3672 1863//3672 1887//3672 
f 1852//3673 1863//3673 1878//3673 
f 1921//3674 1941//3674 1904//3674 
f 1929//3675 1887//3675 1890//3675 
f 1981//3676 1950//3676 1984//3676 
f 2004//3677 1984//3677 1987//3677 
f 1966//3678 1987//3678 1984//3678 
f 1950//3679 1966//3679 1984//3679 
f 1947//3680 1966//3680 1950//3680 
f 1972//3681 2022//3681 2011//3681 
f 1929//3682 1972//3682 1973//3682 
f 1938//3683 1929//3683 1973//3683 
f 2065//3684 2075//3684 2033//3684 
f 2011//3685 2065//3685 2033//3685 
f 2063//3686 2065//3686 2011//3686 
f 2022//3687 2063//3687 2011//3687 
f 2061//3688 2063//3688 2022//3688 
f 2025//3689 2061//3689 2022//3689 
f 2059//3690 2061//3690 2025//3690 
f 1922//3691 1878//3691 1887//3691 
f 1929//3692 1922//3692 1887//3692 
f 1932//3693 1922//3693 1929//3693 
f 1938//3694 1932//3694 1929//3694 
f 2011//3695 2033//3695 2031//3695 
f 2019//3696 2011//3696 2031//3696 
f 1972//3697 2011//3697 2019//3697 
f 1986//3698 1972//3698 2019//3698 
f 1973//3699 1972//3699 1986//3699 
f 1950//3700 1981//3700 1941//3700 
f 1921//3701 1950//3701 1941//3701 
f 1947//3702 1950//3702 1921//3702 
f 1945//3703 1947//3703 1921//3703 
f 2004//3704 2057//3704 2059//3704 
f 2025//3705 2004//3705 2059//3705 
f 1984//3706 2004//3706 2025//3706 
f 2022//3707 1984//3707 2025//3707 
f 1981//3708 1984//3708 2022//3708 
f 1972//3709 1981//3709 2022//3709 
f 1941//3710 1981//3710 1972//3710 
f 1929//3711 1941//3711 1972//3711 
f 1904//3712 1941//3712 1929//3712 
f 1890//3713 1904//3713 1929//3713 
f 2059//3714 2057//3714 2140//3714 
f 2135//3715 2059//3715 2140//3715 
f 2061//3716 2059//3716 2135//3716 
f 2142//3717 2061//3717 2135//3717 
f 2063//3718 2061//3718 2142//3718 
f 2144//3719 2063//3719 2142//3719 
f 2065//3720 2063//3720 2144//3720 
f 2146//3721 2065//3721 2144//3721 
f 2075//3722 2065//3722 2146//3722 
f 2148//3723 2075//3723 2146//3723 
f 2224//3724 2209//3724 2215//3724 
f 2249//3725 2224//3725 2215//3725 
f 2169//3726 2135//3726 2140//3726 
f 2239//3727 2272//3727 2284//3727 
f 2284//3728 2322//3728 2286//3728 
f 2239//3729 2210//3729 2192//3729 
f 2183//3730 2209//3730 2224//3730 
f 2229//3731 2183//3731 2224//3731 
f 2186//3732 2183//3732 2229//3732 
f 2319//3733 2334//3733 2322//3733 
f 2284//3734 2319//3734 2322//3734 
f 2315//3735 2319//3735 2284//3735 
f 2272//3736 2315//3736 2284//3736 
f 2303//3737 2315//3737 2272//3737 
f 2261//3738 2303//3738 2272//3738 
f 2290//3739 2303//3739 2261//3739 
f 2178//3740 2148//3740 2146//3740 
f 2192//3741 2178//3741 2146//3741 
f 2190//3742 2178//3742 2192//3742 
f 2210//3743 2190//3743 2192//3743 
f 2284//3744 2286//3744 2277//3744 
f 2258//3745 2284//3745 2277//3745 
f 2239//3746 2284//3746 2258//3746 
f 2232//3747 2239//3747 2258//3747 
f 2210//3748 2239//3748 2232//3748 
f 2186//3749 2144//3749 2142//3749 
f 2135//3750 2186//3750 2142//3750 
f 2183//3751 2186//3751 2135//3751 
f 2169//3752 2183//3752 2135//3752 
f 2209//3753 2183//3753 2169//3753 
f 2249//3754 2267//3754 2290//3754 
f 2261//3755 2249//3755 2290//3755 
f 2224//3756 2249//3756 2261//3756 
f 2272//3757 2224//3757 2261//3757 
f 2229//3758 2224//3758 2272//3758 
f 2239//3759 2229//3759 2272//3759 
f 2186//3760 2229//3760 2239//3760 
f 2192//3761 2186//3761 2239//3761 
f 2144//3762 2186//3762 2192//3762 
f 2146//3763 2144//3763 2192//3763 
f 2358//3764 2362//3764 2334//3764 
f 2319//3765 2358//3765 2334//3765 
f 2349//3766 2358//3766 2319//3766 
f 2315//3767 2349//3767 2319//3767 
f 2346//3768 2349//3768 2315//3768 
f 2303//3769 2346//3769 2315//3769 
f 2290//3770 2267//3770 2296//3770 
f 2317//3771 2290//3771 2296//3771 
f 2303//3772 2290//3772 2317//3772 
f 2318//3773 2303//3773 2317//3773 
f 2346//3774 2303//3774 2318//3774 
f 2332//3775 2360//3775 2355//3775 
f 2364//3776 2360//3776 2332//3776 
f 2390//3777 2371//3777 2384//3777 
f 2364//3778 2332//3778 2338//3778 
f 2369//3779 2364//3779 2338//3779 
f 2352//3780 2369//3780 2338//3780 
f 2375//3781 2369//3781 2352//3781 
f 2371//3782 2375//3782 2352//3782 
f 2379//3783 2375//3783 2371//3783 
f 2382//3784 2379//3784 2371//3784 
f 2390//3785 2382//3785 2371//3785 
f 2199//3786 2246//3786 2196//3786 
f 2154//3787 2199//3787 2196//3787 
f 2157//3788 2199//3788 2154//3788 
f 2179//3789 2147//3789 2154//3789 
f 2196//3790 2179//3790 2154//3790 
f 2191//3791 2179//3791 2196//3791 
f 2207//3792 2191//3792 2196//3792 
f 2256//3793 2299//3793 2275//3793 
f 2240//3794 2299//3794 2256//3794 
f 2233//3795 2240//3795 2256//3795 
f 2304//3796 2338//3796 2299//3796 
f 2204//3797 2159//3797 2162//3797 
f 2164//3798 2204//3798 2162//3798 
f 2166//3799 2204//3799 2164//3799 
f 2204//3800 2166//3800 2174//3800 
f 2221//3801 2204//3801 2174//3801 
f 2250//3802 2204//3802 2221//3802 
f 2253//3803 2250//3803 2221//3803 
f 2327//3804 2250//3804 2253//3804 
f 2331//3805 2327//3805 2253//3805 
f 2384//3806 2327//3806 2331//3806 
f 2325//3807 2338//3807 2332//3807 
f 2299//3808 2338//3808 2325//3808 
f 2281//3809 2299//3809 2325//3809 
f 2275//3810 2299//3810 2281//3810 
f 2246//3811 2304//3811 2299//3811 
f 2240//3812 2246//3812 2299//3812 
f 2196//3813 2246//3813 2240//3813 
f 2233//3814 2196//3814 2240//3814 
f 2207//3815 2196//3815 2233//3815 
f 2352//3816 2304//3816 2371//3816 
f 2338//3817 2304//3817 2352//3817 
f 2327//3818 2384//3818 2371//3818 
f 2304//3819 2327//3819 2371//3819 
f 2250//3820 2327//3820 2304//3820 
f 2246//3821 2250//3821 2304//3821 
f 2204//3822 2250//3822 2246//3822 
f 2199//3823 2204//3823 2246//3823 
f 2159//3824 2204//3824 2199//3824 
f 2157//3825 2159//3825 2199//3825 
f 2100//3826 2044//3826 2040//3826 
f 2154//3827 2147//3827 2074//3827 
f 2053//3828 2154//3828 2074//3828 
f 2157//3829 2154//3829 2053//3829 
f 2050//3830 2157//3830 2053//3830 
f 2159//3831 2157//3831 2050//3831 
f 2047//3832 2159//3832 2050//3832 
f 2162//3833 2159//3833 2047//3833 
f 2044//3834 2162//3834 2047//3834 
f 2164//3835 2162//3835 2044//3835 
f 2100//3836 2164//3836 2044//3836 
f 2166//3837 2164//3837 2100//3837 
f 2008//3838 2050//3838 2053//3838 
f 1905//3839 1962//3839 1912//3839 
f 1874//3840 1905//3840 1912//3840 
f 1924//3841 1876//3841 1874//3841 
f 1912//3842 1924//3842 1874//3842 
f 1933//3843 1924//3843 1912//3843 
f 1942//3844 1933//3844 1912//3844 
f 1990//3845 2008//3845 2017//3845 
f 1967//3846 2008//3846 1990//3846 
f 1977//3847 1967//3847 1990//3847 
f 2001//3848 2040//3848 2044//3848 
f 1883//3849 1860//3849 1840//3849 
f 1829//3850 1883//3850 1840//3850 
f 1883//3851 1829//3851 1835//3851 
f 1911//3852 1883//3852 1835//3852 
f 1957//3853 1883//3853 1911//3853 
f 1954//3854 1957//3854 1911//3854 
f 2001//3855 1957//3855 1954//3855 
f 1995//3856 2001//3856 1954//3856 
f 2040//3857 2001//3857 1995//3857 
f 2035//3858 2053//3858 2074//3858 
f 2008//3859 2053//3859 2035//3859 
f 2029//3860 2008//3860 2035//3860 
f 2017//3861 2008//3861 2029//3861 
f 2005//3862 2047//3862 2050//3862 
f 2008//3863 2005//3863 2050//3863 
f 1962//3864 2005//3864 2008//3864 
f 1967//3865 1962//3865 2008//3865 
f 1912//3866 1962//3866 1967//3866 
f 1977//3867 1912//3867 1967//3867 
f 1942//3868 1912//3868 1977//3868 
f 2001//3869 2044//3869 2047//3869 
f 2005//3870 2001//3870 2047//3870 
f 1957//3871 2001//3871 2005//3871 
f 1962//3872 1957//3872 2005//3872 
f 1883//3873 1957//3873 1962//3873 
f 1905//3874 1883//3874 1962//3874 
f 1860//3875 1883//3875 1905//3875 
f 1874//3876 1860//3876 1905//3876 
f 1826//3877 1819//3877 1829//3877 
f 1840//3878 1826//3878 1829//3878 
f 1832//3879 1826//3879 1840//3879 
f 1837//3880 1832//3880 1840//3880 
f 1860//3881 1837//3881 1840//3881 
f 1844//3882 1837//3882 1860//3882 
f 1846//3883 1844//3883 1860//3883 
f 1846//3884 1860//3884 1874//3884 
f 1848//3885 1846//3885 1874//3885 
f 1876//3886 1848//3886 1874//3886 
f 1857//3887 1848//3887 1876//3887 
f 2341//3888 2350//3888 2345//3888 
f 2307//3889 2320//3889 2350//3889 
f 2341//3890 2307//3890 2350//3890 
f 2289//3891 2307//3891 2341//3891 
f 2312//3892 2289//3892 2341//3892 
f 2309//3893 2289//3893 2312//3893 
f 2266//3894 2289//3894 2309//3894 
f 2295//3895 2266//3895 2309//3895 
f 2350//3896 2320//3896 2323//3896 
f 2333//3897 2350//3897 2323//3897 
f 2361//3898 2350//3898 2333//3898 
f 2289//3899 2270//3899 2307//3899 
f 2283//3900 2323//3900 2320//3900 
f 2227//3901 2259//3901 2222//3901 
f 2202//3902 2222//3902 2216//3902 
f 2243//3903 2216//3903 2222//3903 
f 2259//3904 2243//3904 2222//3904 
f 2264//3905 2243//3905 2259//3905 
f 2237//3906 2184//3906 2194//3906 
f 2283//3907 2237//3907 2235//3907 
f 2273//3908 2283//3908 2235//3908 
f 2145//3909 2136//3909 2173//3909 
f 2194//3910 2145//3910 2173//3910 
f 2143//3911 2145//3911 2194//3911 
f 2184//3912 2143//3912 2194//3912 
f 2141//3913 2143//3913 2184//3913 
f 2181//3914 2141//3914 2184//3914 
f 2134//3915 2141//3915 2181//3915 
f 2291//3916 2333//3916 2323//3916 
f 2283//3917 2291//3917 2323//3917 
f 2279//3918 2291//3918 2283//3918 
f 2273//3919 2279//3919 2283//3919 
f 2194//3920 2173//3920 2175//3920 
f 2187//3921 2194//3921 2175//3921 
f 2237//3922 2194//3922 2187//3922 
f 2218//3923 2237//3923 2187//3923 
f 2235//3924 2237//3924 2218//3924 
f 2259//3925 2227//3925 2270//3925 
f 2289//3926 2259//3926 2270//3926 
f 2264//3927 2259//3927 2289//3927 
f 2266//3928 2264//3928 2289//3928 
f 2202//3929 2139//3929 2134//3929 
f 2181//3930 2202//3930 2134//3930 
f 2222//3931 2202//3931 2181//3931 
f 2184//3932 2222//3932 2181//3932 
f 2227//3933 2222//3933 2184//3933 
f 2237//3934 2227//3934 2184//3934 
f 2270//3935 2227//3935 2237//3935 
f 2283//3936 2270//3936 2237//3936 
f 2307//3937 2270//3937 2283//3937 
f 2320//3938 2307//3938 2283//3938 
f 2134//3939 2139//3939 2056//3939 
f 2058//3940 2134//3940 2056//3940 
f 2141//3941 2134//3941 2058//3941 
f 2060//3942 2141//3942 2058//3942 
f 2143//3943 2141//3943 2060//3943 
f 2062//3944 2143//3944 2060//3944 
f 2145//3945 2143//3945 2062//3945 
f 2064//3946 2145//3946 2062//3946 
f 2136//3947 2145//3947 2064//3947 
f 2066//3948 2136//3948 2064//3948 
f 1982//3949 1998//3949 1988//3949 
f 1960//3950 1982//3950 1988//3950 
f 2036//3951 2058//3951 2056//3951 
f 1970//3952 1939//3952 1928//3952 
f 1928//3953 1888//3953 1926//3953 
f 1970//3954 1996//3954 2012//3954 
f 2023//3955 1998//3955 1982//3955 
f 1979//3956 2023//3956 1982//3956 
f 2020//3957 2023//3957 1979//3957 
f 1891//3958 1877//3958 1888//3958 
f 1928//3959 1891//3959 1888//3959 
f 1899//3960 1891//3960 1928//3960 
f 1939//3961 1899//3961 1928//3961 
f 1908//3962 1899//3962 1939//3962 
f 1948//3963 1908//3963 1939//3963 
f 1923//3964 1908//3964 1948//3964 
f 2027//3965 2066//3965 2064//3965 
f 2012//3966 2027//3966 2064//3966 
f 2015//3967 2027//3967 2012//3967 
f 1996//3968 2015//3968 2012//3968 
f 1928//3969 1926//3969 1935//3969 
f 1951//3970 1928//3970 1935//3970 
f 1970//3971 1928//3971 1951//3971 
f 1975//3972 1970//3972 1951//3972 
f 1996//3973 1970//3973 1975//3973 
f 2020//3974 2062//3974 2060//3974 
f 2058//3975 2020//3975 2060//3975 
f 2023//3976 2020//3976 2058//3976 
f 2036//3977 2023//3977 2058//3977 
f 1998//3978 2023//3978 2036//3978 
f 1960//3979 1944//3979 1923//3979 
f 1948//3980 1960//3980 1923//3980 
f 1982//3981 1960//3981 1948//3981 
f 1939//3982 1982//3982 1948//3982 
f 1979//3983 1982//3983 1939//3983 
f 1970//3984 1979//3984 1939//3984 
f 2020//3985 1979//3985 1970//3985 
f 2012//3986 2020//3986 1970//3986 
f 2062//3987 2020//3987 2012//3987 
f 2064//3988 2062//3988 2012//3988 
f 1855//3989 1851//3989 1877//3989 
f 1891//3990 1855//3990 1877//3990 
f 1864//3991 1855//3991 1891//3991 
f 1899//3992 1864//3992 1891//3992 
f 1868//3993 1864//3993 1899//3993 
f 1908//3994 1868//3994 1899//3994 
f 1923//3995 1944//3995 1917//3995 
f 1896//3996 1923//3996 1917//3996 
f 1908//3997 1923//3997 1896//3997 
f 1893//3998 1908//3998 1896//3998 
f 1868//3999 1908//3999 1893//3999 
f 1863//4000 1716//4000 1869//4000 
f 1858//4001 1854//4001 1850//4001 
f 1716//4002 1858//4002 1850//4002 
f 1852//4003 1858//4003 1716//4003 
f 1863//4004 1852//4004 1716//4004 
f 1716//4005 1850//4005 1845//4005 
f 1839//4006 1716//4006 1845//4006 
f 1834//4007 1716//4007 1839//4007 
f 1834//4008 1830//4008 1820//4008 
f 1811//4009 1834//4009 1820//4009 
f 1716//4010 1834//4010 1811//4010 
f 1713//4011 1716//4011 1811//4011 
f 1637//4012 1716//4012 1713//4012 
f 1610//4013 1637//4013 1713//4013 
f 1541//4014 1637//4014 1610//4014 
f 1533//4015 1541//4015 1610//4015 
f 1443//4016 1541//4016 1533//4016 
f 1436//4017 1443//4017 1533//4017 
f 1363//4018 1443//4018 1436//4018 
f 1359//4019 1363//4019 1436//4019 
f 1290//4020 1363//4020 1359//4020 
f 1231//4021 1290//4021 1359//4021 
f 1044//4022 1290//4022 1231//4022 
f 1027//4023 1044//4023 1231//4023 
f 836//4024 1044//4024 1027//4024 
f 769//4025 836//4025 1027//4025 
f 708//4026 836//4026 769//4026 
f 681//4027 708//4027 769//4027 
f 620//4028 708//4028 681//4028 
f 616//4029 620//4029 681//4029 
f 565//4030 620//4030 616//4030 
f 554//4031 565//4031 616//4031 
f 510//4032 565//4032 554//4032 
f 489//4033 510//4033 554//4033 
f 446//4034 510//4034 489//4034 
f 421//4035 446//4035 489//4035 
f 410//4036 446//4036 421//4036 
f 367//4037 410//4037 421//4037 
f 352//4038 410//4038 367//4038 
f 214//4039 352//4039 367//4039 
f 309//4040 352//4040 214//4040 
f 1//4041 309//4041 214//4041 
f 2779//4042 2760//4042 2768//4042 
f 2380//4043 2391//4043 2386//4043 
f 2411//4044 2418//4044 2404//4044 
f 2391//4045 2411//4045 2404//4045 
f 2366//4046 2370//4046 2367//4046 
f 2411//4047 2391//4047 2380//4047 
f 2376//4048 2411//4048 2380//4048 
f 2370//4049 2411//4049 2376//4049 
f 2411//4050 2370//4050 2366//4050 
f 2356//4051 2411//4051 2366//4051 
f 2362//4052 2411//4052 2356//4052 
f 2411//4053 2362//4053 2358//4053 
f 2349//4054 2411//4054 2358//4054 
f 2346//4055 2411//4055 2349//4055 
f 2364//4056 2355//4056 2360//4056 
f 2410//4057 2345//4057 2350//4057 
f 2361//4058 2410//4058 2350//4058 
f 2355//4059 2410//4059 2361//4059 
f 2410//4060 2355//4060 2364//4060 
f 2369//4061 2410//4061 2364//4061 
f 2375//4062 2410//4062 2369//4062 
f 2410//4063 2375//4063 2379//4063 
f 2382//4064 2410//4064 2379//4064 
f 2390//4065 2410//4065 2382//4065 
f 2410//4066 2390//4066 2403//4066 
f 2417//4067 2410//4067 2403//4067 
f 2568//4068 2410//4068 2417//4068 
f 2606//4069 2568//4069 2417//4069 
f 2597//4070 2568//4070 2606//4070 
f 2612//4071 2597//4071 2606//4071 
f 2759//4072 2597//4072 2612//4072 
f 2778//4073 2759//4073 2612//4073 
f 2767//4074 2759//4074 2778//4074 
f 2784//4075 2767//4075 2778//4075 
f 2918//4076 2767//4076 2784//4076 
f 2987//4077 2918//4077 2784//4077 
f 2965//4078 2918//4078 2987//4078 
f 2992//4079 2965//4079 2987//4079 
f 3377//4080 2965//4080 2992//4080 
f 3453//4081 3377//4081 2992//4081 
f 3419//4082 3377//4082 3453//4082 
f 3458//4083 3419//4083 3453//4083 
f 3587//4084 3419//4084 3458//4084 
f 3618//4085 3587//4085 3458//4085 
f 3596//4086 3587//4086 3618//4086 
f 3621//4087 3596//4087 3618//4087 
f 3699//4088 3596//4088 3621//4088 
f 3735//4089 3699//4089 3621//4089 
f 3707//4090 3699//4090 3735//4090 
f 3740//4091 3707//4091 3735//4091 
f 3806//4092 3707//4092 3740//4092 
f 3858//4093 3806//4093 3740//4093 
f 3811//4094 3806//4094 3858//4094 
f 3811//4095 3858//4095 3862//4095 
f 4047//4096 3811//4096 3862//4096 
f 3878//4097 3811//4097 4047//4097 
f 3863//4098 3878//4098 4047//4098 
f 3812//4099 3878//4099 3863//4099 
f 3859//4100 3812//4100 3863//4100 
f 3807//4101 3812//4101 3859//4101 
f 3739//4102 3807//4102 3859//4102 
f 3708//4103 3807//4103 3739//4103 
f 3736//4104 3708//4104 3739//4104 
f 3700//4105 3708//4105 3736//4105 
f 3622//4106 3700//4106 3736//4106 
f 3595//4107 3700//4107 3622//4107 
f 3617//4108 3595//4108 3622//4108 
f 3588//4109 3595//4109 3617//4109 
f 3457//4110 3588//4110 3617//4110 
f 3418//4111 3588//4111 3457//4111 
f 3452//4112 3418//4112 3457//4112 
f 3376//4113 3418//4113 3452//4113 
f 2993//4114 3376//4114 3452//4114 
f 2966//4115 3376//4115 2993//4115 
f 2988//4116 2966//4116 2993//4116 
f 2919//4117 2966//4117 2988//4117 
f 2768//4118 2919//4118 2988//4118 
f 2785//4119 2768//4119 2988//4119 
f 2779//4120 2768//4120 2785//4120 
f 2598//4121 2760//4121 2779//4121 
f 2613//4122 2598//4122 2779//4122 
f 2607//4123 2598//4123 2613//4123 
f 2607//4124 2418//4124 2411//4124 
f 2569//4125 2607//4125 2411//4125 
f 2598//4126 2607//4126 2569//4126 
f 1843//4127 1847//4127 1718//4127 
f 1833//4128 1843//4128 1718//4128 
f 1836//4129 1843//4129 1833//4129 
f 1718//4130 1847//4130 1849//4130 
f 1859//4131 1718//4131 1849//4131 
f 1853//4132 1718//4132 1859//4132 
f 1718//4133 1853//4133 1856//4133 
f 1865//4134 1718//4134 1856//4134 
f 1871//4135 1718//4135 1865//4135 
f 295//4136 357//4136 329//4136 
f 202//4137 170//4137 168//4137 
f 357//4138 202//4138 168//4138 
f 282//4139 202//4139 357//4139 
f 295//4140 282//4140 357//4140 
f 357//4141 168//4141 149//4141 
f 144//4142 357//4142 149//4142 
f 117//4143 357//4143 144//4143 
f 117//4144 96//4144 48//4144 
f 172//4145 117//4145 48//4145 
f 357//4146 117//4146 172//4146 
f 218//4147 357//4147 172//4147 
f 414//4148 357//4148 218//4148 
f 405//4149 414//4149 218//4149 
f 449//4150 414//4150 405//4150 
f 428//4151 449//4151 405//4151 
f 517//4152 449//4152 428//4152 
f 516//4153 517//4153 428//4153 
f 575//4154 517//4154 516//4154 
f 556//4155 575//4155 516//4155 
f 623//4156 575//4156 556//4156 
f 626//4157 623//4157 556//4157 
f 713//4158 623//4158 626//4158 
f 698//4159 713//4159 626//4159 
f 870//4160 713//4160 698//4160 
f 909//4161 870//4161 698//4161 
f 1057//4162 870//4162 909//4162 
f 1032//4163 1057//4163 909//4163 
f 1294//4164 1057//4164 1032//4164 
f 1303//4165 1294//4165 1032//4165 
f 1364//4166 1294//4166 1303//4166 
f 1361//4167 1364//4167 1303//4167 
f 1448//4168 1364//4168 1361//4168 
f 1470//4169 1448//4169 1361//4169 
f 1542//4170 1448//4170 1470//4170 
f 1537//4171 1542//4171 1470//4171 
f 1639//4172 1542//4172 1537//4172 
f 1660//4173 1639//4173 1537//4173 
f 1718//4174 1639//4174 1660//4174 
f 1714//4175 1718//4175 1660//4175 
f 1833//4176 1718//4176 1714//4176 
f 1821//4177 1833//4177 1714//4177 
f 1825//4178 1833//4178 1821//4178 
f 2409//4179 2348//4179 2351//4179 
f 2363//4180 2409//4180 2351//4180 
f 2357//4181 2409//4181 2363//4181 
f 2365//4182 2368//4182 2409//4182 
f 2357//4183 2365//4183 2409//4183 
f 2359//4184 2365//4184 2357//4184 
f 2409//4185 2368//4185 2374//4185 
f 2378//4186 2409//4186 2374//4186 
f 2381//4187 2409//4187 2378//4187 
f 2399//4188 2102//4188 2098//4188 
f 2409//4189 2381//4189 2392//4189 
f 2414//4190 2409//4190 2392//4190 
f 2563//4191 2409//4191 2414//4191 
f 2554//4192 2563//4192 2414//4192 
f 2596//4193 2563//4193 2554//4193 
f 2611//4194 2596//4194 2554//4194 
f 2737//4195 2596//4195 2611//4195 
f 2734//4196 2737//4196 2611//4196 
f 2769//4197 2737//4197 2734//4197 
f 2786//4198 2769//4198 2734//4198 
f 2902//4199 2769//4199 2786//4199 
f 2907//4200 2902//4200 2786//4200 
f 2967//4201 2902//4201 2907//4201 
f 2994//4202 2967//4202 2907//4202 
f 3270//4203 2967//4203 2994//4203 
f 3310//4204 3270//4204 2994//4204 
f 3422//4205 3270//4205 3310//4205 
f 3459//4206 3422//4206 3310//4206 
f 3558//4207 3422//4207 3459//4207 
f 3585//4208 3558//4208 3459//4208 
f 3597//4209 3558//4209 3585//4209 
f 3623//4210 3597//4210 3585//4210 
f 3665//4211 3597//4211 3623//4211 
f 3694//4212 3665//4212 3623//4212 
f 3709//4213 3665//4213 3694//4213 
f 3741//4214 3709//4214 3694//4214 
f 3782//4215 3709//4215 3741//4215 
f 3805//4216 3782//4216 3741//4216 
f 3813//4217 3782//4217 3805//4217 
f 3864//4218 3813//4218 3805//4218 
f 3853//4219 3813//4219 3864//4219 
f 3921//4220 3853//4220 3864//4220 
f 3876//4221 3853//4221 3921//4221 
f 4046//4222 3876//4222 3921//4222 
f 3849//4223 3876//4223 4046//4223 
f 3871//4224 3849//4224 4046//4224 
f 3810//4225 3849//4225 3871//4225 
f 3857//4226 3810//4226 3871//4226 
f 3770//4227 3810//4227 3857//4227 
f 3766//4228 3770//4228 3857//4228 
f 3706//4229 3770//4229 3766//4229 
f 3734//4230 3706//4230 3766//4230 
f 3656//4231 3706//4231 3734//4231 
f 3635//4232 3656//4232 3734//4232 
f 3593//4233 3656//4233 3635//4233 
f 3615//4234 3593//4234 3635//4234 
f 3545//4235 3593//4235 3615//4235 
f 3488//4236 3545//4236 3615//4236 
f 3411//4237 3545//4237 3488//4237 
f 3450//4238 3411//4238 3488//4238 
f 3229//4239 3411//4239 3450//4239 
f 3107//4240 3229//4240 3450//4240 
f 2962//4241 3229//4241 3107//4241 
f 2986//4242 2962//4242 3107//4242 
f 2871//4243 2962//4243 2986//4243 
f 2832//4244 2871//4244 2986//4244 
f 2764//4245 2871//4245 2832//4245 
f 2775//4246 2764//4246 2832//4246 
f 2713//4247 2764//4247 2775//4247 
f 2653//4248 2713//4248 2775//4248 
f 2591//4249 2713//4249 2653//4249 
f 2604//4250 2591//4250 2653//4250 
f 2538//4251 2591//4251 2604//4251 
f 2462//4252 2538//4252 2604//4252 
f 2399//4253 2538//4253 2462//4253 
f 2401//4254 2399//4254 2462//4254 
f 2102//4255 2399//4255 2401//4255 
f 1897//4256 2116//4256 1667//4256 
f 335//4257 455//4257 502//4257 
f 1897//4258 1919//4258 2723//4258 
f 2546//4259 1897//4259 2723//4259 
f 2116//4260 1897//4260 2546//4260 
f 455//4261 335//4261 340//4261 
f 342//4262 455//4262 340//4262 
f 503//4263 455//4263 342//4263 
f 337//4264 503//4264 342//4264 
f 574//4265 503//4265 337//4265 
f 328//4266 574//4266 337//4266 
f 1638//4267 1870//4267 1897//4267 
f 1667//4268 1638//4268 1897//4268 
f 1446//4269 1638//4269 1667//4269 
f 1483//4270 1446//4270 1667//4270 
f 1291//4271 1446//4271 1483//4271 
f 1327//4272 1291//4272 1483//4272 
f 859//4273 1291//4273 1327//4273 
f 971//4274 859//4274 1327//4274 
f 622//4275 859//4275 971//4275 
f 672//4276 622//4276 971//4276 
f 512//4277 622//4277 672//4277 
f 574//4278 512//4278 672//4278 
f 407//4279 512//4279 574//4279 
f 328//4280 407//4280 574//4280 
f 2723//4281 1919//4281 2297//4281 
f 2313//4282 2723//4282 2297//4282 
f 2347//4283 2723//4283 2313//4283 
f 2723//4284 2347//4284 2564//4284 
f 2739//4285 2723//4285 2564//4285 
f 2883//4286 2723//4286 2739//4286 
f 2904//4287 2883//4287 2739//4287 
f 3238//4288 2883//4288 2904//4288 
f 3275//4289 3238//4289 2904//4289 
f 3537//4290 3238//4290 3275//4290 
f 3562//4291 3537//4291 3275//4291 
f 3642//4292 3537//4292 3562//4292 
f 3668//4293 3642//4293 3562//4293 
f 3718//4294 3642//4294 3668//4294 
f 3789//4295 3718//4295 3668//4295 
f 3764//4296 3718//4296 3789//4296 
f 3867//4297 3764//4297 3789//4297 
f 3717//4298 3764//4298 3867//4298 
f 3717//4299 3867//4299 3866//4299 
f 3779//4300 3717//4300 3866//4300 
f 3641//4301 3717//4301 3779//4301 
f 3658//4302 3641//4302 3779//4302 
f 3536//4303 3641//4303 3658//4303 
f 3547//4304 3536//4304 3658//4304 
f 3236//4305 3536//4305 3547//4305 
f 3233//4306 3236//4306 3547//4306 
f 2881//4307 3236//4307 3233//4307 
f 2873//4308 2881//4308 3233//4308 
f 2722//4309 2881//4309 2873//4309 
f 2715//4310 2722//4310 2873//4310 
f 2544//4311 2722//4311 2715//4311 
f 2539//4312 2544//4312 2715//4312 
f 2104//4313 2544//4313 2539//4313 
f 2112//4314 2104//4314 2539//4314 
f 1665//4315 2104//4315 2112//4315 
f 1652//4316 1665//4316 2112//4316 
f 1481//4317 1665//4317 1652//4317 
f 1466//4318 1481//4318 1652//4318 
f 1325//4319 1481//4319 1466//4319 
f 1300//4320 1325//4320 1466//4320 
f 969//4321 1325//4321 1300//4321 
f 886//4322 969//4322 1300//4322 
f 670//4323 969//4323 886//4323 
f 625//4324 670//4324 886//4324 
f 573//4325 670//4325 625//4325 
f 513//4326 573//4326 625//4326 
f 502//4327 573//4327 513//4327 
f 408//4328 502//4328 513//4328 
f 335//4329 502//4329 408//4329 
f 326//4330 335//4330 408//4330 
f 2725//4331 2724//4331 2545//4331 
f 1666//4332 1484//4332 1668//4332 
f 2105//4333 1666//4333 1668//4333 
f 2547//4334 2725//4334 2545//4334 
f 1326//4335 972//4335 1328//4335 
f 2545//4336 2105//4336 1668//4336 
f 2097//4337 2545//4337 1668//4337 
f 2547//4338 2545//4338 2097//4338 
f 1328//4339 1484//4339 1666//4339 
f 1482//4340 1328//4340 1666//4340 
f 1326//4341 1328//4341 1482//4341 
f 2882//4342 2724//4342 2725//4342 
f 2884//4343 2882//4343 2725//4343 
f 3239//4344 2882//4344 2884//4344 
f 673//4345 972//4345 1326//4345 
f 970//4346 673//4346 1326//4346 
f 671//4347 673//4347 970//4347 
f 3239//4348 3541//4348 3540//4348 
f 3237//4349 3239//4349 3540//4349 
f 2882//4350 3239//4350 3237//4350 
f 570//4351 673//4351 454//4351 
f 501//4352 570//4352 454//4352 
f 673//4353 671//4353 569//4353 
f 500//4354 673//4354 569//4354 
f 454//4355 673//4355 500//4355 
f 3540//4356 3541//4356 3638//4356 
f 3712//4357 3540//4357 3638//4357 
f 3637//4358 3540//4358 3712//4358 
f 3761//4359 3637//4359 3712//4359 
f 3711//4360 3637//4360 3761//4360 
f 1895//4361 2123//4361 1670//4361 
f 2316//4362 2092//4362 2543//4362 
f 1895//4363 1915//4363 2727//4363 
f 2549//4364 1895//4364 2727//4364 
f 2123//4365 1895//4365 2549//4365 
f 2092//4366 2316//4366 2294//4366 
f 1916//4367 2092//4367 2294//4367 
f 1664//4368 2092//4368 1916//4368 
f 1901//4369 1664//4369 1916//4369 
f 1480//4370 1664//4370 1901//4370 
f 1867//4371 1480//4371 1901//4371 
f 2727//4372 1915//4372 2293//4372 
f 2311//4373 2727//4373 2293//4373 
f 2343//4374 2727//4374 2311//4374 
f 1633//4375 1866//4375 1895//4375 
f 1670//4376 1633//4376 1895//4376 
f 1440//4377 1633//4377 1670//4377 
f 1486//4378 1440//4378 1670//4378 
f 1283//4379 1440//4379 1486//4379 
f 1330//4380 1283//4380 1486//4380 
f 825//4381 1283//4381 1330//4381 
f 974//4382 825//4382 1330//4382 
f 617//4383 825//4383 974//4383 
f 675//4384 617//4384 974//4384 
f 507//4385 617//4385 675//4385 
f 572//4386 507//4386 675//4386 
f 401//4387 507//4387 572//4387 
f 498//4388 401//4388 572//4388 
f 308//4389 401//4389 498//4389 
f 453//4390 308//4390 498//4390 
f 402//4391 308//4391 453//4391 
f 499//4392 402//4392 453//4392 
f 508//4393 402//4393 499//4393 
f 568//4394 508//4394 499//4394 
f 618//4395 508//4395 568//4395 
f 669//4396 618//4396 568//4396 
f 826//4397 618//4397 669//4397 
f 968//4398 826//4398 669//4398 
f 1284//4399 826//4399 968//4399 
f 1324//4400 1284//4400 968//4400 
f 1441//4401 1284//4401 1324//4401 
f 1480//4402 1441//4402 1324//4402 
f 1634//4403 1441//4403 1480//4403 
f 1867//4404 1634//4404 1480//4404 
f 2571//4405 2344//4405 2316//4405 
f 2543//4406 2571//4406 2316//4406 
f 2762//4407 2571//4407 2543//4407 
f 2721//4408 2762//4408 2543//4408 
f 2923//4409 2762//4409 2721//4409 
f 2880//4410 2923//4410 2721//4410 
f 3380//4411 2923//4411 2880//4411 
f 3235//4412 3380//4412 2880//4412 
f 3590//4413 3380//4413 3235//4413 
f 3535//4414 3590//4414 3235//4414 
f 3702//4415 3590//4415 3535//4415 
f 3640//4416 3702//4416 3535//4416 
f 3809//4417 3702//4417 3640//4417 
f 3716//4418 3809//4418 3640//4418 
f 3877//4419 3809//4419 3716//4419 
f 3763//4420 3877//4420 3716//4420 
f 3808//4421 3877//4421 3763//4421 
f 3715//4422 3808//4422 3763//4422 
f 3701//4423 3808//4423 3715//4423 
f 3644//4424 3701//4424 3715//4424 
f 3589//4425 3701//4425 3644//4425 
f 3539//4426 3589//4426 3644//4426 
f 3379//4427 3589//4427 3539//4427 
f 3241//4428 3379//4428 3539//4428 
f 2922//4429 3379//4429 3241//4429 
f 2886//4430 2922//4430 3241//4430 
f 2761//4431 2922//4431 2886//4431 
f 2727//4432 2761//4432 2886//4432 
f 2570//4433 2761//4433 2727//4433 
f 2343//4434 2570//4434 2727//4434 
f 2428//4435 1817//4435 1791//4435 
f 1777//4436 2428//4436 1791//4436 
f 1993//4437 2396//4437 2428//4437 
f 1777//4438 1993//4438 2428//4438 
f 1797//4439 1993//4439 1777//4439 
f 1781//4440 1797//4440 1777//4440 
f 2437//4441 2425//4441 2213//4441 
f 1817//4442 2437//4442 2213//4442 
f 2440//4443 2437//4443 1817//4443 
f 2428//4444 2440//4444 1817//4444 
f 1816//4445 1790//4445 1791//4445 
f 1817//4446 1816//4446 1791//4446 
f 2212//4447 1816//4447 1817//4447 
f 2213//4448 2212//4448 1817//4448 
f 2424//4449 2212//4449 2213//4449 
f 2425//4450 2424//4450 2213//4450 
f 2436//4451 2424//4451 2425//4451 
f 2437//4452 2436//4452 2425//4452 
f 2439//4453 2436//4453 2437//4453 
f 2440//4454 2439//4454 2437//4454 
f 2427//4455 2439//4455 2440//4455 
f 2428//4456 2427//4456 2440//4456 
f 2439//4457 2427//4457 2455//4457 
f 2471//4458 2439//4458 2455//4458 
f 2436//4459 2439//4459 2471//4459 
f 2459//4460 2436//4460 2471//4460 
f 2424//4461 2436//4461 2459//4461 
f 2429//4462 2424//4462 2459//4462 
f 2212//4463 2424//4463 2429//4463 
f 2245//4464 2212//4464 2429//4464 
f 1816//4465 2212//4465 2245//4465 
f 1800//4466 1816//4466 2245//4466 
f 1790//4467 1816//4467 1800//4467 
f 1762//4468 1790//4468 1800//4468 
f 1759//4469 1746//4469 1414//4469 
f 1447//4470 1759//4470 1414//4470 
f 1789//4471 1759//4471 1447//4471 
f 1746//4472 1762//4472 1437//4472 
f 1403//4473 1746//4473 1437//4473 
f 1414//4474 1746//4474 1403//4474 
f 1762//4475 1800//4475 1579//4475 
f 1496//4476 1762//4476 1579//4476 
f 1437//4477 1762//4477 1496//4477 
f 1789//4478 1447//4478 1521//4478 
f 1632//4479 1789//4479 1521//4479 
f 1965//4480 1789//4480 1632//4480 
f 1800//4481 2245//4481 1824//4481 
f 1705//4482 1800//4482 1824//4482 
f 1579//4483 1800//4483 1705//4483 
f 2455//4484 2770//4484 2471//4484 
f 1965//4485 1632//4485 1741//4485 
f 2387//4486 1965//4486 1741//4486 
f 2419//4487 1965//4487 2387//4487 
f 2245//4488 2429//4488 2575//4488 
f 2477//4489 2245//4489 2575//4489 
f 1824//4490 2245//4490 2477//4490 
f 2471//4491 2770//4491 2809//4491 
f 2797//4492 2471//4492 2809//4492 
f 2459//4493 2471//4493 2797//4493 
f 2756//4494 2459//4494 2797//4494 
f 2429//4495 2459//4495 2756//4495 
f 2687//4496 2429//4496 2756//4496 
f 2575//4497 2429//4497 2687//4497 
f 2419//4498 2387//4498 2506//4498 
f 2640//4499 2419//4499 2506//4499 
f 2455//4500 2419//4500 2640//4500 
f 2706//4501 2455//4501 2640//4501 
f 2770//4502 2455//4502 2706//4502 
f 1431//4503 1496//4503 1494//4503 
f 1437//4504 1496//4504 1431//4504 
f 1399//4505 1437//4505 1431//4505 
f 1403//4506 1437//4506 1399//4506 
f 1404//4507 1403//4507 1399//4507 
f 1414//4508 1403//4508 1404//4508 
f 1444//4509 1414//4509 1404//4509 
f 1447//4510 1414//4510 1444//4510 
f 1517//4511 1447//4511 1444//4511 
f 1521//4512 1447//4512 1517//4512 
f 1630//4513 1521//4513 1517//4513 
f 1632//4514 1521//4514 1630//4514 
f 1739//4515 1632//4515 1630//4515 
f 1741//4516 1632//4516 1739//4516 
f 2388//4517 1741//4517 1739//4517 
f 2387//4518 1741//4518 2388//4518 
f 2507//4519 2387//4519 2388//4519 
f 2506//4520 2387//4520 2507//4520 
f 2643//4521 2506//4521 2507//4521 
f 2640//4522 2506//4522 2643//4522 
f 2709//4523 2640//4523 2643//4523 
f 2706//4524 2640//4524 2709//4524 
f 1432//4525 1494//4525 1495//4525 
f 1431//4526 1494//4526 1432//4526 
f 1400//4527 1431//4527 1432//4527 
f 1399//4528 1431//4528 1400//4528 
f 1405//4529 1399//4529 1400//4529 
f 1404//4530 1399//4530 1405//4530 
f 1445//4531 1404//4531 1405//4531 
f 1444//4532 1404//4532 1445//4532 
f 1518//4533 1444//4533 1445//4533 
f 1517//4534 1444//4534 1518//4534 
f 1631//4535 1517//4535 1518//4535 
f 1630//4536 1517//4536 1631//4536 
f 1740//4537 1630//4537 1631//4537 
f 1739//4538 1630//4538 1740//4538 
f 2389//4539 1739//4539 1740//4539 
f 2388//4540 1739//4540 2389//4540 
f 2508//4541 2388//4541 2389//4541 
f 2507//4542 2388//4542 2508//4542 
f 2644//4543 2507//4543 2508//4543 
f 2643//4544 2507//4544 2644//4544 
f 2710//4545 2643//4545 2644//4545 
f 2709//4546 2643//4546 2710//4546 
f 1495//4547 1576//4547 967//4547 
f 668//4548 1495//4548 967//4548 
f 1432//4549 1495//4549 668//4549 
f 2710//4550 2644//4550 3240//4550 
f 3538//4551 2710//4551 3240//4551 
f 2777//4552 2710//4552 3538//4552 
f 1704//4553 1823//4553 1663//4553 
f 1479//4554 1704//4554 1663//4554 
f 1576//4555 1704//4555 1479//4555 
f 1323//4556 1576//4556 1479//4556 
f 967//4557 1576//4557 1323//4557 
f 1432//4558 668//4558 567//4558 
f 497//4559 1432//4559 567//4559 
f 1400//4560 1432//4560 497//4560 
f 452//4561 1400//4561 497//4561 
f 1405//4562 1400//4562 452//4562 
f 496//4563 1405//4563 452//4563 
f 1445//4564 1405//4564 496//4564 
f 2777//4565 3538//4565 3643//4565 
f 3713//4566 2777//4566 3643//4566 
f 2814//4567 2777//4567 3713//4567 
f 3762//4568 2814//4568 3713//4568 
f 2808//4569 2814//4569 3762//4569 
f 3714//4570 2808//4570 3762//4570 
f 2758//4571 2808//4571 3714//4571 
f 2508//4572 2389//4572 2548//4572 
f 2726//4573 2508//4573 2548//4573 
f 2644//4574 2508//4574 2726//4574 
f 2885//4575 2644//4575 2726//4575 
f 3240//4576 2644//4576 2885//4576 
f 2479//4577 2577//4577 2720//4577 
f 2542//4578 2479//4578 2720//4578 
f 1823//4579 2479//4579 2542//4579 
f 2091//4580 1823//4580 2542//4580 
f 1663//4581 1823//4581 2091//4581 
f 2758//4582 3714//4582 3639//4582 
f 3534//4583 2758//4583 3639//4583 
f 2691//4584 2758//4584 3534//4584 
f 3234//4585 2691//4585 3534//4585 
f 2577//4586 2691//4586 3234//4586 
f 2879//4587 2577//4587 3234//4587 
f 2720//4588 2577//4588 2879//4588 
f 1740//4589 1631//4589 1485//4589 
f 1669//4590 1740//4590 1485//4590 
f 2389//4591 1740//4591 1669//4591 
f 2122//4592 2389//4592 1669//4592 
f 2548//4593 2389//4593 2122//4593 
f 1445//4594 496//4594 571//4594 
f 674//4595 1445//4595 571//4595 
f 1518//4596 1445//4596 674//4596 
f 973//4597 1518//4597 674//4597 
f 1631//4598 1518//4598 973//4598 
f 1329//4599 1631//4599 973//4599 
f 1485//4600 1631//4600 1329//4600 
f 497//4601 453//4601 452//4601 
f 499//4602 453//4602 497//4602 
f 567//4603 499//4603 497//4603 
f 568//4604 499//4604 567//4604 
f 668//4605 568//4605 567//4605 
f 669//4606 568//4606 668//4606 
f 967//4607 669//4607 668//4607 
f 968//4608 669//4608 967//4608 
f 1323//4609 968//4609 967//4609 
f 1324//4610 968//4610 1323//4610 
f 1479//4611 1324//4611 1323//4611 
f 1480//4612 1324//4612 1479//4612 
f 1663//4613 1480//4613 1479//4613 
f 1664//4614 1480//4614 1663//4614 
f 2091//4615 1664//4615 1663//4615 
f 2092//4616 1664//4616 2091//4616 
f 2542//4617 2092//4617 2091//4617 
f 2543//4618 2092//4618 2542//4618 
f 2720//4619 2543//4619 2542//4619 
f 2721//4620 2543//4620 2720//4620 
f 2879//4621 2721//4621 2720//4621 
f 2880//4622 2721//4622 2879//4622 
f 3234//4623 2880//4623 2879//4623 
f 3235//4624 2880//4624 3234//4624 
f 3534//4625 3235//4625 3234//4625 
f 3535//4626 3235//4626 3534//4626 
f 3639//4627 3535//4627 3534//4627 
f 3640//4628 3535//4628 3639//4628 
f 3714//4629 3640//4629 3639//4629 
f 3716//4630 3640//4630 3714//4630 
f 3762//4631 3716//4631 3714//4631 
f 3763//4632 3716//4632 3762//4632 
f 2406//4633 2780//4633 2608//4633 
f 2405//4634 2406//4634 2608//4634 
f 2109//4635 2406//4635 2405//4635 
f 2108//4636 2109//4636 2405//4636 
f 1807//4637 2109//4637 2108//4637 
f 1806//4638 1807//4638 2108//4638 
f 1606//4639 1807//4639 1806//4639 
f 2780//4640 2406//4640 2609//4640 
f 2781//4641 2780//4641 2609//4641 
f 2990//4642 2780//4642 2781//4642 
f 3619//4643 3738//4643 3620//4643 
f 3455//4644 3619//4644 3620//4644 
f 1430//4645 1606//4645 1806//4645 
f 1605//4646 1430//4646 1806//4646 
f 1429//4647 1430//4647 1605//4647 
f 2780//4648 2990//4648 3454//4648 
f 3619//4649 2780//4649 3454//4649 
f 2989//4650 2780//4650 3619//4650 
f 3455//4651 2989//4651 3619//4651 
f 1430//4652 1429//4652 1223//4652 
f 759//4653 1430//4653 1223//4653 
f 596//4654 1430//4654 759//4654 
f 1430//4655 3//4655 350//4655 
f 477//4656 1430//4656 350//4656 
f 3620//4657 3738//4657 3861//4657 
f 4049//4658 3620//4658 3861//4658 
f 3737//4659 3620//4659 4049//4659 
f 3860//4660 3737//4660 4049//4660 
f 1430//4661 596//4661 476//4661 
f 349//4662 1430//4662 476//4662 
f 3//4663 1430//4663 349//4663 
f 1430//4664 477//4664 595//4664 
f 758//4665 1430//4665 595//4665 
f 1224//4666 1430//4666 758//4666 
f 1163//4667 1140//4667 1138//4667 
f 1013//4668 957//4668 955//4668 
f 1012//4669 1013//4669 955//4669 
f 1075//4670 1013//4670 1012//4670 
f 1074//4671 1075//4671 1012//4671 
f 1141//4672 1075//4672 1074//4672 
f 1140//4673 1141//4673 1074//4673 
f 1165//4674 1141//4674 1140//4674 
f 1163//4675 1165//4675 1140//4675 
f 1166//4676 1165//4676 1163//4676 
f 1164//4677 1166//4677 1163//4677 
f 1142//4678 1166//4678 1164//4678 
f 1139//4679 1142//4679 1164//4679 
f 3278//4680 3249//4680 3250//4680 
f 3280//4681 3278//4681 3250//4681 
f 3277//4682 3278//4682 3280//4682 
f 3279//4683 3277//4683 3280//4683 
f 3252//4684 3277//4684 3279//4684 
f 3253//4685 3252//4685 3279//4685 
f 3197//4686 3252//4686 3253//4686 
f 3196//4687 3251//4687 3252//4687 
f 3197//4688 3196//4688 3252//4688 
f 3141//4689 3196//4689 3197//4689 
f 3142//4690 3141//4690 3197//4690 
f 3077//4691 3141//4691 3142//4691 
f 3078//4692 3077//4692 3142//4692 
f 1009//4693 952//4693 951//4693 
f 1162//4694 1134//4694 1135//4694 
f 1010//4695 953//4695 952//4695 
f 1009//4696 1010//4696 952//4696 
f 1072//4697 1010//4697 1009//4697 
f 1071//4698 1072//4698 1009//4698 
f 1137//4699 1072//4699 1071//4699 
f 1136//4700 1137//4700 1071//4700 
f 1161//4701 1137//4701 1136//4701 
f 1159//4702 1161//4702 1136//4702 
f 1162//4703 1161//4703 1159//4703 
f 1160//4704 1162//4704 1159//4704 
f 1134//4705 1162//4705 1160//4705 
f 1133//4706 1134//4706 1160//4706 
f 3051//4707 3075//4707 3074//4707 
f 3195//4708 3250//4708 3249//4708 
f 3194//4709 3195//4709 3249//4709 
f 3140//4710 3195//4710 3194//4710 
f 3139//4711 3140//4711 3194//4711 
f 3076//4712 3140//4712 3139//4712 
f 3075//4713 3076//4713 3139//4713 
f 3053//4714 3076//4714 3075//4714 
f 3051//4715 3053//4715 3075//4715 
f 3052//4716 3053//4716 3051//4716 
f 3050//4717 3052//4717 3051//4717 
f 3078//4718 3052//4718 3050//4718 
f 3077//4719 3078//4719 3050//4719 
f 932//4720 955//4720 957//4720 
f 934//4721 932//4721 957//4721 
f 933//4722 932//4722 934//4722 
f 935//4723 933//4723 934//4723 
f 956//4724 933//4724 935//4724 
f 958//4725 956//4725 935//4725 
f 1014//4726 956//4726 958//4726 
f 1011//4727 954//4727 956//4727 
f 1014//4728 1011//4728 956//4728 
f 1073//4729 1011//4729 1014//4729 
f 1076//4730 1073//4730 1014//4730 
f 1139//4731 1073//4731 1076//4731 
f 1142//4732 1139//4732 1076//4732 
f 1206//4733 1214//4733 1208//4733 
f 1202//4734 1206//4734 1208//4734 
f 1199//4735 1206//4735 1202//4735 
f 864//4736 869//4736 880//4736 
f 869//4737 864//4737 848//4737 
f 834//4738 869//4738 848//4738 
f 830//4739 869//4739 834//4739 
f 813//4740 830//4740 834//4740 
f 829//4741 830//4741 813//4741 
f 809//4742 829//4742 813//4742 
f 782//4743 809//4743 813//4743 
f 779//4744 809//4744 782//4744 
f 779//4745 793//4745 798//4745 
f 801//4746 779//4746 798//4746 
f 809//4747 779//4747 801//4747 
f 793//4748 779//4748 770//4748 
f 773//4749 793//4749 770//4749 
f 787//4750 793//4750 773//4750 
f 777//4751 787//4751 773//4751 
f 821//4752 847//4752 865//4752 
f 828//4753 821//4753 865//4753 
f 807//4754 821//4754 828//4754 
f 822//4755 807//4755 828//4755 
f 778//4756 807//4756 822//4756 
f 811//4757 778//4757 822//4757 
f 777//4758 778//4758 811//4758 
f 802//4759 777//4759 811//4759 
f 787//4760 777//4760 802//4760 
f 940//4761 983//4761 975//4761 
f 947//4762 940//4762 975//4762 
f 937//4763 940//4763 947//4763 
f 924//4764 937//4764 947//4764 
f 905//4765 937//4765 924//4765 
f 912//4766 905//4766 924//4766 
f 875//4767 905//4767 912//4767 
f 902//4768 875//4768 912//4768 
f 847//4769 875//4769 902//4769 
f 873//4770 847//4770 902//4770 
f 865//4771 847//4771 873//4771 
f 1080//4772 1095//4772 1086//4772 
f 1079//4773 1080//4773 1086//4773 
f 1037//4774 1080//4774 1079//4774 
f 1028//4775 1037//4775 1079//4775 
f 1025//4776 1037//4776 1028//4776 
f 1024//4777 1025//4777 1028//4777 
f 985//4778 1025//4778 1024//4778 
f 992//4779 985//4779 1024//4779 
f 983//4780 985//4780 992//4780 
f 986//4781 983//4781 992//4781 
f 975//4782 983//4782 986//4782 
f 1095//4783 1080//4783 1113//4783 
f 1121//4784 1095//4784 1113//4784 
f 1129//4785 1095//4785 1121//4785 
f 1130//4786 1129//4786 1121//4786 
f 1145//4787 1129//4787 1130//4787 
f 1167//4788 1145//4788 1130//4788 
f 1206//4789 1199//4789 1194//4789 
f 1187//4790 1206//4790 1194//4790 
f 1172//4791 1206//4791 1187//4791 
f 1167//4792 1172//4792 1187//4792 
f 1171//4793 1172//4793 1167//4793 
f 1130//4794 1171//4794 1167//4794 
f 1001//4795 1016//4795 1015//4795 
f 1198//4796 1189//4796 1204//4796 
f 982//4797 1001//4797 1015//4797 
f 994//4798 982//4798 1015//4798 
f 963//4799 982//4799 994//4799 
f 963//4800 994//4800 966//4800 
f 961//4801 963//4801 966//4801 
f 926//4802 963//4802 961//4802 
f 936//4803 926//4803 961//4803 
f 923//4804 926//4804 936//4804 
f 914//4805 923//4805 936//4805 
f 881//4806 923//4806 914//4806 
f 903//4807 881//4807 914//4807 
f 901//4808 881//4808 903//4808 
f 1189//4809 1198//4809 1183//4809 
f 1175//4810 1189//4810 1183//4810 
f 1155//4811 1189//4811 1175//4811 
f 1151//4812 1155//4812 1175//4812 
f 1154//4813 1155//4813 1151//4813 
f 1117//4814 1154//4814 1151//4814 
f 1117//4815 1151//4815 1131//4815 
f 1112//4816 1117//4816 1131//4816 
f 1104//4817 1117//4817 1112//4817 
f 1096//4818 1104//4818 1112//4818 
f 1049//4819 1104//4819 1096//4819 
f 1077//4820 1049//4820 1096//4820 
f 1050//4821 1049//4821 1077//4821 
f 1050//4822 1016//4822 1001//4822 
f 1031//4823 1050//4823 1001//4823 
f 1049//4824 1050//4824 1031//4824 
f 887//4825 900//4825 882//4825 
f 872//4826 887//4826 882//4826 
f 839//4827 887//4827 872//4827 
f 771//4828 774//4828 784//4828 
f 794//4829 771//4829 784//4829 
f 849//4830 792//4830 812//4830 
f 831//4831 849//4831 812//4831 
f 862//4832 849//4832 831//4832 
f 792//4833 849//4833 820//4833 
f 815//4834 792//4834 820//4834 
f 776//4835 792//4835 815//4835 
f 810//4836 776//4836 815//4836 
f 774//4837 776//4837 810//4837 
f 797//4838 774//4838 810//4838 
f 784//4839 774//4839 797//4839 
f 794//4840 799//4840 781//4840 
f 772//4841 794//4841 781//4841 
f 771//4842 794//4842 772//4842 
f 839//4843 872//4843 838//4843 
f 827//4844 839//4844 838//4844 
f 835//4845 839//4845 827//4845 
f 785//4846 835//4846 827//4846 
f 814//4847 835//4847 785//4847 
f 781//4848 814//4848 785//4848 
f 808//4849 814//4849 781//4849 
f 799//4850 808//4850 781//4850 
f 901//4851 862//4851 831//4851 
f 868//4852 901//4852 831//4852 
f 881//4853 901//4853 868//4853 
f 2968//4854 2976//4854 2974//4854 
f 3300//4855 3299//4855 3313//4855 
f 3025//4856 3031//4856 3024//4856 
f 3009//4857 3025//4857 3024//4857 
f 3073//4858 3122//4858 3114//4858 
f 3072//4859 3073//4859 3114//4859 
f 3070//4860 3073//4860 3072//4860 
f 3066//4861 3070//4861 3072//4861 
f 3041//4862 3070//4862 3066//4862 
f 3047//4863 3041//4863 3066//4863 
f 3032//4864 3041//4864 3047//4864 
f 3023//4865 3032//4865 3047//4865 
f 3000//4866 3032//4866 3023//4866 
f 3020//4867 3000//4867 3023//4867 
f 3005//4868 3000//4868 3020//4868 
f 3213//4869 3206//4869 3215//4869 
f 3178//4870 3206//4870 3213//4870 
f 3299//4871 3300//4871 3288//4871 
f 3276//4872 3299//4872 3288//4872 
f 3265//4873 3299//4873 3276//4873 
f 3261//4874 3265//4874 3276//4874 
f 3264//4875 3265//4875 3261//4875 
f 3231//4876 3264//4876 3261//4876 
f 3244//4877 3264//4877 3231//4877 
f 3215//4878 3244//4878 3231//4878 
f 3219//4879 3215//4879 3231//4879 
f 3213//4880 3215//4880 3219//4880 
f 3178//4881 3213//4881 3182//4881 
f 3175//4882 3178//4882 3182//4882 
f 3150//4883 3178//4883 3175//4883 
f 3128//4884 3150//4884 3175//4884 
f 3122//4885 3150//4885 3128//4885 
f 3127//4886 3122//4886 3128//4886 
f 3114//4887 3122//4887 3127//4887 
f 2977//4888 2964//4888 2979//4888 
f 2991//4889 2977//4889 2979//4889 
f 2998//4890 2977//4890 2991//4890 
f 3018//4891 2998//4891 2991//4891 
f 3009//4892 2998//4892 3018//4892 
f 3022//4893 3009//4893 3018//4893 
f 3025//4894 3009//4894 3022//4894 
f 2933//4895 2968//4895 2974//4895 
f 2955//4896 2933//4896 2974//4896 
f 2926//4897 2933//4897 2955//4897 
f 2964//4898 2977//4898 2957//4898 
f 2943//4899 2964//4899 2957//4899 
f 2954//4900 2964//4900 2943//4900 
f 2941//4901 2954//4901 2943//4901 
f 2952//4902 2954//4902 2941//4902 
f 2921//4903 2952//4903 2941//4903 
f 2939//4904 2952//4904 2921//4904 
f 2920//4905 2939//4905 2921//4905 
f 2927//4906 2939//4906 2920//4906 
f 2917//4907 2927//4907 2920//4907 
f 2931//4908 2927//4908 2917//4908 
f 2916//4909 2931//4909 2917//4909 
f 2944//4910 2931//4910 2916//4910 
f 2926//4911 2944//4911 2916//4911 
f 2950//4912 2944//4912 2926//4912 
f 2955//4913 2950//4913 2926//4913 
f 3005//4914 2976//4914 2968//4914 
f 2981//4915 3005//4915 2968//4915 
f 3000//4916 3005//4916 2981//4916 
f 3136//4917 3147//4917 3137//4917 
f 3007//4918 3008//4918 3013//4918 
f 3006//4919 3058//4919 3038//4919 
f 3021//4920 3006//4920 3038//4920 
f 3012//4921 3006//4921 3021//4921 
f 3099//4922 3136//4922 3137//4922 
f 3116//4923 3099//4923 3137//4923 
f 3088//4924 3099//4924 3116//4924 
f 3088//4925 3116//4925 3089//4925 
f 3084//4926 3088//4926 3089//4926 
f 3049//4927 3088//4927 3084//4927 
f 3058//4928 3049//4928 3084//4928 
f 3048//4929 3049//4929 3058//4929 
f 3006//4930 3048//4930 3058//4930 
f 3315//4931 3331//4931 3319//4931 
f 3301//4932 3315//4932 3319//4932 
f 3306//4933 3315//4933 3301//4933 
f 3296//4934 3306//4934 3301//4934 
f 3273//4935 3306//4935 3296//4935 
f 3269//4936 3273//4936 3296//4936 
f 3272//4937 3273//4937 3269//4937 
f 3230//4938 3272//4938 3269//4938 
f 3230//4939 3269//4939 3245//4939 
f 3225//4940 3230//4940 3245//4940 
f 3227//4941 3230//4941 3225//4941 
f 3218//4942 3227//4942 3225//4942 
f 3181//4943 3227//4943 3218//4943 
f 3202//4944 3181//4944 3218//4944 
f 3180//4945 3181//4945 3202//4945 
f 3180//4946 3147//4946 3136//4946 
f 3172//4947 3180//4947 3136//4947 
f 3181//4948 3180//4948 3172//4948 
f 3008//4949 3007//4949 3002//4949 
f 2999//4950 3008//4950 3002//4950 
f 2978//4951 3008//4951 2999//4951 
f 2914//4952 2924//4952 2928//4952 
f 2932//4953 2914//4953 2928//4953 
f 2984//4954 2938//4954 2960//4954 
f 2973//4955 2984//4955 2960//4955 
f 2995//4956 2984//4956 2973//4956 
f 2938//4957 2984//4957 2961//4957 
f 2959//4958 2938//4958 2961//4958 
f 2925//4959 2938//4959 2959//4959 
f 2956//4960 2925//4960 2959//4960 
f 2924//4961 2925//4961 2956//4961 
f 2934//4962 2924//4962 2956//4962 
f 2928//4963 2924//4963 2934//4963 
f 2932//4964 2940//4964 2930//4964 
f 2915//4965 2932//4965 2930//4965 
f 2914//4966 2932//4966 2915//4966 
f 2978//4967 2999//4967 2980//4967 
f 2971//4968 2978//4968 2980//4968 
f 2975//4969 2978//4969 2971//4969 
f 2935//4970 2975//4970 2971//4970 
f 2958//4971 2975//4971 2935//4971 
f 2930//4972 2958//4972 2935//4972 
f 2953//4973 2958//4973 2930//4973 
f 2940//4974 2953//4974 2930//4974 
f 3012//4975 2995//4975 2973//4975 
f 3001//4976 3012//4976 2973//4976 
f 3006//4977 3012//4977 3001//4977 
f 717//4978 819//4978 818//4978 
f 631//4979 717//4979 818//4979 
f 632//4980 717//4980 631//4980 
f 583//4981 632//4981 631//4981 
f 542//4982 583//4982 631//4982 
f 543//4983 583//4983 542//4983 
f 484//4984 543//4984 542//4984 
f 432//4985 484//4985 542//4985 
f 434//4986 484//4986 432//4986 
f 372//4987 434//4987 432//4987 
f 299//4988 372//4988 432//4988 
f 301//4989 372//4989 299//4989 
f 203//4990 301//4990 299//4990 
f 3//4991 203//4991 299//4991 
f 4//4992 203//4992 3//4992 
f 204//4993 4//4993 3//4993 
f 300//4994 204//4994 3//4994 
f 302//4995 204//4995 300//4995 
f 373//4996 302//4996 300//4996 
f 433//4997 373//4997 300//4997 
f 435//4998 373//4998 433//4998 
f 483//4999 435//4999 433//4999 
f 540//5000 483//5000 433//5000 
f 541//5001 483//5001 540//5001 
f 582//5002 541//5002 540//5002 
f 629//5003 582//5003 540//5003 
f 630//5004 582//5004 629//5004 
f 716//5005 630//5005 629//5005 
f 816//5006 716//5006 629//5006 
f 817//5007 716//5007 816//5007 
f 997//5008 817//5008 816//5008 
f 1179//5009 997//5009 816//5009 
f 1180//5010 997//5010 1179//5010 
f 1319//5011 1180//5011 1179//5011 
f 1383//5012 1319//5012 1179//5012 
f 1384//5013 1319//5013 1383//5013 
f 1451//5014 1384//5014 1383//5014 
f 1528//5015 1451//5015 1383//5015 
f 1529//5016 1451//5016 1528//5016 
f 1592//5017 1529//5017 1528//5017 
f 1685//5018 1592//5018 1528//5018 
f 1686//5019 1592//5019 1685//5019 
f 1763//5020 1686//5020 1685//5020 
f 2086//5021 1763//5021 1685//5021 
f 2087//5022 1763//5022 2086//5022 
f 2453//5023 2087//5023 2086//5023 
f 2523//5024 2453//5024 2086//5024 
f 2524//5025 2453//5025 2523//5025 
f 2625//5026 2524//5026 2523//5026 
f 2678//5027 2625//5027 2523//5027 
f 2679//5028 2625//5028 2678//5028 
f 2752//5029 2679//5029 2678//5029 
f 2827//5030 2752//5030 2678//5030 
f 2828//5031 2752//5031 2827//5031 
f 2889//5032 2828//5032 2827//5032 
f 3033//5033 2889//5033 2827//5033 
f 3034//5034 2889//5034 3033//5034 
f 3207//5035 3034//5035 3033//5035 
f 3390//5036 3207//5036 3033//5036 
f 3391//5037 3207//5037 3390//5037 
f 3198//5038 3256//5038 3254//5038 
f 3054//5039 3079//5039 3081//5039 
f 3056//5040 3054//5040 3081//5040 
f 3055//5041 3054//5041 3056//5041 
f 3057//5042 3055//5042 3056//5042 
f 3080//5043 3055//5043 3057//5043 
f 3083//5044 3080//5044 3057//5044 
f 3143//5045 3080//5045 3083//5045 
f 3146//5046 3143//5046 3083//5046 
f 3198//5047 3143//5047 3146//5047 
f 3201//5048 3198//5048 3146//5048 
f 3256//5049 3198//5049 3201//5049 
f 3258//5050 3256//5050 3201//5050 
f 3282//5051 3256//5051 3258//5051 
f 3284//5052 3282//5052 3258//5052 
f 3281//5053 3282//5053 3284//5053 
f 3283//5054 3281//5054 3284//5054 
f 3255//5055 3281//5055 3283//5055 
f 3257//5056 3255//5056 3283//5056 
f 3199//5057 3255//5057 3257//5057 
f 3200//5058 3199//5058 3257//5058 
f 3144//5059 3199//5059 3200//5059 
f 3145//5060 3144//5060 3200//5060 
f 3081//5061 3144//5061 3145//5061 
f 3082//5062 3081//5062 3145//5062 
f 3056//5063 3081//5063 3082//5063 
f 1340//5064 1478//5064 1420//5064 
f 561//5065 739//5065 766//5065 
f 1307//5066 1288//5066 1281//5066 
f 1121//5067 1033//5067 1216//5067 
f 1130//5068 1121//5068 1216//5068 
f 1368//5069 1273//5069 1420//5069 
f 1368//5070 1307//5070 1281//5070 
f 1277//5071 1368//5071 1281//5071 
f 1273//5072 1368//5072 1277//5072 
f 1420//5073 1273//5073 1244//5073 
f 1228//5074 1420//5074 1244//5074 
f 1340//5075 1420//5075 1228//5075 
f 1220//5076 1340//5076 1228//5076 
f 1214//5077 1340//5077 1220//5077 
f 1340//5078 1214//5078 1206//5078 
f 1172//5079 1340//5079 1206//5079 
f 1171//5080 1340//5080 1172//5080 
f 1171//5081 1130//5081 1216//5081 
f 1337//5082 1171//5082 1216//5082 
f 1340//5083 1171//5083 1337//5083 
f 1029//5084 1080//5084 1037//5084 
f 1029//5085 1033//5085 1121//5085 
f 1113//5086 1029//5086 1121//5086 
f 1080//5087 1029//5087 1113//5087 
f 1029//5088 1037//5088 1025//5088 
f 985//5089 1029//5089 1025//5089 
f 983//5090 1029//5090 985//5090 
f 937//5091 905//5091 878//5091 
f 1029//5092 937//5092 878//5092 
f 940//5093 937//5093 1029//5093 
f 983//5094 940//5094 1029//5094 
f 740//5095 807//5095 778//5095 
f 878//5096 905//5096 875//5096 
f 847//5097 878//5097 875//5097 
f 740//5098 878//5098 847//5098 
f 821//5099 740//5099 847//5099 
f 807//5100 740//5100 821//5100 
f 727//5101 779//5101 782//5101 
f 740//5102 778//5102 777//5102 
f 773//5103 740//5103 777//5103 
f 727//5104 740//5104 773//5104 
f 770//5105 727//5105 773//5105 
f 779//5106 727//5106 770//5106 
f 727//5107 782//5107 813//5107 
f 834//5108 727//5108 813//5108 
f 848//5109 727//5109 834//5109 
f 727//5110 848//5110 864//5110 
f 877//5111 727//5111 864//5111 
f 921//5112 727//5112 877//5112 
f 1091//5113 922//5113 962//5113 
f 977//5114 1091//5114 962//5114 
f 999//5115 1091//5115 977//5115 
f 1091//5116 999//5116 1030//5116 
f 1046//5117 1091//5117 1030//5117 
f 1097//5118 1091//5118 1046//5118 
f 1091//5119 1097//5119 1105//5119 
f 1153//5120 1091//5120 1105//5120 
f 1221//5121 1091//5121 1153//5121 
f 1157//5122 1221//5122 1153//5122 
f 1188//5123 1221//5123 1157//5123 
f 1307//5124 1246//5124 1278//5124 
f 1221//5125 1188//5125 1207//5125 
f 1219//5126 1221//5126 1207//5126 
f 1307//5127 1221//5127 1219//5127 
f 1241//5128 1307//5128 1219//5128 
f 1246//5129 1307//5129 1241//5129 
f 1307//5130 1278//5130 1279//5130 
f 1285//5131 1307//5131 1279//5131 
f 1288//5132 1307//5132 1285//5132 
f 3002//5133 3007//5133 2969//5133 
f 2951//5134 3002//5134 2969//5134 
f 2999//5135 3002//5135 2951//5135 
f 3273//5136 3309//5136 3306//5136 
f 3173//5137 3230//5137 3227//5137 
f 3173//5138 3309//5138 3273//5138 
f 3272//5139 3173//5139 3273//5139 
f 3230//5140 3173//5140 3272//5140 
f 3173//5141 3227//5141 3181//5141 
f 3172//5142 3173//5142 3181//5142 
f 2996//5143 3173//5143 3172//5143 
f 2996//5144 3172//5144 3136//5144 
f 3099//5145 2996//5145 3136//5145 
f 2942//5146 2996//5146 3099//5146 
f 3088//5147 2942//5147 3099//5147 
f 2942//5148 3088//5148 3049//5148 
f 3048//5149 2942//5149 3049//5149 
f 3006//5150 2942//5150 3048//5150 
f 2836//5151 3001//5151 2973//5151 
f 2960//5152 2836//5152 2973//5152 
f 2938//5153 2836//5153 2960//5153 
f 2836//5154 2938//5154 2925//5154 
f 2924//5155 2836//5155 2925//5155 
f 2872//5156 2836//5156 2924//5156 
f 2872//5157 2924//5157 2914//5157 
f 2915//5158 2872//5158 2914//5158 
f 2930//5159 2872//5159 2915//5159 
f 2872//5160 2930//5160 2935//5160 
f 2971//5161 2872//5161 2935//5161 
f 2951//5162 2872//5162 2971//5162 
f 2980//5163 2951//5163 2971//5163 
f 2999//5164 2951//5164 2980//5164 
f 3309//5165 3332//5165 3331//5165 
f 3315//5166 3309//5166 3331//5166 
f 3306//5167 3309//5167 3315//5167 
f 658//5168 881//5168 868//5168 
f 1189//5169 1236//5169 1204//5169 
f 1125//5170 1236//5170 1189//5170 
f 1155//5171 1125//5171 1189//5171 
f 1154//5172 1125//5172 1155//5172 
f 1125//5173 1154//5173 1117//5173 
f 1104//5174 1125//5174 1117//5174 
f 1000//5175 1125//5175 1104//5175 
f 1000//5176 1104//5176 1049//5176 
f 1031//5177 1000//5177 1049//5177 
f 1001//5178 1000//5178 1031//5178 
f 1000//5179 1001//5179 982//5179 
f 963//5180 1000//5180 982//5180 
f 926//5181 1000//5181 963//5181 
f 923//5182 881//5182 658//5182 
f 658//5183 868//5183 831//5183 
f 812//5184 658//5184 831//5184 
f 792//5185 658//5185 812//5185 
f 774//5186 771//5186 741//5186 
f 658//5187 774//5187 741//5187 
f 776//5188 774//5188 658//5188 
f 792//5189 776//5189 658//5189 
f 741//5190 771//5190 772//5190 
f 781//5191 741//5191 772//5191 
f 785//5192 741//5192 781//5192 
f 741//5193 785//5193 827//5193 
f 838//5194 741//5194 827//5194 
f 879//5195 741//5195 838//5195 
f 872//5196 879//5196 838//5196 
f 882//5197 879//5197 872//5197 
f 564//5198 561//5198 766//5198 
f 911//5199 564//5199 766//5199 
f 613//5200 564//5200 911//5200 
f 656//5201 613//5201 911//5201 
f 1000//5202 656//5202 911//5202 
f 658//5203 656//5203 1000//5203 
f 926//5204 658//5204 1000//5204 
f 923//5205 658//5205 926//5205 
f 651//5206 663//5206 403//5206 
f 375//5207 651//5207 403//5207 
f 644//5208 651//5208 375//5208 
f 739//5209 561//5209 515//5209 
f 473//5210 739//5210 515//5210 
f 702//5211 739//5211 473//5211 
f 470//5212 702//5212 473//5212 
f 663//5213 702//5213 470//5213 
f 424//5214 663//5214 470//5214 
f 403//5215 663//5215 424//5215 
f 649//5216 404//5216 662//5216 
f 644//5217 375//5217 363//5217 
f 356//5218 644//5218 363//5218 
f 643//5219 644//5219 356//5219 
f 359//5220 643//5220 356//5220 
f 649//5221 643//5221 359//5221 
f 364//5222 649//5222 359//5222 
f 404//5223 649//5223 364//5223 
f 662//5224 404//5224 415//5224 
f 425//5225 662//5225 415//5225 
f 693//5226 662//5226 425//5226 
f 474//5227 693//5227 425//5227 
f 732//5228 693//5228 474//5228 
f 732//5229 474//5229 504//5229 
f 514//5230 732//5230 504//5230 
f 755//5231 732//5231 514//5231 
f 563//5232 755//5232 514//5232 
f 874//5233 755//5233 563//5233 
f 727//5234 921//5234 922//5234 
f 1091//5235 727//5235 922//5235 
f 655//5236 727//5236 1091//5236 
f 980//5237 655//5237 1091//5237 
f 612//5238 655//5238 980//5238 
f 874//5239 612//5239 980//5239 
f 590//5240 612//5240 874//5240 
f 563//5241 590//5241 874//5241 
f 1678//5242 1590//5242 1601//5242 
f 1635//5243 1678//5243 1601//5243 
f 1735//5244 1678//5244 1635//5244 
f 1478//5245 1340//5245 1391//5245 
f 1462//5246 1478//5246 1391//5246 
f 1546//5247 1478//5247 1462//5247 
f 1475//5248 1546//5248 1462//5248 
f 1590//5249 1546//5249 1475//5249 
f 1543//5250 1590//5250 1475//5250 
f 1601//5251 1590//5251 1543//5251 
f 2394//5252 2445//5252 2460//5252 
f 1735//5253 1635//5253 1697//5253 
f 1770//5254 1735//5254 1697//5254 
f 1798//5255 1735//5255 1770//5255 
f 1795//5256 1798//5256 1770//5256 
f 2394//5257 1798//5257 1795//5257 
f 2090//5258 2394//5258 1795//5258 
f 2445//5259 2394//5259 2090//5259 
f 2460//5260 2445//5260 2496//5260 
f 2513//5261 2460//5261 2496//5261 
f 2530//5262 2460//5262 2513//5262 
f 2617//5263 2530//5263 2513//5263 
f 2595//5264 2530//5264 2617//5264 
f 2595//5265 2617//5265 2650//5265 
f 2670//5266 2595//5266 2650//5266 
f 2658//5267 2595//5267 2670//5267 
f 2742//5268 2658//5268 2670//5268 
f 2711//5269 2658//5269 2742//5269 
f 2942//5270 3006//5270 3001//5270 
f 2836//5271 2942//5271 3001//5271 
f 2867//5272 2942//5272 2836//5272 
f 2772//5273 2867//5273 2836//5273 
f 2819//5274 2867//5274 2772//5274 
f 2711//5275 2819//5275 2772//5275 
f 2795//5276 2819//5276 2711//5276 
f 2742//5277 2795//5277 2711//5277 
f 2936//5278 2951//5278 2969//5278 
f 2872//5279 2951//5279 2936//5279 
f 2872//5280 2936//5280 2865//5280 
f 2847//5281 2872//5281 2865//5281 
f 2836//5282 2872//5282 2847//5282 
f 2711//5283 2683//5283 2658//5283 
f 2836//5284 2847//5284 2833//5284 
f 2766//5285 2836//5285 2833//5285 
f 2772//5286 2836//5286 2766//5286 
f 2765//5287 2772//5287 2766//5287 
f 2711//5288 2772//5288 2765//5288 
f 2708//5289 2711//5289 2765//5289 
f 2683//5290 2711//5290 2708//5290 
f 2658//5291 2683//5291 2657//5291 
f 2590//5292 2658//5292 2657//5292 
f 2595//5293 2658//5293 2590//5293 
f 2574//5294 2595//5294 2590//5294 
f 2530//5295 2595//5295 2574//5295 
f 2528//5296 2530//5296 2574//5296 
f 2460//5297 2530//5297 2528//5297 
f 2497//5298 2460//5298 2528//5298 
f 2460//5299 2497//5299 2458//5299 
f 2393//5300 2460//5300 2458//5300 
f 2394//5301 2460//5301 2393//5301 
f 2226//5302 2394//5302 2393//5302 
f 1798//5303 2394//5303 2226//5303 
f 1799//5304 1798//5304 2226//5304 
f 1735//5305 1798//5305 1799//5305 
f 1760//5306 1735//5306 1799//5306 
f 1735//5307 1760//5307 1738//5307 
f 1679//5308 1735//5308 1738//5308 
f 1678//5309 1735//5309 1679//5309 
f 1653//5310 1678//5310 1679//5310 
f 1590//5311 1678//5311 1653//5311 
f 1591//5312 1590//5312 1653//5312 
f 1546//5313 1590//5313 1591//5313 
f 1556//5314 1546//5314 1591//5314 
f 1546//5315 1556//5315 1548//5315 
f 1488//5316 1546//5316 1548//5316 
f 1478//5317 1546//5317 1488//5317 
f 1461//5318 1478//5318 1488//5318 
f 1420//5319 1478//5319 1461//5319 
f 1420//5320 1461//5320 1421//5320 
f 1375//5321 1420//5321 1421//5321 
f 1368//5322 1420//5322 1375//5322 
f 1368//5323 1375//5323 1370//5323 
f 1331//5324 1368//5324 1370//5324 
f 1307//5325 1368//5325 1331//5325 
f 1296//5326 1307//5326 1331//5326 
f 1221//5327 1307//5327 1296//5327 
f 980//5328 943//5328 874//5328 
f 1221//5329 1296//5329 1239//5329 
f 1123//5330 1221//5330 1239//5330 
f 1091//5331 1221//5331 1123//5331 
f 1119//5332 1091//5332 1123//5332 
f 980//5333 1091//5333 1119//5333 
f 996//5334 980//5334 1119//5334 
f 943//5335 980//5335 996//5335 
f 874//5336 943//5336 907//5336 
f 767//5337 874//5337 907//5337 
f 755//5338 874//5338 767//5338 
f 756//5339 755//5339 767//5339 
f 732//5340 755//5340 756//5340 
f 743//5341 732//5341 756//5341 
f 693//5342 732//5342 743//5342 
f 720//5343 693//5343 743//5343 
f 693//5344 720//5344 706//5344 
f 665//5345 693//5345 706//5345 
f 662//5346 693//5346 665//5346 
f 664//5347 662//5347 665//5347 
f 649//5348 662//5348 664//5348 
f 659//5349 649//5349 664//5349 
f 643//5350 649//5350 659//5350 
f 654//5351 643//5351 659//5351 
f 643//5352 654//5352 652//5352 
f 653//5353 643//5353 652//5353 
f 644//5354 643//5354 653//5354 
f 657//5355 644//5355 653//5355 
f 651//5356 644//5356 657//5356 
f 661//5357 651//5357 657//5357 
f 663//5358 651//5358 661//5358 
f 678//5359 663//5359 661//5359 
f 663//5360 678//5360 679//5360 
f 718//5361 663//5361 679//5361 
f 702//5362 663//5362 718//5362 
f 735//5363 702//5363 718//5363 
f 739//5364 702//5364 735//5364 
f 739//5365 735//5365 749//5365 
f 783//5366 739//5366 749//5366 
f 766//5367 739//5367 783//5367 
f 766//5368 783//5368 786//5368 
f 925//5369 766//5369 786//5369 
f 911//5370 766//5370 925//5370 
f 979//5371 911//5371 925//5371 
f 1000//5372 911//5372 979//5372 
f 1156//5373 1266//5373 1236//5373 
f 1125//5374 1156//5374 1236//5374 
f 1143//5375 1156//5375 1125//5375 
f 1000//5376 1143//5376 1125//5376 
f 1023//5377 1143//5377 1000//5377 
f 979//5378 1023//5378 1000//5378 
f 424//5379 360//5379 403//5379 
f 1543//5380 1597//5380 1601//5380 
f 3203//5381 3391//5381 3381//5381 
f 3361//5382 3332//5382 3309//5382 
f 3184//5383 3361//5383 3309//5383 
f 3381//5384 3361//5384 3184//5384 
f 3184//5385 3309//5385 3173//5385 
f 2996//5386 3184//5386 3173//5386 
f 3010//5387 3184//5387 2996//5387 
f 2942//5388 3010//5388 2996//5388 
f 2874//5389 3010//5389 2942//5389 
f 2874//5390 2942//5390 2867//5390 
f 2819//5391 2874//5391 2867//5391 
f 2822//5392 2874//5392 2819//5392 
f 2795//5393 2822//5393 2819//5393 
f 2745//5394 2822//5394 2795//5394 
f 2745//5395 2795//5395 2742//5395 
f 2670//5396 2745//5396 2742//5396 
f 2673//5397 2745//5397 2670//5397 
f 2650//5398 2673//5398 2670//5398 
f 2620//5399 2673//5399 2650//5399 
f 2620//5400 2650//5400 2617//5400 
f 2513//5401 2620//5401 2617//5401 
f 2517//5402 2620//5402 2513//5402 
f 2496//5403 2517//5403 2513//5403 
f 2449//5404 2517//5404 2496//5404 
f 2445//5405 2449//5405 2496//5405 
f 2090//5406 2449//5406 2445//5406 
f 2090//5407 1795//5407 1767//5407 
f 2089//5408 2090//5408 1767//5408 
f 2449//5409 2090//5409 2089//5409 
f 1767//5410 1795//5410 1770//5410 
f 1697//5411 1767//5411 1770//5411 
f 1694//5412 1767//5412 1697//5412 
f 1597//5413 1694//5413 1697//5413 
f 1635//5414 1597//5414 1697//5414 
f 1601//5415 1597//5415 1635//5415 
f 1543//5416 1475//5416 1459//5416 
f 1538//5417 1543//5417 1459//5417 
f 1597//5418 1543//5418 1538//5418 
f 1459//5419 1475//5419 1462//5419 
f 1391//5420 1459//5420 1462//5420 
f 1389//5421 1459//5421 1391//5421 
f 1340//5422 1389//5422 1391//5422 
f 1332//5423 1389//5423 1340//5423 
f 1332//5424 1340//5424 1337//5424 
f 1216//5425 1332//5425 1337//5425 
f 1200//5426 1332//5426 1216//5426 
f 1033//5427 1200//5427 1216//5427 
f 1020//5428 1200//5428 1033//5428 
f 1029//5429 1020//5429 1033//5429 
f 845//5430 1020//5430 1029//5430 
f 845//5431 1029//5431 878//5431 
f 740//5432 845//5432 878//5432 
f 729//5433 845//5433 740//5433 
f 727//5434 729//5434 740//5434 
f 646//5435 729//5435 727//5435 
f 646//5436 727//5436 655//5436 
f 612//5437 646//5437 655//5437 
f 592//5438 646//5438 612//5438 
f 590//5439 592//5439 612//5439 
f 552//5440 592//5440 590//5440 
f 552//5441 590//5441 563//5441 
f 514//5442 552//5442 563//5442 
f 505//5443 552//5443 514//5443 
f 504//5444 505//5444 514//5444 
f 448//5445 505//5445 504//5445 
f 448//5446 504//5446 474//5446 
f 425//5447 448//5447 474//5447 
f 413//5448 448//5448 425//5448 
f 415//5449 413//5449 425//5449 
f 361//5450 413//5450 415//5450 
f 404//5451 361//5451 415//5451 
f 364//5452 361//5452 404//5452 
f 364//5453 359//5453 241//5453 
f 311//5454 364//5454 241//5454 
f 361//5455 364//5455 311//5455 
f 241//5456 359//5456 356//5456 
f 363//5457 241//5457 356//5457 
f 310//5458 241//5458 363//5458 
f 360//5459 310//5459 363//5459 
f 375//5460 360//5460 363//5460 
f 403//5461 360//5461 375//5461 
f 424//5462 470//5462 447//5462 
f 412//5463 424//5463 447//5463 
f 360//5464 424//5464 412//5464 
f 447//5465 470//5465 473//5465 
f 515//5466 447//5466 473//5466 
f 506//5467 447//5467 515//5467 
f 561//5468 506//5468 515//5468 
f 553//5469 506//5469 561//5469 
f 553//5470 561//5470 564//5470 
f 613//5471 553//5471 564//5471 
f 593//5472 553//5472 613//5472 
f 656//5473 593//5473 613//5473 
f 647//5474 593//5474 656//5474 
f 658//5475 647//5475 656//5475 
f 730//5476 647//5476 658//5476 
f 730//5477 658//5477 741//5477 
f 879//5478 730//5478 741//5478 
f 846//5479 730//5479 879//5479 
f 3203//5480 3381//5480 3184//5480 
f 3010//5481 3203//5481 3184//5481 
f 3028//5482 3203//5482 3010//5482 
f 2874//5483 3028//5483 3010//5483 
f 2887//5484 3028//5484 2874//5484 
f 2822//5485 2887//5485 2874//5485 
f 2825//5486 2887//5486 2822//5486 
f 2745//5487 2825//5487 2822//5487 
f 2750//5488 2825//5488 2745//5488 
f 2673//5489 2750//5489 2745//5489 
f 2676//5490 2750//5490 2673//5490 
f 2620//5491 2676//5491 2673//5491 
f 2623//5492 2676//5492 2620//5492 
f 2517//5493 2623//5493 2620//5493 
f 2519//5494 2623//5494 2517//5494 
f 2449//5495 2519//5495 2517//5495 
f 2451//5496 2519//5496 2449//5496 
f 2089//5497 2451//5497 2449//5497 
f 2088//5498 2451//5498 2089//5498 
f 1767//5499 2088//5499 2089//5499 
f 1765//5500 2088//5500 1767//5500 
f 1694//5501 1765//5501 1767//5501 
f 1692//5502 1765//5502 1694//5502 
f 1597//5503 1692//5503 1694//5503 
f 1594//5504 1692//5504 1597//5504 
f 1538//5505 1594//5505 1597//5505 
f 1534//5506 1594//5506 1538//5506 
f 1459//5507 1534//5507 1538//5507 
f 1453//5508 1534//5508 1459//5508 
f 1389//5509 1453//5509 1459//5509 
f 1387//5510 1453//5510 1389//5510 
f 1332//5511 1387//5511 1389//5511 
f 1321//5512 1387//5512 1332//5512 
f 1200//5513 1321//5513 1332//5513 
f 1185//5514 1321//5514 1200//5514 
f 1020//5515 1185//5515 1200//5515 
f 1004//5516 1185//5516 1020//5516 
f 845//5517 1004//5517 1020//5517 
f 823//5518 1004//5518 845//5518 
f 729//5519 823//5519 845//5519 
f 721//5520 823//5520 729//5520 
f 646//5521 721//5521 729//5521 
f 638//5522 721//5522 646//5522 
f 592//5523 638//5523 646//5523 
f 586//5524 638//5524 592//5524 
f 552//5525 586//5525 592//5525 
f 547//5526 586//5526 552//5526 
f 505//5527 547//5527 552//5527 
f 493//5528 547//5528 505//5528 
f 448//5529 493//5529 505//5529 
f 437//5530 493//5530 448//5530 
f 413//5531 437//5531 448//5531 
f 397//5532 437//5532 413//5532 
f 361//5533 397//5533 413//5533 
f 346//5534 397//5534 361//5534 
f 311//5535 346//5535 361//5535 
f 209//5536 346//5536 311//5536 
f 241//5537 209//5537 311//5537 
f 178//5538 209//5538 241//5538 
f 310//5539 178//5539 241//5539 
f 208//5540 178//5540 310//5540 
f 360//5541 208//5541 310//5541 
f 345//5542 208//5542 360//5542 
f 412//5543 345//5543 360//5543 
f 396//5544 345//5544 412//5544 
f 447//5545 396//5545 412//5545 
f 436//5546 396//5546 447//5546 
f 506//5547 436//5547 447//5547 
f 494//5548 436//5548 506//5548 
f 553//5549 494//5549 506//5549 
f 548//5550 494//5550 553//5550 
f 593//5551 548//5551 553//5551 
f 587//5552 548//5552 593//5552 
f 647//5553 587//5553 593//5553 
f 639//5554 587//5554 647//5554 
f 730//5555 639//5555 647//5555 
f 722//5556 639//5556 730//5556 
f 846//5557 722//5557 730//5557 
f 824//5558 722//5558 846//5558 
f 3207//5559 3391//5559 3203//5559 
f 3028//5560 3207//5560 3203//5560 
f 3034//5561 3207//5561 3028//5561 
f 2887//5562 3034//5562 3028//5562 
f 2889//5563 3034//5563 2887//5563 
f 2825//5564 2889//5564 2887//5564 
f 2828//5565 2889//5565 2825//5565 
f 2750//5566 2828//5566 2825//5566 
f 2752//5567 2828//5567 2750//5567 
f 2676//5568 2752//5568 2750//5568 
f 2679//5569 2752//5569 2676//5569 
f 2623//5570 2679//5570 2676//5570 
f 2625//5571 2679//5571 2623//5571 
f 2519//5572 2625//5572 2623//5572 
f 2524//5573 2625//5573 2519//5573 
f 2451//5574 2524//5574 2519//5574 
f 2453//5575 2524//5575 2451//5575 
f 2088//5576 2453//5576 2451//5576 
f 2087//5577 2453//5577 2088//5577 
f 1765//5578 2087//5578 2088//5578 
f 1763//5579 2087//5579 1765//5579 
f 1692//5580 1763//5580 1765//5580 
f 1686//5581 1763//5581 1692//5581 
f 1594//5582 1686//5582 1692//5582 
f 1592//5583 1686//5583 1594//5583 
f 1534//5584 1592//5584 1594//5584 
f 1529//5585 1592//5585 1534//5585 
f 1453//5586 1529//5586 1534//5586 
f 1451//5587 1529//5587 1453//5587 
f 1387//5588 1451//5588 1453//5588 
f 1384//5589 1451//5589 1387//5589 
f 1321//5590 1384//5590 1387//5590 
f 1319//5591 1384//5591 1321//5591 
f 1185//5592 1319//5592 1321//5592 
f 1180//5593 1319//5593 1185//5593 
f 1004//5594 1180//5594 1185//5594 
f 997//5595 1180//5595 1004//5595 
f 823//5596 997//5596 1004//5596 
f 817//5597 997//5597 823//5597 
f 721//5598 817//5598 823//5598 
f 716//5599 817//5599 721//5599 
f 638//5600 716//5600 721//5600 
f 630//5601 716//5601 638//5601 
f 586//5602 630//5602 638//5602 
f 582//5603 630//5603 586//5603 
f 547//5604 582//5604 586//5604 
f 541//5605 582//5605 547//5605 
f 493//5606 541//5606 547//5606 
f 483//5607 541//5607 493//5607 
f 437//5608 483//5608 493//5608 
f 435//5609 483//5609 437//5609 
f 397//5610 435//5610 437//5610 
f 373//5611 435//5611 397//5611 
f 346//5612 373//5612 397//5612 
f 302//5613 373//5613 346//5613 
f 209//5614 302//5614 346//5614 
f 204//5615 302//5615 209//5615 
f 178//5616 204//5616 209//5616 
f 4//5617 204//5617 178//5617 
f 208//5618 4//5618 178//5618 
f 203//5619 4//5619 208//5619 
f 345//5620 203//5620 208//5620 
f 301//5621 203//5621 345//5621 
f 396//5622 301//5622 345//5622 
f 372//5623 301//5623 396//5623 
f 436//5624 372//5624 396//5624 
f 434//5625 372//5625 436//5625 
f 494//5626 434//5626 436//5626 
f 484//5627 434//5627 494//5627 
f 548//5628 484//5628 494//5628 
f 543//5629 484//5629 548//5629 
f 587//5630 543//5630 548//5630 
f 583//5631 543//5631 587//5631 
f 639//5632 583//5632 587//5632 
f 632//5633 583//5633 639//5633 
f 722//5634 632//5634 639//5634 
f 717//5635 632//5635 722//5635 
f 824//5636 717//5636 722//5636 
f 819//5637 717//5637 824//5637 
f 3444//5638 3443//5638 3446//5638 
f 3447//5639 3444//5639 3446//5639 
f 3155//5640 3132//5640 3130//5640 
f 3157//5641 3132//5641 3155//5641 
f 3154//5642 3157//5642 3155//5642 
f 3156//5643 3157//5643 3154//5643 
f 3129//5644 3156//5644 3154//5644 
f 3131//5645 3156//5645 3129//5645 
f 3119//5646 3186//5646 2912//5646 
f 2913//5647 3119//5647 2912//5647 
f 3271//5648 3431//5648 3434//5648 
f 3186//5649 3271//5649 3434//5649 
f 3183//5650 3271//5650 3186//5650 
f 3119//5651 3183//5651 3186//5651 
f 3434//5652 3431//5652 3456//5652 
f 3487//5653 3434//5653 3456//5653 
f 3499//5654 3434//5654 3487//5654 
f 3499//5655 3487//5655 3496//5655 
f 3522//5656 3499//5656 3496//5656 
f 3544//5657 3499//5657 3522//5657 
f 3546//5658 3531//5658 3530//5658 
f 3544//5659 3546//5659 3530//5659 
f 3533//5660 3546//5660 3544//5660 
f 3522//5661 3533//5661 3544//5661 
f 3530//5662 3531//5662 3517//5662 
f 3495//5663 3530//5663 3517//5663 
f 3472//5664 3530//5664 3495//5664 
f 3465//5665 3304//5665 3294//5665 
f 3472//5666 3465//5666 3294//5666 
f 3471//5667 3465//5667 3472//5667 
f 3495//5668 3471//5668 3472//5668 
f 3294//5669 3304//5669 3289//5669 
f 3166//5670 3294//5670 3289//5670 
f 3065//5671 3294//5671 3166//5671 
f 2972//5672 2855//5672 2856//5672 
f 3065//5673 2972//5673 2856//5673 
f 3063//5674 2972//5674 3065//5674 
f 3166//5675 3063//5675 3065//5675 
f 2856//5676 2855//5676 2854//5676 
f 2791//5677 2856//5677 2854//5677 
f 2748//5678 2856//5678 2791//5678 
f 2702//5679 2638//5679 2639//5679 
f 2748//5680 2702//5680 2639//5680 
f 2747//5681 2702//5681 2748//5681 
f 2791//5682 2747//5682 2748//5682 
f 2639//5683 2638//5683 2627//5683 
f 2504//5684 2639//5684 2627//5684 
f 2484//5685 2639//5685 2504//5685 
f 2484//5686 2504//5686 2483//5686 
f 2420//5687 2484//5687 2483//5687 
f 1801//5688 2484//5688 2420//5688 
f 1788//5689 1681//5689 1673//5689 
f 1801//5690 1788//5690 1673//5690 
f 1802//5691 1788//5691 1801//5691 
f 2420//5692 1802//5692 1801//5692 
f 1673//5693 1681//5693 1674//5693 
f 1570//5694 1673//5694 1674//5694 
f 1519//5695 1673//5695 1570//5695 
f 1490//5696 1398//5696 1396//5696 
f 1519//5697 1490//5697 1396//5697 
f 1520//5698 1490//5698 1519//5698 
f 1570//5699 1520//5699 1519//5699 
f 1396//5700 1398//5700 1397//5700 
f 1334//5701 1396//5701 1397//5701 
f 1292//5702 1396//5702 1334//5702 
f 1293//5703 1292//5703 1334//5703 
f 2840//5704 2812//5704 2909//5704 
f 2910//5705 2840//5705 2909//5705 
f 2754//5706 2682//5706 2684//5706 
f 2812//5707 2754//5707 2684//5707 
f 2810//5708 2754//5708 2812//5708 
f 2840//5709 2810//5709 2812//5709 
f 2535//5710 2474//5710 2408//5710 
f 2684//5711 2682//5711 2666//5711 
f 2561//5712 2684//5712 2666//5712 
f 2535//5713 2684//5713 2561//5713 
f 2534//5714 2535//5714 2561//5714 
f 2474//5715 2535//5715 2534//5715 
f 2093//5716 1743//5716 1736//5716 
f 2408//5717 2093//5717 1736//5717 
f 2407//5718 2093//5718 2408//5718 
f 2474//5719 2407//5719 2408//5719 
f 1736//5720 1743//5720 1737//5720 
f 1644//5721 1736//5721 1737//5721 
f 1586//5722 1736//5722 1644//5722 
f 1551//5723 1465//5723 1464//5723 
f 1586//5724 1551//5724 1464//5724 
f 1587//5725 1551//5725 1586//5725 
f 1644//5726 1587//5726 1586//5726 
f 1352//5727 1297//5727 1173//5727 
f 1464//5728 1465//5728 1449//5728 
f 1372//5729 1464//5729 1449//5729 
f 1352//5730 1464//5730 1372//5730 
f 1354//5731 1352//5731 1372//5731 
f 1297//5732 1352//5732 1354//5732 
f 1127//5733 959//5733 945//5733 
f 1173//5734 1127//5734 945//5734 
f 1174//5735 1127//5735 1173//5735 
f 1297//5736 1174//5736 1173//5736 
f 945//5737 959//5737 948//5737 
f 795//5738 945//5738 948//5738 
f 753//5739 945//5739 795//5739 
f 745//5740 714//5740 712//5740 
f 753//5741 745//5741 712//5741 
f 754//5742 745//5742 753//5742 
f 795//5743 754//5743 753//5743 
f 712//5744 714//5744 711//5744 
f 701//5745 712//5745 711//5745 
f 703//5746 712//5746 701//5746 
f 703//5747 701//5747 705//5747 
f 710//5748 703//5748 705//5748 
f 737//5749 703//5749 710//5749 
f 746//5750 796//5750 832//5750 
f 737//5751 746//5751 832//5751 
f 738//5752 746//5752 737//5752 
f 710//5753 738//5753 737//5753 
f 832//5754 796//5754 833//5754 
f 960//5755 832//5755 833//5755 
f 1038//5756 832//5756 960//5756 
f 1128//5757 1299//5757 1298//5757 
f 1038//5758 1128//5758 1298//5758 
f 1041//5759 1128//5759 1038//5759 
f 960//5760 1041//5760 1038//5760 
f 898//5761 908//5761 900//5761 
f 805//5762 814//5762 808//5762 
f 806//5763 797//5763 810//5763 
f 1131//5764 1102//5764 1112//5764 
f 1197//5765 1102//5765 1131//5765 
f 1151//5766 1197//5766 1131//5766 
f 1175//5767 1197//5767 1151//5767 
f 994//5768 1102//5768 990//5768 
f 1102//5769 994//5769 1015//5769 
f 1016//5770 1102//5770 1015//5770 
f 1050//5771 1102//5771 1016//5771 
f 1102//5772 1050//5772 1077//5772 
f 1096//5773 1102//5773 1077//5773 
f 1112//5774 1102//5774 1096//5774 
f 914//5775 936//5775 990//5775 
f 899//5776 914//5776 990//5776 
f 990//5777 936//5777 961//5777 
f 966//5778 990//5778 961//5778 
f 994//5779 990//5779 966//5779 
f 806//5780 810//5780 815//5780 
f 820//5781 806//5781 815//5781 
f 899//5782 806//5782 820//5782 
f 849//5783 899//5783 820//5783 
f 862//5784 899//5784 849//5784 
f 899//5785 862//5785 901//5785 
f 903//5786 899//5786 901//5786 
f 914//5787 899//5787 903//5787 
f 805//5788 808//5788 799//5788 
f 794//5789 805//5789 799//5789 
f 806//5790 805//5790 794//5790 
f 784//5791 806//5791 794//5791 
f 797//5792 806//5792 784//5792 
f 898//5793 900//5793 887//5793 
f 839//5794 898//5794 887//5794 
f 805//5795 898//5795 839//5795 
f 835//5796 805//5796 839//5796 
f 814//5797 805//5797 835//5797 
f 981//5798 989//5798 993//5798 
f 989//5799 981//5799 964//5799 
f 942//5800 989//5800 964//5800 
f 898//5801 989//5801 942//5801 
f 913//5802 898//5802 942//5802 
f 908//5803 898//5803 913//5803 
f 1101//5804 1068//5804 1066//5804 
f 1022//5805 1101//5805 1066//5805 
f 989//5806 1101//5806 1022//5806 
f 1006//5807 989//5807 1022//5807 
f 993//5808 989//5808 1006//5808 
f 1196//5809 1190//5809 1177//5809 
f 1158//5810 1196//5810 1177//5810 
f 1196//5811 1158//5811 1132//5811 
f 1124//5812 1196//5812 1132//5812 
f 1101//5813 1196//5813 1124//5813 
f 1094//5814 1101//5814 1124//5814 
f 1068//5815 1101//5815 1094//5815 
f 1258//5816 1245//5816 1242//5816 
f 1258//5817 1242//5817 1222//5817 
f 1218//5818 1258//5818 1222//5818 
f 1196//5819 1258//5819 1218//5819 
f 1191//5820 1196//5820 1218//5820 
f 1190//5821 1196//5821 1191//5821 
f 1264//5822 1269//5822 1259//5822 
f 1253//5823 1264//5823 1259//5823 
f 1259//5824 1269//5824 1275//5824 
f 1265//5825 1259//5825 1275//5825 
f 1258//5826 1259//5826 1265//5826 
f 1252//5827 1258//5827 1265//5827 
f 1245//5828 1258//5828 1252//5828 
f 1197//5829 1175//5829 1183//5829 
f 1198//5830 1197//5830 1183//5830 
f 1205//5831 1197//5831 1198//5831 
f 1197//5832 1205//5832 1232//5832 
f 1233//5833 1197//5833 1232//5833 
f 1259//5834 1197//5834 1233//5834 
f 1248//5835 1259//5835 1233//5835 
f 1253//5836 1259//5836 1248//5836 
f 3405//5837 3395//5837 3397//5837 
f 3404//5838 3410//5838 3396//5838 
f 3320//5839 3343//5839 3314//5839 
f 3318//5840 3301//5840 3319//5840 
f 3225//5841 3220//5841 3218//5841 
f 3220//5842 3225//5842 3245//5842 
f 3269//5843 3220//5843 3245//5843 
f 3318//5844 3220//5844 3269//5844 
f 3296//5845 3318//5845 3269//5845 
f 3301//5846 3318//5846 3296//5846 
f 3109//5847 3137//5847 3147//5847 
f 3180//5848 3109//5848 3147//5848 
f 3220//5849 3109//5849 3180//5849 
f 3202//5850 3220//5850 3180//5850 
f 3218//5851 3220//5851 3202//5851 
f 3014//5852 3021//5852 3038//5852 
f 3058//5853 3014//5853 3038//5853 
f 3014//5854 3058//5854 3084//5854 
f 3089//5855 3014//5855 3084//5855 
f 3109//5856 3014//5856 3089//5856 
f 3116//5857 3109//5857 3089//5857 
f 3137//5858 3109//5858 3116//5858 
f 2947//5859 2959//5859 2961//5859 
f 2947//5860 2961//5860 2984//5860 
f 2995//5861 2947//5861 2984//5861 
f 3014//5862 2947//5862 2995//5862 
f 3012//5863 3014//5863 2995//5863 
f 3021//5864 3014//5864 3012//5864 
f 2940//5865 2932//5865 2946//5865 
f 2953//5866 2940//5866 2946//5866 
f 2946//5867 2932//5867 2928//5867 
f 2934//5868 2946//5868 2928//5868 
f 2947//5869 2946//5869 2934//5869 
f 2956//5870 2947//5870 2934//5870 
f 2959//5871 2947//5871 2956//5871 
f 3015//5872 3013//5872 3008//5872 
f 3015//5873 3008//5873 2978//5873 
f 2975//5874 3015//5874 2978//5874 
f 2946//5875 3015//5875 2975//5875 
f 2958//5876 2946//5876 2975//5876 
f 2953//5877 2946//5877 2958//5877 
f 3015//5878 3042//5878 3026//5878 
f 3013//5879 3015//5879 3026//5879 
f 3086//5880 3110//5880 3096//5880 
f 3015//5881 3110//5881 3086//5881 
f 3062//5882 3015//5882 3086//5882 
f 3042//5883 3015//5883 3062//5883 
f 3110//5884 3188//5884 3161//5884 
f 3110//5885 3161//5885 3138//5885 
f 3113//5886 3110//5886 3138//5886 
f 3096//5887 3110//5887 3113//5887 
f 3221//5888 3246//5888 3232//5888 
f 3217//5889 3221//5889 3232//5889 
f 3110//5890 3221//5890 3217//5890 
f 3189//5891 3110//5891 3217//5891 
f 3188//5892 3110//5892 3189//5892 
f 3320//5893 3314//5893 3311//5893 
f 3295//5894 3320//5894 3311//5894 
f 3221//5895 3320//5895 3295//5895 
f 3274//5896 3221//5896 3295//5896 
f 3246//5897 3221//5897 3274//5897 
f 3404//5898 3396//5898 3389//5898 
f 3386//5899 3404//5899 3389//5899 
f 3320//5900 3404//5900 3386//5900 
f 3358//5901 3320//5901 3386//5901 
f 3343//5902 3320//5902 3358//5902 
f 3405//5903 3397//5903 3408//5903 
f 3416//5904 3405//5904 3408//5904 
f 3404//5905 3405//5905 3416//5905 
f 3424//5906 3404//5906 3416//5906 
f 3410//5907 3404//5907 3424//5907 
f 3318//5908 3319//5908 3329//5908 
f 3369//5909 3318//5909 3329//5909 
f 3405//5910 3318//5910 3369//5910 
f 3371//5911 3405//5911 3369//5911 
f 3395//5912 3405//5912 3371//5912 
f 1257//5913 1235//5913 1251//5913 
f 1234//5914 1235//5914 1257//5914 
f 1193//5915 1199//5915 1202//5915 
f 1208//5916 1193//5916 1202//5916 
f 1257//5917 1193//5917 1208//5917 
f 1212//5918 1257//5918 1208//5918 
f 1234//5919 1257//5919 1212//5919 
f 1129//5920 1099//5920 1095//5920 
f 1193//5921 1167//5921 1187//5921 
f 1194//5922 1193//5922 1187//5922 
f 1199//5923 1193//5923 1194//5923 
f 1193//5924 1099//5924 1129//5924 
f 1145//5925 1193//5925 1129//5925 
f 1167//5926 1193//5926 1145//5926 
f 1099//5927 1028//5927 1079//5927 
f 1086//5928 1099//5928 1079//5928 
f 1095//5929 1099//5929 1086//5929 
f 912//5930 895//5930 902//5930 
f 947//5931 975//5931 987//5931 
f 895//5932 947//5932 987//5932 
f 924//5933 947//5933 895//5933 
f 912//5934 924//5934 895//5934 
f 987//5935 975//5935 986//5935 
f 992//5936 987//5936 986//5936 
f 1099//5937 987//5937 992//5937 
f 1024//5938 1099//5938 992//5938 
f 1028//5939 1099//5939 1024//5939 
f 804//5940 802//5940 811//5940 
f 822//5941 804//5941 811//5941 
f 804//5942 822//5942 828//5942 
f 865//5943 804//5943 828//5943 
f 895//5944 804//5944 865//5944 
f 873//5945 895//5945 865//5945 
f 902//5946 895//5946 873//5946 
f 803//5947 801//5947 798//5947 
f 793//5948 803//5948 798//5948 
f 804//5949 803//5949 793//5949 
f 787//5950 804//5950 793//5950 
f 802//5951 804//5951 787//5951 
f 896//5952 893//5952 885//5952 
f 880//5953 896//5953 885//5953 
f 869//5954 896//5954 880//5954 
f 896//5955 869//5955 830//5955 
f 829//5956 896//5956 830//5956 
f 803//5957 896//5957 829//5957 
f 809//5958 803//5958 829//5958 
f 801//5959 803//5959 809//5959 
f 988//5960 965//5960 941//5960 
f 927//5961 988//5961 941//5961 
f 896//5962 988//5962 927//5962 
f 897//5963 896//5963 927//5963 
f 893//5964 896//5964 897//5964 
f 1100//5965 1098//5965 1047//5965 
f 1039//5966 1100//5966 1047//5966 
f 1100//5967 1039//5967 1002//5967 
f 995//5968 1100//5968 1002//5968 
f 988//5969 1100//5969 995//5969 
f 991//5970 988//5970 995//5970 
f 965//5971 988//5971 991//5971 
f 1195//5972 1209//5972 1192//5972 
f 1178//5973 1195//5973 1192//5973 
f 1170//5974 1195//5974 1178//5974 
f 1195//5975 1170//5975 1147//5975 
f 1122//5976 1195//5976 1147//5976 
f 1100//5977 1195//5977 1122//5977 
f 1103//5978 1100//5978 1122//5978 
f 1098//5979 1100//5979 1103//5979 
f 1256//5980 1240//5980 1238//5980 
f 1195//5981 1256//5981 1238//5981 
f 1215//5982 1195//5982 1238//5982 
f 1209//5983 1195//5983 1215//5983 
f 1256//5984 1272//5984 1262//5984 
f 1249//5985 1256//5985 1262//5985 
f 1240//5986 1256//5986 1249//5986 
f 1257//5987 1251//5987 1261//5987 
f 1268//5988 1257//5988 1261//5988 
f 1256//5989 1257//5989 1268//5989 
f 1270//5990 1256//5990 1268//5990 
f 1272//5991 1256//5991 1270//5991 
f 3223//5992 3219//5992 3231//5992 
f 3261//5993 3223//5993 3231//5993 
f 3276//5994 3223//5994 3261//5994 
f 3300//5995 3308//5995 3322//5995 
f 3223//5996 3300//5996 3322//5996 
f 3288//5997 3300//5997 3223//5997 
f 3276//5998 3288//5998 3223//5998 
f 3128//5999 3112//5999 3127//5999 
f 3112//6000 3128//6000 3175//6000 
f 3182//6001 3112//6001 3175//6001 
f 3223//6002 3112//6002 3182//6002 
f 3213//6003 3223//6003 3182//6003 
f 3219//6004 3223//6004 3213//6004 
f 3023//6005 3047//6005 3017//6005 
f 3020//6006 3023//6006 3017//6006 
f 3017//6007 3047//6007 3066//6007 
f 3072//6008 3017//6008 3066//6008 
f 3112//6009 3017//6009 3072//6009 
f 3114//6010 3112//6010 3072//6010 
f 3127//6011 3112//6011 3114//6011 
f 2955//6012 2974//6012 3017//6012 
f 2949//6013 2955//6013 3017//6013 
f 3017//6014 2974//6014 2976//6014 
f 3005//6015 3017//6015 2976//6015 
f 3020//6016 3017//6016 3005//6016 
f 2949//6017 2927//6017 2931//6017 
f 2949//6018 2931//6018 2944//6018 
f 2950//6019 2949//6019 2944//6019 
f 2955//6020 2949//6020 2950//6020 
f 2948//6021 2979//6021 2964//6021 
f 2948//6022 2964//6022 2954//6022 
f 2952//6023 2948//6023 2954//6023 
f 2949//6024 2948//6024 2952//6024 
f 2939//6025 2949//6025 2952//6025 
f 2927//6026 2949//6026 2939//6026 
f 3016//6027 3071//6027 3045//6027 
f 3016//6028 3045//6028 3044//6028 
f 3031//6029 3016//6029 3044//6029 
f 3025//6030 3016//6030 3031//6030 
f 3016//6031 3025//6031 3022//6031 
f 3018//6032 3016//6032 3022//6032 
f 2948//6033 3016//6033 3018//6033 
f 2991//6034 2948//6034 3018//6034 
f 2979//6035 2948//6035 2991//6035 
f 3222//6036 3259//6036 3216//6036 
f 3211//6037 3222//6037 3216//6037 
f 3169//6038 3153//6038 3111//6038 
f 3222//6039 3169//6039 3111//6039 
f 3205//6040 3169//6040 3222//6040 
f 3211//6041 3205//6041 3222//6041 
f 3111//6042 3153//6042 3121//6042 
f 3115//6043 3111//6043 3121//6043 
f 3016//6044 3111//6044 3115//6044 
f 3087//6045 3016//6045 3115//6045 
f 3071//6046 3016//6046 3087//6046 
f 3321//6047 3316//6047 3305//6047 
f 3287//6048 3321//6048 3305//6048 
f 3222//6049 3321//6049 3287//6049 
f 3262//6050 3222//6050 3287//6050 
f 3259//6051 3222//6051 3262//6051 
f 3398//6052 3406//6052 3399//6052 
f 3406//6053 3398//6053 3370//6053 
f 3360//6054 3406//6054 3370//6054 
f 3321//6055 3406//6055 3360//6055 
f 3330//6056 3321//6056 3360//6056 
f 3316//6057 3321//6057 3330//6057 
f 3409//6058 3407//6058 3402//6058 
f 3407//6059 3409//6059 3426//6059 
f 3417//6060 3407//6060 3426//6060 
f 3406//6061 3407//6061 3417//6061 
f 3401//6062 3406//6062 3417//6062 
f 3399//6063 3406//6063 3401//6063 
f 3322//6064 3308//6064 3312//6064 
f 3323//6065 3322//6065 3312//6065 
f 3350//6066 3322//6066 3323//6066 
f 3322//6067 3350//6067 3368//6067 
f 3384//6068 3322//6068 3368//6068 
f 3407//6069 3322//6069 3384//6069 
f 3400//6070 3407//6070 3384//6070 
f 3402//6071 3407//6071 3400//6071 
f 934//6072 957//6072 898//6072 
f 805//6073 934//6073 898//6073 
f 935//6074 934//6074 805//6074 
f 806//6075 935//6075 805//6075 
f 958//6076 935//6076 806//6076 
f 899//6077 958//6077 806//6077 
f 1014//6078 958//6078 899//6078 
f 990//6079 1014//6079 899//6079 
f 1076//6080 1014//6080 990//6080 
f 1102//6081 1076//6081 990//6081 
f 1142//6082 1076//6082 1102//6082 
f 1197//6083 1142//6083 1102//6083 
f 1166//6084 1142//6084 1197//6084 
f 1259//6085 1166//6085 1197//6085 
f 1165//6086 1166//6086 1259//6086 
f 1258//6087 1165//6087 1259//6087 
f 1141//6088 1165//6088 1258//6088 
f 1196//6089 1141//6089 1258//6089 
f 1075//6090 1141//6090 1196//6090 
f 1101//6091 1075//6091 1196//6091 
f 1013//6092 1075//6092 1101//6092 
f 989//6093 1013//6093 1101//6093 
f 957//6094 1013//6094 989//6094 
f 898//6095 957//6095 989//6095 
f 3374//6096 3343//6096 3358//6096 
f 3192//6097 3188//6097 3189//6097 
f 3331//6098 3339//6098 3329//6098 
f 3319//6099 3331//6099 3329//6099 
f 3013//6100 3019//6100 3007//6100 
f 3228//6101 3192//6101 3189//6101 
f 3217//6102 3228//6102 3189//6102 
f 3243//6103 3228//6103 3217//6103 
f 3093//6104 3062//6104 3086//6104 
f 3096//6105 3093//6105 3086//6105 
f 3108//6106 3093//6106 3096//6106 
f 3113//6107 3108//6107 3096//6107 
f 3163//6108 3108//6108 3113//6108 
f 3138//6109 3163//6109 3113//6109 
f 3161//6110 3163//6110 3138//6110 
f 3026//6111 3019//6111 3013//6111 
f 3027//6112 3019//6112 3026//6112 
f 3042//6113 3027//6113 3026//6113 
f 3059//6114 3027//6114 3042//6114 
f 3062//6115 3059//6115 3042//6115 
f 3061//6116 3059//6116 3062//6116 
f 3093//6117 3061//6117 3062//6117 
f 3161//6118 3188//6118 3192//6118 
f 3177//6119 3161//6119 3192//6119 
f 3163//6120 3161//6120 3177//6120 
f 3383//6121 3395//6121 3371//6121 
f 3369//6122 3383//6122 3371//6122 
f 3367//6123 3383//6123 3369//6123 
f 3329//6124 3367//6124 3369//6124 
f 3344//6125 3367//6125 3329//6125 
f 3339//6126 3344//6126 3329//6126 
f 3394//6127 3374//6127 3358//6127 
f 3386//6128 3394//6128 3358//6128 
f 3415//6129 3394//6129 3386//6129 
f 3389//6130 3415//6130 3386//6130 
f 3433//6131 3415//6131 3389//6131 
f 3396//6132 3433//6132 3389//6132 
f 3435//6133 3433//6133 3396//6133 
f 3427//6134 3416//6134 3408//6134 
f 3435//6135 3396//6135 3410//6135 
f 3424//6136 3435//6136 3410//6136 
f 3440//6137 3435//6137 3424//6137 
f 3416//6138 3440//6138 3424//6138 
f 3441//6139 3440//6139 3416//6139 
f 3427//6140 3441//6140 3416//6140 
f 3395//6141 3383//6141 3423//6141 
f 3427//6142 3395//6142 3423//6142 
f 3397//6143 3395//6143 3427//6143 
f 3408//6144 3397//6144 3427//6144 
f 3243//6145 3217//6145 3232//6145 
f 3246//6146 3243//6146 3232//6146 
f 3285//6147 3243//6147 3246//6147 
f 3274//6148 3285//6148 3246//6148 
f 3286//6149 3285//6149 3274//6149 
f 3295//6150 3286//6150 3274//6150 
f 3328//6151 3286//6151 3295//6151 
f 3311//6152 3328//6152 3295//6152 
f 3314//6153 3328//6153 3311//6153 
f 3314//6154 3343//6154 3374//6154 
f 3338//6155 3314//6155 3374//6155 
f 3328//6156 3314//6156 3338//6156 
f 3308//6157 3300//6157 3313//6157 
f 3327//6158 3308//6158 3313//6158 
f 3031//6159 3039//6159 3024//6159 
f 3260//6160 3212//6160 3216//6160 
f 3259//6161 3260//6161 3216//6161 
f 3263//6162 3260//6162 3259//6162 
f 3262//6163 3263//6163 3259//6163 
f 3298//6164 3263//6164 3262//6164 
f 3287//6165 3298//6165 3262//6165 
f 3303//6166 3298//6166 3287//6166 
f 3305//6167 3303//6167 3287//6167 
f 3341//6168 3303//6168 3305//6168 
f 3039//6169 3031//6169 3044//6169 
f 3045//6170 3039//6170 3044//6170 
f 3060//6171 3039//6171 3045//6171 
f 3071//6172 3060//6172 3045//6172 
f 3068//6173 3060//6173 3071//6173 
f 3069//6174 3068//6174 3071//6174 
f 3087//6175 3069//6175 3071//6175 
f 3120//6176 3069//6176 3087//6176 
f 3120//6177 3087//6177 3115//6177 
f 3121//6178 3120//6178 3115//6178 
f 3135//6179 3120//6179 3121//6179 
f 3153//6180 3135//6180 3121//6180 
f 3171//6181 3135//6181 3153//6181 
f 3169//6182 3171//6182 3153//6182 
f 3190//6183 3171//6183 3169//6183 
f 3205//6184 3190//6184 3169//6184 
f 3212//6185 3190//6185 3205//6185 
f 3211//6186 3212//6186 3205//6186 
f 3216//6187 3212//6187 3211//6187 
f 3378//6188 3384//6188 3368//6188 
f 3372//6189 3378//6189 3368//6189 
f 3350//6190 3372//6190 3368//6190 
f 3342//6191 3372//6191 3350//6191 
f 3323//6192 3342//6192 3350//6192 
f 3327//6193 3342//6193 3323//6193 
f 3312//6194 3327//6194 3323//6194 
f 3308//6195 3327//6195 3312//6195 
f 3439//6196 3428//6196 3401//6196 
f 3417//6197 3439//6197 3401//6197 
f 3438//6198 3439//6198 3417//6198 
f 3426//6199 3438//6199 3417//6199 
f 3437//6200 3438//6200 3426//6200 
f 3409//6201 3437//6201 3426//6201 
f 3436//6202 3437//6202 3409//6202 
f 3384//6203 3378//6203 3403//6203 
f 3412//6204 3384//6204 3403//6204 
f 3400//6205 3384//6205 3412//6205 
f 3436//6206 3400//6206 3412//6206 
f 3402//6207 3400//6207 3436//6207 
f 3409//6208 3402//6208 3436//6208 
f 3341//6209 3305//6209 3316//6209 
f 3330//6210 3341//6210 3316//6210 
f 3366//6211 3341//6211 3330//6211 
f 3360//6212 3366//6212 3330//6212 
f 3385//6213 3366//6213 3360//6213 
f 3370//6214 3385//6214 3360//6214 
f 3425//6215 3385//6215 3370//6215 
f 3398//6216 3425//6216 3370//6216 
f 3428//6217 3425//6217 3398//6217 
f 3399//6218 3428//6218 3398//6218 
f 3401//6219 3428//6219 3399//6219 
f 1067//6220 1066//6220 1068//6220 
f 1204//6221 1211//6221 1205//6221 
f 1198//6222 1204//6222 1205//6222 
f 1203//6223 1158//6223 1177//6223 
f 1116//6224 1067//6224 1068//6224 
f 1094//6225 1116//6225 1068//6225 
f 1126//6226 1116//6226 1094//6226 
f 1126//6227 1094//6227 1124//6227 
f 1132//6228 1126//6228 1124//6228 
f 1168//6229 1126//6229 1132//6229 
f 1158//6230 1168//6230 1132//6230 
f 1169//6231 1168//6231 1158//6231 
f 1203//6232 1169//6232 1158//6232 
f 978//6233 942//6233 964//6233 
f 981//6234 978//6234 964//6234 
f 984//6235 978//6235 981//6235 
f 993//6236 984//6236 981//6236 
f 1019//6237 984//6237 993//6237 
f 1006//6238 1019//6238 993//6238 
f 1022//6239 1019//6239 1006//6239 
f 892//6240 882//6240 900//6240 
f 908//6241 892//6241 900//6241 
f 910//6242 892//6242 908//6242 
f 913//6243 910//6243 908//6243 
f 938//6244 910//6244 913//6244 
f 942//6245 938//6245 913//6245 
f 939//6246 938//6246 942//6246 
f 978//6247 939//6247 942//6247 
f 1022//6248 1066//6248 1067//6248 
f 1035//6249 1022//6249 1067//6249 
f 1019//6250 1022//6250 1035//6250 
f 1237//6251 1248//6251 1233//6251 
f 1232//6252 1237//6252 1233//6252 
f 1227//6253 1237//6253 1232//6253 
f 1205//6254 1227//6254 1232//6254 
f 1213//6255 1227//6255 1205//6255 
f 1211//6256 1213//6256 1205//6256 
f 1276//6257 1269//6257 1264//6257 
f 1286//6258 1282//6258 1275//6258 
f 1269//6259 1286//6259 1275//6259 
f 1287//6260 1286//6260 1269//6260 
f 1276//6261 1287//6261 1269//6261 
f 1248//6262 1237//6262 1267//6262 
f 1276//6263 1248//6263 1267//6263 
f 1253//6264 1248//6264 1276//6264 
f 1264//6265 1253//6265 1276//6265 
f 1203//6266 1177//6266 1190//6266 
f 1191//6267 1203//6267 1190//6267 
f 1210//6268 1203//6268 1191//6268 
f 1218//6269 1210//6269 1191//6269 
f 1229//6270 1210//6270 1218//6270 
f 1222//6271 1229//6271 1218//6271 
f 1243//6272 1229//6272 1222//6272 
f 1242//6273 1243//6273 1222//6273 
f 1263//6274 1243//6274 1242//6274 
f 1245//6275 1263//6275 1242//6275 
f 1280//6276 1263//6276 1245//6276 
f 1252//6277 1280//6277 1245//6277 
f 1282//6278 1280//6278 1252//6278 
f 1265//6279 1282//6279 1252//6279 
f 1275//6280 1282//6280 1265//6280 
f 1219//6281 1209//6281 1215//6281 
f 1214//6282 1212//6282 1208//6282 
f 1212//6283 1214//6283 1220//6283 
f 1228//6284 1212//6284 1220//6284 
f 1234//6285 1212//6285 1228//6285 
f 1244//6286 1234//6286 1228//6286 
f 1235//6287 1234//6287 1244//6287 
f 1277//6288 1268//6288 1261//6288 
f 1251//6289 1277//6289 1261//6289 
f 1251//6290 1235//6290 1244//6290 
f 1273//6291 1251//6291 1244//6291 
f 1277//6292 1251//6292 1273//6292 
f 1268//6293 1277//6293 1281//6293 
f 1288//6294 1268//6294 1281//6294 
f 1270//6295 1268//6295 1288//6295 
f 1285//6296 1270//6296 1288//6296 
f 1272//6297 1270//6297 1285//6297 
f 1279//6298 1272//6298 1285//6298 
f 1241//6299 1219//6299 1215//6299 
f 1238//6300 1241//6300 1215//6300 
f 1246//6301 1241//6301 1238//6301 
f 1240//6302 1246//6302 1238//6302 
f 1278//6303 1246//6303 1240//6303 
f 1249//6304 1278//6304 1240//6304 
f 1279//6305 1278//6305 1249//6305 
f 1262//6306 1279//6306 1249//6306 
f 1272//6307 1279//6307 1262//6307 
f 1192//6308 1209//6308 1219//6308 
f 1207//6309 1192//6309 1219//6309 
f 1178//6310 1192//6310 1207//6310 
f 1188//6311 1178//6311 1207//6311 
f 1170//6312 1178//6312 1188//6312 
f 1157//6313 1170//6313 1188//6313 
f 1147//6314 1170//6314 1157//6314 
f 1153//6315 1147//6315 1157//6315 
f 1122//6316 1147//6316 1153//6316 
f 1105//6317 1122//6317 1153//6317 
f 1103//6318 1122//6318 1105//6318 
f 1098//6319 1103//6319 1105//6319 
f 1097//6320 1098//6320 1105//6320 
f 1047//6321 1098//6321 1097//6321 
f 1046//6322 1047//6322 1097//6322 
f 1039//6323 1047//6323 1046//6323 
f 1030//6324 1039//6324 1046//6324 
f 1002//6325 1039//6325 1030//6325 
f 999//6326 1002//6326 1030//6326 
f 995//6327 1002//6327 999//6327 
f 977//6328 995//6328 999//6328 
f 991//6329 995//6329 977//6329 
f 962//6330 991//6330 977//6330 
f 965//6331 991//6331 962//6331 
f 941//6332 965//6332 962//6332 
f 922//6333 941//6333 962//6333 
f 927//6334 941//6334 922//6334 
f 921//6335 927//6335 922//6335 
f 897//6336 927//6336 921//6336 
f 877//6337 897//6337 921//6337 
f 893//6338 897//6338 877//6338 
f 877//6339 864//6339 880//6339 
f 885//6340 877//6340 880//6340 
f 893//6341 877//6341 885//6341 
f 2110//6342 2499//6342 2521//6342 
f 2469//6343 2499//6343 2110//6343 
f 2110//6344 2430//6344 2469//6344 
f 2110//6345 2397//6345 2430//6345 
f 2110//6346 2095//6346 2397//6346 
f 2110//6347 1812//6347 2095//6347 
f 2110//6348 1784//6348 1812//6348 
f 2110//6349 1748//6349 1784//6349 
f 2110//6350 1708//6350 1748//6350 
f 2110//6351 1689//6351 1708//6351 
f 2110//6352 1671//6352 1689//6352 
f 2110//6353 1641//6353 1671//6353 
f 2110//6354 1617//6354 1641//6354 
f 2110//6355 1588//6355 1617//6355 
f 2110//6356 1581//6356 1588//6356 
f 2110//6357 1578//6357 1581//6357 
f 2110//6358 1571//6358 1578//6358 
f 2110//6359 1577//6359 1571//6359 
f 2110//6360 1582//6360 1577//6360 
f 2110//6361 1589//6361 1582//6361 
f 2110//6362 1618//6362 1589//6362 
f 2110//6363 1642//6363 1618//6363 
f 2110//6364 1672//6364 1642//6364 
f 2110//6365 1690//6365 1672//6365 
f 2110//6366 1709//6366 1690//6366 
f 2110//6367 1749//6367 1709//6367 
f 2110//6368 1785//6368 1749//6368 
f 2110//6369 1813//6369 1785//6369 
f 2110//6370 2118//6370 1813//6370 
f 2110//6371 2398//6371 2118//6371 
f 2110//6372 2431//6372 2398//6372 
f 2110//6373 2470//6373 2431//6373 
f 2110//6374 2500//6374 2470//6374 
f 2110//6375 2522//6375 2500//6375 
f 2110//6376 2541//6376 2522//6376 
f 2110//6377 2566//6377 2541//6377 
f 2110//6378 2593//6378 2566//6378 
f 2110//6379 2629//6379 2593//6379 
f 2110//6380 2637//6380 2629//6380 
f 2110//6381 2641//6381 2637//6381 
f 2110//6382 2648//6382 2641//6382 
f 2110//6383 2642//6383 2648//6383 
f 2110//6384 2636//6384 2642//6384 
f 2110//6385 2628//6385 2636//6385 
f 2110//6386 2592//6386 2628//6386 
f 2110//6387 2565//6387 2592//6387 
f 2110//6388 2540//6388 2565//6388 
f 2110//6389 2521//6389 2540//6389 
f 3165//6390 2817//6390 2782//6390 
f 2817//6391 3165//6391 3247//6391 
f 3373//6392 2817//6392 3247//6392 
f 2842//6393 2817//6393 3373//6393 
f 3413//6394 2842//6394 3373//6394 
f 2853//6395 2842//6395 3413//6395 
f 2853//6396 3413//6396 3475//6396 
f 3481//6397 2853//6397 3475//6397 
f 2864//6398 2853//6398 3481//6398 
f 2864//6399 3481//6399 3503//6399 
f 3507//6400 2864//6400 3503//6400 
f 2869//6401 2864//6401 3507//6401 
f 3509//6402 2869//6402 3507//6402 
f 2863//6403 2869//6403 3509//6403 
f 2863//6404 3509//6404 3502//6404 
f 3500//6405 2863//6405 3502//6405 
f 2852//6406 2863//6406 3500//6406 
f 2852//6407 3500//6407 3476//6407 
f 3463//6408 2852//6408 3476//6408 
f 2843//6409 2852//6409 3463//6409 
f 2843//6410 3463//6410 3414//6410 
f 3266//6411 2843//6411 3414//6411 
f 2818//6412 2843//6412 3266//6412 
f 3248//6413 2818//6413 3266//6413 
f 2783//6414 2818//6414 3248//6414 
f 2783//6415 3248//6415 3091//6415 
f 3043//6416 2783//6416 3091//6416 
f 2729//6417 2783//6417 3043//6417 
f 2729//6418 3043//6418 2911//6418 
f 2850//6419 2729//6419 2911//6419 
f 2686//6420 2729//6420 2850//6420 
f 2841//6421 2686//6421 2850//6421 
f 2647//6422 2686//6422 2841//6422 
f 2647//6423 2841//6423 2755//6423 
f 2740//6424 2647//6424 2755//6424 
f 2557//6425 2647//6425 2740//6425 
f 2557//6426 2740//6426 2667//6426 
f 2633//6427 2557//6427 2667//6427 
f 2503//6428 2557//6428 2633//6428 
f 2503//6429 2633//6429 2562//6429 
f 2481//6430 2503//6430 2562//6430 
f 2434//6431 2503//6431 2481//6431 
f 2475//6432 2434//6432 2481//6432 
f 2119//6433 2434//6433 2475//6433 
f 2119//6434 2475//6434 2121//6434 
f 1805//6435 2119//6435 2121//6435 
f 1783//6436 2119//6436 1805//6436 
f 1783//6437 1805//6437 1744//6437 
f 1676//6438 1783//6438 1744//6438 
f 1707//6439 1783//6439 1676//6439 
f 1645//6440 1707//6440 1676//6440 
f 1648//6441 1707//6441 1645//6441 
f 1648//6442 1645//6442 1552//6442 
f 1527//6443 1648//6443 1552//6443 
f 1573//6444 1648//6444 1527//6444 
f 1573//6445 1527//6445 1450//6445 
f 1402//6446 1573//6446 1450//6446 
f 1523//6447 1573//6447 1402//6447 
f 1373//6448 1523//6448 1402//6448 
f 1477//6449 1523//6449 1373//6449 
f 1299//6450 1477//6450 1373//6450 
f 1428//6451 1477//6451 1299//6451 
f 1428//6452 1299//6452 1128//6452 
f 1041//6453 1428//6453 1128//6453 
f 1395//6454 1428//6454 1041//6454 
f 1395//6455 1041//6455 960//6455 
f 833//6456 1395//6456 960//6456 
f 1367//6457 1395//6457 833//6457 
f 796//6458 1367//6458 833//6458 
f 1349//6459 1367//6459 796//6459 
f 1349//6460 796//6460 746//6460 
f 738//6461 1349//6461 746//6461 
f 1341//6462 1349//6462 738//6462 
f 1341//6463 738//6463 710//6463 
f 705//6464 1341//6464 710//6464 
f 1336//6465 1341//6465 705//6465 
f 701//6466 1336//6466 705//6466 
f 1342//6467 1336//6467 701//6467 
f 1342//6468 701//6468 711//6468 
f 714//6469 1342//6469 711//6469 
f 1350//6470 1342//6470 714//6470 
f 1350//6471 714//6471 745//6471 
f 754//6472 1350//6472 745//6472 
f 1366//6473 1350//6473 754//6473 
f 1366//6474 754//6474 795//6474 
f 948//6475 1366//6475 795//6475 
f 1394//6476 1366//6476 948//6476 
f 959//6477 1394//6477 948//6477 
f 1427//6478 1394//6478 959//6478 
f 1427//6479 959//6479 1127//6479 
f 1174//6480 1427//6480 1127//6480 
f 1476//6481 1427//6481 1174//6481 
f 1476//6482 1174//6482 1297//6482 
f 1354//6483 1476//6483 1297//6483 
f 1522//6484 1476//6484 1354//6484 
f 1372//6485 1522//6485 1354//6485 
f 1572//6486 1522//6486 1372//6486 
f 1572//6487 1372//6487 1449//6487 
f 1465//6488 1572//6488 1449//6488 
f 1647//6489 1572//6489 1465//6489 
f 1647//6490 1465//6490 1551//6490 
f 1587//6491 1647//6491 1551//6491 
f 1706//6492 1647//6492 1587//6492 
f 1706//6493 1587//6493 1644//6493 
f 1737//6494 1706//6494 1644//6494 
f 1782//6495 1706//6495 1737//6495 
f 1743//6496 1782//6496 1737//6496 
f 2094//6497 1782//6497 1743//6497 
f 2094//6498 1743//6498 2093//6498 
f 2407//6499 2094//6499 2093//6499 
f 2433//6500 2094//6500 2407//6500 
f 2433//6501 2407//6501 2474//6501 
f 2534//6502 2433//6502 2474//6502 
f 2502//6503 2433//6503 2534//6503 
f 2561//6504 2502//6504 2534//6504 
f 2556//6505 2502//6505 2561//6505 
f 2556//6506 2561//6506 2666//6506 
f 2682//6507 2556//6507 2666//6507 
f 2646//6508 2556//6508 2682//6508 
f 2646//6509 2682//6509 2754//6509 
f 2810//6510 2646//6510 2754//6510 
f 2685//6511 2646//6511 2810//6511 
f 2840//6512 2685//6512 2810//6512 
f 2728//6513 2685//6513 2840//6513 
f 2910//6514 2728//6514 2840//6514 
f 2782//6515 2728//6515 2910//6515 
f 3090//6516 2782//6516 2910//6516 
f 3165//6517 2782//6517 3090//6517 
f 2646//6518 2685//6518 2521//6518 
f 2499//6519 2646//6519 2521//6519 
f 2556//6520 2646//6520 2499//6520 
f 2469//6521 2556//6521 2499//6521 
f 2502//6522 2556//6522 2469//6522 
f 2430//6523 2502//6523 2469//6523 
f 2433//6524 2502//6524 2430//6524 
f 2397//6525 2433//6525 2430//6525 
f 2094//6526 2433//6526 2397//6526 
f 2095//6527 2094//6527 2397//6527 
f 1782//6528 2094//6528 2095//6528 
f 1812//6529 1782//6529 2095//6529 
f 1706//6530 1782//6530 1812//6530 
f 1784//6531 1706//6531 1812//6531 
f 1647//6532 1706//6532 1784//6532 
f 1748//6533 1647//6533 1784//6533 
f 1572//6534 1647//6534 1748//6534 
f 1708//6535 1572//6535 1748//6535 
f 1522//6536 1572//6536 1708//6536 
f 1689//6537 1522//6537 1708//6537 
f 1476//6538 1522//6538 1689//6538 
f 1671//6539 1476//6539 1689//6539 
f 1427//6540 1476//6540 1671//6540 
f 1641//6541 1427//6541 1671//6541 
f 1394//6542 1427//6542 1641//6542 
f 1617//6543 1394//6543 1641//6543 
f 1366//6544 1394//6544 1617//6544 
f 1588//6545 1366//6545 1617//6545 
f 1350//6546 1366//6546 1588//6546 
f 1581//6547 1350//6547 1588//6547 
f 1342//6548 1350//6548 1581//6548 
f 1578//6549 1342//6549 1581//6549 
f 1336//6550 1342//6550 1578//6550 
f 1571//6551 1336//6551 1578//6551 
f 1341//6552 1336//6552 1571//6552 
f 1577//6553 1341//6553 1571//6553 
f 1349//6554 1341//6554 1577//6554 
f 1582//6555 1349//6555 1577//6555 
f 1367//6556 1349//6556 1582//6556 
f 1589//6557 1367//6557 1582//6557 
f 1395//6558 1367//6558 1589//6558 
f 1618//6559 1395//6559 1589//6559 
f 1428//6560 1395//6560 1618//6560 
f 1642//6561 1428//6561 1618//6561 
f 1477//6562 1428//6562 1642//6562 
f 1672//6563 1477//6563 1642//6563 
f 1523//6564 1477//6564 1672//6564 
f 1690//6565 1523//6565 1672//6565 
f 1573//6566 1523//6566 1690//6566 
f 1709//6567 1573//6567 1690//6567 
f 1648//6568 1573//6568 1709//6568 
f 1749//6569 1648//6569 1709//6569 
f 1707//6570 1648//6570 1749//6570 
f 1785//6571 1707//6571 1749//6571 
f 1783//6572 1707//6572 1785//6572 
f 1813//6573 1783//6573 1785//6573 
f 2119//6574 1783//6574 1813//6574 
f 2118//6575 2119//6575 1813//6575 
f 2434//6576 2119//6576 2118//6576 
f 2398//6577 2434//6577 2118//6577 
f 2503//6578 2434//6578 2398//6578 
f 2431//6579 2503//6579 2398//6579 
f 2557//6580 2503//6580 2431//6580 
f 2470//6581 2557//6581 2431//6581 
f 2647//6582 2557//6582 2470//6582 
f 2500//6583 2647//6583 2470//6583 
f 2686//6584 2647//6584 2500//6584 
f 2522//6585 2686//6585 2500//6585 
f 2729//6586 2686//6586 2522//6586 
f 2541//6587 2729//6587 2522//6587 
f 2783//6588 2729//6588 2541//6588 
f 2566//6589 2783//6589 2541//6589 
f 2818//6590 2783//6590 2566//6590 
f 2593//6591 2818//6591 2566//6591 
f 2843//6592 2818//6592 2593//6592 
f 2629//6593 2843//6593 2593//6593 
f 2852//6594 2843//6594 2629//6594 
f 2637//6595 2852//6595 2629//6595 
f 2863//6596 2852//6596 2637//6596 
f 2641//6597 2863//6597 2637//6597 
f 2869//6598 2863//6598 2641//6598 
f 2648//6599 2869//6599 2641//6599 
f 2864//6600 2869//6600 2648//6600 
f 2642//6601 2864//6601 2648//6601 
f 2853//6602 2864//6602 2642//6602 
f 2636//6603 2853//6603 2642//6603 
f 2842//6604 2853//6604 2636//6604 
f 2628//6605 2842//6605 2636//6605 
f 2817//6606 2842//6606 2628//6606 
f 2592//6607 2817//6607 2628//6607 
f 2782//6608 2817//6608 2592//6608 
f 2565//6609 2782//6609 2592//6609 
f 2728//6610 2782//6610 2565//6610 
f 2540//6611 2728//6611 2565//6611 
f 2685//6612 2728//6612 2540//6612 
f 2521//6613 2685//6613 2540//6613 
f 1373//6614 1401//6614 1298//6614 
f 1299//6615 1373//6615 1298//6615 
f 1450//6616 1527//6616 1526//6616 
f 1401//6617 1450//6617 1526//6617 
f 1402//6618 1450//6618 1401//6618 
f 1373//6619 1402//6619 1401//6619 
f 1675//6620 1744//6620 1804//6620 
f 1526//6621 1527//6621 1552//6621 
f 1645//6622 1526//6622 1552//6622 
f 1675//6623 1526//6623 1645//6623 
f 1676//6624 1675//6624 1645//6624 
f 1744//6625 1675//6625 1676//6625 
f 2121//6626 2475//6626 2482//6626 
f 1804//6627 2121//6627 2482//6627 
f 1805//6628 2121//6628 1804//6628 
f 1744//6629 1805//6629 1804//6629 
f 2482//6630 2475//6630 2481//6630 
f 2562//6631 2482//6631 2481//6631 
f 2634//6632 2482//6632 2562//6632 
f 2667//6633 2740//6633 2741//6633 
f 2634//6634 2667//6634 2741//6634 
f 2633//6635 2667//6635 2634//6635 
f 2562//6636 2633//6636 2634//6636 
f 2741//6637 2740//6637 2755//6637 
f 2841//6638 2741//6638 2755//6638 
f 2851//6639 2741//6639 2841//6639 
f 2851//6640 2841//6640 2850//6640 
f 2911//6641 2851//6641 2850//6641 
f 3046//6642 2851//6642 2911//6642 
f 3091//6643 3248//6643 3267//6643 
f 3046//6644 3091//6644 3267//6644 
f 3043//6645 3091//6645 3046//6645 
f 2911//6646 3043//6646 3046//6646 
f 3267//6647 3248//6647 3266//6647 
f 3414//6648 3267//6648 3266//6648 
f 3466//6649 3267//6649 3414//6649 
f 3476//6650 3500//6650 3501//6650 
f 3466//6651 3476//6651 3501//6651 
f 3463//6652 3476//6652 3466//6652 
f 3414//6653 3463//6653 3466//6653 
f 3501//6654 3500//6654 3502//6654 
f 3509//6655 3501//6655 3502//6655 
f 3508//6656 3501//6656 3509//6656 
f 3508//6657 3509//6657 3507//6657 
f 3503//6658 3508//6658 3507//6658 
f 3483//6659 3508//6659 3503//6659 
f 3475//6660 3413//6660 3375//6660 
f 3483//6661 3475//6661 3375//6661 
f 3481//6662 3475//6662 3483//6662 
f 3503//6663 3481//6663 3483//6663 
f 3375//6664 3413//6664 3373//6664 
f 3247//6665 3375//6665 3373//6665 
f 3168//6666 3375//6666 3247//6666 
f 3090//6667 2910//6667 2909//6667 
f 3168//6668 3090//6668 2909//6668 
f 3165//6669 3090//6669 3168//6669 
f 3247//6670 3165//6670 3168//6670 
f 1184//6671 1018//6671 1017//6671 
f 1292//6672 1184//6672 1017//6672 
f 1293//6673 1184//6673 1292//6673 
f 1017//6674 1018//6674 1003//6674 
f 857//6675 1017//6675 1003//6675 
f 775//6676 1017//6676 857//6676 
f 751//6677 719//6677 715//6677 
f 775//6678 751//6678 715//6678 
f 780//6679 751//6679 775//6679 
f 857//6680 780//6680 775//6680 
f 666//6681 667//6681 682//6681 
f 715//6682 719//6682 709//6682 
f 677//6683 715//6683 709//6683 
f 666//6684 715//6684 677//6684 
f 676//6685 666//6685 677//6685 
f 667//6686 666//6686 676//6686 
f 700//6687 742//6687 747//6687 
f 682//6688 700//6688 747//6688 
f 695//6689 700//6689 682//6689 
f 667//6690 695//6690 682//6690 
f 747//6691 742//6691 748//6691 
f 800//6692 747//6692 748//6692 
f 915//6693 747//6693 800//6693 
f 976//6694 1144//6694 1149//6694 
f 915//6695 976//6695 1149//6695 
f 920//6696 976//6696 915//6696 
f 800//6697 920//6697 915//6697 
f 1149//6698 1144//6698 1150//6698 
f 1304//6699 1149//6699 1150//6699 
f 1347//6700 1149//6700 1304//6700 
f 1382//6701 1458//6701 1457//6701 
f 1347//6702 1382//6702 1457//6702 
f 1348//6703 1382//6703 1347//6703 
f 1304//6704 1348//6704 1347//6704 
f 1457//6705 1458//6705 1467//6705 
f 1559//6706 1457//6706 1467//6706 
f 1580//6707 1457//6707 1559//6707 
f 1661//6708 1734//6708 1733//6708 
f 1580//6709 1661//6709 1733//6709 
f 1583//6710 1661//6710 1580//6710 
f 1559//6711 1583//6711 1580//6711 
f 2416//6712 2495//6712 2537//6712 
f 1733//6713 1734//6713 1761//6713 
f 2225//6714 1733//6714 1761//6714 
f 2416//6715 1733//6715 2225//6715 
f 2413//6716 2416//6716 2225//6716 
f 2495//6717 2416//6717 2413//6717 
f 2572//6718 2672//6718 2689//6718 
f 2537//6719 2572//6719 2689//6719 
f 2536//6720 2572//6720 2537//6720 
f 2495//6721 2536//6721 2537//6721 
f 2689//6722 2672//6722 2688//6722 
f 2763//6723 2689//6723 2688//6723 
f 2816//6724 2689//6724 2763//6724 
f 2845//6725 2913//6725 2912//6725 
f 2816//6726 2845//6726 2912//6726 
f 2815//6727 2845//6727 2816//6727 
f 2763//6728 2815//6728 2816//6728 
f 3124//6729 3123//6729 3130//6729 
f 3132//6730 3124//6730 3130//6730 
f 3335//6731 3291//6731 3290//6731 
f 3336//6732 3291//6732 3335//6732 
f 3387//6733 3336//6733 3335//6733 
f 3388//6734 3336//6734 3387//6734 
f 3443//6735 3388//6735 3387//6735 
f 3444//6736 3388//6736 3443//6736 
f 3599//6737 3660//6737 3648//6737 
f 2820//6738 2746//6738 2743//6738 
f 2514//6739 2450//6739 2446//6739 
f 1005//6740 819//6740 824//6740 
f 846//6741 879//6741 906//6741 
f 1021//6742 846//6742 906//6742 
f 824//6743 846//6743 1021//6743 
f 1021//6744 906//6744 1034//6744 
f 1217//6745 1021//6745 1034//6745 
f 1201//6746 1021//6746 1217//6746 
f 1255//6747 1201//6747 1217//6747 
f 1333//6748 1201//6748 1255//6748 
f 1333//6749 1255//6749 1338//6749 
f 1392//6750 1333//6750 1338//6750 
f 1390//6751 1333//6751 1392//6751 
f 1417//6752 1390//6752 1392//6752 
f 1460//6753 1390//6753 1417//6753 
f 1460//6754 1417//6754 1463//6754 
f 1544//6755 1460//6755 1463//6755 
f 1539//6756 1460//6756 1544//6756 
f 1564//6757 1539//6757 1544//6757 
f 1598//6758 1539//6758 1564//6758 
f 1598//6759 1564//6759 1602//6759 
f 1698//6760 1598//6760 1602//6760 
f 1695//6761 1598//6761 1698//6761 
f 1719//6762 1695//6762 1698//6762 
f 1768//6763 1695//6763 1719//6763 
f 1768//6764 1719//6764 1771//6764 
f 2124//6765 1768//6765 1771//6765 
f 2125//6766 1768//6766 2124//6766 
f 2450//6767 2125//6767 2124//6767 
f 2422//6768 2450//6768 2124//6768 
f 2446//6769 2450//6769 2422//6769 
f 2514//6770 2567//6770 2621//6770 
f 2518//6771 2514//6771 2621//6771 
f 2450//6772 2514//6772 2518//6772 
f 2621//6773 2567//6773 2618//6773 
f 2671//6774 2621//6774 2618//6774 
f 2674//6775 2621//6775 2671//6775 
f 2746//6776 2674//6776 2671//6776 
f 2719//6777 2746//6777 2671//6777 
f 2743//6778 2746//6778 2719//6778 
f 2820//6779 2861//6779 2875//6779 
f 2823//6780 2820//6780 2875//6780 
f 2746//6781 2820//6781 2823//6781 
f 2875//6782 2861//6782 2868//6782 
f 2997//6783 2875//6783 2868//6783 
f 3011//6784 2875//6784 2997//6784 
f 3167//6785 3011//6785 2997//6785 
f 3185//6786 3011//6786 3167//6786 
f 3185//6787 3167//6787 3174//6787 
f 3333//6788 3185//6788 3174//6788 
f 3362//6789 3185//6789 3333//6789 
f 3479//6790 3362//6790 3333//6790 
f 3490//6791 3362//6791 3479//6791 
f 3482//6792 3490//6792 3479//6792 
f 3567//6793 3490//6793 3482//6793 
f 3567//6794 3482//6794 3557//6794 
f 3600//6795 3567//6795 3557//6795 
f 3627//6796 3567//6796 3600//6796 
f 3625//6797 3627//6797 3600//6797 
f 3661//6798 3627//6798 3625//6798 
f 3661//6799 3625//6799 3649//6799 
f 3693//6800 3661//6800 3649//6800 
f 3705//6801 3661//6801 3693//6801 
f 3698//6802 3705//6802 3693//6802 
f 3767//6803 3705//6803 3698//6803 
f 3767//6804 3698//6804 3742//6804 
f 3791//6805 3767//6805 3742//6805 
f 3796//6806 3767//6806 3791//6806 
f 3794//6807 3796//6807 3791//6807 
f 3850//6808 3796//6808 3794//6808 
f 3850//6809 3794//6809 3803//6809 
f 3847//6810 3850//6810 3803//6810 
f 3874//6811 3850//6811 3847//6811 
f 3852//6812 3874//6812 3847//6812 
f 3894//6813 3874//6813 3852//6813 
f 3894//6814 3852//6814 3854//6814 
f 3848//6815 3894//6815 3854//6815 
f 3875//6816 3894//6816 3848//6816 
f 3843//6817 3875//6817 3848//6817 
f 3851//6818 3875//6818 3843//6818 
f 3804//6819 3851//6819 3843//6819 
f 3792//6820 3851//6820 3804//6820 
f 3792//6821 3765//6821 3768//6821 
f 3797//6822 3792//6822 3768//6822 
f 3851//6823 3792//6823 3797//6823 
f 3768//6824 3765//6824 3743//6824 
f 3692//6825 3768//6825 3743//6825 
f 3704//6826 3768//6826 3692//6826 
f 3660//6827 3704//6827 3692//6827 
f 3662//6828 3660//6828 3692//6828 
f 3648//6829 3660//6829 3662//6829 
f 3599//6830 3568//6830 3566//6830 
f 3626//6831 3599//6831 3566//6831 
f 3660//6832 3599//6832 3626//6832 
f 3566//6833 3568//6833 3556//6833 
f 3478//6834 3566//6834 3556//6834 
f 3489//6835 3566//6835 3478//6835 
f 3361//6836 3489//6836 3478//6836 
f 3348//6837 3361//6837 3478//6837 
f 3332//6838 3361//6838 3348//6838 
f 1005//6839 824//6839 1021//6839 
f 1201//6840 1005//6840 1021//6840 
f 1186//6841 1005//6841 1201//6841 
f 1333//6842 1186//6842 1201//6842 
f 1322//6843 1186//6843 1333//6843 
f 1390//6844 1322//6844 1333//6844 
f 1388//6845 1322//6845 1390//6845 
f 1460//6846 1388//6846 1390//6846 
f 1454//6847 1388//6847 1460//6847 
f 1539//6848 1454//6848 1460//6848 
f 1535//6849 1454//6849 1539//6849 
f 1598//6850 1535//6850 1539//6850 
f 1595//6851 1535//6851 1598//6851 
f 1695//6852 1595//6852 1598//6852 
f 1693//6853 1595//6853 1695//6853 
f 1768//6854 1693//6854 1695//6854 
f 1766//6855 1693//6855 1768//6855 
f 2125//6856 1766//6856 1768//6856 
f 2126//6857 1766//6857 2125//6857 
f 2450//6858 2126//6858 2125//6858 
f 2452//6859 2126//6859 2450//6859 
f 2518//6860 2452//6860 2450//6860 
f 2520//6861 2452//6861 2518//6861 
f 2621//6862 2520//6862 2518//6862 
f 2624//6863 2520//6863 2621//6863 
f 2674//6864 2624//6864 2621//6864 
f 2677//6865 2624//6865 2674//6865 
f 2746//6866 2677//6866 2674//6866 
f 2751//6867 2677//6867 2746//6867 
f 2823//6868 2751//6868 2746//6868 
f 2826//6869 2751//6869 2823//6869 
f 2875//6870 2826//6870 2823//6870 
f 2888//6871 2826//6871 2875//6871 
f 3011//6872 2888//6872 2875//6872 
f 3029//6873 2888//6873 3011//6873 
f 3185//6874 3029//6874 3011//6874 
f 3204//6875 3029//6875 3185//6875 
f 3362//6876 3204//6876 3185//6876 
f 3382//6877 3204//6877 3362//6877 
f 3490//6878 3382//6878 3362//6878 
f 3494//6879 3382//6879 3490//6879 
f 3567//6880 3494//6880 3490//6880 
f 3574//6881 3494//6881 3567//6881 
f 3627//6882 3574//6882 3567//6882 
f 3630//6883 3574//6883 3627//6883 
f 3661//6884 3630//6884 3627//6884 
f 3667//6885 3630//6885 3661//6885 
f 3705//6886 3667//6886 3661//6886 
f 3721//6887 3667//6887 3705//6887 
f 3767//6888 3721//6888 3705//6888 
f 3780//6889 3721//6889 3767//6889 
f 3796//6890 3780//6890 3767//6890 
f 3817//6891 3780//6891 3796//6891 
f 3850//6892 3817//6892 3796//6892 
f 3868//6893 3817//6893 3850//6893 
f 3874//6894 3868//6894 3850//6894 
f 3918//6895 3868//6895 3874//6895 
f 3894//6896 3918//6896 3874//6896 
f 3931//6897 3918//6897 3894//6897 
f 3875//6898 3931//6898 3894//6898 
f 3919//6899 3931//6899 3875//6899 
f 3851//6900 3919//6900 3875//6900 
f 3869//6901 3919//6901 3851//6901 
f 3797//6902 3869//6902 3851//6902 
f 3818//6903 3869//6903 3797//6903 
f 3768//6904 3818//6904 3797//6904 
f 3781//6905 3818//6905 3768//6905 
f 3704//6906 3781//6906 3768//6906 
f 3720//6907 3781//6907 3704//6907 
f 3660//6908 3720//6908 3704//6908 
f 3666//6909 3720//6909 3660//6909 
f 3626//6910 3666//6910 3660//6910 
f 3629//6911 3666//6911 3626//6911 
f 3566//6912 3629//6912 3626//6912 
f 3573//6913 3629//6913 3566//6913 
f 3489//6914 3573//6914 3566//6914 
f 3493//6915 3573//6915 3489//6915 
f 3361//6916 3493//6916 3489//6916 
f 3381//6917 3493//6917 3361//6917 
f 998//6918 819//6918 1005//6918 
f 1186//6919 998//6919 1005//6919 
f 1182//6920 998//6920 1186//6920 
f 1322//6921 1182//6921 1186//6921 
f 1320//6922 1182//6922 1322//6922 
f 1388//6923 1320//6923 1322//6923 
f 1386//6924 1320//6924 1388//6924 
f 1454//6925 1386//6925 1388//6925 
f 1452//6926 1386//6926 1454//6926 
f 1535//6927 1452//6927 1454//6927 
f 1531//6928 1452//6928 1535//6928 
f 1595//6929 1531//6929 1535//6929 
f 1593//6930 1531//6930 1595//6930 
f 1693//6931 1593//6931 1595//6931 
f 1688//6932 1593//6932 1693//6932 
f 1766//6933 1688//6933 1693//6933 
f 1764//6934 1688//6934 1766//6934 
f 2126//6935 1764//6935 1766//6935 
f 2128//6936 1764//6936 2126//6936 
f 2452//6937 2128//6937 2126//6937 
f 2454//6938 2128//6938 2452//6938 
f 2520//6939 2454//6939 2452//6939 
f 2526//6940 2454//6940 2520//6940 
f 2624//6941 2526//6941 2520//6941 
f 2626//6942 2526//6942 2624//6942 
f 2677//6943 2626//6943 2624//6943 
f 2681//6944 2626//6944 2677//6944 
f 2751//6945 2681//6945 2677//6945 
f 2753//6946 2681//6946 2751//6946 
f 2826//6947 2753//6947 2751//6947 
f 2830//6948 2753//6948 2826//6948 
f 2888//6949 2830//6949 2826//6949 
f 2890//6950 2830//6950 2888//6950 
f 3029//6951 2890//6951 2888//6951 
f 3036//6952 2890//6952 3029//6952 
f 3204//6953 3036//6953 3029//6953 
f 3208//6954 3036//6954 3204//6954 
f 3382//6955 3208//6955 3204//6955 
f 3393//6956 3208//6956 3382//6956 
f 3494//6957 3393//6957 3382//6957 
f 3498//6958 3393//6958 3494//6958 
f 3574//6959 3498//6959 3494//6959 
f 3583//6960 3498//6960 3574//6960 
f 3630//6961 3583//6961 3574//6961 
f 3633//6962 3583//6962 3630//6962 
f 3667//6963 3633//6963 3630//6963 
f 3673//6964 3633//6964 3667//6964 
f 3721//6965 3673//6965 3667//6965 
f 3728//6966 3673//6966 3721//6966 
f 3780//6967 3728//6967 3721//6967 
f 3786//6968 3728//6968 3780//6968 
f 3817//6969 3786//6969 3780//6969 
f 3840//6970 3786//6970 3817//6970 
f 3868//6971 3840//6971 3817//6971 
f 3881//6972 3840//6972 3868//6972 
f 3918//6973 3881//6973 3868//6973 
f 3928//6974 3881//6974 3918//6974 
f 3931//6975 3928//6975 3918//6975 
f 4051//6976 3928//6976 3931//6976 
f 3919//6977 4051//6977 3931//6977 
f 3929//6978 4051//6978 3919//6978 
f 3869//6979 3929//6979 3919//6979 
f 3882//6980 3929//6980 3869//6980 
f 3818//6981 3882//6981 3869//6981 
f 3841//6982 3882//6982 3818//6982 
f 3781//6983 3841//6983 3818//6983 
f 3787//6984 3841//6984 3781//6984 
f 3720//6985 3787//6985 3781//6985 
f 3727//6986 3787//6986 3720//6986 
f 3666//6987 3727//6987 3720//6987 
f 3671//6988 3727//6988 3666//6988 
f 3629//6989 3671//6989 3666//6989 
f 3632//6990 3671//6990 3629//6990 
f 3573//6991 3632//6991 3629//6991 
f 3581//6992 3632//6992 3573//6992 
f 3493//6993 3581//6993 3573//6993 
f 3497//6994 3581//6994 3493//6994 
f 3381//6995 3497//6995 3493//6995 
f 3391//6996 3497//6996 3381//6996 
f 1266//6997 1308//6997 1335//6997 
f 1254//6998 1266//6998 1335//6998 
f 1236//6999 1266//6999 1254//6999 
f 1335//7000 1308//7000 1339//7000 
f 1378//7001 1335//7001 1339//7001 
f 1376//7002 1335//7002 1378//7002 
f 1393//7003 1376//7003 1378//7003 
f 1426//7004 1376//7004 1393//7004 
f 1438//7005 1426//7005 1393//7005 
f 1491//7006 1426//7006 1438//7006 
f 1487//7007 1491//7007 1438//7007 
f 1491//7008 1487//7008 1493//7008 
f 1557//7009 1491//7009 1493//7009 
f 1555//7010 1491//7010 1557//7010 
f 1567//7011 1555//7011 1557//7011 
f 1604//7012 1555//7012 1567//7012 
f 1616//7013 1604//7013 1567//7013 
f 1682//7014 1604//7014 1616//7014 
f 1680//7015 1682//7015 1616//7015 
f 1682//7016 1680//7016 1683//7016 
f 1752//7017 1682//7017 1683//7017 
f 1750//7018 1682//7018 1752//7018 
f 1787//7019 1750//7019 1752//7019 
f 1814//7020 1750//7020 1787//7020 
f 2480//7021 2505//7021 2532//7021 
f 1814//7022 1787//7022 1815//7022 
f 2412//7023 1814//7023 1815//7023 
f 2415//7024 1814//7024 2412//7024 
f 2421//7025 2415//7025 2412//7025 
f 2480//7026 2415//7026 2421//7026 
f 2476//7027 2480//7027 2421//7027 
f 2505//7028 2480//7028 2476//7028 
f 2532//7029 2505//7029 2531//7029 
f 2616//7030 2532//7030 2531//7030 
f 2622//7031 2532//7031 2616//7031 
f 2630//7032 2622//7032 2616//7032 
f 2664//7033 2622//7033 2630//7033 
f 2659//7034 2664//7034 2630//7034 
f 2714//7035 2664//7035 2659//7035 
f 2703//7036 2714//7036 2659//7036 
f 2714//7037 2703//7037 2712//7037 
f 2787//7038 2714//7038 2712//7038 
f 2790//7039 2714//7039 2787//7039 
f 2794//7040 2790//7040 2787//7040 
f 2839//7041 2790//7041 2794//7041 
f 2837//7042 2839//7042 2794//7042 
f 2878//7043 2839//7043 2837//7043 
f 2862//7044 2878//7044 2837//7044 
f 2878//7045 2862//7045 2870//7045 
f 2937//7046 2878//7046 2870//7046 
f 2970//7047 2878//7047 2937//7047 
f 3004//7048 2970//7048 2937//7048 
f 3094//7049 2970//7049 3004//7049 
f 3094//7050 3004//7050 3085//7050 
f 3187//7051 3094//7051 3085//7051 
f 3214//7052 3094//7052 3187//7052 
f 3214//7053 3187//7053 3193//7053 
f 3297//7054 3214//7054 3193//7054 
f 3324//7055 3214//7055 3297//7055 
f 3359//7056 3324//7056 3297//7056 
f 3460//7057 3324//7057 3359//7057 
f 3460//7058 3359//7058 3432//7058 
f 3473//7059 3460//7059 3432//7059 
f 3484//7060 3460//7060 3473//7060 
f 3474//7061 3484//7061 3473//7061 
f 3511//7062 3484//7062 3474//7062 
f 3504//7063 3511//7063 3474//7063 
f 3549//7064 3511//7064 3504//7064 
f 3515//7065 3549//7065 3504//7065 
f 3549//7066 3515//7066 3532//7066 
f 3552//7067 3549//7067 3532//7067 
f 3563//7068 3549//7068 3552//7068 
f 3555//7069 3563//7069 3552//7069 
f 3569//7070 3563//7070 3555//7070 
f 3559//7071 3569//7071 3555//7071 
f 3570//7072 3569//7072 3559//7072 
f 3560//7073 3570//7073 3559//7073 
f 3570//7074 3560//7074 3561//7074 
f 3554//7075 3570//7075 3561//7075 
f 3564//7076 3570//7076 3554//7076 
f 3550//7077 3564//7077 3554//7077 
f 3551//7078 3564//7078 3550//7078 
f 3542//7079 3551//7079 3550//7079 
f 3513//7080 3551//7080 3542//7080 
f 3506//7081 3513//7081 3542//7081 
f 3513//7082 3506//7082 3505//7082 
f 3477//7083 3513//7083 3505//7083 
f 3485//7084 3513//7084 3477//7084 
f 3470//7085 3485//7085 3477//7085 
f 3462//7086 3485//7086 3470//7086 
f 3462//7087 3470//7087 3442//7087 
f 3307//7088 3462//7088 3442//7088 
f 3334//7089 3462//7089 3307//7089 
f 3334//7090 3307//7090 3302//7090 
f 3210//7091 3334//7091 3302//7091 
f 3226//7092 3334//7092 3210//7092 
f 3158//7093 3226//7093 3210//7093 
f 3117//7094 3226//7094 3158//7094 
f 3117//7095 3158//7095 3092//7095 
f 2963//7096 3117//7096 3092//7096 
f 2982//7097 3117//7097 2963//7097 
f 2936//7098 2982//7098 2963//7098 
f 2969//7099 2982//7099 2936//7099 
f 2861//7100 2714//7100 2790//7100 
f 3557//7101 3482//7101 3378//7101 
f 3372//7102 3557//7102 3378//7102 
f 3600//7103 3557//7103 3372//7103 
f 3625//7104 3600//7104 3372//7104 
f 3342//7105 3625//7105 3372//7105 
f 3327//7106 3625//7106 3342//7106 
f 3324//7107 3313//7107 3299//7107 
f 3324//7108 3299//7108 3265//7108 
f 3264//7109 3324//7109 3265//7109 
f 3214//7110 3324//7110 3264//7110 
f 3167//7111 3068//7111 3069//7111 
f 3120//7112 3167//7112 3069//7112 
f 3171//7113 3190//7113 3174//7113 
f 3167//7114 3171//7114 3174//7114 
f 3135//7115 3171//7115 3167//7115 
f 3120//7116 3135//7116 3167//7116 
f 3174//7117 3190//7117 3212//7117 
f 3260//7118 3174//7118 3212//7118 
f 3263//7119 3174//7119 3260//7119 
f 3333//7120 3366//7120 3479//7120 
f 3174//7121 3263//7121 3298//7121 
f 3303//7122 3174//7122 3298//7122 
f 3333//7123 3174//7123 3303//7123 
f 3341//7124 3333//7124 3303//7124 
f 3366//7125 3333//7125 3341//7125 
f 3479//7126 3366//7126 3385//7126 
f 3425//7127 3479//7127 3385//7127 
f 3428//7128 3479//7128 3425//7128 
f 3482//7129 3436//7129 3412//7129 
f 3403//7130 3482//7130 3412//7130 
f 3378//7131 3482//7131 3403//7131 
f 3479//7132 3428//7132 3439//7132 
f 3438//7133 3479//7133 3439//7133 
f 3482//7134 3479//7134 3438//7134 
f 3437//7135 3482//7135 3438//7135 
f 3436//7136 3482//7136 3437//7136 
f 2977//7137 2998//7137 2861//7137 
f 2790//7138 2977//7138 2861//7138 
f 2957//7139 2977//7139 2790//7139 
f 2839//7140 2957//7140 2790//7140 
f 2861//7141 2998//7141 3009//7141 
f 3024//7142 2861//7142 3009//7142 
f 3039//7143 2861//7143 3024//7143 
f 3060//7144 3068//7144 3167//7144 
f 2997//7145 3060//7145 3167//7145 
f 3039//7146 3060//7146 2997//7146 
f 2868//7147 3039//7147 2997//7147 
f 2861//7148 3039//7148 2868//7148 
f 3094//7149 3215//7149 3206//7149 
f 3094//7150 3214//7150 3264//7150 
f 3244//7151 3094//7151 3264//7151 
f 3215//7152 3094//7152 3244//7152 
f 3094//7153 3206//7153 3178//7153 
f 3150//7154 3094//7154 3178//7154 
f 3122//7155 3094//7155 3150//7155 
f 3094//7156 3122//7156 3073//7156 
f 3070//7157 3094//7157 3073//7157 
f 2970//7158 3094//7158 3070//7158 
f 3041//7159 2970//7159 3070//7159 
f 3032//7160 2970//7160 3041//7160 
f 2970//7161 3032//7161 3000//7161 
f 2981//7162 2970//7162 3000//7162 
f 2878//7163 2970//7163 2981//7163 
f 2878//7164 2981//7164 2968//7164 
f 2933//7165 2878//7165 2968//7165 
f 2926//7166 2878//7166 2933//7166 
f 2878//7167 2926//7167 2916//7167 
f 2917//7168 2878//7168 2916//7168 
f 2920//7169 2878//7169 2917//7169 
f 2878//7170 2920//7170 2921//7170 
f 2941//7171 2878//7171 2921//7171 
f 2839//7172 2878//7172 2941//7172 
f 2943//7173 2839//7173 2941//7173 
f 2957//7174 2839//7174 2943//7174 
f 1211//7175 1204//7175 1236//7175 
f 1254//7176 1211//7176 1236//7176 
f 1213//7177 1211//7177 1254//7177 
f 938//7178 906//7178 910//7178 
f 1034//7179 978//7179 984//7179 
f 1034//7180 906//7180 938//7180 
f 939//7181 1034//7181 938//7181 
f 978//7182 1034//7182 939//7182 
f 1034//7183 984//7183 1019//7183 
f 1035//7184 1034//7184 1019//7184 
f 1217//7185 1034//7185 1035//7185 
f 1217//7186 1035//7186 1067//7186 
f 1116//7187 1217//7187 1067//7187 
f 1255//7188 1217//7188 1116//7188 
f 1126//7189 1255//7189 1116//7189 
f 1255//7190 1126//7190 1168//7190 
f 1169//7191 1255//7191 1168//7191 
f 1203//7192 1255//7192 1169//7192 
f 1376//7193 1210//7193 1229//7193 
f 1376//7194 1229//7194 1243//7194 
f 1263//7195 1376//7195 1243//7195 
f 1280//7196 1376//7196 1263//7196 
f 1376//7197 1280//7197 1282//7197 
f 1286//7198 1376//7198 1282//7198 
f 1335//7199 1376//7199 1286//7199 
f 1287//7200 1335//7200 1286//7200 
f 1276//7201 1335//7201 1287//7201 
f 1335//7202 1276//7202 1267//7202 
f 1237//7203 1335//7203 1267//7203 
f 1254//7204 1335//7204 1237//7204 
f 1227//7205 1254//7205 1237//7205 
f 1213//7206 1254//7206 1227//7206 
f 906//7207 879//7207 882//7207 
f 892//7208 906//7208 882//7208 
f 910//7209 906//7209 892//7209 
f 3339//7210 3331//7210 3332//7210 
f 3348//7211 3339//7211 3332//7211 
f 3059//7212 2982//7212 3027//7212 
f 3117//7213 2982//7213 3059//7213 
f 3061//7214 3117//7214 3059//7214 
f 3093//7215 3117//7215 3061//7215 
f 3163//7216 3177//7216 3226//7216 
f 3117//7217 3163//7217 3226//7217 
f 3108//7218 3163//7218 3117//7218 
f 3093//7219 3108//7219 3117//7219 
f 3226//7220 3177//7220 3192//7220 
f 3228//7221 3226//7221 3192//7221 
f 3243//7222 3226//7222 3228//7222 
f 3568//7223 3285//7223 3286//7223 
f 3328//7224 3568//7224 3286//7224 
f 3338//7225 3568//7225 3328//7225 
f 3568//7226 3338//7226 3374//7226 
f 3394//7227 3568//7227 3374//7227 
f 3556//7228 3568//7228 3394//7228 
f 3415//7229 3556//7229 3394//7229 
f 3435//7230 3440//7230 3478//7230 
f 3556//7231 3435//7231 3478//7231 
f 3433//7232 3435//7232 3556//7232 
f 3415//7233 3433//7233 3556//7233 
f 3478//7234 3440//7234 3441//7234 
f 3427//7235 3478//7235 3441//7235 
f 3423//7236 3478//7236 3427//7236 
f 3478//7237 3423//7237 3383//7237 
f 3367//7238 3478//7238 3383//7238 
f 3348//7239 3478//7239 3367//7239 
f 3344//7240 3348//7240 3367//7240 
f 3339//7241 3348//7241 3344//7241 
f 3019//7242 3027//7242 2982//7242 
f 2969//7243 3019//7243 2982//7243 
f 3007//7244 3019//7244 2969//7244 
f 3462//7245 3334//7245 3648//7245 
f 3662//7246 3462//7246 3648//7246 
f 3485//7247 3462//7247 3662//7247 
f 3226//7248 3243//7248 3285//7248 
f 3568//7249 3226//7249 3285//7249 
f 3334//7250 3226//7250 3568//7250 
f 3599//7251 3334//7251 3568//7251 
f 3648//7252 3334//7252 3599//7252 
f 3551//7253 3804//7253 3564//7253 
f 3485//7254 3662//7254 3692//7254 
f 3743//7255 3485//7255 3692//7255 
f 3513//7256 3485//7256 3743//7256 
f 3765//7257 3513//7257 3743//7257 
f 3551//7258 3513//7258 3765//7258 
f 3792//7259 3551//7259 3765//7259 
f 3804//7260 3551//7260 3792//7260 
f 3564//7261 3804//7261 3843//7261 
f 3848//7262 3564//7262 3843//7262 
f 3570//7263 3564//7263 3848//7263 
f 3854//7264 3570//7264 3848//7264 
f 3569//7265 3570//7265 3854//7265 
f 3569//7266 3854//7266 3852//7266 
f 3847//7267 3569//7267 3852//7267 
f 3563//7268 3569//7268 3847//7268 
f 3803//7269 3563//7269 3847//7269 
f 3549//7270 3563//7270 3803//7270 
f 3549//7271 3803//7271 3794//7271 
f 3791//7272 3549//7272 3794//7272 
f 3511//7273 3549//7273 3791//7273 
f 3742//7274 3511//7274 3791//7274 
f 3484//7275 3511//7275 3742//7275 
f 3625//7276 3327//7276 3313//7276 
f 3324//7277 3625//7277 3313//7277 
f 3649//7278 3625//7278 3324//7278 
f 3460//7279 3649//7279 3324//7279 
f 3693//7280 3649//7280 3460//7280 
f 3484//7281 3693//7281 3460//7281 
f 3698//7282 3693//7282 3484//7282 
f 3742//7283 3698//7283 3484//7283 
f 2532//7284 2622//7284 2618//7284 
f 2567//7285 2532//7285 2618//7285 
f 2480//7286 2532//7286 2567//7286 
f 2714//7287 2861//7287 2820//7287 
f 2743//7288 2714//7288 2820//7288 
f 2664//7289 2714//7289 2743//7289 
f 2719//7290 2664//7290 2743//7290 
f 2622//7291 2664//7291 2719//7291 
f 2671//7292 2622//7292 2719//7292 
f 2618//7293 2622//7293 2671//7293 
f 1814//7294 1771//7294 1750//7294 
f 2480//7295 2567//7295 2514//7295 
f 2446//7296 2480//7296 2514//7296 
f 2415//7297 2480//7297 2446//7297 
f 2422//7298 2415//7298 2446//7298 
f 1814//7299 2415//7299 2422//7299 
f 2124//7300 1814//7300 2422//7300 
f 1771//7301 1814//7301 2124//7301 
f 1750//7302 1771//7302 1719//7302 
f 1698//7303 1750//7303 1719//7303 
f 1682//7304 1750//7304 1698//7304 
f 1602//7305 1682//7305 1698//7305 
f 1604//7306 1682//7306 1602//7306 
f 1604//7307 1602//7307 1564//7307 
f 1544//7308 1604//7308 1564//7308 
f 1555//7309 1604//7309 1544//7309 
f 1463//7310 1555//7310 1544//7310 
f 1491//7311 1555//7311 1463//7311 
f 1255//7312 1203//7312 1210//7312 
f 1376//7313 1255//7313 1210//7313 
f 1338//7314 1255//7314 1376//7314 
f 1426//7315 1338//7315 1376//7315 
f 1392//7316 1338//7316 1426//7316 
f 1491//7317 1392//7317 1426//7317 
f 1417//7318 1392//7318 1491//7318 
f 1463//7319 1417//7319 1491//7319 
f 928//7320 952//7320 953//7320 
f 930//7321 928//7321 953//7321 
f 929//7322 928//7322 930//7322 
f 931//7323 929//7323 930//7323 
f 949//7324 929//7324 931//7324 
f 950//7325 949//7325 931//7325 
f 1007//7326 949//7326 950//7326 
f 1008//7327 1007//7327 950//7327 
f 1069//7328 1007//7328 1008//7328 
f 1070//7329 1069//7329 1008//7329 
f 1134//7330 1069//7330 1070//7330 
f 1135//7331 1134//7331 1070//7331 
f 3497//7332 3391//7332 3390//7332 
f 3580//7333 3497//7333 3390//7333 
f 3581//7334 3497//7334 3580//7334 
f 3632//7335 3581//7335 3580//7335 
f 3670//7336 3632//7336 3580//7336 
f 3671//7337 3632//7337 3670//7337 
f 3727//7338 3671//7338 3670//7338 
f 3785//7339 3727//7339 3670//7339 
f 3787//7340 3727//7340 3785//7340 
f 3841//7341 3787//7341 3785//7341 
f 3880//7342 3841//7342 3785//7342 
f 3882//7343 3841//7343 3880//7343 
f 3929//7344 3882//7344 3880//7344 
f 4050//7345 3929//7345 3880//7345 
f 4051//7346 3929//7346 4050//7346 
f 3928//7347 4051//7347 4050//7347 
f 3879//7348 3928//7348 4050//7348 
f 3881//7349 3928//7349 3879//7349 
f 3840//7350 3881//7350 3879//7350 
f 3784//7351 3840//7351 3879//7351 
f 3786//7352 3840//7352 3784//7352 
f 3728//7353 3786//7353 3784//7353 
f 3672//7354 3728//7354 3784//7354 
f 3673//7355 3728//7355 3672//7355 
f 3633//7356 3673//7356 3672//7356 
f 3582//7357 3633//7357 3672//7357 
f 3583//7358 3633//7358 3582//7358 
f 3498//7359 3583//7359 3582//7359 
f 3392//7360 3498//7360 3582//7360 
f 3393//7361 3498//7361 3392//7361 
f 3208//7362 3393//7362 3392//7362 
f 3035//7363 3208//7363 3392//7363 
f 3036//7364 3208//7364 3035//7364 
f 2890//7365 3036//7365 3035//7365 
f 2829//7366 2890//7366 3035//7366 
f 2830//7367 2890//7367 2829//7367 
f 2753//7368 2830//7368 2829//7368 
f 2680//7369 2753//7369 2829//7369 
f 2681//7370 2753//7370 2680//7370 
f 2626//7371 2681//7371 2680//7371 
f 2525//7372 2626//7372 2680//7372 
f 2526//7373 2626//7373 2525//7373 
f 2454//7374 2526//7374 2525//7374 
f 2127//7375 2454//7375 2525//7375 
f 2128//7376 2454//7376 2127//7376 
f 1764//7377 2128//7377 2127//7377 
f 1687//7378 1764//7378 2127//7378 
f 1688//7379 1764//7379 1687//7379 
f 1593//7380 1688//7380 1687//7380 
f 1530//7381 1593//7381 1687//7381 
f 1531//7382 1593//7382 1530//7382 
f 1452//7383 1531//7383 1530//7383 
f 1385//7384 1452//7384 1530//7384 
f 1386//7385 1452//7385 1385//7385 
f 1320//7386 1386//7386 1385//7386 
f 1181//7387 1320//7387 1385//7387 
f 1182//7388 1320//7388 1181//7388 
f 998//7389 1182//7389 1181//7389 
f 818//7390 998//7390 1181//7390 
f 819//7391 998//7391 818//7391 
f 2963//7392 3119//7392 2913//7392 
f 3119//7393 2963//7393 3092//7393 
f 3158//7394 3119//7394 3092//7394 
f 3183//7395 3119//7395 3158//7395 
f 3210//7396 3183//7396 3158//7396 
f 3271//7397 3183//7397 3210//7397 
f 3271//7398 3210//7398 3302//7398 
f 3307//7399 3271//7399 3302//7399 
f 3431//7400 3271//7400 3307//7400 
f 3431//7401 3307//7401 3442//7401 
f 3470//7402 3431//7402 3442//7402 
f 3456//7403 3431//7403 3470//7403 
f 3477//7404 3456//7404 3470//7404 
f 3487//7405 3456//7405 3477//7405 
f 3487//7406 3477//7406 3505//7406 
f 3506//7407 3487//7407 3505//7407 
f 3496//7408 3487//7408 3506//7408 
f 3542//7409 3496//7409 3506//7409 
f 3522//7410 3496//7410 3542//7410 
f 3522//7411 3542//7411 3550//7411 
f 3554//7412 3522//7412 3550//7412 
f 3533//7413 3522//7413 3554//7413 
f 3561//7414 3533//7414 3554//7414 
f 3546//7415 3533//7415 3561//7415 
f 3546//7416 3561//7416 3560//7416 
f 3559//7417 3546//7417 3560//7417 
f 3531//7418 3546//7418 3559//7418 
f 3555//7419 3531//7419 3559//7419 
f 3517//7420 3531//7420 3555//7420 
f 3552//7421 3517//7421 3555//7421 
f 3495//7422 3517//7422 3552//7422 
f 3495//7423 3552//7423 3532//7423 
f 3515//7424 3495//7424 3532//7424 
f 3471//7425 3495//7425 3515//7425 
f 3504//7426 3471//7426 3515//7426 
f 3465//7427 3471//7427 3504//7427 
f 3465//7428 3504//7428 3474//7428 
f 3473//7429 3465//7429 3474//7429 
f 3304//7430 3465//7430 3473//7430 
f 3304//7431 3473//7431 3432//7431 
f 3359//7432 3304//7432 3432//7432 
f 3289//7433 3304//7433 3359//7433 
f 3297//7434 3289//7434 3359//7434 
f 3166//7435 3289//7435 3297//7435 
f 3166//7436 3297//7436 3193//7436 
f 3187//7437 3166//7437 3193//7437 
f 3063//7438 3166//7438 3187//7438 
f 3085//7439 3063//7439 3187//7439 
f 2972//7440 3063//7440 3085//7440 
f 2972//7441 3085//7441 3004//7441 
f 2937//7442 2972//7442 3004//7442 
f 2855//7443 2972//7443 2937//7443 
f 2855//7444 2937//7444 2870//7444 
f 2862//7445 2855//7445 2870//7445 
f 2854//7446 2855//7446 2862//7446 
f 2791//7447 2854//7447 2862//7447 
f 2791//7448 2862//7448 2837//7448 
f 2794//7449 2791//7449 2837//7449 
f 2747//7450 2791//7450 2794//7450 
f 2787//7451 2747//7451 2794//7451 
f 2702//7452 2747//7452 2787//7452 
f 2702//7453 2787//7453 2712//7453 
f 2703//7454 2702//7454 2712//7454 
f 2638//7455 2702//7455 2703//7455 
f 2638//7456 2703//7456 2659//7456 
f 2630//7457 2638//7457 2659//7457 
f 2627//7458 2638//7458 2630//7458 
f 2616//7459 2627//7459 2630//7459 
f 2504//7460 2627//7460 2616//7460 
f 2504//7461 2616//7461 2531//7461 
f 2505//7462 2504//7462 2531//7462 
f 2483//7463 2504//7463 2505//7463 
f 2476//7464 2483//7464 2505//7464 
f 2420//7465 2483//7465 2476//7465 
f 2420//7466 2476//7466 2421//7466 
f 2412//7467 2420//7467 2421//7467 
f 1802//7468 2420//7468 2412//7468 
f 1815//7469 1802//7469 2412//7469 
f 1788//7470 1802//7470 1815//7470 
f 1788//7471 1815//7471 1787//7471 
f 1752//7472 1788//7472 1787//7472 
f 1681//7473 1788//7473 1752//7473 
f 1681//7474 1752//7474 1683//7474 
f 1680//7475 1681//7475 1683//7475 
f 1674//7476 1681//7476 1680//7476 
f 1616//7477 1674//7477 1680//7477 
f 1570//7478 1674//7478 1616//7478 
f 1570//7479 1616//7479 1567//7479 
f 1557//7480 1570//7480 1567//7480 
f 1520//7481 1570//7481 1557//7481 
f 1493//7482 1520//7482 1557//7482 
f 1490//7483 1520//7483 1493//7483 
f 1487//7484 1490//7484 1493//7484 
f 1398//7485 1490//7485 1487//7485 
f 1398//7486 1487//7486 1438//7486 
f 1393//7487 1398//7487 1438//7487 
f 1397//7488 1398//7488 1393//7488 
f 1378//7489 1397//7489 1393//7489 
f 1334//7490 1397//7490 1378//7490 
f 1334//7491 1378//7491 1339//7491 
f 1308//7492 1334//7492 1339//7492 
f 1293//7493 1334//7493 1308//7493 
f 1266//7494 1293//7494 1308//7494 
f 1184//7495 1293//7495 1266//7495 
f 1184//7496 1266//7496 1156//7496 
f 1143//7497 1184//7497 1156//7497 
f 1018//7498 1184//7498 1143//7498 
f 1018//7499 1143//7499 1023//7499 
f 979//7500 1018//7500 1023//7500 
f 1003//7501 1018//7501 979//7501 
f 925//7502 1003//7502 979//7502 
f 857//7503 1003//7503 925//7503 
f 857//7504 925//7504 786//7504 
f 783//7505 857//7505 786//7505 
f 780//7506 857//7506 783//7506 
f 749//7507 780//7507 783//7507 
f 751//7508 780//7508 749//7508 
f 751//7509 749//7509 735//7509 
f 718//7510 751//7510 735//7510 
f 719//7511 751//7511 718//7511 
f 679//7512 719//7512 718//7512 
f 709//7513 719//7513 679//7513 
f 678//7514 709//7514 679//7514 
f 677//7515 709//7515 678//7515 
f 677//7516 678//7516 661//7516 
f 657//7517 677//7517 661//7517 
f 676//7518 677//7518 657//7518 
f 653//7519 676//7519 657//7519 
f 667//7520 676//7520 653//7520 
f 667//7521 653//7521 652//7521 
f 654//7522 667//7522 652//7522 
f 695//7523 667//7523 654//7523 
f 659//7524 695//7524 654//7524 
f 700//7525 695//7525 659//7525 
f 700//7526 659//7526 664//7526 
f 665//7527 700//7527 664//7527 
f 742//7528 700//7528 665//7528 
f 742//7529 665//7529 706//7529 
f 720//7530 742//7530 706//7530 
f 748//7531 742//7531 720//7531 
f 743//7532 748//7532 720//7532 
f 800//7533 748//7533 743//7533 
f 800//7534 743//7534 756//7534 
f 767//7535 800//7535 756//7535 
f 920//7536 800//7536 767//7536 
f 907//7537 920//7537 767//7537 
f 976//7538 920//7538 907//7538 
f 976//7539 907//7539 943//7539 
f 996//7540 976//7540 943//7540 
f 1144//7541 976//7541 996//7541 
f 1119//7542 1144//7542 996//7542 
f 1150//7543 1144//7543 1119//7543 
f 1123//7544 1150//7544 1119//7544 
f 1304//7545 1150//7545 1123//7545 
f 1304//7546 1123//7546 1239//7546 
f 1296//7547 1304//7547 1239//7547 
f 1348//7548 1304//7548 1296//7548 
f 1331//7549 1348//7549 1296//7549 
f 1382//7550 1348//7550 1331//7550 
f 1382//7551 1331//7551 1370//7551 
f 1375//7552 1382//7552 1370//7552 
f 1458//7553 1382//7553 1375//7553 
f 1458//7554 1375//7554 1421//7554 
f 1461//7555 1458//7555 1421//7555 
f 1467//7556 1458//7556 1461//7556 
f 1488//7557 1467//7557 1461//7557 
f 1559//7558 1467//7558 1488//7558 
f 1559//7559 1488//7559 1548//7559 
f 1556//7560 1559//7560 1548//7560 
f 1583//7561 1559//7561 1556//7561 
f 1591//7562 1583//7562 1556//7562 
f 1661//7563 1583//7563 1591//7563 
f 1661//7564 1591//7564 1653//7564 
f 1679//7565 1661//7565 1653//7565 
f 1734//7566 1661//7566 1679//7566 
f 1738//7567 1734//7567 1679//7567 
f 1761//7568 1734//7568 1738//7568 
f 1761//7569 1738//7569 1760//7569 
f 1799//7570 1761//7570 1760//7570 
f 2225//7571 1761//7571 1799//7571 
f 2226//7572 2225//7572 1799//7572 
f 2413//7573 2225//7573 2226//7573 
f 2393//7574 2413//7574 2226//7574 
f 2495//7575 2413//7575 2393//7575 
f 2495//7576 2393//7576 2458//7576 
f 2497//7577 2495//7577 2458//7577 
f 2536//7578 2495//7578 2497//7578 
f 2528//7579 2536//7579 2497//7579 
f 2572//7580 2536//7580 2528//7580 
f 2572//7581 2528//7581 2574//7581 
f 2590//7582 2572//7582 2574//7582 
f 2672//7583 2572//7583 2590//7583 
f 2672//7584 2590//7584 2657//7584 
f 2683//7585 2672//7585 2657//7585 
f 2688//7586 2672//7586 2683//7586 
f 2708//7587 2688//7587 2683//7587 
f 2763//7588 2688//7588 2708//7588 
f 2763//7589 2708//7589 2765//7589 
f 2766//7590 2763//7590 2765//7590 
f 2815//7591 2763//7591 2766//7591 
f 2833//7592 2815//7592 2766//7592 
f 2845//7593 2815//7593 2833//7593 
f 2845//7594 2833//7594 2847//7594 
f 2865//7595 2845//7595 2847//7595 
f 2913//7596 2845//7596 2865//7596 
f 2936//7597 2913//7597 2865//7597 
f 2963//7598 2913//7598 2936//7598 
f 3139//7599 3131//7599 3075//7599 
f 3291//7600 3336//7600 3278//7600 
f 3277//7601 3291//7601 3278//7601 
f 3252//7602 3291//7602 3277//7602 
f 3157//7603 3156//7603 3580//7603 
f 3390//7604 3157//7604 3580//7604 
f 3132//7605 3157//7605 3390//7605 
f 3124//7606 3132//7606 3390//7606 
f 3156//7607 3131//7607 3139//7607 
f 1059//7608 1054//7608 1007//7608 
f 1069//7609 1059//7609 1007//7609 
f 1083//7610 1059//7610 1069//7610 
f 1134//7611 1083//7611 1069//7611 
f 929//7612 789//7612 841//7612 
f 889//7613 929//7613 841//7613 
f 928//7614 929//7614 889//7614 
f 917//7615 928//7615 889//7615 
f 952//7616 928//7616 917//7616 
f 1007//7617 1054//7617 1063//7617 
f 1179//7618 1007//7618 1063//7618 
f 949//7619 1007//7619 1179//7619 
f 816//7620 949//7620 1179//7620 
f 929//7621 949//7621 816//7621 
f 629//7622 929//7622 816//7622 
f 789//7623 929//7623 629//7623 
f 761//7624 789//7624 629//7624 
f 3580//7625 3388//7625 3444//7625 
f 891//7626 843//7626 932//7626 
f 933//7627 891//7627 932//7627 
f 919//7628 891//7628 933//7628 
f 956//7629 919//7629 933//7629 
f 3278//7630 3336//7630 3388//7630 
f 3580//7631 3278//7631 3388//7631 
f 3249//7632 3278//7632 3580//7632 
f 3156//7633 3249//7633 3580//7633 
f 3194//7634 3249//7634 3156//7634 
f 3139//7635 3194//7635 3156//7635 
f 3582//7636 3578//7636 3449//7636 
f 3281//7637 3421//7637 3365//7637 
f 3326//7638 3281//7638 3365//7638 
f 3282//7639 3281//7639 3326//7639 
f 3293//7640 3282//7640 3326//7640 
f 3256//7641 3282//7641 3293//7641 
f 3152//7642 3160//7642 3199//7642 
f 3144//7643 3152//7643 3199//7643 
f 3134//7644 3152//7644 3144//7644 
f 3081//7645 3134//7645 3144//7645 
f 300//7646 440//7646 441//7646 
f 1012//7647 1065//7647 1056//7647 
f 1061//7648 1012//7648 1056//7648 
f 1074//7649 1012//7649 1061//7649 
f 1085//7650 1074//7650 1061//7650 
f 1140//7651 1074//7651 1085//7651 
f 433//7652 300//7652 441//7652 
f 488//7653 433//7653 441//7653 
f 540//7654 433//7654 488//7654 
f 558//7655 540//7655 488//7655 
f 629//7656 540//7656 558//7656 
f 634//7657 629//7657 558//7657 
f 761//7658 629//7658 634//7658 
f 440//7659 300//7659 3//7659 
f 299//7660 440//7660 3//7660 
f 487//7661 440//7661 299//7661 
f 432//7662 487//7662 299//7662 
f 560//7663 487//7663 432//7663 
f 542//7664 560//7664 432//7664 
f 636//7665 560//7665 542//7665 
f 631//7666 636//7666 542//7666 
f 763//7667 636//7667 631//7667 
f 791//7668 763//7668 631//7668 
f 2858//7669 3124//7669 3390//7669 
f 3033//7670 2858//7670 3390//7670 
f 2731//7671 2858//7671 3033//7671 
f 2827//7672 2731//7672 3033//7672 
f 2600//7673 2731//7673 2827//7673 
f 2678//7674 2600//7674 2827//7674 
f 2442//7675 2600//7675 2678//7675 
f 2523//7676 2442//7676 2678//7676 
f 1773//7677 2442//7677 2523//7677 
f 3199//7678 3160//7678 3149//7678 
f 3035//7679 3199//7679 3149//7679 
f 3255//7680 3199//7680 3035//7680 
f 3392//7681 3255//7681 3035//7681 
f 3281//7682 3255//7682 3392//7682 
f 3582//7683 3281//7683 3392//7683 
f 3421//7684 3281//7684 3582//7684 
f 3449//7685 3421//7685 3582//7685 
f 1181//7686 1346//7686 1090//7686 
f 1773//7687 2523//7687 2086//7687 
f 1685//7688 1773//7688 2086//7688 
f 1613//7689 1773//7689 1685//7689 
f 1528//7690 1613//7690 1685//7690 
f 1472//7691 1613//7691 1528//7691 
f 1383//7692 1472//7692 1528//7692 
f 1344//7693 1472//7693 1383//7693 
f 1179//7694 1344//7694 1383//7694 
f 1088//7695 1344//7695 1179//7695 
f 1063//7696 1088//7696 1179//7696 
f 3726//7697 3777//7697 3880//7697 
f 3785//7698 3726//7698 3880//7698 
f 3653//7699 3726//7699 3785//7699 
f 3670//7700 3653//7700 3785//7700 
f 3576//7701 3653//7701 3670//7701 
f 3580//7702 3576//7702 3670//7702 
f 3447//7703 3576//7703 3580//7703 
f 3444//7704 3447//7704 3580//7704 
f 932//7705 843//7705 791//7705 
f 631//7706 932//7706 791//7706 
f 955//7707 932//7707 631//7707 
f 818//7708 955//7708 631//7708 
f 1012//7709 955//7709 818//7709 
f 1181//7710 1012//7710 818//7710 
f 1065//7711 1012//7711 1181//7711 
f 1090//7712 1065//7712 1181//7712 
f 3655//7713 3578//7713 3582//7713 
f 3672//7714 3655//7714 3582//7714 
f 3725//7715 3655//7715 3672//7715 
f 3784//7716 3725//7716 3672//7716 
f 3776//7717 3725//7717 3784//7717 
f 3879//7718 3776//7718 3784//7718 
f 3777//7719 3776//7719 3879//7719 
f 4050//7720 3777//7720 3879//7720 
f 3880//7721 3777//7721 4050//7721 
f 2602//7722 2444//7722 2525//7722 
f 2680//7723 2602//7723 2525//7723 
f 2733//7724 2602//7724 2680//7724 
f 2829//7725 2733//7725 2680//7725 
f 2860//7726 2733//7726 2829//7726 
f 3035//7727 2860//7727 2829//7727 
f 3126//7728 2860//7728 3035//7728 
f 3149//7729 3126//7729 3035//7729 
f 1474//7730 1346//7730 1181//7730 
f 1385//7731 1474//7731 1181//7731 
f 1615//7732 1474//7732 1385//7732 
f 1530//7733 1615//7733 1385//7733 
f 1775//7734 1615//7734 1530//7734 
f 1687//7735 1775//7735 1530//7735 
f 2444//7736 1775//7736 1687//7736 
f 2127//7737 2444//7737 1687//7737 
f 2525//7738 2444//7738 2127//7738 
f 635//7739 763//7739 762//7739 
f 636//7740 763//7740 635//7740 
f 559//7741 636//7741 635//7741 
f 560//7742 636//7742 559//7742 
f 485//7743 560//7743 559//7743 
f 487//7744 560//7744 485//7744 
f 438//7745 487//7745 485//7745 
f 440//7746 487//7746 438//7746 
f 439//7747 440//7747 438//7747 
f 441//7748 440//7748 439//7748 
f 486//7749 441//7749 439//7749 
f 488//7750 441//7750 486//7750 
f 557//7751 488//7751 486//7751 
f 558//7752 488//7752 557//7752 
f 633//7753 558//7753 557//7753 
f 634//7754 558//7754 633//7754 
f 760//7755 634//7755 633//7755 
f 761//7756 634//7756 760//7756 
f 1343//7757 1088//7757 1087//7757 
f 1344//7758 1088//7758 1343//7758 
f 1471//7759 1344//7759 1343//7759 
f 1472//7760 1344//7760 1471//7760 
f 1612//7761 1472//7761 1471//7761 
f 1613//7762 1472//7762 1612//7762 
f 1772//7763 1613//7763 1612//7763 
f 1773//7764 1613//7764 1772//7764 
f 2441//7765 1773//7765 1772//7765 
f 2442//7766 1773//7766 2441//7766 
f 2599//7767 2442//7767 2441//7767 
f 2600//7768 2442//7768 2599//7768 
f 2730//7769 2600//7769 2599//7769 
f 2731//7770 2600//7770 2730//7770 
f 2857//7771 2731//7771 2730//7771 
f 2858//7772 2731//7772 2857//7772 
f 3123//7773 2858//7773 2857//7773 
f 3124//7774 2858//7774 3123//7774 
f 3575//7775 3447//7775 3446//7775 
f 3576//7776 3447//7776 3575//7776 
f 3652//7777 3576//7777 3575//7777 
f 3653//7778 3576//7778 3652//7778 
f 3724//7779 3653//7779 3652//7779 
f 3726//7780 3653//7780 3724//7780 
f 3775//7781 3726//7781 3724//7781 
f 3777//7782 3726//7782 3775//7782 
f 3774//7783 3777//7783 3775//7783 
f 3776//7784 3777//7784 3774//7784 
f 3723//7785 3776//7785 3774//7785 
f 3725//7786 3776//7786 3723//7786 
f 3654//7787 3725//7787 3723//7787 
f 3655//7788 3725//7788 3654//7788 
f 3577//7789 3655//7789 3654//7789 
f 3578//7790 3655//7790 3577//7790 
f 3448//7791 3578//7791 3577//7791 
f 3449//7792 3578//7792 3448//7792 
f 951//7793 557//7793 486//7793 
f 3074//7794 2730//7794 2599//7794 
f 1139//7795 1159//7795 1136//7795 
f 1071//7796 1139//7796 1136//7796 
f 1073//7797 1139//7797 1071//7797 
f 2601//7798 3054//7798 3055//7798 
f 3141//7799 2601//7799 3055//7799 
f 1163//7800 2443//7800 2601//7800 
f 3198//7801 3254//7801 3723//7801 
f 3774//7802 3198//7802 3723//7802 
f 1009//7803 951//7803 486//7803 
f 439//7804 1009//7804 486//7804 
f 438//7805 1009//7805 439//7805 
f 2859//7806 3133//7806 3079//7806 
f 3198//7807 3774//7807 3775//7807 
f 3724//7808 3198//7808 3775//7808 
f 3652//7809 3198//7809 3724//7809 
f 1164//7810 1163//7810 2601//7810 
f 3141//7811 1164//7811 2601//7811 
f 1139//7812 1164//7812 3141//7812 
f 3077//7813 1139//7813 3141//7813 
f 1159//7814 1139//7814 3077//7814 
f 3050//7815 1159//7815 3077//7815 
f 1160//7816 1159//7816 3050//7816 
f 3051//7817 1160//7817 3050//7817 
f 1133//7818 1160//7818 3051//7818 
f 1011//7819 1073//7819 1071//7819 
f 1009//7820 1011//7820 1071//7820 
f 954//7821 1011//7821 1009//7821 
f 760//7822 840//7822 788//7822 
f 1084//7823 1089//7823 1345//7823 
f 1138//7824 1084//7824 1345//7824 
f 1138//7825 1345//7825 1473//7825 
f 1614//7826 1138//7826 1473//7826 
f 1163//7827 1138//7827 1614//7827 
f 1774//7828 1163//7828 1614//7828 
f 2443//7829 1163//7829 1774//7829 
f 3079//7830 3054//7830 2601//7830 
f 2732//7831 3079//7831 2601//7831 
f 2859//7832 3079//7832 2732//7832 
f 1082//7833 1053//7833 1058//7833 
f 3155//7834 3129//7834 3154//7834 
f 633//7835 557//7835 951//7835 
f 916//7836 633//7836 951//7836 
f 760//7837 633//7837 916//7837 
f 888//7838 760//7838 916//7838 
f 840//7839 760//7839 888//7839 
f 3141//7840 3055//7840 3080//7840 
f 3143//7841 3141//7841 3080//7841 
f 3196//7842 3141//7842 3143//7842 
f 3198//7843 3196//7843 3143//7843 
f 3251//7844 3196//7844 3198//7844 
f 3652//7845 3251//7845 3198//7845 
f 3325//7846 3364//7846 3420//7846 
f 3448//7847 3325//7847 3420//7847 
f 3292//7848 3325//7848 3448//7848 
f 3577//7849 3292//7849 3448//7849 
f 3254//7850 3292//7850 3577//7850 
f 3654//7851 3254//7851 3577//7851 
f 3723//7852 3254//7852 3654//7852 
f 3051//7853 3074//7853 2599//7853 
f 2441//7854 3051//7854 2599//7854 
f 1772//7855 3051//7855 2441//7855 
f 3129//7856 3155//7856 3130//7856 
f 3123//7857 3129//7857 3130//7857 
f 3074//7858 3129//7858 3123//7858 
f 2857//7859 3074//7859 3123//7859 
f 2730//7860 3074//7860 2857//7860 
f 1084//7861 1060//7861 1055//7861 
f 1064//7862 1084//7862 1055//7862 
f 1089//7863 1084//7863 1064//7863 
f 842//7864 762//7864 790//7864 
f 3148//7865 3159//7865 3151//7865 
f 3133//7866 3148//7866 3151//7866 
f 3125//7867 3148//7867 3133//7867 
f 2859//7868 3125//7868 3133//7868 
f 1087//7869 1062//7869 1053//7869 
f 1082//7870 1087//7870 1053//7870 
f 1343//7871 1087//7871 1082//7871 
f 1133//7872 1343//7872 1082//7872 
f 1471//7873 1343//7873 1133//7873 
f 3051//7874 1471//7874 1133//7874 
f 1612//7875 1471//7875 3051//7875 
f 1772//7876 1612//7876 3051//7876 
f 1009//7877 438//7877 485//7877 
f 559//7878 1009//7878 485//7878 
f 954//7879 1009//7879 559//7879 
f 635//7880 954//7880 559//7880 
f 918//7881 954//7881 635//7881 
f 762//7882 918//7882 635//7882 
f 890//7883 918//7883 762//7883 
f 842//7884 890//7884 762//7884 
f 3443//7885 3387//7885 3335//7885 
f 3290//7886 3443//7886 3335//7886 
f 3446//7887 3443//7887 3290//7887 
f 3251//7888 3446//7888 3290//7888 
f 3575//7889 3446//7889 3251//7889 
f 3652//7890 3575//7890 3251//7890 
f 3145//7891 3200//7891 3222//7891 
f 3111//7892 3145//7892 3222//7892 
f 3082//7893 3145//7893 3111//7893 
f 3016//7894 3082//7894 3111//7894 
f 3056//7895 3082//7895 3016//7895 
f 2948//7896 3056//7896 3016//7896 
f 3057//7897 3056//7897 2948//7897 
f 2949//7898 3057//7898 2948//7898 
f 3083//7899 3057//7899 2949//7899 
f 3017//7900 3083//7900 2949//7900 
f 3146//7901 3083//7901 3017//7901 
f 3112//7902 3146//7902 3017//7902 
f 3201//7903 3146//7903 3112//7903 
f 3223//7904 3201//7904 3112//7904 
f 3258//7905 3201//7905 3223//7905 
f 3322//7906 3258//7906 3223//7906 
f 3284//7907 3258//7907 3322//7907 
f 3407//7908 3284//7908 3322//7908 
f 3283//7909 3284//7909 3407//7909 
f 3406//7910 3283//7910 3407//7910 
f 3257//7911 3283//7911 3406//7911 
f 3321//7912 3257//7912 3406//7912 
f 3200//7913 3257//7913 3321//7913 
f 3222//7914 3200//7914 3321//7914 
f 3078//7915 3142//7915 3110//7915 
f 3015//7916 3078//7916 3110//7916 
f 3052//7917 3078//7917 3015//7917 
f 2946//7918 3052//7918 3015//7918 
f 3053//7919 3052//7919 2946//7919 
f 2947//7920 3053//7920 2946//7920 
f 3076//7921 3053//7921 2947//7921 
f 3014//7922 3076//7922 2947//7922 
f 3140//7923 3076//7923 3014//7923 
f 3109//7924 3140//7924 3014//7924 
f 3195//7925 3140//7925 3109//7925 
f 3220//7926 3195//7926 3109//7926 
f 3250//7927 3195//7927 3220//7927 
f 3318//7928 3250//7928 3220//7928 
f 3280//7929 3250//7929 3318//7929 
f 3405//7930 3280//7930 3318//7930 
f 3279//7931 3280//7931 3405//7931 
f 3404//7932 3279//7932 3405//7932 
f 3253//7933 3279//7933 3404//7933 
f 3320//7934 3253//7934 3404//7934 
f 3197//7935 3253//7935 3320//7935 
f 3221//7936 3197//7936 3320//7936 
f 3142//7937 3197//7937 3221//7937 
f 3110//7938 3142//7938 3221//7938 
f 931//7939 930//7939 803//7939 
f 804//7940 931//7940 803//7940 
f 950//7941 931//7941 804//7941 
f 895//7942 950//7942 804//7942 
f 1008//7943 950//7943 895//7943 
f 987//7944 1008//7944 895//7944 
f 1070//7945 1008//7945 987//7945 
f 1099//7946 1070//7946 987//7946 
f 1135//7947 1070//7947 1099//7947 
f 1193//7948 1135//7948 1099//7948 
f 1162//7949 1135//7949 1193//7949 
f 1257//7950 1162//7950 1193//7950 
f 1161//7951 1162//7951 1257//7951 
f 1256//7952 1161//7952 1257//7952 
f 1137//7953 1161//7953 1256//7953 
f 1195//7954 1137//7954 1256//7954 
f 1072//7955 1137//7955 1195//7955 
f 1100//7956 1072//7956 1195//7956 
f 1010//7957 1072//7957 1100//7957 
f 988//7958 1010//7958 1100//7958 
f 953//7959 1010//7959 988//7959 
f 896//7960 953//7960 988//7960 
f 930//7961 953//7961 896//7961 
f 803//7962 930//7962 896//7962 
f 2859//7963 3126//7963 3125//7963 
f 2860//7964 3126//7964 2859//7964 
f 2732//7965 2860//7965 2859//7965 
f 2733//7966 2860//7966 2732//7966 
f 2601//7967 2733//7967 2732//7967 
f 2602//7968 2733//7968 2601//7968 
f 2443//7969 2602//7969 2601//7969 
f 2444//7970 2602//7970 2443//7970 
f 1774//7971 2444//7971 2443//7971 
f 1775//7972 2444//7972 1774//7972 
f 1614//7973 1775//7973 1774//7973 
f 1615//7974 1775//7974 1614//7974 
f 1473//7975 1615//7975 1614//7975 
f 1474//7976 1615//7976 1473//7976 
f 1345//7977 1474//7977 1473//7977 
f 1346//7978 1474//7978 1345//7978 
f 1089//7979 1346//7979 1345//7979 
f 1090//7980 1346//7980 1089//7980 
f 1085//7981 1084//7981 1138//7981 
f 1140//7982 1085//7982 1138//7982 
f 918//7983 919//7983 956//7983 
f 954//7984 918//7984 956//7984 
f 3293//7985 3292//7985 3254//7985 
f 3256//7986 3293//7986 3254//7986 
f 3133//7987 3134//7987 3081//7987 
f 3079//7988 3133//7988 3081//7988 
f 3131//7989 3129//7989 3074//7989 
f 3075//7990 3131//7990 3074//7990 
f 3290//7991 3291//7991 3252//7991 
f 3251//7992 3290//7992 3252//7992 
f 917//7993 916//7993 951//7993 
f 952//7994 917//7994 951//7994 
f 1082//7995 1083//7995 1134//7995 
f 1133//7996 1082//7996 1134//7996 
f 1064//7997 1090//7997 1089//7997 
f 1065//7998 1090//7998 1064//7998 
f 1055//7999 1065//7999 1064//7999 
f 1056//8000 1065//8000 1055//8000 
f 1060//8001 1056//8001 1055//8001 
f 1061//8002 1056//8002 1060//8002 
f 1084//8003 1061//8003 1060//8003 
f 1085//8004 1061//8004 1084//8004 
f 890//8005 919//8005 918//8005 
f 891//8006 919//8006 890//8006 
f 842//8007 891//8007 890//8007 
f 843//8008 891//8008 842//8008 
f 790//8009 843//8009 842//8009 
f 791//8010 843//8010 790//8010 
f 762//8011 791//8011 790//8011 
f 763//8012 791//8012 762//8012 
f 3151//8013 3134//8013 3133//8013 
f 3152//8014 3134//8014 3151//8014 
f 3159//8015 3152//8015 3151//8015 
f 3160//8016 3152//8016 3159//8016 
f 3148//8017 3160//8017 3159//8017 
f 3149//8018 3160//8018 3148//8018 
f 3125//8019 3149//8019 3148//8019 
f 3126//8020 3149//8020 3125//8020 
f 3420//8021 3449//8021 3448//8021 
f 3421//8022 3449//8022 3420//8022 
f 3364//8023 3421//8023 3420//8023 
f 3365//8024 3421//8024 3364//8024 
f 3325//8025 3365//8025 3364//8025 
f 3326//8026 3365//8026 3325//8026 
f 3292//8027 3326//8027 3325//8027 
f 3293//8028 3326//8028 3292//8028 
f 1058//8029 1083//8029 1082//8029 
f 1059//8030 1083//8030 1058//8030 
f 1053//8031 1059//8031 1058//8031 
f 1054//8032 1059//8032 1053//8032 
f 1062//8033 1054//8033 1053//8033 
f 1063//8034 1054//8034 1062//8034 
f 1087//8035 1063//8035 1062//8035 
f 1088//8036 1063//8036 1087//8036 
f 788//8037 761//8037 760//8037 
f 789//8038 761//8038 788//8038 
f 840//8039 789//8039 788//8039 
f 841//8040 789//8040 840//8040 
f 888//8041 841//8041 840//8041 
f 889//8042 841//8042 888//8042 
f 916//8043 889//8043 888//8043 
f 917//8044 889//8044 916//8044 
f 1038//8045 1298//8045 1292//8045 
f 1017//8046 1038//8046 1292//8046 
f 832//8047 1038//8047 1017//8047 
f 775//8048 832//8048 1017//8048 
f 737//8049 832//8049 775//8049 
f 715//8050 737//8050 775//8050 
f 703//8051 737//8051 715//8051 
f 666//8052 703//8052 715//8052 
f 712//8053 703//8053 666//8053 
f 682//8054 712//8054 666//8054 
f 753//8055 712//8055 682//8055 
f 747//8056 753//8056 682//8056 
f 945//8057 753//8057 747//8057 
f 915//8058 945//8058 747//8058 
f 1173//8059 945//8059 915//8059 
f 1149//8060 1173//8060 915//8060 
f 1352//8061 1173//8061 1149//8061 
f 1347//8062 1352//8062 1149//8062 
f 1464//8063 1352//8063 1347//8063 
f 1457//8064 1464//8064 1347//8064 
f 1586//8065 1464//8065 1457//8065 
f 1580//8066 1586//8066 1457//8066 
f 1736//8067 1586//8067 1580//8067 
f 1733//8068 1736//8068 1580//8068 
f 2408//8069 1736//8069 1733//8069 
f 2416//8070 2408//8070 1733//8070 
f 2535//8071 2408//8071 2416//8071 
f 2537//8072 2535//8072 2416//8072 
f 2684//8073 2535//8073 2537//8073 
f 2689//8074 2684//8074 2537//8074 
f 2812//8075 2684//8075 2689//8075 
f 2816//8076 2812//8076 2689//8076 
f 2909//8077 2812//8077 2816//8077 
f 2912//8078 2909//8078 2816//8078 
f 3168//8079 2909//8079 2912//8079 
f 3186//8080 3168//8080 2912//8080 
f 3375//8081 3168//8081 3186//8081 
f 3434//8082 3375//8082 3186//8082 
f 3483//8083 3375//8083 3434//8083 
f 3499//8084 3483//8084 3434//8084 
f 3508//8085 3483//8085 3499//8085 
f 3544//8086 3508//8086 3499//8086 
f 3501//8087 3508//8087 3544//8087 
f 3530//8088 3501//8088 3544//8088 
f 3466//8089 3501//8089 3530//8089 
f 3472//8090 3466//8090 3530//8090 
f 3267//8091 3466//8091 3472//8091 
f 3294//8092 3267//8092 3472//8092 
f 3046//8093 3267//8093 3294//8093 
f 3065//8094 3046//8094 3294//8094 
f 2851//8095 3046//8095 3065//8095 
f 2856//8096 2851//8096 3065//8096 
f 2741//8097 2851//8097 2856//8097 
f 2748//8098 2741//8098 2856//8098 
f 2634//8099 2741//8099 2748//8099 
f 2639//8100 2634//8100 2748//8100 
f 2482//8101 2634//8101 2639//8101 
f 2484//8102 2482//8102 2639//8102 
f 1804//8103 2482//8103 2484//8103 
f 1801//8104 1804//8104 2484//8104 
f 1675//8105 1804//8105 1801//8105 
f 1673//8106 1675//8106 1801//8106 
f 1526//8107 1675//8107 1673//8107 
f 1519//8108 1526//8108 1673//8108 
f 1401//8109 1526//8109 1519//8109 
f 1396//8110 1401//8110 1519//8110 
f 1298//8111 1401//8111 1396//8111 
f 1292//8112 1298//8112 1396//8112 
