# FreeCAD v1.0 build2 Arch module
# https://www.freecad.org
mtllib wrist2_link.mtl
o wrist2_link
usemtl color_cccccc
v -0.04 -0.0454 0.102
v -0.04 -0.0445 0.102
v -0.04 -0.0445 0.102
v -0.04 0.0 0.102
v -0.04 0.052498 0.102
v -0.04 2.3e-05 0.053702
v -0.039997 -0.000457 0.101543
v -0.039997 0.000457 0.101543
v -0.039996 -0.000584 0.09182
v -0.039995 0.000603 0.091269
v -0.039995 0.000609 0.091482
v -0.039995 -0.000632 0.091355
v -0.039995 0.000649 0.093115
v -0.039994 -0.009516 0.101304
v -0.039994 -0.009481 0.101301
v -0.039994 0.000696 0.093437
v -0.039994 0.010056 0.101292
v -0.039994 -0.010089 0.101277
v -0.039993 -0.000733 0.090366
v -0.039993 -0.000733 0.093693
v -0.039993 -0.009507 0.101255
v -0.039993 -0.009483 0.101254
v -0.039993 0.010499 0.101243
v -0.039993 -0.000759 0.094018
v -0.039993 0.008702 0.101237
v -0.039992 -0.008258 0.101209
v -0.039992 0.008074 0.101211
v -0.039992 0.000795 0.090132
v -0.039992 0.010633 0.101198
v -0.039992 0.010629 0.1012
v -0.039992 0.008952 0.101176
v -0.039992 0.008706 0.101166
v -0.039991 -0.010922 0.101171
v -0.039991 -0.011084 0.101156
v -0.039991 -0.010916 0.10114
v -0.039991 0.007531 0.101115
v -0.03999 -0.007167 0.101086
v -0.03999 -0.000914 0.101086
v -0.03999 0.000914 0.101086
v -0.03999 0.007167 0.101086
v -0.03999 -0.000916 0.101084
v -0.03999 0.000916 0.101084
v -0.039989 -0.007168 0.101076
v -0.039989 0.007168 0.101076
v -0.039989 -0.000922 0.101076
v -0.039989 0.000922 0.101076
v -0.039989 -0.007153 0.101054
v -0.039989 0.007153 0.101054
v -0.039989 -0.007169 0.101067
v -0.039989 0.007038 0.10099
v -0.039989 0.007169 0.101067
v -0.039989 0.002069 0.096598
v -0.039989 0.003043 0.097959
v -0.039989 0.003115 0.098059
v -0.039989 0.004316 0.099035
v -0.039989 -0.007167 0.101063
v -0.039989 -0.005455 0.100037
v -0.039989 -0.005209 0.099889
v -0.039989 -0.003895 0.098788
v -0.039989 -0.003529 0.098482
v -0.039989 -0.002527 0.097338
v -0.039989 -0.00209 0.09684
v -0.039989 -0.001373 0.095709
v -0.039989 -0.000924 0.094999
v -0.039989 -0.000924 0.101067
v -0.039989 0.000924 0.101067
v -0.039989 0.000924 0.094999
v -0.039989 0.001091 0.095232
v -0.039989 0.005619 0.100093
v -0.039989 0.006053 0.100447
v -0.039989 0.007166 0.101062
v -0.039989 0.011409 0.101073
v -0.039989 -0.011456 0.101051
v -0.039988 0.011069 0.101054
v -0.039987 0.011579 0.100999
v -0.039984 -0.001388 0.090772
v -0.039984 0.001412 0.090863
v -0.039984 -0.001115 0.089382
v -0.039984 0.001924 0.092433
v -0.039984 -0.002008 0.092639
v -0.039984 0.002616 0.093912
v -0.039984 -0.00288 0.094375
v -0.039984 0.003475 0.095289
v -0.039984 0.001122 0.089417
v -0.039984 -0.003982 0.095959
v -0.039983 0.004486 0.096549
v -0.039983 0.011546 0.100895
v -0.039983 -0.001156 0.089277
v -0.039983 -0.005293 0.097369
v -0.039983 0.005638 0.09768
v -0.039983 -0.006789 0.098582
v -0.039983 0.006917 0.098669
v -0.039983 0.008309 0.099503
v -0.039983 -0.00845 0.099575
v -0.039982 0.009803 0.100169
v -0.039982 -0.010252 0.100328
v -0.039982 0.011385 0.100653
v -0.039981 -0.012025 0.100787
v -0.03998 0.011943 0.100763
v -0.03998 0.001274 0.089086
v -0.03998 0.001275 0.089083
v -0.039979 -0.012288 0.100711
v -0.039979 -0.012297 0.100708
v -0.039977 -0.01227 0.100674
v -0.039977 -0.012279 0.10067
v -0.039976 0.012461 0.10061
v -0.039975 0.012487 0.100598
v -0.039975 0.012454 0.100593
v -0.039975 0.01251 0.100575
v -0.039973 -0.012581 0.10053
v -0.039956 -0.001874 0.088352
v -0.039954 -0.001903 0.088329
v -0.039946 -0.013368 0.09992
v -0.039941 -0.013435 0.099844
v -0.03994 0.002183 0.088063
v -0.03994 -0.013426 0.099831
v -0.039938 0.013526 0.099768
v -0.039934 -0.013574 0.099709
v -0.039908 0.013885 0.099327
v -0.039907 0.013891 0.099338
v -0.039901 -0.045835 0.102
v -0.039898 0.014086 0.099144
v -0.039877 -0.0454 0.098862
v -0.039877 -0.0454 0.105138
v -0.039866 -0.014382 0.098767
v -0.039865 -0.003284 0.087224
v -0.039861 -0.014359 0.09875
v -0.039853 -0.014548 0.098578
v -0.039843 0.014641 0.098455
v -0.039824 0.003753 0.086913
v -0.039817 -0.00189 0.053702
v -0.039816 -0.014835 0.098169
v -0.039778 -0.045835 0.098869
v -0.039778 -0.045835 0.105131
v -0.039769 0.015065 0.09783
v -0.039734 0.015007 0.097794
v -0.039635 0.005414 0.08612
v -0.039635 -0.005679 0.087513
v -0.039635 0.0057 0.087595
v -0.039635 0.006159 0.089
v -0.039635 -0.006233 0.089185
v -0.039635 0.006778 0.090325
v -0.039635 -0.007013 0.09074
v -0.039634 0.007545 0.091558
v -0.039634 -0.008 0.092158
v -0.039634 0.008451 0.092686
v -0.039634 -0.009173 0.09342
v -0.039634 0.009481 0.093699
v -0.039634 -0.010512 0.094505
v -0.039634 0.010626 0.094584
v -0.039634 0.011873 0.09533
v -0.039634 -0.011999 0.095395
v -0.039633 0.013211 0.095926
v -0.039633 -0.013613 0.096068
v -0.039633 0.014628 0.096359
v -0.039633 -0.015335 0.096506
v -0.039624 -0.005388 0.085913
v -0.039622 -0.046183 0.102
v -0.039612 0.005386 0.085918
v -0.039611 -0.015872 0.096591
v -0.039604 -0.01601 0.096431
v -0.039589 -0.015986 0.096417
v -0.039588 0.01583 0.096588
v -0.039584 0.016133 0.096254
v -0.039579 0.016163 0.09621
v -0.039576 -0.005808 0.085652
v -0.039575 -0.016178 0.096183
v -0.039573 0.00569 0.085732
v -0.039543 0.016079 0.096223
v -0.039508 -0.0454 0.095743
v -0.039508 -0.0454 0.108257
v -0.039508 -0.0445 0.095743
v -0.039508 -0.0445 0.108257
v -0.0395 0.052998 0.102
v -0.0395 0.053 0.102
v -0.0395 2.3e-05 0.053202
v -0.0395 -0.046183 0.098891
v -0.0395 -0.046183 0.105109
v -0.039473 -0.01657 0.095528
v -0.039465 0.006518 0.085228
v -0.039452 0.005679 0.053702
v -0.039421 0.016766 0.095218
v -0.039409 -0.045835 0.095758
v -0.039409 -0.045835 0.108242
v -0.039368 -0.00323 0.0532
v -0.039296 0.004013 0.0532
v -0.039291 0.007334 0.084737
v -0.03927 -0.007607 0.053702
v -0.039266 0.052498 0.109626
v -0.039266 0.052498 0.094374
v -0.039265 -0.0445 0.109632
v -0.039265 -0.0445 0.094368
v -0.039265 0.052498 0.094368
v -0.039265 0.052498 0.109632
v -0.039261 0.007652 0.053702
v -0.039231 -0.017312 0.094374
v -0.039225 0.017311 0.094375
v -0.03922 -0.046376 0.102
v -0.03919 -0.003213 0.053202
v -0.03915 -0.046376 0.100242
v -0.039134 -0.046183 0.095802
v -0.039134 -0.046183 0.108198
v -0.039115 0.003995 0.053202
v -0.039099 -0.046376 0.098923
v -0.039099 -0.046376 0.105077
v -0.038971 0.018138 0.093055
v -0.038947 -0.018248 0.092881
v -0.03893 -0.009191 0.083628
v -0.038909 -0.046376 0.106679
v -0.038898 0.018374 0.092677
v -0.038895 -0.0454 0.092662
v -0.038895 -0.0454 0.111338
v -0.038871 0.018108 0.093063
v -0.038863 -0.009428 0.083481
v -0.038803 -0.009911 0.084298
v -0.038803 0.00993 0.08437
v -0.038802 0.010335 0.085615
v -0.038802 -0.010401 0.085778
v -0.038802 0.010882 0.086787
v -0.038802 -0.01109 0.087154
v -0.038802 0.01156 0.087878
v -0.038802 -0.011962 0.088409
v -0.038802 0.012361 0.088876
v -0.038802 -0.013 0.089525
v -0.038802 0.013273 0.089772
v -0.038801 -0.014185 0.090485
v -0.038801 0.014286 0.090554
v -0.038801 -0.0155 0.091271
v -0.038801 0.015389 0.091214
v -0.038801 0.016573 0.09174
v -0.038801 -0.016929 0.091866
v -0.038801 0.017827 0.092123
v -0.038801 -0.018452 0.092253
v -0.038798 -0.045835 0.092685
v -0.038798 -0.045835 0.111315
v -0.038785 -0.009707 0.083309
v -0.038785 0.009708 0.083309
v -0.038784 -0.018581 0.092278
v -0.038779 -0.007512 0.053202
v -0.038775 0.052998 0.109531
v -0.038775 0.052998 0.094469
v -0.03877 0.007557 0.053202
v -0.03876 0.053 0.10961
v -0.03876 0.053 0.09439
v -0.038753 0.052998 0.109608
v -0.038753 0.052998 0.094392
v -0.038743 -0.009392 0.053702
v -0.038737 -0.046376 0.095865
v -0.038737 -0.046376 0.108135
v -0.038699 -0.018829 0.091877
v -0.038691 0.01015 0.083043
v -0.038678 0.018579 0.092307
v -0.038628 -0.018974 0.091647
v -0.038603 -0.01901 0.091676
v -0.038527 -0.046183 0.09275
v -0.038527 -0.046183 0.11125
v -0.038416 -0.019409 0.090958
v -0.038336 -0.046376 0.093851
v -0.038139 0.0201 0.089942
v -0.038136 -0.046376 0.092844
v -0.038136 -0.046376 0.111156
v -0.038128 0.02012 0.089911
v -0.038116 -0.010364 0.0532
v -0.038064 0.020078 0.089901
v -0.038042 -0.0454 0.089639
v -0.038042 -0.0454 0.114361
v -0.038042 -0.0445 0.089639
v -0.038042 -0.0445 0.114361
v -0.038042 -0.012363 0.081669
v -0.037951 -0.010316 0.053202
v -0.037948 -0.045835 0.08967
v -0.037948 -0.045835 0.11433
v -0.037902 0.01112 0.0532
v -0.037897 -0.020577 0.0892
v -0.037881 -0.0445 0.098995
v -0.037881 -0.0445 0.105005
v -0.037881 -0.042 0.098995
v -0.037881 -0.042 0.105005
v -0.037846 0.020611 0.089044
v -0.037794 0.013082 0.081213
v -0.037751 0.013224 0.081125
v -0.037728 0.011069 0.053202
v -0.037686 -0.020904 0.088587
v -0.037683 -0.046183 0.089756
v -0.037683 -0.046183 0.114244
v -0.037662 0.013042 0.053702
v -0.037618 -0.046376 0.11299
v -0.0375 -0.0 0.0532
v -0.0375 0.053 0.102
v -0.0375 0.057 0.102
v -0.0375 -0.0 0.057
v -0.037497 -0.014036 0.081163
v -0.037497 0.014053 0.081227
v -0.037497 -0.014463 0.082456
v -0.037496 0.014882 0.083337
v -0.037496 -0.015064 0.083658
v -0.037496 -0.015825 0.084753
v -0.037496 0.016173 0.085161
v -0.037496 -0.016731 0.085728
v -0.037496 -0.017765 0.086566
v -0.037496 0.017853 0.086626
v -0.037495 -0.018914 0.087252
v -0.037495 0.019851 0.087661
v -0.037495 -0.020161 0.087771
v -0.037475 -0.021243 0.088068
v -0.037473 0.013919 0.080674
v -0.037457 -0.013912 0.080672
v -0.037431 0.02124 0.088085
v -0.0373 -0.046376 0.089881
v -0.0373 -0.046376 0.11412
v -0.037098 -0.014958 0.053702
v -0.037092 0.052498 0.087027
v -0.037092 0.052498 0.116973
v -0.037087 -0.0445 0.116984
v -0.037087 -0.0445 0.087016
v -0.037086 0.052498 0.116984
v -0.037086 0.052498 0.087016
v -0.037081 0.015 0.053702
v -0.037068 -0.021977 0.087069
v -0.037063 0.022003 0.087025
v -0.037056 -0.021915 0.087035
v -0.037053 -0.022003 0.087029
v -0.037004 0.022108 0.086863
v -0.036955 -0.0454 0.086693
v -0.036955 -0.0454 0.117307
v -0.036934 -0.0445 0.093061
v -0.036934 -0.0445 0.110939
v -0.036934 -0.042 0.093061
v -0.036934 -0.042 0.110939
v -0.036904 0.022042 0.086864
v -0.036863 -0.045835 0.086731
v -0.036863 -0.045835 0.117269
v -0.036836 0.022405 0.086408
v -0.036779 -0.007316 0.0532
v -0.036779 0.007316 0.0532
v -0.036779 0.053 0.094684
v -0.036779 0.053 0.109316
v -0.036779 0.057 0.094684
v -0.036779 0.057 0.109316
v -0.036779 -0.007316 0.057
v -0.036779 0.007316 0.057
v -0.036725 -0.015851 0.079423
v -0.036634 -0.014771 0.053202
v -0.036628 0.052998 0.116786
v -0.036628 0.052998 0.087214
v -0.036617 0.014813 0.053202
v -0.036606 -0.046183 0.086837
v -0.036606 -0.046183 0.117163
v -0.036595 -0.022777 0.08585
v -0.036568 0.053 0.116934
v -0.036568 0.053 0.087066
v -0.036555 0.052998 0.116927
v -0.036555 0.052998 0.087073
v -0.036488 -0.046376 0.087679
v -0.036461 0.016449 0.079032
v -0.036362 -0.016605 0.078919
v -0.03635 -0.023048 0.085295
v -0.036268 -0.016556 0.053702
v -0.036234 -0.046376 0.086991
v -0.036234 -0.046376 0.117009
v -0.035734 -0.018007 0.078145
v -0.035734 0.018021 0.078199
v -0.035734 -0.018373 0.079257
v -0.035733 0.018734 0.080015
v -0.035733 -0.01889 0.080291
v -0.035733 -0.019545 0.081233
v -0.035733 0.019844 0.081584
v -0.035733 -0.020323 0.082071
v -0.035733 -0.021213 0.082792
v -0.035732 0.021289 0.082844
v -0.035732 -0.022201 0.083382
v -0.035732 0.023007 0.083734
v -0.035732 -0.023275 0.083828
v -0.035708 -0.017963 0.078013
v -0.0357 -0.023902 0.084024
v -0.035699 0.01796 0.078015
v -0.035679 0.023901 0.08403
v -0.035645 0.024097 0.083898
v -0.03564 -0.0454 0.08384
v -0.03564 -0.0445 0.08384
v -0.03564 -0.0454 0.12016
v -0.03564 -0.0445 0.12016
v -0.035605 0.024013 0.083859
v -0.035583 -0.01715 0.0532
v -0.035552 -0.045835 0.083886
v -0.035552 -0.045835 0.120114
v -0.035437 -0.017075 0.053202
v -0.035371 0.024486 0.083321
v -0.03535 0.024401 0.083268
v -0.035313 -0.046376 0.119006
v -0.035303 -0.046183 0.084012
v -0.035303 -0.046183 0.119988
v -0.035285 -0.01884 0.077428
v -0.035234 0.017854 0.0532
v -0.035135 -0.024789 0.082881
v -0.035076 0.017772 0.053202
v -0.035063 -0.0445 0.087351
v -0.035063 -0.0445 0.116649
v -0.035063 -0.042 0.087351
v -0.035063 -0.042 0.116649
v -0.034998 -0.024946 0.082657
v -0.034975 -0.024854 0.082606
v -0.034945 -0.046376 0.084195
v -0.034945 -0.046376 0.119805
v -0.034897 0.01955 0.076946
v -0.03479 -0.025097 0.082245
v -0.034653 -0.019906 0.076692
v -0.034645 -0.014351 0.0532
v -0.034645 0.014351 0.0532
v -0.034645 0.053 0.087649
v -0.034645 0.053 0.116351
v -0.034645 0.057 0.087649
v -0.034645 0.057 0.116351
v -0.034645 -0.014351 0.057
v -0.034645 0.014351 0.057
v -0.034625 0.019991 0.076639
v -0.034511 0.019932 0.053702
v -0.034167 0.02073 0.076124
v -0.034106 -0.0454 0.0811
v -0.034106 -0.0454 0.1229
v -0.034045 0.026066 0.081055
v -0.034021 -0.045835 0.081152
v -0.034021 -0.045835 0.122848
v -0.033939 0.025946 0.081041
v -0.033783 -0.046183 0.081298
v -0.033783 -0.046183 0.122702
v -0.033655 -0.046376 0.081892
v -0.033612 0.026582 0.080314
v -0.033564 -0.021759 0.053702
v -0.033557 0.052498 0.08023
v -0.033557 0.052498 0.12377
v -0.033547 -0.0445 0.080214
v -0.033547 -0.0445 0.123786
v -0.033545 0.052498 0.080216
v -0.033545 0.052498 0.123784
v -0.033543 0.026652 0.080217
v -0.033539 0.021798 0.053702
v -0.033535 -0.022087 0.076217
v -0.033534 0.022392 0.076859
v -0.033534 -0.022525 0.077092
v -0.033534 -0.023078 0.077889
v -0.033534 0.023331 0.078186
v -0.033534 -0.024489 0.079207
v -0.033534 0.024553 0.079251
v -0.033533 0.026007 0.080004
v -0.033533 -0.026233 0.080084
v -0.033529 -0.021802 0.075383
v -0.033522 -0.026648 0.08023
v -0.033511 0.021792 0.075385
v -0.033509 -0.026521 0.080187
v -0.033461 -0.021918 0.075303
v -0.03344 -0.046376 0.081508
v -0.03344 -0.046376 0.122492
v -0.033425 0.026509 0.08023
v -0.033145 -0.021487 0.053202
v -0.033138 0.052998 0.080502
v -0.033138 0.052998 0.123498
v -0.033136 -0.027093 0.079594
v -0.03312 0.021525 0.053202
v -0.033079 0.02249 0.0749
v -0.033025 -0.027058 0.07941
v -0.033006 0.053 0.080301
v -0.033006 0.053 0.123699
v -0.032988 0.052998 0.080314
v -0.032988 0.052998 0.123686
v -0.032552 -0.02318 0.074402
v -0.032482 -0.023122 0.053702
v -0.032361 -0.027855 0.078543
v -0.032361 -0.0454 0.078489
v -0.032361 -0.0445 0.078489
v -0.032361 -0.0454 0.125511
v -0.032361 -0.0445 0.125511
v -0.032324 -0.027723 0.078477
v -0.032315 -0.0445 0.082007
v -0.032315 -0.042 0.082007
v -0.032315 -0.0445 0.121993
v -0.032315 -0.042 0.121993
v -0.03228 -0.045835 0.078547
v -0.03228 -0.045835 0.125453
v -0.032214 0.028001 0.078343
v -0.032183 0.027869 0.07827
v -0.032142 -0.047963 0.103203
v -0.032132 -0.047963 0.100557
v -0.032055 -0.046376 0.124565
v -0.032055 -0.046183 0.078711
v -0.032055 -0.046183 0.125289
v -0.03198 0.028092 0.077949
v -0.031934 -0.047963 0.10584
v -0.031904 -0.047963 0.097921
v -0.031853 -0.023359 0.0532
v -0.031811 -0.047981 0.10319
v -0.031808 -0.047981 0.10251
v -0.031801 -0.047981 0.100572
v -0.031733 -0.023264 0.053202
v -0.031729 -0.046376 0.078947
v -0.031729 -0.046376 0.125053
v -0.031617 -0.047981 0.098437
v -0.031605 -0.047981 0.105801
v -0.031591 0.028632 0.077465
v -0.031576 -0.047981 0.097963
v -0.03151 -0.047963 0.108452
v -0.03148 -0.047981 0.106573
v -0.031461 -0.047963 0.095313
v -0.031423 -0.02475 0.073281
v -0.031382 0.023988 0.0532
v -0.031246 -0.047916 0.102501
v -0.031246 0.02388 0.053202
v -0.031217 -0.0477 0.103443
v -0.031204 -0.028992 0.076973
v -0.031186 -0.047981 0.108385
v -0.03118 -0.020834 0.057
v -0.03118 0.020834 0.057
v -0.03118 0.053 0.081166
v -0.03118 0.057 0.081166
v -0.03118 -0.020834 0.0532
v -0.03118 0.020834 0.0532
v -0.03118 0.053 0.122834
v -0.03118 0.057 0.122834
v -0.031171 -0.047916 0.10344
v -0.031137 -0.047981 0.095382
v -0.031054 -0.047916 0.098501
v -0.03095 -0.0477 0.097683
v -0.030927 -0.025561 0.073372
v -0.030926 0.025814 0.073905
v -0.030926 -0.025924 0.074098
v -0.030926 -0.026384 0.07476
v -0.030926 0.026594 0.075006
v -0.030926 -0.027555 0.075854
v -0.030926 0.027608 0.075891
v -0.030925 -0.047916 0.106492
v -0.030925 0.028814 0.076517
v -0.030925 -0.029001 0.076583
v -0.030924 0.025366 0.072832
v -0.030917 -0.029058 0.076607
v -0.030909 -0.047916 0.09769
v -0.030904 -0.025353 0.072837
v -0.030893 -0.047981 0.094426
v -0.030875 0.025431 0.072786
v -0.030874 -0.047963 0.11102
v -0.030849 0.029039 0.076653
v -0.030805 -0.047963 0.09275
v -0.030792 -0.029177 0.07644
v -0.03075 -0.047862 0.102
v -0.030717 -0.0477 0.10342
v -0.030657 -0.047862 0.103416
v -0.030646 -0.047981 0.110564
v -0.030556 -0.047981 0.110927
v -0.030488 -0.047981 0.092845
v -0.030487 -0.047862 0.097986
v -0.030487 -0.047862 0.106014
v -0.030455 -0.0477 0.097752
v -0.030441 -0.047862 0.097755
v -0.03042 -0.0477 0.109155
v -0.030416 -0.0454 0.076022
v -0.030416 -0.0454 0.127978
v -0.030365 -0.047916 0.109143
v -0.030351 -0.047916 0.094559
v -0.030341 -0.045835 0.076087
v -0.030341 -0.045835 0.127913
v -0.030207 0.026173 0.072235
v -0.03014 0.029896 0.075763
v -0.030129 -0.046183 0.076268
v -0.030129 -0.046183 0.127732
v -0.030113 0.026101 0.053702
v -0.030097 -0.047916 0.11041
v -0.030037 0.029719 0.075724
v -0.030028 -0.047963 0.113527
v -0.029941 -0.047963 0.090249
v -0.029933 -0.0477 0.10904
v -0.029913 -0.046376 0.076644
v -0.029887 -0.047862 0.109031
v -0.029879 -0.029922 0.075427
v -0.029823 -0.046376 0.076529
v -0.029823 -0.046376 0.127471
v -0.029719 -0.047981 0.113408
v -0.029702 -0.047862 0.094041
v -0.029702 -0.047862 0.109959
v -0.029688 -0.047981 0.090531
v -0.029633 -0.047981 0.09037
v -0.02963 -0.0477 0.092069
v -0.029574 -0.047916 0.092087
v -0.029287 -0.047981 0.114407
v -0.029222 -0.030681 0.074708
v -0.029214 0.030702 0.074677
v -0.029164 -0.030505 0.074633
v -0.029156 -0.0477 0.092228
v -0.02915 -0.047916 0.090739
v -0.029139 -0.027403 0.071329
v -0.029094 -0.047862 0.092249
v -0.028979 -0.047963 0.115956
v -0.028961 -0.030904 0.074409
v -0.028874 -0.047963 0.087828
v -0.028798 -0.027762 0.053702
v -0.028791 0.052498 0.074232
v -0.028791 0.052498 0.129768
v -0.028774 -0.047916 0.11419
v -0.028774 -0.0445 0.074214
v -0.028774 -0.0445 0.129786
v -0.028772 0.052498 0.074215
v -0.028772 0.052498 0.129785
v -0.028766 -0.031047 0.074222
v -0.028765 0.027795 0.053702
v -0.028759 -0.0445 0.077162
v -0.028759 -0.042 0.077162
v -0.028759 -0.0445 0.126838
v -0.028759 -0.042 0.126838
v -0.028759 0.031044 0.074229
v -0.028709 -0.0445 0.126891
v -0.028709 -0.042 0.126891
v -0.028681 -0.047981 0.115812
v -0.028635 -0.04654 0.127717
v -0.028633 -0.046545 0.127689
v -0.028623 -0.046524 0.076161
v -0.028619 -0.046552 0.076347
v -0.028605 -0.046656 0.077024
v -0.028603 -0.046657 0.077029
v -0.02859 -0.046654 0.127006
v -0.028587 -0.0477 0.114623
v -0.02858 -0.046681 0.126835
v -0.028577 -0.047981 0.087974
v -0.028563 -0.047916 0.114611
v -0.028526 0.02804 0.07085
v -0.028515 -0.031034 0.073913
v -0.028507 -0.046469 0.075673
v -0.028493 -0.046465 0.128365
v -0.028455 -0.046465 0.076625
v -0.028453 -0.046443 0.075443
v -0.028451 -0.04648 0.127282
v -0.028447 -0.046441 0.128573
v -0.028438 -0.027415 0.053202
v -0.028435 -0.0445 0.076914
v -0.028435 -0.042 0.076914
v -0.028431 0.052998 0.074579
v -0.028431 0.052998 0.129421
v -0.028425 -0.046431 0.076378
v -0.02842 -0.046426 0.127657
v -0.028412 -0.046781 0.12635
v -0.028409 -0.047862 0.090232
v -0.028409 -0.047862 0.113768
v -0.028406 -0.046786 0.077678
v -0.028406 0.027447 0.053202
v -0.028397 -0.046531 0.127016
v -0.028397 -0.046536 0.077017
v -0.028383 -0.04636 0.128111
v -0.028354 -0.045 0.075768
v -0.028354 -0.045 0.077321
v -0.028354 -0.045 0.126679
v -0.028354 -0.045 0.128232
v -0.028352 -0.046821 0.077855
v -0.028352 -0.046592 0.07732
v -0.02835 -0.046346 0.075768
v -0.02835 -0.046594 0.077335
v -0.028348 -0.046343 0.075745
v -0.028342 -0.046342 0.075733
v -0.02834 -0.046349 0.128227
v -0.02833 -0.046595 0.126684
v -0.028314 -0.046342 0.128296
v -0.02831 -0.046841 0.126058
v -0.028284 -0.0454 0.073716
v -0.028284 -0.0445 0.073716
v -0.028284 -0.0454 0.130284
v -0.028284 -0.0445 0.130284
v -0.028284 -0.046639 0.126456
v -0.028261 -0.0445 0.12715
v -0.028261 -0.042 0.12715
v -0.028249 -0.046656 0.126388
v -0.028242 -0.046415 0.075044
v -0.028226 -0.046663 0.077632
v -0.028222 -0.046412 0.128997
v -0.028214 -0.045835 0.073786
v -0.028214 -0.045835 0.130214
v -0.028207 0.053 0.074348
v -0.028207 0.053 0.129652
v -0.028195 -0.046884 0.078099
v -0.028188 0.052998 0.074371
v -0.028188 0.052998 0.129629
v -0.02813 -0.0477 0.114421
v -0.028101 -0.046921 0.125753
v -0.028096 -0.047862 0.114404
v -0.028086 -0.046927 0.078269
v -0.028085 -0.046284 0.128901
v -0.028083 -0.04629 0.075136
v -0.028079 -0.046283 0.128909
v -0.028055 -0.046757 0.078043
v -0.028053 -0.04639 0.129317
v -0.028047 -0.04639 0.074675
v -0.028039 -0.0445 0.076817
v -0.028039 -0.042 0.076817
v -0.028033 0.031396 0.07343
v -0.028017 -0.046183 0.073983
v -0.028017 -0.046183 0.130017
v -0.028012 -0.046276 0.074974
v -0.02796 -0.047981 0.086838
v -0.027948 -0.046798 0.125819
v -0.027942 -0.028752 0.070757
v -0.027941 0.028959 0.071189
v -0.027941 -0.029422 0.071883
v -0.027941 0.029593 0.072083
v -0.027941 -0.030373 0.072772
v -0.027941 0.030416 0.072802
v -0.02794 0.031395 0.073313
v -0.027935 -0.046803 0.078199
v -0.027933 0.031462 0.073344
v -0.027931 -0.046376 0.129517
v -0.02792 0.028607 0.070417
v -0.027918 -0.031456 0.073356
v -0.027908 -0.028598 0.070421
v -0.027905 -0.046386 0.129491
v -0.027879 -0.046831 0.125687
v -0.027878 -0.04701 0.078593
v -0.027859 -0.046388 0.074478
v -0.027845 0.031733 0.073329
v -0.027839 -0.046384 0.12957
v -0.027817 -0.04703 0.125339
v -0.027803 0.031546 0.073234
v -0.027744 -0.0445 0.12715
v -0.027744 -0.042 0.12715
v -0.027734 -0.047963 0.11829
v -0.027732 -0.046376 0.074268
v -0.027732 -0.046376 0.129732
v -0.027715 -0.046381 0.129715
v -0.027708 -0.046266 0.074607
v -0.027685 -0.046263 0.129433
v -0.027682 -0.04707 0.125227
v -0.027674 -0.047074 0.078797
v -0.027637 -0.0445 0.076885
v -0.027637 -0.042 0.076885
v -0.027611 -0.047963 0.085503
v -0.027577 -0.045 0.074423
v -0.027577 -0.046939 0.078665
v -0.027577 -0.045 0.078665
v -0.027577 -0.045 0.125335
v -0.027577 -0.046258 0.129577
v -0.027577 -0.045 0.129577
v -0.027576 -0.028921 0.070176
v -0.027564 -0.046261 0.074433
v -0.027564 -0.046386 0.12983
v -0.027557 -0.04694 0.125354
v -0.027542 -0.047116 0.078928
v -0.027542 -0.046951 0.0787
v -0.027537 -0.046947 0.125332
v -0.027521 -0.028854 0.053702
v -0.027516 -0.046376 0.129933
v -0.027503 -0.046963 0.078737
v -0.02748 -0.047981 0.118062
v -0.027478 -0.046389 0.129895
v -0.027474 -0.046258 0.074325
v -0.027471 -0.047916 0.087103
v -0.027449 -0.046385 0.074047
v -0.027448 -0.047981 0.118122
v -0.027442 -0.04626 0.129697
v -0.027412 -0.046992 0.078819
v -0.027388 -0.047157 0.079027
v -0.027365 -0.04639 0.073997
v -0.027327 -0.047981 0.085673
v -0.027318 -0.046262 0.129808
v -0.02731 -0.047024 0.125097
v -0.027301 -0.0477 0.086794
v -0.027295 -0.0445 0.077109
v -0.027295 -0.042 0.077109
v -0.027295 -0.0445 0.126891
v -0.027295 -0.042 0.126891
v -0.027283 -0.047916 0.086805
v -0.027272 -0.047034 0.078923
v -0.027236 -0.04627 0.074164
v -0.027159 -0.047222 0.124793
v -0.027144 -0.047227 0.12478
v -0.027098 -0.045 0.076104
v -0.027098 -0.045 0.076984
v -0.027098 -0.0445 0.076104
v -0.027098 -0.0445 0.076984
v -0.027098 -0.045 0.127016
v -0.027098 -0.045 0.127896
v -0.027098 -0.0445 0.127016
v -0.027098 -0.0445 0.127896
v -0.027089 -0.047088 0.079061
v -0.027052 -0.028783 0.0532
v -0.027037 -0.047098 0.124936
v -0.027024 -0.046406 0.130239
v -0.027009 -0.046407 0.130245
v -0.026979 -0.047916 0.117769
v -0.026962 -0.028677 0.053202
v -0.026895 -0.046289 0.130055
v -0.026865 0.03247 0.072364
v -0.026864 -0.0477 0.087037
v -0.026839 -0.047862 0.087049
v -0.026823 -0.047307 0.079391
v -0.026808 -0.047311 0.079401
v -0.026772 -0.046426 0.073646
v -0.026769 -0.046294 0.073847
v -0.026722 -0.047182 0.07924
v -0.026702 -0.04643 0.073604
v -0.026686 -0.046302 0.07382
v -0.026658 -0.045 0.075342
v -0.026658 -0.045 0.077746
v -0.026658 -0.0445 0.075342
v -0.026658 -0.0445 0.077746
v -0.026658 -0.042 0.077746
v -0.026658 -0.045 0.126254
v -0.026658 -0.045 0.128658
v -0.026658 -0.0445 0.126254
v -0.026658 -0.0445 0.128658
v -0.026658 -0.042 0.126254
v -0.02663 -0.047862 0.086625
v -0.02663 -0.047862 0.117375
v -0.026628 -0.04721 0.124694
v -0.026591 -0.046309 0.130233
v -0.026583 -0.047359 0.079469
v -0.026542 -0.047369 0.124514
v -0.026535 -0.029931 0.069409
v -0.026517 0.053 0.075484
v -0.026517 0.057 0.075484
v -0.026517 -0.026517 0.0532
v -0.026517 -0.026517 0.057
v -0.026517 0.026517 0.0532
v -0.026517 0.026517 0.057
v -0.026517 0.053 0.128517
v -0.026517 0.057 0.128517
v -0.026474 0.029315 0.0532
v -0.026468 -0.047245 0.124651
v -0.026431 -0.047257 0.079381
v -0.026366 -0.046463 0.130508
v -0.026366 0.029189 0.053202
v -0.026344 -0.047416 0.124427
v -0.026306 -0.046468 0.130533
v -0.026301 -0.047963 0.120514
v -0.026298 -0.046342 0.130313
v -0.026297 -0.032863 0.071859
v -0.026232 -0.045 0.073646
v -0.026232 -0.045 0.079442
v -0.026232 -0.045 0.124558
v -0.026232 -0.045 0.130354
v -0.026228 -0.0473 0.079423
v -0.026227 -0.04635 0.130333
v -0.026225 -0.047299 0.124586
v -0.026224 -0.046351 0.073672
v -0.026177 -0.047447 0.079593
v -0.026162 -0.047963 0.08329
v -0.02612 -0.047323 0.079446
v -0.026117 -0.046493 0.073449
v -0.026066 -0.046368 0.073621
v -0.026031 -0.047981 0.120324
v -0.026021 0.03038 0.069062
v -0.025978 -0.0454 0.071584
v -0.025978 -0.0454 0.132416
v -0.025974 -0.047491 0.079654
v -0.025961 -0.046379 0.073587
v -0.025913 -0.045835 0.071659
v -0.025913 -0.045835 0.132341
v -0.025899 -0.046387 0.130423
v -0.025896 -0.045 0.074902
v -0.025896 -0.0445 0.074902
v -0.025896 -0.045 0.078186
v -0.025896 -0.042 0.078186
v -0.025896 -0.045 0.125814
v -0.025896 -0.042 0.125814
v -0.025896 -0.045 0.129098
v -0.025896 -0.0445 0.129098
v -0.025893 -0.047981 0.083482
v -0.025883 -0.047504 0.124362
v -0.025865 -0.032902 0.071444
v -0.025852 -0.046522 0.073379
v -0.025844 -0.047383 0.124484
v -0.025822 -0.047388 0.124478
v -0.025809 -0.047981 0.083375
v -0.025781 -0.0477 0.119661
v -0.025732 -0.046183 0.071871
v -0.025732 -0.046183 0.132129
v -0.025729 -0.047916 0.119625
v -0.02569 -0.047414 0.079535
v -0.025685 -0.046548 0.130614
v -0.025658 -0.046425 0.130425
v -0.02554 -0.033341 0.071256
v -0.025507 -0.047571 0.079663
v -0.025497 -0.047577 0.124307
v -0.025491 -0.03313 0.071152
v -0.025486 -0.047448 0.079522
v -0.025471 -0.046376 0.072177
v -0.025471 -0.046376 0.131823
v -0.025452 -0.046578 0.130644
v -0.025441 -0.046585 0.073386
v -0.025429 0.033097 0.071214
v -0.025423 -0.046461 0.073571
v -0.025369 -0.0477 0.119378
v -0.025356 -0.046376 0.072087
v -0.025341 -0.047916 0.083713
v -0.025316 -0.047862 0.119343
v -0.025308 0.033484 0.071076
v -0.025204 -0.047621 0.124345
v -0.025201 0.033246 0.07102
v -0.025194 -0.047499 0.124486
v -0.025183 -0.0445 0.073961
v -0.025183 -0.042 0.073961
v -0.025182 -0.047981 0.12143
v -0.02515 -0.0445 0.129744
v -0.02515 -0.0445 0.130261
v -0.02515 -0.042 0.129744
v -0.02515 -0.042 0.130261
v -0.025123 -0.046507 0.073563
v -0.025115 -0.0445 0.074363
v -0.025115 -0.042 0.074363
v -0.0251 -0.047641 0.079671
v -0.025086 -0.0445 0.073565
v -0.025086 -0.042 0.073565
v -0.025067 -0.046517 0.130431
v -0.025016 -0.045 0.074902
v -0.025016 -0.0445 0.074902
v -0.025016 -0.045 0.078186
v -0.025016 -0.042 0.078186
v -0.025016 -0.045 0.125814
v -0.025016 -0.042 0.125814
v -0.025016 -0.045 0.129098
v -0.025016 -0.0445 0.129098
v -0.025015 -0.047531 0.124488
v -0.025011 -0.046529 0.130415
v -0.025007 -0.046655 0.13058
v -0.024979 -0.046655 0.073395
v -0.024891 -0.0445 0.074705
v -0.024891 -0.042 0.074705
v -0.024891 -0.0445 0.129295
v -0.024891 -0.0445 0.130709
v -0.024891 -0.042 0.129295
v -0.024891 -0.042 0.130709
v -0.024856 -0.047555 0.079484
v -0.024844 -0.047556 0.079479
v -0.024838 -0.0445 0.073241
v -0.024838 -0.042 0.073241
v -0.024838 -0.0445 0.130759
v -0.024838 -0.042 0.130759
v -0.024836 -0.047675 0.079601
v -0.024791 -0.046574 0.073647
v -0.024772 -0.046697 0.073458
v -0.024741 -0.047916 0.12109
v -0.024706 0.031416 0.068246
v -0.024691 -0.047963 0.122613
v -0.024687 -0.046595 0.130325
v -0.024686 -0.046595 0.073673
v -0.024686 -0.047574 0.079423
v -0.024685 -0.047574 0.124579
v -0.024679 -0.045 0.073646
v -0.024679 -0.045 0.079442
v -0.024679 -0.045 0.124558
v -0.024679 -0.045 0.130354
v -0.024645 -0.047704 0.124418
v -0.024628 0.031327 0.053702
v -0.024616 -0.031621 0.068403
v -0.024615 0.031786 0.068745
v -0.024615 -0.032155 0.069294
v -0.024615 0.032291 0.069453
v -0.024615 -0.032909 0.07
v -0.024615 0.032943 0.070024
v -0.024596 -0.031513 0.068171
v -0.024596 -0.046726 0.130521
v -0.02459 0.031507 0.068174
v -0.024586 -0.033679 0.070447
v -0.024561 -0.047591 0.124613
v -0.024556 0.033668 0.070471
v -0.024536 -0.047963 0.081203
v -0.024531 -0.047716 0.124465
v -0.024436 -0.047981 0.122401
v -0.024396 -0.047862 0.083281
v -0.024396 -0.047862 0.120719
v -0.024387 -0.046657 0.130242
v -0.024351 -0.046781 0.130411
v -0.02433 -0.046667 0.073763
v -0.024321 -0.047622 0.124679
v -0.024283 -0.047981 0.081417
v -0.024255 -0.046684 0.130205
v -0.024254 -0.045 0.075342
v -0.024254 -0.045 0.077746
v -0.024254 -0.0445 0.075342
v -0.024254 -0.042 0.075342
v -0.024254 -0.042 0.077746
v -0.024254 -0.045 0.126254
v -0.024254 -0.045 0.128658
v -0.024254 -0.0445 0.128658
v -0.024254 -0.042 0.126254
v -0.024254 -0.042 0.128658
v -0.024252 -0.047748 0.079446
v -0.02423 -0.047628 0.07926
v -0.024185 -0.046704 0.073846
v -0.02418 -0.047753 0.079404
v -0.024136 -0.046823 0.073652
v -0.024123 -0.046826 0.07366
v -0.024081 0.034283 0.070061
v -0.024059 -0.047648 0.079199
v -0.024042 -0.0477 0.082036
v -0.023994 -0.032005 0.067786
v -0.023992 -0.047916 0.082077
v -0.023969 -0.047649 0.124884
v -0.023924 -0.047778 0.124713
v -0.023902 -0.046883 0.073804
v -0.023894 -0.047779 0.124736
v -0.023822 -0.046798 0.129939
v -0.023814 -0.045 0.076104
v -0.023814 -0.045 0.076984
v -0.023814 -0.042 0.076104
v -0.023814 -0.042 0.076984
v -0.023814 -0.045 0.127016
v -0.023814 -0.045 0.127896
v -0.023814 -0.042 0.127016
v -0.023814 -0.042 0.127896
v -0.0238 -0.046903 0.130166
v -0.02374 -0.04692 0.130116
v -0.023679 -0.047667 0.078924
v -0.023657 -0.0477 0.082355
v -0.023643 -0.046843 0.074154
v -0.023629 -0.046847 0.074165
v -0.023616 -0.047862 0.082392
v -0.023597 -0.047678 0.125101
v -0.023587 -0.047796 0.079053
v -0.023564 0.034315 0.069627
v -0.023556 -0.046972 0.074028
v -0.023542 -0.046873 0.129766
v -0.023512 -0.03462 0.06964
v -0.023511 -0.0454 0.069639
v -0.023511 -0.0445 0.069639
v -0.023511 -0.0454 0.134361
v -0.023511 -0.0445 0.134361
v -0.023507 -0.047801 0.079005
v -0.023493 -0.046888 0.074276
v -0.023459 0.032399 0.067472
v -0.023453 -0.045835 0.06972
v -0.023453 -0.045835 0.13428
v -0.023434 -0.047798 0.125085
v -0.023426 -0.047681 0.125253
v -0.023416 -0.046912 0.074344
v -0.023401 -0.047012 0.074128
v -0.023371 -0.047683 0.078701
v -0.023364 -0.046929 0.074394
v -0.023354 -0.046939 0.12956
v -0.02334 -0.047681 0.078661
v -0.023339 -0.047802 0.125158
v -0.023335 -0.046939 0.074423
v -0.023335 -0.045 0.074423
v -0.023335 -0.045 0.078665
v -0.023335 -0.045 0.125335
v -0.023335 -0.045 0.129577
v -0.023334 -0.047683 0.125335
v -0.023333 -0.046947 0.129536
v -0.023289 -0.046183 0.069945
v -0.023289 -0.046183 0.134055
v -0.023271 -0.047053 0.074259
v -0.023261 -0.047678 0.125432
v -0.023236 -0.047806 0.125236
v -0.02322 -0.047071 0.129682
v -0.023204 -0.047674 0.078487
v -0.0232 -0.047981 0.080241
v -0.023156 -0.034549 0.069332
v -0.023152 -0.047804 0.125335
v -0.023125 -0.047098 0.129602
v -0.023094 -0.047798 0.078574
v -0.023076 -0.047801 0.125426
v -0.023069 -0.047117 0.074461
v -0.023053 -0.046376 0.070271
v -0.023053 -0.046376 0.133729
v -0.022978 -0.047072 0.129147
v -0.022974 -0.032745 0.053702
v -0.022969 0.052498 0.069252
v -0.022969 0.052498 0.134748
v -0.022965 -0.047081 0.074895
v -0.022943 -0.0445 0.069234
v -0.022943 -0.0445 0.134766
v -0.022942 0.052498 0.069237
v -0.022942 0.052498 0.134763
v -0.022936 0.032771 0.053702
v -0.02293 -0.034935 0.069253
v -0.022925 -0.047099 0.129043
v -0.022924 0.03493 0.069261
v -0.022913 -0.047963 0.124573
v -0.022909 -0.047797 0.078381
v -0.022892 -0.047795 0.125643
v -0.022888 -0.04711 0.074993
v -0.022865 -0.047654 0.12596
v -0.022859 -0.047204 0.07479
v -0.022855 -0.047656 0.078039
v -0.022828 -0.047652 0.126009
v -0.022822 -0.047647 0.077958
v -0.022813 -0.047222 0.129143
v -0.022794 -0.047916 0.080623
v -0.022755 -0.047774 0.125902
v -0.022743 -0.047963 0.079257
v -0.022743 -0.047963 0.124744
v -0.02271 -0.047766 0.078007
v -0.022686 -0.032335 0.053202
v -0.022682 0.052998 0.069661
v -0.022682 0.052998 0.134339
v -0.022681 -0.047228 0.075464
v -0.022677 -0.047981 0.12434
v -0.022649 0.032362 0.053202
v -0.022636 -0.047247 0.128469
v -0.022632 -0.047294 0.128877
v -0.022622 -0.047254 0.128442
v -0.022617 -0.047589 0.126564
v -0.022596 -0.047313 0.0752
v -0.02258 -0.047299 0.128228
v -0.022579 -0.047581 0.077354
v -0.022578 -0.047286 0.075698
v -0.022572 -0.047576 0.126685
v -0.022567 -0.047301 0.075769
v -0.022565 -0.047963 0.124907
v -0.022564 -0.047577 0.077318
v -0.022558 -0.045 0.075768
v -0.022558 -0.045 0.077321
v -0.022558 -0.045 0.126679
v -0.022558 -0.045 0.128232
v -0.022557 0.035136 0.069008
v -0.022546 -0.047572 0.077273
v -0.022542 -0.047351 0.075379
v -0.022531 -0.046376 0.134078
v -0.02253 -0.04736 0.075418
v -0.022529 -0.047563 0.126796
v -0.022518 -0.047364 0.076078
v -0.022517 -0.047369 0.12854
v -0.022509 -0.047981 0.079491
v -0.022509 -0.047981 0.124509
v -0.022507 -0.047736 0.12637
v -0.022504 -0.047381 0.127839
v -0.022502 -0.047735 0.077617
v -0.022496 -0.047497 0.127195
v -0.022484 -0.047484 0.076717
v -0.022471 -0.047715 0.12653
v -0.022466 0.034872 0.068939
v -0.02246 -0.047428 0.127616
v -0.022457 -0.047444 0.07647
v -0.022445 -0.047704 0.077379
v -0.022369 -0.047465 0.128106
v -0.022356 -0.047504 0.127885
v -0.022352 0.053 0.069432
v -0.022352 0.053 0.134568
v -0.022347 -0.047491 0.076026
v -0.022345 -0.047492 0.076032
v -0.022334 0.052998 0.069464
v -0.022334 0.052998 0.134536
v -0.022332 -0.047608 0.076709
v -0.022329 -0.04764 0.076893
v -0.022323 -0.047625 0.127201
v -0.022316 -0.047621 0.127229
v -0.022097 -0.047916 0.124097
v -0.022097 -0.0477 0.124097
v -0.021744 -0.047862 0.080256
v -0.021744 -0.047862 0.123744
v -0.021744 -0.0477 0.123744
v -0.021611 -0.033629 0.066476
v -0.021565 -0.033543 0.053702
v -0.02137 -0.035781 0.068215
v -0.021358 0.035807 0.06818
v -0.021341 -0.033239 0.0532
v -0.021298 -0.035522 0.06812
v -0.021281 -0.033132 0.053202
v -0.021017 -0.034034 0.06615
v -0.020989 -0.034131 0.066342
v -0.020989 0.034261 0.066605
v -0.020989 -0.034547 0.067028
v -0.020989 0.034652 0.06715
v -0.020989 -0.035129 0.067574
v -0.020989 0.035156 0.067593
v -0.020988 -0.03405 0.066136
v -0.020981 0.034042 0.066139
v -0.020973 -0.035692 0.067907
v -0.020916 0.035656 0.067967
v -0.0209 -0.0454 0.067894
v -0.0209 -0.0454 0.136106
v -0.020848 -0.045835 0.067979
v -0.020848 -0.045835 0.136021
v -0.020834 0.053 0.07082
v -0.020834 0.057 0.07082
v -0.020834 -0.03118 0.0532
v -0.020834 -0.03118 0.057
v -0.020834 0.03118 0.0532
v -0.020834 0.03118 0.057
v -0.020834 0.053 0.13318
v -0.020834 0.057 0.13318
v -0.020797 -0.047963 0.077464
v -0.020749 -0.036117 0.067802
v -0.020726 0.034211 0.066002
v -0.020702 -0.046183 0.068217
v -0.020702 -0.046183 0.135783
v -0.020676 0.033656 0.0532
v -0.0206 -0.047963 0.126702
v -0.020599 0.033521 0.053202
v -0.020583 -0.047981 0.077717
v -0.020522 -0.046939 0.102
v -0.020492 -0.046376 0.06856
v -0.020492 -0.046376 0.13544
v -0.020422 -0.035981 0.067548
v -0.020388 -0.047981 0.126447
v -0.020347 -0.046939 0.099321
v -0.020347 -0.046939 0.104679
v -0.020235 -0.047981 0.077445
v -0.020108 -0.046376 0.068345
v -0.019993 -0.0445 0.069685
v -0.019993 -0.042 0.069685
v -0.019993 -0.0445 0.134315
v -0.019993 -0.042 0.134315
v -0.019964 -0.0477 0.077958
v -0.019959 -0.047916 0.077964
v -0.019873 -0.047916 0.077883
v -0.019823 -0.046939 0.096688
v -0.019823 -0.046939 0.107312
v -0.019645 -0.0477 0.078343
v -0.019608 -0.047862 0.078384
v -0.019584 0.036652 0.067165
v -0.0195 0.036373 0.06708
v -0.01943 -0.047981 0.127182
v -0.019101 -0.036878 0.066894
v -0.01909 -0.047916 0.126741
v -0.01903 -0.036602 0.066799
v -0.01896 -0.046939 0.094147
v -0.01896 -0.046939 0.109853
v -0.018719 -0.047862 0.077604
v -0.018719 -0.047862 0.126396
v -0.01871 -0.047963 0.075838
v -0.018697 0.036779 0.066577
v -0.018518 -0.047981 0.076107
v -0.018487 -0.047963 0.12832
v -0.018325 0.035546 0.064888
v -0.018309 0.037259 0.066436
v -0.018297 -0.047981 0.128049
v -0.018253 0.035419 0.053702
v -0.018216 -0.035612 0.064834
v -0.01816 -0.0454 0.06636
v -0.01816 -0.0445 0.06636
v -0.01816 -0.0454 0.13764
v -0.01816 -0.0445 0.13764
v -0.018114 -0.045835 0.066448
v -0.018114 -0.045835 0.137552
v -0.018109 0.035666 0.064788
v -0.017988 -0.046183 0.066697
v -0.017988 -0.046183 0.137303
v -0.017815 -0.037472 0.066186
v -0.017805 -0.046376 0.067055
v -0.017805 -0.046376 0.136945
v -0.017773 -0.046939 0.091739
v -0.017773 -0.046939 0.112261
v -0.017661 -0.0477 0.127781
v -0.017625 -0.047916 0.127729
v -0.017426 0.057 0.100394
v -0.017426 0.0581 0.100394
v -0.017378 -0.0477 0.127369
v -0.017365 -0.037345 0.065904
v -0.017343 -0.047862 0.127316
v -0.017327 0.0582 0.100403
v -0.017173 0.057 0.105368
v -0.017173 0.0581 0.105368
v -0.017107 -0.036247 0.064602
v -0.017107 0.036347 0.064798
v -0.017107 -0.036566 0.065116
v -0.017107 0.036645 0.065207
v -0.017107 -0.037003 0.065528
v -0.017107 0.037023 0.065542
v -0.0171 -0.037444 0.065789
v -0.017086 -0.036131 0.064386
v -0.017085 0.036129 0.064387
v -0.017075 0.0582 0.105349
v -0.017052 0.037403 0.065855
v -0.016934 -0.046376 0.137346
v -0.016925 -0.047981 0.075064
v -0.016745 -0.037886 0.065706
v -0.016679 -0.037601 0.065609
v -0.016626 -0.047916 0.07554
v -0.016497 -0.047963 0.074389
v -0.016435 0.038003 0.06557
v -0.016328 0.037677 0.065538
v -0.016327 -0.047981 0.074673
v -0.016306 -0.036525 0.053702
v -0.016304 0.052498 0.065473
v -0.016304 0.052498 0.138527
v -0.016281 -0.046939 0.089507
v -0.016281 -0.046939 0.114493
v -0.016269 -0.0445 0.065458
v -0.016269 -0.0445 0.138542
v -0.016268 0.052498 0.065462
v -0.016268 0.052498 0.138538
v -0.016268 0.057 0.095549
v -0.016268 0.0581 0.095549
v -0.016264 0.036544 0.053702
v -0.016256 -0.038074 0.065487
v -0.016256 0.038074 0.065488
v -0.016248 -0.047963 0.129759
v -0.016202 0.036529 0.06404
v -0.016175 0.0582 0.095586
v -0.016102 -0.036069 0.053202
v -0.0161 0.052998 0.06593
v -0.0161 0.052998 0.13807
v -0.01608 -0.047981 0.129473
v -0.016063 -0.047981 0.129482
v -0.016061 0.036088 0.053202
v -0.015769 -0.047916 0.128979
v -0.015659 0.053 0.065736
v -0.015659 0.053 0.138264
v -0.015645 0.052998 0.138223
v -0.015645 0.052998 0.065777
v -0.015528 0.057 0.11007
v -0.015528 0.0581 0.11007
v -0.015439 0.0582 0.110024
v -0.015375 -0.047862 0.07537
v -0.015375 -0.047862 0.12863
v -0.015307 -0.0454 0.065045
v -0.015307 -0.0454 0.138955
v -0.015269 -0.045835 0.065137
v -0.015269 -0.045835 0.138863
v -0.015212 0.038488 0.065006
v -0.015206 -0.0477 0.074699
v -0.015177 -0.047916 0.074754
v -0.015163 -0.046183 0.065394
v -0.015163 -0.046183 0.138606
v -0.015161 -0.037016 0.063622
v -0.015009 -0.046376 0.065766
v -0.015009 -0.046376 0.138234
v -0.014963 -0.0477 0.075136
v -0.014951 -0.047862 0.075161
v -0.014913 -0.036577 0.0532
v -0.014891 -0.038602 0.064875
v -0.01488 -0.036479 0.053202
v -0.014862 -0.037123 0.063524
v -0.014842 0.037144 0.063507
v -0.014829 -0.037022 0.053702
v -0.014649 -0.0445 0.066937
v -0.014649 -0.042 0.066937
v -0.014649 -0.0445 0.137063
v -0.014649 -0.042 0.137063
v -0.014511 -0.046939 0.087489
v -0.014511 -0.046939 0.116511
v -0.014351 0.053 0.067355
v -0.014351 0.057 0.067355
v -0.014351 -0.034645 0.057
v -0.014351 0.034645 0.057
v -0.014351 -0.034645 0.0532
v -0.014351 0.034645 0.0532
v -0.014351 0.053 0.136645
v -0.014351 0.057 0.136645
v -0.014321 -0.046376 0.065512
v -0.014289 -0.03879 0.064663
v -0.014236 -0.038511 0.064559
v -0.014208 -0.038521 0.064547
v -0.014183 0.036866 0.0532
v -0.014172 -0.047963 0.073126
v -0.014138 0.036731 0.053202
v -0.014026 -0.047981 0.073424
v -0.013897 -0.047963 0.131007
v -0.013791 0.057 0.091228
v -0.013791 0.0581 0.091228
v -0.013754 -0.047981 0.130708
v -0.013728 -0.038668 0.064388
v -0.013713 0.0582 0.091289
v -0.0135 0.038773 0.064294
v -0.013385 0.038792 0.064246
v -0.013342 -0.047981 0.073122
v -0.013106 -0.047916 0.073631
v -0.013016 0.037857 0.06301
v -0.013016 -0.037938 0.06321
v -0.013016 0.038015 0.063353
v -0.013016 -0.038179 0.063586
v -0.013016 0.038517 0.063902
v -0.01301 0.038848 0.064107
v -0.013 0.037798 0.062915
v -0.012999 -0.038861 0.064125
v -0.012999 -0.038891 0.064147
v -0.012999 -0.037796 0.062917
v -0.012626 0.057 0.114118
v -0.012626 0.0581 0.114118
v -0.012623 -0.0477 0.130587
v -0.012611 -0.047916 0.130563
v -0.012553 0.0582 0.114049
v -0.012493 -0.046939 0.085719
v -0.012493 -0.046939 0.118281
v -0.012421 -0.0477 0.13013
v -0.012407 -0.047981 0.131287
v -0.012404 -0.047862 0.130096
v -0.012361 -0.0454 0.063958
v -0.012361 -0.0445 0.063958
v -0.012361 -0.0454 0.140042
v -0.012361 -0.0445 0.140042
v -0.01233 -0.045835 0.064052
v -0.01233 -0.045835 0.139948
v -0.012249 0.039446 0.063922
v -0.012244 -0.046183 0.064317
v -0.012244 -0.046183 0.139683
v -0.01219 -0.047916 0.130774
v -0.01212 -0.046376 0.0647
v -0.012119 -0.046376 0.1393
v -0.011962 -0.03817 0.062578
v -0.011874 0.038197 0.062553
v -0.011768 -0.047862 0.073591
v -0.011768 -0.047862 0.130409
v -0.011761 0.039571 0.063786
v -0.011751 -0.047963 0.072059
v -0.011731 -0.039592 0.063759
v -0.011722 -0.039595 0.063756
v -0.011698 0.039278 0.06373
v -0.011667 -0.039299 0.063706
v -0.01163 -0.047981 0.072367
v -0.011451 -0.047963 0.132057
v -0.011333 -0.047981 0.131747
v -0.011264 0.03836 0.062396
v -0.011227 0.039414 0.063586
v -0.011225 0.039113 0.063443
v -0.01122 0.038231 0.053702
v -0.011136 -0.039461 0.063529
v -0.011067 -0.038412 0.062345
v -0.010877 -0.046376 0.13965
v -0.010442 0.039229 0.063152
v -0.010268 -0.046385 0.102
v -0.010261 -0.046939 0.084227
v -0.010261 -0.046939 0.119773
v -0.010248 0.039696 0.063287
v -0.010198 0.057 0.087778
v -0.010198 0.0581 0.087778
v -0.01018 -0.046385 0.10066
v -0.01018 -0.046385 0.10334
v -0.01014 0.0582 0.08786
v -0.009931 -0.0477 0.07237
v -0.009919 -0.047916 0.0724
v -0.009918 -0.046385 0.099343
v -0.009918 -0.046385 0.104657
v -0.00981 0.039323 0.062917
v -0.009772 -0.0477 0.072844
v -0.009751 -0.047862 0.072906
v -0.009727 0.039813 0.063174
v -0.009584 0.039357 0.062833
v -0.009541 -0.047981 0.071645
v -0.009486 -0.046385 0.098071
v -0.009486 -0.046385 0.105929
v -0.009371 -0.047916 0.072188
v -0.009338 -0.0454 0.063105
v -0.009338 -0.0454 0.140895
v -0.009315 -0.045835 0.063202
v -0.009315 -0.045835 0.140798
v -0.00925 -0.047963 0.071195
v -0.00925 -0.046183 0.063473
v -0.00925 -0.046183 0.140527
v -0.009204 0.040221 0.063073
v -0.009156 -0.046376 0.063864
v -0.009156 -0.046376 0.140136
v -0.009155 -0.047981 0.071512
v -0.009115 0.038934 0.061842
v -0.009045 -0.040237 0.063058
v -0.009041 0.052498 0.063035
v -0.009041 0.052498 0.140965
v -0.00904 -0.038965 0.053702
v -0.009 -0.039979 0.063016
v -0.008998 -0.0445 0.063025
v -0.008998 -0.0445 0.140975
v -0.008997 0.052498 0.063029
v -0.008997 0.052498 0.140971
v -0.008997 0.04026 0.063033
v -0.008995 0.038976 0.053702
v -0.008993 -0.04025 0.063045
v -0.008939 -0.0445 0.065066
v -0.008939 -0.042 0.065066
v -0.008939 -0.0445 0.138934
v -0.008939 -0.042 0.138934
v -0.008928 0.052998 0.063522
v -0.008928 0.052998 0.140478
v -0.008927 -0.038478 0.053202
v -0.008927 -0.047963 0.132901
v -0.008927 -0.038991 0.061788
v -0.008892 -0.046385 0.096866
v -0.008892 -0.046385 0.107134
v -0.008882 0.038488 0.053202
v -0.008835 -0.047981 0.132583
v -0.008767 0.039031 0.061771
v -0.008767 -0.039054 0.061876
v -0.008767 0.03911 0.062044
v -0.008767 -0.039176 0.06219
v -0.008767 0.039027 0.061752
v -0.008767 0.039236 0.062294
v -0.008767 -0.039361 0.062465
v -0.008766 -0.039885 0.062866
v -0.008765 -0.039022 0.061756
v -0.008758 0.039451 0.062598
v -0.008757 0.03903 0.061749
v -0.008755 -0.040038 0.062957
v -0.0087 0.057 0.117184
v -0.0087 0.0581 0.117184
v -0.00865 0.0582 0.117097
v -0.008565 -0.047981 0.132649
v -0.008439 -0.040383 0.0629
v -0.00841 -0.047916 0.132097
v -0.008379 0.053 0.063399
v -0.008379 0.053 0.140601
v -0.008372 0.052998 0.063448
v -0.008372 0.052998 0.140552
v -0.008149 -0.046376 0.063664
v -0.008146 -0.046385 0.095749
v -0.008146 -0.046385 0.108251
v -0.007984 -0.038685 0.0532
v -0.007973 -0.038605 0.053202
v -0.007959 -0.047862 0.072298
v -0.007959 -0.047862 0.131702
v -0.007943 0.040455 0.062826
v -0.007907 0.040221 0.062781
v -0.007907 -0.040244 0.062754
v -0.007853 -0.046939 0.08304
v -0.007853 -0.046939 0.12096
v -0.007565 -0.03925 0.061522
v -0.007555 -0.039162 0.053702
v -0.007551 0.039793 0.062407
v -0.007551 0.040213 0.062651
v -0.007543 0.040303 0.062703
v -0.007539 0.03959 0.062251
v -0.007316 0.053 0.065221
v -0.007316 0.057 0.065221
v -0.007316 -0.036779 0.0532
v -0.007316 -0.036779 0.057
v -0.007316 0.036779 0.0532
v -0.007316 0.036779 0.057
v -0.007316 0.053 0.138779
v -0.007316 0.057 0.138779
v -0.00726 -0.046385 0.09474
v -0.00726 -0.046385 0.10926
v -0.007213 0.038836 0.0532
v -0.007196 0.03871 0.053202
v -0.007155 -0.0477 0.13242
v -0.007143 -0.047916 0.132365
v -0.00704 -0.0477 0.131933
v -0.007031 -0.047862 0.131887
v -0.007021 0.04042 0.06259
v -0.006687 -0.047963 0.070539
v -0.006618 -0.047981 0.070863
v -0.006341 -0.047963 0.133533
v -0.006292 -0.040739 0.062528
v -0.006276 -0.047981 0.133208
v -0.006266 -0.040529 0.062497
v -0.006257 -0.0454 0.062492
v -0.006257 -0.0445 0.062492
v -0.006257 -0.0454 0.141508
v -0.006257 -0.0445 0.141508
v -0.006251 -0.046385 0.093854
v -0.006251 -0.046385 0.110146
v -0.006242 -0.045835 0.062591
v -0.006242 -0.045835 0.141409
v -0.006198 -0.046183 0.062866
v -0.006198 -0.046183 0.141134
v -0.006189 0.04078 0.062482
v -0.006175 0.039746 0.061863
v -0.006135 -0.046376 0.063263
v -0.006135 -0.046376 0.140737
v -0.006101 0.039751 0.061849
v -0.005973 -0.039552 0.061212
v -0.005915 0.03956 0.061202
v -0.005808 0.039773 0.061793
v -0.005778 0.057 0.085481
v -0.005778 0.0581 0.085481
v -0.005745 0.0582 0.085576
v -0.005579 -0.047981 0.070686
v -0.005481 -0.047916 0.071234
v -0.005312 -0.046939 0.082177
v -0.005312 -0.046939 0.121823
v -0.005221 -0.040916 0.062342
v -0.005134 -0.046385 0.093108
v -0.005134 -0.046385 0.110892
v -0.004837 -0.040778 0.062273
v -0.004572 -0.047981 0.133478
v -0.004523 -0.046376 0.140927
v -0.004492 -0.047916 0.132925
v -0.00441 0.039801 0.061241
v -0.00441 -0.039825 0.061322
v -0.00441 0.039876 0.061452
v -0.00441 -0.039934 0.061564
v -0.00441 -0.040085 0.061778
v -0.00441 -0.040494 0.062102
v -0.004408 -0.040822 0.062239
v -0.004404 -0.039726 0.061007
v -0.004404 0.039723 0.061009
v -0.004403 0.039879 0.061528
v -0.004317 -0.0477 0.07105
v -0.004311 -0.047916 0.071103
v -0.004248 -0.0477 0.071545
v -0.004245 -0.047862 0.071559
v -0.004079 -0.047963 0.070096
v -0.00407 0.057 0.11902
v -0.00407 0.0581 0.11902
v -0.004047 0.0582 0.118923
v -0.004037 -0.047981 0.070424
v -0.004014 -0.047862 0.071513
v -0.004014 -0.047862 0.132487
v -0.003998 0.041033 0.062226
v -0.003986 0.040881 0.062191
v -0.003961 0.0582 0.101444
v -0.003929 -0.046385 0.092514
v -0.003929 -0.046385 0.111486
v -0.003877 0.039919 0.061429
v -0.003799 0.039789 0.060932
v -0.003793 0.040035 0.061564
v -0.003793 0.0403 0.061867
v -0.003793 0.040644 0.062081
v -0.003788 0.039926 0.061412
v -0.003782 0.039662 0.053702
v -0.003753 0.040917 0.062161
v -0.003713 -0.047963 0.133949
v -0.003709 0.0582 0.103499
v -0.003674 -0.047981 0.13362
v -0.003488 -0.04108 0.06218
v -0.003475 -0.040919 0.062165
v -0.003152 0.0582 0.099538
v -0.003138 -0.0454 0.062123
v -0.003138 -0.0454 0.141877
v -0.003131 -0.045835 0.062222
v -0.003131 -0.045835 0.141778
v -0.003109 -0.046183 0.0625
v -0.003109 -0.046183 0.1415
v -0.003091 0.039978 0.06128
v -0.00308 0.041139 0.062119
v -0.003077 -0.046376 0.062901
v -0.003077 -0.046376 0.141099
v -0.003005 -0.0445 0.064119
v -0.003005 -0.042 0.064119
v -0.003005 -0.0445 0.139881
v -0.003005 -0.042 0.139881
v -0.002971 0.057 0.101583
v -0.002971 0.0572 0.101583
v -0.00286 -0.039898 0.060806
v -0.002781 0.057 0.103124
v -0.002781 0.0572 0.103124
v -0.002768 0.041019 0.062084
v -0.002679 -0.046939 0.081653
v -0.002679 -0.046939 0.122347
v -0.002669 0.039911 0.060788
v -0.002657 -0.046385 0.092082
v -0.002657 -0.046385 0.111918
v -0.002462 0.0582 0.105152
v -0.002364 0.057 0.100153
v -0.002364 0.0572 0.100153
v -0.002233 -0.041199 0.062062
v -0.001847 0.057 0.104364
v -0.001847 0.0572 0.104364
v -0.001796 -0.041094 0.062031
v -0.001758 -0.046376 0.06285
v -0.00153 -0.047981 0.070208
v -0.001502 -0.047916 0.070786
v -0.001499 0.0582 0.098291
v -0.001446 0.052498 0.062026
v -0.001446 0.052498 0.141974
v -0.001443 -0.0477 0.133217
v -0.001443 -0.047963 0.069868
v -0.001442 -0.039974 0.053702
v -0.00144 -0.047916 0.133171
v -0.001428 -0.047981 0.070199
v -0.001428 0.052998 0.141474
v -0.001428 0.052998 0.062526
v -0.001424 -0.039474 0.053202
v -0.00142 -0.0477 0.132717
v -0.001416 -0.047862 0.132657
v -0.001396 -0.0445 0.062024
v -0.001396 -0.0445 0.141976
v -0.001396 0.052498 0.062025
v -0.001396 0.052498 0.141975
v -0.001396 -0.041224 0.062039
v -0.001395 0.039976 0.053702
v -0.001395 0.041208 0.062054
v -0.001378 0.039476 0.053202
v -0.00134 -0.046385 0.09182
v -0.00134 -0.046385 0.11218
v -0.001124 0.057 0.099219
v -0.001124 0.0572 0.099219
v -0.001058 -0.047963 0.134147
v -0.001047 -0.047981 0.133816
v -0.000896 -0.03999 0.053702
v -0.000896 0.052498 0.06201
v -0.000896 0.052498 0.14199
v -0.00089 0.057 0.084523
v -0.00089 0.0581 0.084523
v -0.000885 0.0582 0.084623
v -0.000882 0.052499 0.141989
v -0.000865 -0.039991 0.055469
v -0.000865 0.050731 0.062009
v -0.000865 0.050731 0.141991
v -0.000863 0.052503 0.062015
v -0.000862 -0.039985 0.053697
v -0.000859 0.052507 0.141982
v -0.000859 0.052505 0.062017
v -0.000859 -0.039983 0.053695
v -0.000859 0.050642 0.141991
v -0.000845 0.052512 0.141977
v -0.000829 0.052523 0.062034
v -0.000828 -0.039965 0.053676
v -0.000826 -0.039984 0.055468
v -0.000826 0.050732 0.062016
v -0.000826 0.050732 0.141984
v -0.000826 0.052529 0.14196
v -0.000825 0.052528 0.062039
v -0.000825 -0.039961 0.053672
v -0.000813 0.052541 0.141948
v -0.000806 0.052563 0.141926
v -0.000803 -0.039927 0.053637
v -0.000803 0.052563 0.062073
v -0.000801 0.052941 0.062451
v -0.000801 0.052941 0.141549
v -0.000801 -0.039549 0.053259
v -0.000801 0.052566 0.062076
v -0.0008 -0.039923 0.053633
v -0.000798 0.05297 0.14152
v -0.000795 -0.03989 0.0536
v -0.000795 0.0526 0.06211
v -0.000795 0.0526 0.14189
v -0.000793 -0.039962 0.055467
v -0.000793 0.050733 0.062038
v -0.000793 0.050733 0.141962
v -0.000792 0.052975 0.062485
v -0.000792 -0.039515 0.053225
v -0.000788 0.052992 0.141498
v -0.000786 -0.039492 0.0532
v -0.000786 -0.039492 0.053202
v -0.000786 0.052998 0.062508
v -0.000786 0.052998 0.141492
v -0.000786 0.053 0.062508
v -0.000786 0.053 0.141492
v -0.000771 -0.039479 0.053202
v -0.000771 0.052998 0.062521
v -0.000771 0.050733 0.141929
v -0.00077 -0.039928 0.055467
v -0.00077 0.050733 0.062072
v -0.000763 -0.039891 0.055467
v -0.000763 -0.039587 0.055467
v -0.000763 0.050733 0.062109
v -0.000763 0.050733 0.062413
v -0.000763 0.050733 0.141587
v -0.000763 0.050733 0.141891
v -0.000762 0.050343 0.062007
v -0.000762 -0.039993 0.055859
v -0.000761 -0.039986 0.055773
v -0.000761 0.050427 0.141986
v -0.000761 0.050426 0.062014
v -0.000758 -0.039891 0.055541
v -0.000758 0.050659 0.062109
v -0.000757 -0.039553 0.055467
v -0.000757 0.050733 0.062447
v -0.000756 0.050643 0.141589
v -0.000755 -0.03955 0.055467
v -0.000755 0.050733 0.06245
v -0.000753 0.050733 0.141551
v -0.000752 0.052998 0.141462
v -0.00075 0.052998 0.14146
v -0.00075 0.053 0.14146
v -0.000749 0.050733 0.141537
v -0.000749 -0.039459 0.0532
v -0.000749 -0.039459 0.053202
v -0.000749 0.052998 0.062541
v -0.000749 0.053 0.062541
v -0.000736 -0.039456 0.053202
v -0.000736 0.052998 0.062544
v -0.000734 -0.039516 0.055467
v -0.000734 0.050733 0.062484
v -0.000729 -0.039963 0.055759
v -0.000729 0.050441 0.141963
v -0.000729 0.05044 0.062037
v -0.000713 0.050733 0.141501
v -0.000712 0.050261 0.141994
v -0.000708 -0.039929 0.055751
v -0.000708 0.050449 0.141929
v -0.000708 0.050448 0.062071
v -0.000702 -0.039448 0.0532
v -0.000702 -0.039448 0.053202
v -0.000702 0.052998 0.062552
v -0.000702 0.052998 0.141448
v -0.000702 0.053 0.062552
v -0.000702 0.053 0.141448
v -0.000699 -0.039591 0.055718
v -0.000699 0.050482 0.062409
v -0.000698 0.050733 0.141497
v -0.000697 0.050733 0.062507
v -0.000697 -0.039493 0.055467
v -0.000696 0.050483 0.141893
v -0.000695 0.050485 0.141591
v -0.000695 0.050454 0.141555
v -0.000695 -0.039555 0.055746
v -0.000695 0.050454 0.062445
v -0.000693 -0.039893 0.055714
v -0.000693 0.050486 0.062107
v -0.000692 0.050454 0.062409
v -0.000692 -0.039591 0.055746
v -0.000689 0.050455 0.141893
v -0.000685 0.050458 0.141591
v -0.000682 -0.039893 0.055741
v -0.000682 0.050458 0.062107
v -0.000678 -0.039592 0.0558
v -0.000678 0.0504 0.062408
v -0.000674 0.050462 0.141521
v -0.000674 -0.039521 0.055738
v -0.000674 0.050462 0.062479
v -0.000671 0.050388 0.141894
v -0.000663 -0.039487 0.055467
v -0.000663 0.050733 0.062513
v -0.000663 0.050733 0.141487
v -0.000659 -0.039488 0.055528
v -0.000659 0.050672 0.062512
v -0.000654 -0.041246 0.062018
v -0.000652 -0.041109 0.06202
v -0.000643 0.050475 0.141498
v -0.000643 0.050475 0.062502
v -0.000643 -0.039498 0.055725
v -0.000636 0.05033 0.141593
v -0.00063 -0.039894 0.055878
v -0.00063 0.050322 0.062106
v -0.000597 0.05016 0.141995
v -0.000595 -0.039995 0.056042
v -0.000594 0.050158 0.062005
v -0.000585 -0.039989 0.056031
v -0.000585 0.050169 0.141989
v -0.000585 0.050169 0.062011
v -0.00058 0.050428 0.141493
v -0.000561 -0.039966 0.056006
v -0.000561 0.050194 0.141966
v -0.000561 0.050193 0.062034
v -0.000556 0.0582 0.105961
v -0.000552 -0.039493 0.055818
v -0.000552 0.050382 0.062507
v -0.000545 -0.039932 0.055991
v -0.000545 0.050209 0.141932
v -0.000545 0.050209 0.062068
v -0.000534 0.050219 0.141558
v -0.000534 -0.039558 0.055981
v -0.000534 0.050219 0.062442
v -0.000531 -0.039595 0.055978
v -0.000531 0.050222 0.062405
v -0.000526 -0.039895 0.055971
v -0.000526 0.050229 0.062105
v -0.000526 0.050229 0.141595
v -0.000525 0.050228 0.141895
v -0.000523 0.040061 0.061074
v -0.000519 0.050234 0.141524
v -0.000519 -0.039524 0.055966
v -0.000519 0.050234 0.062476
v -0.00051 -0.047981 0.133811
v -0.000501 -0.047916 0.133246
v -0.000495 0.050258 0.141502
v -0.000495 -0.039502 0.055942
v -0.000495 0.050258 0.062498
v -0.000493 0.050046 0.062003
v -0.000491 -0.039997 0.056155
v -0.000482 -0.039596 0.056037
v -0.000482 0.050163 0.062405
v -0.000457 0.050297 0.062505
v -0.000457 -0.039495 0.055903
v -0.000456 0.050296 0.141495
v -0.00043 0.050125 0.141896
v -0.000417 0.057 0.104971
v -0.000417 0.0572 0.104971
v -0.000409 0.049997 0.141998
v -0.000378 0.050093 0.141597
v -0.00037 0.050203 0.141496
v -0.000364 -0.039897 0.056114
v -0.000364 0.050086 0.062103
v -0.000325 -0.039992 0.056202
v -0.000325 0.049998 0.141992
v -0.000324 0.049998 0.062008
v -0.000323 -0.039497 0.056025
v -0.000323 0.050175 0.062503
v -0.000312 -0.039969 0.056171
v -0.000312 0.050029 0.141969
v -0.000311 0.050029 0.062031
v -0.000303 -0.039935 0.05615
v -0.000303 0.05005 0.141935
v -0.000302 0.05005 0.062065
v -0.000297 -0.039898 0.056131
v -0.000296 0.050063 0.062439
v -0.000296 0.050063 0.141561
v -0.000296 -0.039561 0.056137
v -0.000296 0.050069 0.062102
v -0.000295 0.050072 0.141597
v -0.000293 0.050076 0.141898
v -0.000291 -0.039597 0.056126
v -0.000291 0.050074 0.062403
v -0.000288 0.050083 0.141527
v -0.000288 0.050083 0.062473
v -0.000288 -0.039527 0.056117
v -0.000275 0.050114 0.141505
v -0.000275 -0.039505 0.056086
v -0.000275 0.050114 0.062495
v -0.000268 -0.039898 0.056138
v -0.000268 0.050062 0.062102
v -0.000267 0.050065 0.141597
v -0.000265 0.050066 0.141898
v -0.000265 -0.039597 0.056139
v -0.000265 0.050061 0.062403
v -0.000169 0.049914 0.062
v -0.000165 0.050015 0.062402
v -0.000165 -0.039598 0.056185
v -0.0001 -0.04 0.056296
v -9.1e-05 0.050004 0.141899
v -7.8e-05 0.050101 0.141498
v -1.7e-05 -0.04 0.0563
v -1.7e-05 0.0499 0.142
v -1.7e-05 0.0499 0.062
v -1.7e-05 -0.039993 0.056263
v -1.7e-05 0.049936 0.06201
v -1.7e-05 0.04995 0.062013
v -1.7e-05 0.04995 0.141987
v -1.7e-05 -0.039971 0.056229
v -1.7e-05 0.049968 0.141968
v -1.7e-05 0.049968 0.062032
v -1.7e-05 0.049987 0.14195
v -1.7e-05 0.049987 0.06205
v -1.7e-05 -0.039937 0.056207
v -1.7e-05 0.04999 0.141936
v -1.7e-05 0.04999 0.062064
v -1.7e-05 -0.039512 0.056151
v -1.7e-05 0.05001 0.141562
v -1.7e-05 0.050013 0.062451
v -1.7e-05 0.050049 0.141512
v -1.7e-05 0.050098 0.141498
v -1.7e-05 -0.0399 0.0562
v -1.7e-05 -0.039598 0.0562
v -1.7e-05 -0.039562 0.05619
v -1.7e-05 -0.039549 0.056187
v -1.7e-05 -0.039498 0.056102
v -1.7e-05 0.05 0.0621
v -1.7e-05 0.05 0.062402
v -1.7e-05 0.05 0.141598
v -1.7e-05 0.05 0.1419
v -1.7e-05 0.05001 0.062438
v -1.7e-05 0.050013 0.141549
v -1.7e-05 0.050049 0.062488
v -1.7e-05 0.050063 0.062492
v -1.7e-05 0.050063 0.141508
v -1.7e-05 0.050098 0.062502
v -1e-06 0.040053 0.061094
v -0.0 0.040223 0.061402
v -0.0 0.040472 0.061684
v -0.0 0.040789 0.061888
v -0.0 0.041151 0.061992
v -0.0 -0.0454 0.062
v -0.0 -0.0445 0.062
v -0.0 -0.045835 0.062099
v -0.0 -0.046183 0.062378
v -0.0 -0.046376 0.06278
v -0.0 0.053 0.0645
v -0.0 0.057 0.0645
v -0.0 -0.047862 0.07125
v -0.0 -0.04 0.0563
v -0.0 -0.046939 0.081478
v -0.0 -0.046385 0.091732
v -0.0 -0.03999 0.056262
v -0.0 -0.0375 0.0532
v -0.0 0.041266 0.062
v -0.0 -0.0399 0.0562
v -0.0 -0.039938 0.05621
v -0.0 0.0395 0.0532
v -0.0 -0.039968 0.056232
v 0.0 -0.0462 0.102
v 0.0 -0.0445 0.062
v 0.0 -0.0445 0.142
v 0.0 -0.03995 0.056213
v 0.0 0.0375 0.057
v 0.0 0.04 0.060658
v 0.0 0.0499 0.062
v 0.0 0.0499 0.142
v 0.0 -0.039987 0.05625
v 0.0 0.0375 0.0532
v 0.0 0.04 0.053702
v 0.0 -0.041266 0.062
v 0.0 0.0395 0.053202
v 0.0 -0.0375 0.057
v 0.0 0.040061 0.061061
v 0.0 -0.046385 0.112268
v 0.0 -0.046939 0.122522
v 0.0 -0.047862 0.13275
v 0.0 0.053 0.1395
v 0.0 0.057 0.1395
v 0.0 -0.046376 0.14122
v 0.0 -0.046183 0.141622
v 0.0 -0.045835 0.141901
v 0.0 -0.0454 0.142
v 0.0 -0.0445 0.142
v 0.0 -0.04 0.060658
v 0.0 -0.040923 0.061941
v 0.0 -0.040701 0.061844
v 0.0 -0.040503 0.06171
v 0.0 -0.040331 0.061545
v 0.0 -0.040191 0.061351
v 0.0 -0.040086 0.061134
v 0.0 -0.041118 0.062014
v 4e-06 0.041151 0.061992
v 1.7e-05 -0.039562 0.05619
v 1.7e-05 -0.039512 0.056151
v 1.7e-05 -0.039508 0.056137
v 1.7e-05 -0.039498 0.056102
v 1.7e-05 0.05 0.0621
v 1.7e-05 0.05 0.062402
v 1.7e-05 0.05 0.141598
v 1.7e-05 0.05 0.1419
v 1.7e-05 0.05001 0.141562
v 1.7e-05 0.050013 0.062451
v 1.7e-05 0.050049 0.141512
v 1.7e-05 0.050063 0.062492
v 1.7e-05 0.050063 0.141508
v 1.7e-05 0.050098 0.141498
v 1.7e-05 -0.0399 0.0562
v 1.7e-05 -0.039598 0.0562
v 1.7e-05 -0.039549 0.056187
v 1.7e-05 0.05001 0.062438
v 1.7e-05 0.050013 0.141549
v 1.7e-05 0.050049 0.062488
v 1.7e-05 0.050098 0.062502
v 1.7e-05 -0.039936 0.05621
v 1.7e-05 0.04999 0.141936
v 1.7e-05 0.04999 0.062064
v 1.7e-05 -0.03995 0.056213
v 1.7e-05 0.049987 0.14195
v 1.7e-05 0.049987 0.06205
v 1.7e-05 0.049968 0.141968
v 1.7e-05 -0.039968 0.056232
v 1.7e-05 0.049968 0.062032
v 1.7e-05 0.04995 0.062013
v 1.7e-05 -0.039987 0.05625
v 1.7e-05 0.04995 0.141987
v 1.7e-05 0.049936 0.14199
v 1.7e-05 0.0499 0.142
v 1.7e-05 -0.04 0.0563
v 1.7e-05 0.0499 0.062
v 2e-05 0.04115 0.061993
v 2e-05 0.041265 0.062001
v 7.8e-05 -0.039498 0.056099
v 7.8e-05 0.050101 0.062502
v 9.1e-05 0.050004 0.062101
v 9.1e-05 -0.039899 0.056196
v 0.000165 0.050015 0.141598
v 0.000169 0.049914 0.142
v 0.000265 0.050061 0.141597
v 0.000265 -0.039898 0.056134
v 0.000265 0.050066 0.062102
v 0.000267 -0.039597 0.056135
v 0.000267 0.050065 0.062403
v 0.000268 0.050062 0.141898
v 0.000275 0.050114 0.141505
v 0.000275 -0.039505 0.056086
v 0.000275 0.050114 0.062495
v 0.000288 0.050083 0.141527
v 0.000288 0.050083 0.062473
v 0.000288 -0.039527 0.056117
v 0.000291 0.050074 0.141597
v 0.000292 -0.039898 0.056124
v 0.000293 0.050076 0.062102
v 0.000295 -0.039597 0.056128
v 0.000295 0.050072 0.062403
v 0.000296 0.050069 0.141898
v 0.000296 -0.039561 0.056137
v 0.000296 0.050063 0.062439
v 0.000296 0.050063 0.141561
v 0.000302 -0.039935 0.05615
v 0.000302 0.05005 0.141935
v 0.000303 0.05005 0.062065
v 0.000311 -0.039969 0.056171
v 0.000311 0.050029 0.141969
v 0.000312 0.050029 0.062031
v 0.000323 0.050175 0.141497
v 0.000324 -0.039992 0.056202
v 0.000324 0.049998 0.141992
v 0.000325 0.049998 0.062008
v 0.000364 0.050086 0.141897
v 0.00037 -0.039496 0.055997
v 0.00037 0.050203 0.062504
v 0.000378 -0.039597 0.056107
v 0.000378 0.050093 0.062403
v 0.000409 0.049997 0.062002
v 0.000411 -0.039998 0.056203
v 0.000417 0.057 0.099029
v 0.000417 0.0572 0.099029
v 0.00043 -0.039896 0.056075
v 0.00043 0.050125 0.062104
v 0.000456 -0.039495 0.055904
v 0.000456 0.050296 0.062505
v 0.000457 0.050297 0.141495
v 0.000482 0.050163 0.141596
v 0.000493 0.050046 0.141997
v 0.000495 0.050258 0.141502
v 0.000495 -0.039502 0.055942
v 0.000495 0.050258 0.062498
v 0.000519 0.050234 0.141524
v 0.000519 -0.039524 0.055966
v 0.000519 0.050234 0.062476
v 0.000524 -0.039895 0.055972
v 0.000525 0.050228 0.062105
v 0.000526 -0.039595 0.055971
v 0.000526 0.050229 0.062405
v 0.000526 0.050229 0.141895
v 0.000531 0.050222 0.141595
v 0.000534 0.050219 0.141558
v 0.000534 -0.039558 0.055981
v 0.000534 0.050219 0.062442
v 0.000545 -0.039932 0.055991
v 0.000545 0.050209 0.141932
v 0.000545 0.050209 0.062068
v 0.000552 0.050382 0.141493
v 0.000556 0.0582 0.098039
v 0.000561 -0.039966 0.056007
v 0.000561 0.050193 0.141966
v 0.000561 0.050194 0.062034
v 0.00058 0.050428 0.062507
v 0.00058 -0.039493 0.055772
v 0.000585 -0.039989 0.056031
v 0.000585 0.050169 0.141989
v 0.000585 0.050169 0.062011
v 0.000594 0.050158 0.141995
v 0.000596 -0.039995 0.05604
v 0.000597 0.05016 0.062005
v 0.00063 0.050322 0.141894
v 0.000636 -0.039593 0.05587
v 0.000636 0.05033 0.062407
v 0.000643 0.050475 0.141498
v 0.000643 -0.039498 0.055725
v 0.000643 0.050475 0.062502
v 0.000659 0.050672 0.141488
v 0.000663 -0.039487 0.055467
v 0.000663 0.050733 0.062513
v 0.000663 0.050733 0.141487
v 0.000671 -0.039894 0.055812
v 0.000671 0.050388 0.062106
v 0.000674 0.050462 0.141521
v 0.000674 0.050462 0.062479
v 0.000674 -0.039521 0.055738
v 0.000678 0.0504 0.141592
v 0.000682 0.050458 0.141893
v 0.000685 -0.039591 0.055742
v 0.000685 0.050458 0.062409
v 0.000689 -0.039893 0.055746
v 0.000689 0.050455 0.062107
v 0.000692 0.050454 0.141591
v 0.000693 0.050486 0.141893
v 0.000695 0.050454 0.141555
v 0.000695 -0.039555 0.055746
v 0.000695 0.050454 0.062445
v 0.000695 -0.039591 0.055715
v 0.000695 0.050485 0.062409
v 0.000696 -0.039893 0.055717
v 0.000696 0.050483 0.062107
v 0.000698 0.050733 0.062503
v 0.000699 0.050482 0.141591
v 0.000699 0.050733 0.141494
v 0.000702 -0.039448 0.0532
v 0.000702 -0.039448 0.053202
v 0.000702 0.052998 0.062552
v 0.000702 0.052998 0.141448
v 0.000702 0.053 0.062552
v 0.000702 0.053 0.141448
v 0.000708 0.050448 0.141929
v 0.000708 -0.039929 0.055752
v 0.000708 0.050449 0.062071
v 0.000712 0.050261 0.062006
v 0.000713 -0.039994 0.055937
v 0.000713 -0.039501 0.055467
v 0.000713 0.050733 0.062499
v 0.000729 -0.039963 0.05576
v 0.000729 0.05044 0.141963
v 0.000729 0.050441 0.062037
v 0.000734 0.050733 0.141517
v 0.000736 0.052998 0.141456
v 0.000749 0.052998 0.141459
v 0.000749 0.053 0.141459
v 0.000749 -0.039537 0.055467
v 0.000749 0.050733 0.062463
v 0.00075 -0.03946 0.0532
v 0.00075 -0.03946 0.053202
v 0.00075 0.052998 0.06254
v 0.00075 0.053 0.06254
v 0.000752 -0.039462 0.053202
v 0.000752 0.052998 0.062538
v 0.000753 -0.039551 0.055467
v 0.000753 0.050733 0.062449
v 0.000755 0.050733 0.14155
v 0.000756 -0.039589 0.055557
v 0.000756 0.050643 0.062411
v 0.000757 0.050733 0.141553
v 0.000758 0.050659 0.141891
v 0.000761 0.050426 0.141986
v 0.000761 -0.039986 0.055774
v 0.000761 0.050427 0.062014
v 0.000762 0.050343 0.141993
v 0.000763 -0.039891 0.055467
v 0.000763 -0.039587 0.055467
v 0.000763 0.050733 0.062109
v 0.000763 0.050733 0.062413
v 0.000763 0.050733 0.141587
v 0.000763 0.050733 0.141891
v 0.00077 -0.039928 0.055467
v 0.00077 0.050733 0.062072
v 0.000771 0.050733 0.141929
v 0.000771 0.052998 0.141479
v 0.000786 -0.039492 0.0532
v 0.000786 -0.039492 0.053202
v 0.000786 0.052998 0.062508
v 0.000786 0.052998 0.141492
v 0.000786 0.053 0.062508
v 0.000786 0.053 0.141492
v 0.000788 -0.039498 0.053208
v 0.000788 0.052992 0.062502
v 0.000792 0.052975 0.141515
v 0.000793 -0.039962 0.055467
v 0.000793 0.050733 0.062038
v 0.000793 0.050733 0.141962
v 0.000795 -0.03989 0.0536
v 0.000795 0.0526 0.06211
v 0.000795 0.0526 0.14189
v 0.000798 0.05297 0.06248
v 0.000798 -0.03952 0.05323
v 0.000801 0.052566 0.141924
v 0.000801 -0.039549 0.053259
v 0.000801 0.052941 0.062451
v 0.000801 0.052941 0.141549
v 0.000803 0.052563 0.141927
v 0.000806 -0.039926 0.053637
v 0.000806 0.052563 0.062074
v 0.000813 -0.039948 0.053659
v 0.000813 0.052541 0.062052
v 0.000825 0.052528 0.141961
v 0.000826 0.052529 0.06204
v 0.000826 -0.03996 0.053671
v 0.000828 -0.039984 0.055468
v 0.000828 0.050732 0.062016
v 0.000828 0.050732 0.141984
v 0.000829 0.052523 0.141966
v 0.000833 0.052535 0.062046
v 0.000845 0.052512 0.062023
v 0.000845 -0.039977 0.053688
v 0.000859 0.050642 0.062009
v 0.000859 0.052505 0.141983
v 0.000859 -0.039982 0.053693
v 0.000859 0.052507 0.062018
v 0.000859 -0.039991 0.055551
v 0.000863 0.052503 0.141985
v 0.000865 0.050731 0.062009
v 0.000865 -0.039991 0.055469
v 0.000865 0.050731 0.141991
v 0.000882 0.052499 0.062011
v 0.000883 -0.039989 0.053701
v 0.000885 0.0582 0.119377
v 0.00089 0.057 0.119477
v 0.00089 0.0581 0.119477
v 0.000896 -0.03999 0.053702
v 0.000896 0.052498 0.06201
v 0.000896 0.052498 0.14199
v 0.001037 -0.041131 0.062005
v 0.001124 0.057 0.104781
v 0.001124 0.0572 0.104781
v 0.00119 -0.047981 0.070189
v 0.001203 -0.047963 0.069858
v 0.00134 -0.046385 0.09182
v 0.00134 -0.046385 0.11218
v 0.001394 0.052498 0.062046
v 0.001394 0.052498 0.141954
v 0.001395 -0.041209 0.062054
v 0.001395 0.041216 0.062046
v 0.001396 -0.0445 0.062024
v 0.001396 -0.0445 0.141976
v 0.001416 -0.047862 0.071343
v 0.00142 -0.0477 0.071283
v 0.001427 0.039975 0.060697
v 0.001442 -0.047916 0.070833
v 0.001443 -0.0477 0.070783
v 0.001499 0.0582 0.105709
v 0.001587 -0.047981 0.133794
v 0.001603 -0.047963 0.134124
v 0.001847 0.057 0.099636
v 0.001847 0.0572 0.099636
v 0.001954 -0.046376 0.141143
v 0.002169 0.040021 0.061174
v 0.002187 -0.041038 0.062074
v 0.002196 -0.041176 0.062085
v 0.002364 0.057 0.103847
v 0.002364 0.0572 0.103847
v 0.002462 0.0582 0.098848
v 0.002502 -0.047916 0.07085
v 0.002546 -0.047981 0.070296
v 0.00264 0.041172 0.062087
v 0.002657 -0.046385 0.092082
v 0.002657 -0.046385 0.111918
v 0.002679 -0.046939 0.081653
v 0.002679 -0.046939 0.122347
v 0.002781 0.057 0.100876
v 0.002781 0.0572 0.100876
v 0.002935 -0.039892 0.060812
v 0.00296 0.041002 0.062097
v 0.002971 0.057 0.102417
v 0.002971 0.0572 0.102417
v 0.003005 -0.0445 0.064119
v 0.003005 -0.042 0.064119
v 0.003005 -0.0445 0.139881
v 0.003005 -0.042 0.139881
v 0.003077 -0.046376 0.062901
v 0.003077 -0.046376 0.141099
v 0.003079 -0.041139 0.062119
v 0.003109 -0.046183 0.0625
v 0.003109 -0.046183 0.1415
v 0.003131 -0.045835 0.062222
v 0.003131 -0.045835 0.141778
v 0.003138 -0.0454 0.062123
v 0.003138 -0.0454 0.141877
v 0.003152 0.0582 0.104462
v 0.003499 -0.047916 0.133054
v 0.003562 -0.047981 0.133613
v 0.003709 0.0582 0.100501
v 0.003787 0.040892 0.062187
v 0.003789 0.039924 0.061415
v 0.003792 0.040644 0.062081
v 0.003792 0.0403 0.061867
v 0.003793 0.040035 0.061564
v 0.0038 0.039786 0.053702
v 0.003801 -0.047981 0.070395
v 0.003801 0.039801 0.060924
v 0.00384 -0.047963 0.070066
v 0.003929 -0.046385 0.092514
v 0.003929 -0.046385 0.111486
v 0.003939 -0.040895 0.062178
v 0.003961 0.0582 0.102556
v 0.004011 0.040862 0.062212
v 0.004014 -0.047862 0.071513
v 0.004014 -0.047862 0.132487
v 0.004025 0.041023 0.062237
v 0.004047 0.0582 0.085077
v 0.00407 0.057 0.08498
v 0.00407 0.0581 0.08498
v 0.00421 -0.047981 0.133553
v 0.004245 -0.047862 0.132441
v 0.004248 -0.0477 0.132455
v 0.004254 -0.047963 0.133882
v 0.00431 -0.047916 0.132909
v 0.004317 -0.0477 0.13295
v 0.004401 0.039757 0.060981
v 0.004403 -0.039722 0.06101
v 0.004406 -0.040824 0.06224
v 0.004408 0.039888 0.061507
v 0.00441 -0.040741 0.062202
v 0.00441 -0.040494 0.062102
v 0.00441 -0.040274 0.061959
v 0.00441 -0.040085 0.061778
v 0.00441 0.039756 0.060983
v 0.00441 0.039801 0.061241
v 0.00441 -0.039825 0.061322
v 0.004442 0.039249 0.053202
v 0.004498 0.039746 0.053702
v 0.004679 -0.046376 0.063091
v 0.004831 -0.039204 0.053202
v 0.004836 0.039862 0.06157
v 0.004857 0.052998 0.0628
v 0.004857 0.052998 0.1412
v 0.004892 -0.0397 0.053702
v 0.004918 0.052498 0.062304
v 0.004918 0.052498 0.141697
v 0.005003 -0.040732 0.06232
v 0.005023 -0.040916 0.062344
v 0.005134 -0.046385 0.093108
v 0.005134 -0.046385 0.110892
v 0.005312 -0.046939 0.082177
v 0.005312 -0.046939 0.121823
v 0.005745 0.0582 0.118424
v 0.005778 0.057 0.118519
v 0.005778 0.0581 0.118519
v 0.005827 0.039766 0.06181
v 0.005955 0.040815 0.062446
v 0.006033 0.040595 0.062431
v 0.006096 0.03974 0.061876
v 0.006135 -0.046376 0.063263
v 0.006135 -0.046376 0.140737
v 0.006142 -0.040787 0.062474
v 0.006198 -0.046183 0.062866
v 0.006198 -0.046183 0.141134
v 0.006242 -0.045835 0.062591
v 0.006242 -0.045835 0.141409
v 0.006249 -0.039509 0.061258
v 0.006251 -0.046385 0.093854
v 0.006251 -0.046385 0.110146
v 0.006257 -0.0454 0.062492
v 0.006257 -0.0445 0.062492
v 0.006257 -0.0454 0.141508
v 0.006257 -0.0445 0.141508
v 0.006271 -0.040537 0.062489
v 0.006385 -0.047981 0.070814
v 0.006452 -0.047963 0.07049
v 0.006465 -0.047916 0.071426
v 0.006583 -0.047981 0.070863
v 0.006804 -0.047981 0.133097
v 0.006875 -0.047963 0.133421
v 0.006975 -0.040428 0.062582
v 0.007031 -0.047862 0.072113
v 0.00704 -0.0477 0.072067
v 0.007145 -0.047916 0.071616
v 0.007155 -0.0477 0.07158
v 0.00726 -0.046385 0.09474
v 0.00726 -0.046385 0.10926
v 0.007316 0.053 0.065221
v 0.007316 0.057 0.065221
v 0.007316 -0.036779 0.0532
v 0.007316 -0.036779 0.057
v 0.007316 0.036779 0.0532
v 0.007316 0.036779 0.057
v 0.007316 0.053 0.138779
v 0.007316 0.057 0.138779
v 0.007424 0.039305 0.06147
v 0.007441 -0.047916 0.132351
v 0.007535 -0.039116 0.053702
v 0.00754 0.040292 0.062715
v 0.007548 0.039599 0.062228
v 0.007551 0.040213 0.062651
v 0.007551 0.039793 0.062407
v 0.007564 -0.039249 0.061523
v 0.007573 0.038588 0.053202
v 0.007574 -0.047981 0.132895
v 0.00761 0.03876 0.0532
v 0.007771 -0.040251 0.062753
v 0.007805 -0.04048 0.062799
v 0.007848 0.03957 0.062301
v 0.007853 -0.046939 0.08304
v 0.007853 -0.046939 0.12096
v 0.007929 0.040214 0.062788
v 0.007959 -0.047862 0.072298
v 0.007959 -0.047862 0.131702
v 0.007967 0.040454 0.062827
v 0.008146 -0.046385 0.095749
v 0.008146 -0.046385 0.108251
v 0.008181 0.039526 0.062411
v 0.008245 -0.03845 0.053202
v 0.008283 -0.038622 0.0532
v 0.00834 0.052998 0.063574
v 0.00834 0.052998 0.140426
v 0.008379 -0.046376 0.14029
v 0.008379 0.053 0.063399
v 0.008379 0.053 0.140601
v 0.00865 0.0582 0.086903
v 0.0087 0.057 0.086816
v 0.0087 0.0581 0.086816
v 0.008753 -0.040032 0.062964
v 0.008753 0.038997 0.061776
v 0.008753 0.039009 0.061808
v 0.008755 0.03945 0.0626
v 0.008761 -0.039012 0.061765
v 0.008766 -0.039885 0.062866
v 0.008767 -0.0396 0.062694
v 0.008767 0.039405 0.062515
v 0.008767 -0.039361 0.062465
v 0.008767 0.039236 0.062294
v 0.008767 -0.039054 0.061876
v 0.008892 -0.046385 0.096866
v 0.008892 -0.046385 0.107134
v 0.008927 -0.047981 0.071444
v 0.008939 -0.0445 0.065066
v 0.008939 -0.042 0.065066
v 0.008939 -0.0445 0.138934
v 0.008939 -0.042 0.138934
v 0.008944 0.040278 0.063013
v 0.008959 0.052498 0.063201
v 0.008959 0.052498 0.140799
v 0.008997 -0.04026 0.063032
v 0.008997 0.040264 0.063027
v 0.008998 -0.0445 0.063025
v 0.008998 -0.0445 0.140975
v 0.00902 -0.047963 0.071126
v 0.009133 0.039971 0.063015
v 0.009156 -0.046376 0.063864
v 0.009156 -0.046376 0.140136
v 0.009161 0.038903 0.06187
v 0.009183 -0.040226 0.063068
v 0.00925 -0.046183 0.063473
v 0.00925 -0.046183 0.140527
v 0.009262 -0.038913 0.061866
v 0.009315 -0.045835 0.063202
v 0.009315 -0.045835 0.140798
v 0.009338 -0.0454 0.063105
v 0.009338 -0.0454 0.140895
v 0.009352 -0.047981 0.132428
v 0.009449 -0.047963 0.132745
v 0.009486 -0.046385 0.098071
v 0.009486 -0.046385 0.105929
v 0.009751 -0.047862 0.131094
v 0.009772 -0.0477 0.131156
v 0.009775 0.0398 0.063192
v 0.009881 0.039301 0.062972
v 0.009913 -0.047916 0.131574
v 0.009918 -0.046385 0.099343
v 0.009918 -0.046385 0.104657
v 0.009931 -0.0477 0.13163
v 0.01014 0.0582 0.11614
v 0.01018 -0.046385 0.10066
v 0.01018 -0.046385 0.10334
v 0.010198 0.057 0.116222
v 0.010198 0.0581 0.116222
v 0.010211 -0.039707 0.063278
v 0.010261 -0.046939 0.084227
v 0.010261 -0.046939 0.119773
v 0.010268 -0.046385 0.102
v 0.010321 -0.047916 0.072504
v 0.010448 0.039227 0.063159
v 0.01048 -0.039629 0.06336
v 0.010506 -0.047981 0.071977
v 0.010521 -0.039885 0.063441
v 0.010601 0.03857 0.062201
v 0.01099 -0.046376 0.064382
v 0.011104 -0.038393 0.062362
v 0.011225 0.039411 0.063592
v 0.011237 0.039122 0.063419
v 0.011257 0.03832 0.053702
v 0.011261 -0.047916 0.13115
v 0.011262 0.038356 0.062398
v 0.011408 -0.047981 0.072281
v 0.011467 -0.047981 0.131681
v 0.011527 -0.047963 0.071972
v 0.011555 0.03908 0.063524
v 0.011714 0.03928 0.063727
v 0.011768 -0.047862 0.073591
v 0.011768 -0.047862 0.130409
v 0.011776 0.039571 0.063785
v 0.0118 0.037696 0.053202
v 0.011836 -0.047981 0.131551
v 0.01195 0.038173 0.053702
v 0.011959 -0.047963 0.131858
v 0.012077 0.039496 0.063867
v 0.012119 -0.046376 0.0647
v 0.01212 -0.046376 0.1393
v 0.012124 -0.037593 0.053202
v 0.012199 0.052998 0.064431
v 0.012199 0.052998 0.139569
v 0.012244 -0.046183 0.064317
v 0.012244 -0.046183 0.139683
v 0.012277 -0.038069 0.053702
v 0.012288 -0.039435 0.063934
v 0.01233 -0.045835 0.064052
v 0.01233 -0.045835 0.139948
v 0.012353 0.052498 0.063955
v 0.012353 0.052498 0.140045
v 0.012361 -0.0454 0.063958
v 0.012361 -0.0445 0.063958
v 0.012361 -0.0454 0.140042
v 0.012361 -0.0445 0.140042
v 0.012404 -0.047862 0.073904
v 0.012421 -0.0477 0.07387
v 0.012452 0.039082 0.063931
v 0.012465 -0.038008 0.062728
v 0.012493 -0.046939 0.085719
v 0.012493 -0.046939 0.118281
v 0.012553 0.0582 0.089951
v 0.012599 -0.047916 0.073469
v 0.012623 -0.0477 0.073413
v 0.012626 0.057 0.089882
v 0.012626 0.0581 0.089882
v 0.012952 0.03886 0.064075
v 0.013 0.037796 0.062916
v 0.013004 -0.037805 0.06291
v 0.013009 -0.0389 0.064131
v 0.013013 0.038839 0.064094
v 0.013013 0.03885 0.0641
v 0.013016 -0.038892 0.064112
v 0.013016 0.038517 0.063902
v 0.013016 -0.038502 0.063892
v 0.013016 0.038238 0.063654
v 0.013016 -0.038179 0.063586
v 0.013016 0.038015 0.063353
v 0.0131 -0.038874 0.064159
v 0.013152 -0.039155 0.064251
v 0.013384 0.038792 0.064246
v 0.013385 -0.038792 0.064246
v 0.013396 0.03879 0.064251
v 0.0135 0.038773 0.064294
v 0.0135 -0.038773 0.064294
v 0.01371 -0.038668 0.064389
v 0.013713 0.0582 0.112711
v 0.013791 0.057 0.112772
v 0.013791 0.0581 0.112772
v 0.013812 -0.047981 0.073319
v 0.01394 0.037492 0.063197
v 0.013956 -0.047963 0.073021
v 0.014008 -0.047916 0.074066
v 0.014231 0.038514 0.064556
v 0.014239 -0.047981 0.130471
v 0.014262 -0.047981 0.073559
v 0.014351 0.053 0.067355
v 0.014351 0.057 0.067355
v 0.014351 -0.034645 0.0532
v 0.014351 -0.034645 0.057
v 0.014351 0.034645 0.0532
v 0.014351 0.034645 0.057
v 0.014351 0.053 0.136645
v 0.014351 0.057 0.136645
v 0.014387 -0.047963 0.130767
v 0.014511 -0.046939 0.087489
v 0.014511 -0.046939 0.116511
v 0.014577 -0.046376 0.138393
v 0.014649 -0.0445 0.066937
v 0.014649 -0.042 0.066937
v 0.014649 -0.0445 0.137063
v 0.014649 -0.042 0.137063
v 0.014801 -0.036982 0.053702
v 0.014856 -0.037107 0.063535
v 0.014866 0.036405 0.053202
v 0.014897 -0.047916 0.129471
v 0.014934 0.036568 0.0532
v 0.014951 -0.047862 0.128839
v 0.014963 -0.0477 0.128864
v 0.015009 -0.046376 0.065766
v 0.015009 -0.046376 0.138234
v 0.015162 -0.047981 0.129961
v 0.015163 -0.046183 0.065394
v 0.015163 -0.046183 0.138606
v 0.015195 -0.047916 0.129283
v 0.015206 -0.0477 0.129301
v 0.015212 0.038488 0.065005
v 0.015212 -0.038488 0.065005
v 0.015269 -0.045835 0.065137
v 0.015269 -0.045835 0.138863
v 0.015307 -0.0454 0.065045
v 0.015307 -0.0454 0.138955
v 0.015375 -0.047862 0.07537
v 0.015375 -0.047862 0.12863
v 0.015408 -0.036179 0.053202
v 0.015439 0.0582 0.093976
v 0.015478 -0.036341 0.0532
v 0.015528 0.057 0.09393
v 0.015528 0.0581 0.09393
v 0.015587 0.052998 0.065901
v 0.015587 0.052998 0.138099
v 0.015659 0.053 0.065736
v 0.015659 0.053 0.138264
v 0.015709 -0.036786 0.063823
v 0.016122 -0.047981 0.074552
v 0.016175 0.0582 0.108414
v 0.016198 0.052498 0.065623
v 0.016198 0.052498 0.138377
v 0.016255 0.038073 0.065488
v 0.016256 -0.038074 0.065488
v 0.016268 0.057 0.108451
v 0.016268 0.0581 0.108451
v 0.016269 -0.0445 0.065458
v 0.016269 -0.0445 0.138542
v 0.016281 -0.046939 0.089507
v 0.016281 -0.046939 0.114493
v 0.01629 -0.047963 0.074266
v 0.016328 -0.037677 0.065538
v 0.016352 0.037676 0.065536
v 0.016435 -0.038003 0.06557
v 0.016454 0.037995 0.06558
v 0.016544 -0.047981 0.129196
v 0.016716 -0.047963 0.129479
v 0.016934 0.036239 0.064298
v 0.016997 0.037421 0.065834
v 0.017006 -0.046376 0.066687
v 0.017048 0.037402 0.065858
v 0.017052 -0.037402 0.065855
v 0.017075 0.0582 0.098651
v 0.017082 -0.036126 0.064388
v 0.017102 0.036152 0.064372
v 0.017107 0.037023 0.065542
v 0.017107 -0.037003 0.065528
v 0.017107 0.036645 0.065207
v 0.017107 -0.036566 0.065116
v 0.017107 0.036347 0.064798
v 0.017107 -0.036247 0.064602
v 0.017173 0.057 0.098632
v 0.017173 0.0581 0.098632
v 0.017327 0.0582 0.103597
v 0.017343 -0.047862 0.076684
v 0.017378 -0.0477 0.076631
v 0.017426 0.057 0.103606
v 0.017426 0.0581 0.103606
v 0.017466 -0.047916 0.076086
v 0.017652 -0.047916 0.07623
v 0.017661 -0.0477 0.076219
v 0.017773 -0.046939 0.091739
v 0.017773 -0.046939 0.112261
v 0.017781 -0.047981 0.07562
v 0.017805 -0.046376 0.067055
v 0.017805 -0.046376 0.136945
v 0.017988 -0.046183 0.066697
v 0.017988 -0.046183 0.137303
v 0.018114 -0.045835 0.066448
v 0.018114 -0.045835 0.137552
v 0.01816 -0.0454 0.06636
v 0.01816 -0.0445 0.06636
v 0.01816 -0.0454 0.13764
v 0.01816 -0.0445 0.13764
v 0.018287 -0.047916 0.127341
v 0.018305 0.035496 0.053702
v 0.018309 -0.03726 0.066436
v 0.018315 0.035525 0.064901
v 0.018324 -0.047981 0.075969
v 0.01836 0.037237 0.066462
v 0.018514 -0.047963 0.075699
v 0.018625 -0.047981 0.127809
v 0.018697 -0.036779 0.066577
v 0.018719 -0.047862 0.077604
v 0.018719 -0.047862 0.126396
v 0.018731 0.034776 0.053202
v 0.018736 -0.047981 0.127736
v 0.018919 -0.035243 0.065145
v 0.018931 -0.047963 0.128003
v 0.01896 -0.046939 0.094147
v 0.01896 -0.046939 0.109853
v 0.018968 0.035216 0.053702
v 0.018984 -0.034639 0.053202
v 0.019098 0.052998 0.136576
v 0.019098 0.052998 0.067424
v 0.019224 -0.035078 0.053702
v 0.019237 0.036538 0.066869
v 0.01934 0.052498 0.137014
v 0.01934 0.052498 0.066986
v 0.0195 -0.036373 0.06708
v 0.01955 0.036374 0.067072
v 0.019584 -0.036652 0.067165
v 0.019608 -0.047862 0.125616
v 0.019615 0.036641 0.067178
v 0.019645 -0.0477 0.125657
v 0.019756 0.03478 0.065531
v 0.019823 -0.046939 0.096688
v 0.019823 -0.046939 0.107312
v 0.019923 -0.047916 0.125992
v 0.019964 -0.0477 0.126042
v 0.019993 -0.0445 0.069685
v 0.019993 -0.042 0.069685
v 0.019993 -0.0445 0.134315
v 0.019993 -0.042 0.134315
v 0.020347 -0.046939 0.099321
v 0.020347 -0.046939 0.104679
v 0.02038 -0.046376 0.135503
v 0.020401 -0.047981 0.077564
v 0.020492 -0.046376 0.06856
v 0.020492 -0.046376 0.13544
v 0.020522 -0.046939 0.102
v 0.020613 -0.047963 0.077309
v 0.020636 -0.047916 0.078533
v 0.020702 -0.046183 0.068217
v 0.020702 -0.046183 0.135783
v 0.020799 -0.047981 0.126098
v 0.020834 0.053 0.07082
v 0.020834 0.057 0.07082
v 0.020834 -0.03118 0.0532
v 0.020834 -0.03118 0.057
v 0.020834 0.03118 0.0532
v 0.020834 0.03118 0.057
v 0.020834 0.053 0.13318
v 0.020834 0.057 0.13318
v 0.020848 -0.045835 0.067979
v 0.020848 -0.045835 0.136021
v 0.0209 -0.0454 0.067894
v 0.0209 -0.0454 0.136106
v 0.020916 -0.035656 0.067967
v 0.020922 0.035661 0.067959
v 0.020964 0.034025 0.06615
v 0.020965 -0.034025 0.066151
v 0.020989 0.035156 0.067593
v 0.020989 -0.035129 0.067574
v 0.020989 0.034652 0.06715
v 0.020989 -0.034547 0.067028
v 0.020989 0.034261 0.066605
v 0.020989 -0.034131 0.066342
v 0.021003 -0.047981 0.078114
v 0.021016 -0.047963 0.126349
v 0.021206 0.035885 0.068084
v 0.021357 -0.035807 0.068179
v 0.021377 -0.047916 0.124794
v 0.021532 -0.033512 0.053702
v 0.0216 0.032858 0.053202
v 0.021617 -0.033636 0.066471
v 0.021699 0.033006 0.0532
v 0.021744 -0.047862 0.080256
v 0.021744 -0.0477 0.080256
v 0.021744 -0.047862 0.123744
v 0.021758 -0.047981 0.125199
v 0.021982 -0.033419 0.066651
v 0.022009 -0.032587 0.053202
v 0.022097 -0.047916 0.079903
v 0.022097 -0.0477 0.079903
v 0.022108 -0.032734 0.0532
v 0.02225 0.052998 0.06958
v 0.02225 0.052998 0.13442
v 0.022311 -0.047552 0.127643
v 0.022317 -0.047622 0.076773
v 0.022319 -0.047616 0.076741
v 0.022322 -0.047573 0.127507
v 0.022352 0.053 0.069432
v 0.022352 0.053 0.134568
v 0.02236 -0.047494 0.07606
v 0.022361 -0.047499 0.127911
v 0.02237 -0.047464 0.075893
v 0.02238 -0.047679 0.126828
v 0.022384 -0.047686 0.126784
v 0.022412 -0.047446 0.128177
v 0.022459 -0.047707 0.077415
v 0.02246 -0.047428 0.076384
v 0.022466 -0.034872 0.068939
v 0.022469 -0.047386 0.128479
v 0.02248 -0.047521 0.127075
v 0.022487 0.034848 0.068972
v 0.022487 -0.047447 0.127483
v 0.022491 -0.047488 0.076748
v 0.022496 -0.047364 0.127944
v 0.022507 -0.047736 0.07763
v 0.022509 -0.047981 0.079491
v 0.022514 -0.04737 0.07611
v 0.022529 -0.047563 0.077204
v 0.022536 -0.047357 0.075406
v 0.022544 -0.047551 0.126847
v 0.022552 -0.047324 0.128117
v 0.022557 -0.035136 0.069008
v 0.022558 -0.045 0.075768
v 0.022558 -0.045 0.077321
v 0.022558 -0.045 0.126679
v 0.022558 -0.045 0.128232
v 0.022565 -0.046376 0.069945
v 0.022566 -0.047963 0.079094
v 0.022572 -0.047576 0.077316
v 0.02258 -0.047299 0.075772
v 0.022586 -0.047299 0.128223
v 0.022587 0.035116 0.069033
v 0.022588 -0.047572 0.126688
v 0.022598 -0.047584 0.077386
v 0.022605 0.033001 0.066989
v 0.02261 -0.047751 0.12618
v 0.022623 -0.047254 0.075558
v 0.022632 -0.047306 0.128811
v 0.022634 -0.047293 0.075119
v 0.022661 -0.047235 0.075483
v 0.022688 -0.047774 0.125971
v 0.022715 -0.047631 0.126237
v 0.022721 -0.047981 0.124296
v 0.022724 -0.047632 0.126223
v 0.022728 -0.04777 0.078047
v 0.022743 -0.047963 0.079257
v 0.022748 -0.047183 0.128728
v 0.022766 -0.04717 0.128784
v 0.022828 -0.047652 0.077991
v 0.022833 -0.047652 0.077998
v 0.022842 0.052498 0.069382
v 0.022842 0.052498 0.134618
v 0.022845 -0.047209 0.074809
v 0.022849 -0.047199 0.12925
v 0.022894 -0.047796 0.078361
v 0.022923 0.034929 0.069263
v 0.022924 -0.03493 0.069261
v 0.022943 -0.0445 0.069234
v 0.022943 -0.0445 0.134766
v 0.02295 -0.047086 0.074909
v 0.022957 -0.047963 0.124528
v 0.02296 -0.047157 0.129396
v 0.022964 -0.047791 0.125595
v 0.022978 -0.047072 0.074853
v 0.023053 -0.046376 0.070271
v 0.023053 -0.046376 0.133729
v 0.023071 -0.04767 0.125668
v 0.023072 -0.047116 0.129542
v 0.023076 -0.047801 0.078576
v 0.023085 -0.047034 0.129267
v 0.023113 -0.047803 0.078619
v 0.023127 -0.047097 0.074396
v 0.02316 -0.04768 0.125525
v 0.023181 -0.046992 0.129412
v 0.023199 -0.047806 0.125273
v 0.023211 -0.047075 0.129664
v 0.023227 -0.047676 0.078522
v 0.023236 -0.047806 0.078764
v 0.023262 -0.047058 0.074283
v 0.023263 -0.046963 0.129503
v 0.023289 -0.046183 0.069945
v 0.023289 -0.046183 0.134055
v 0.0233 -0.046951 0.129541
v 0.023335 -0.045 0.074423
v 0.023335 -0.047683 0.078665
v 0.023335 -0.045 0.078665
v 0.023335 -0.045 0.125335
v 0.023335 -0.046939 0.129577
v 0.023335 -0.045 0.129577
v 0.023351 -0.047676 0.125353
v 0.023354 -0.046939 0.07444
v 0.023368 -0.046934 0.074425
v 0.023387 -0.0478 0.078879
v 0.023427 -0.047798 0.125094
v 0.023451 -0.046901 0.129688
v 0.023453 -0.045835 0.06972
v 0.023453 -0.045835 0.13428
v 0.023467 -0.047916 0.081364
v 0.02347 -0.04768 0.078786
v 0.023511 -0.0454 0.069639
v 0.023511 -0.0445 0.069639
v 0.023511 -0.0454 0.134361
v 0.023511 -0.0445 0.134361
v 0.023519 -0.047673 0.125202
v 0.023542 -0.046873 0.074234
v 0.023564 -0.034315 0.069627
v 0.023597 -0.047678 0.078899
v 0.023616 -0.047862 0.121608
v 0.023657 -0.0477 0.121645
v 0.023716 -0.046925 0.130108
v 0.023736 -0.04692 0.130125
v 0.023779 -0.047669 0.124968
v 0.023785 -0.046908 0.073847
v 0.023801 -0.046903 0.073834
v 0.023804 -0.046803 0.129929
v 0.023814 -0.045 0.076104
v 0.023814 -0.045 0.076984
v 0.023814 -0.042 0.076104
v 0.023814 -0.042 0.076984
v 0.023814 -0.045 0.127016
v 0.023814 -0.045 0.127896
v 0.023814 -0.042 0.127016
v 0.023814 -0.042 0.127896
v 0.02387 -0.046786 0.074032
v 0.023878 -0.047781 0.12474
v 0.023896 -0.047981 0.080988
v 0.023924 -0.047777 0.079286
v 0.023942 -0.047776 0.079294
v 0.023987 -0.04777 0.124695
v 0.024007 0.034057 0.069955
v 0.024016 -0.047646 0.079144
v 0.024036 -0.047916 0.121959
v 0.024042 -0.0477 0.121964
v 0.024049 0.034302 0.070036
v 0.024052 -0.047643 0.124835
v 0.024078 -0.034285 0.070058
v 0.024103 -0.04672 0.130134
v 0.024117 -0.047916 0.121873
v 0.024176 -0.047981 0.081291
v 0.024254 -0.045 0.075342
v 0.024254 -0.045 0.077746
v 0.024254 -0.0445 0.075342
v 0.024254 -0.042 0.075342
v 0.024254 -0.042 0.077746
v 0.024254 -0.045 0.126254
v 0.024254 -0.045 0.128658
v 0.024254 -0.0445 0.128658
v 0.024254 -0.042 0.126254
v 0.024254 -0.042 0.128658
v 0.024254 -0.046684 0.073795
v 0.024321 -0.047622 0.079321
v 0.024326 -0.046786 0.130403
v 0.024367 -0.046663 0.130225
v 0.024396 -0.047862 0.083281
v 0.024396 -0.047862 0.120719
v 0.024403 -0.046769 0.073566
v 0.024428 -0.047963 0.081076
v 0.024438 -0.046646 0.073744
v 0.024486 -0.047981 0.122341
v 0.024527 -0.047598 0.124603
v 0.024538 -0.046738 0.130504
v 0.024556 -0.033668 0.070471
v 0.024563 -0.047981 0.122241
v 0.024572 0.033675 0.070456
v 0.024584 -0.04771 0.079557
v 0.024593 -0.046727 0.073481
v 0.024595 0.031511 0.068172
v 0.024603 -0.031518 0.068169
v 0.024613 -0.046725 0.130516
v 0.024613 -0.047584 0.079402
v 0.024615 0.032943 0.070024
v 0.024615 -0.032909 0.07
v 0.024615 0.032291 0.069453
v 0.024615 -0.032155 0.069294
v 0.024615 0.031786 0.068745
v 0.024616 -0.031621 0.068403
v 0.024624 -0.047705 0.124433
v 0.024646 -0.047704 0.079582
v 0.024648 -0.047581 0.124582
v 0.024679 -0.045 0.073646
v 0.024679 -0.045 0.079442
v 0.024679 -0.045 0.124558
v 0.024679 -0.045 0.130354
v 0.024683 -0.047575 0.124576
v 0.024685 -0.047699 0.124408
v 0.024685 -0.047574 0.079421
v 0.024686 -0.046594 0.130336
v 0.024687 -0.046595 0.073675
v 0.024691 0.03139 0.053702
v 0.024712 0.031423 0.068242
v 0.024741 -0.047963 0.122553
v 0.024838 -0.0445 0.073241
v 0.024838 -0.042 0.073241
v 0.024838 -0.0445 0.130759
v 0.024838 -0.042 0.130759
v 0.024861 -0.046556 0.130396
v 0.024891 -0.0445 0.074705
v 0.024891 -0.042 0.074705
v 0.024891 -0.0445 0.129295
v 0.024891 -0.042 0.129295
v 0.024937 -0.031275 0.068363
v 0.024975 -0.046661 0.130574
v 0.024979 -0.046536 0.130403
v 0.024983 0.030596 0.053202
v 0.025012 -0.047531 0.079511
v 0.025016 -0.045 0.074902
v 0.025016 -0.0445 0.074902
v 0.025016 -0.045 0.078186
v 0.025016 -0.042 0.078186
v 0.025016 -0.045 0.125814
v 0.025016 -0.042 0.125814
v 0.025016 -0.045 0.129098
v 0.025016 -0.0445 0.129098
v 0.025062 -0.046518 0.073571
v 0.025064 -0.046646 0.073412
v 0.025066 -0.046517 0.07357
v 0.025086 -0.0445 0.073565
v 0.025086 -0.042 0.073565
v 0.025086 -0.0445 0.130435
v 0.025086 -0.042 0.130435
v 0.025115 -0.0445 0.074363
v 0.025115 -0.042 0.074363
v 0.025115 -0.0445 0.129637
v 0.025115 -0.042 0.129637
v 0.025165 -0.030446 0.053202
v 0.025183 -0.0445 0.073961
v 0.025183 -0.042 0.073961
v 0.025183 -0.0445 0.130039
v 0.025183 -0.042 0.130039
v 0.025201 -0.033246 0.07102
v 0.025224 0.033234 0.071034
v 0.025251 -0.047489 0.079514
v 0.025263 -0.047612 0.079663
v 0.02528 0.030999 0.068579
v 0.025284 -0.047486 0.12447
v 0.025296 -0.047607 0.124338
v 0.0253 0.030983 0.053702
v 0.025306 0.052998 0.071671
v 0.025306 0.052998 0.132329
v 0.025308 -0.033484 0.071076
v 0.025316 -0.047862 0.084657
v 0.025327 0.033469 0.071095
v 0.025353 -0.047476 0.124458
v 0.025369 -0.0477 0.084622
v 0.025402 -0.046586 0.130643
v 0.025446 0.033084 0.071231
v 0.02545 -0.046579 0.073356
v 0.025471 -0.046376 0.072177
v 0.025471 -0.046376 0.131823
v 0.025483 -0.030832 0.053702
v 0.025496 -0.047578 0.079693
v 0.025561 -0.047566 0.124308
v 0.025621 -0.046376 0.131685
v 0.025624 -0.046428 0.130442
v 0.025626 0.052498 0.071287
v 0.025626 0.052498 0.132713
v 0.025648 -0.046554 0.130615
v 0.025698 -0.046415 0.130446
v 0.0257 -0.047981 0.083215
v 0.025715 -0.046416 0.073575
v 0.025732 -0.046183 0.071871
v 0.025732 -0.046183 0.132129
v 0.025745 -0.046541 0.073394
v 0.02577 -0.047916 0.084348
v 0.025781 -0.0477 0.084339
v 0.025819 -0.047389 0.079522
v 0.025896 -0.047372 0.079502
v 0.025896 -0.045 0.074902
v 0.025896 -0.0445 0.074902
v 0.025896 -0.045 0.078186
v 0.025896 -0.042 0.078186
v 0.025896 -0.045 0.125814
v 0.025896 -0.042 0.125814
v 0.025896 -0.045 0.129098
v 0.025896 -0.0445 0.129098
v 0.025898 -0.046387 0.073577
v 0.025913 -0.045835 0.071659
v 0.025913 -0.045835 0.132341
v 0.025914 -0.047916 0.084534
v 0.025925 -0.047363 0.12452
v 0.025939 -0.047493 0.07963
v 0.025967 -0.047963 0.08302
v 0.02597 -0.047487 0.124376
v 0.025978 -0.0454 0.071584
v 0.025978 -0.0454 0.132416
v 0.026084 -0.047981 0.120247
v 0.026204 -0.047308 0.124551
v 0.026225 -0.047299 0.079414
v 0.026227 -0.04635 0.073667
v 0.026227 -0.046351 0.130328
v 0.026231 -0.047302 0.124562
v 0.026232 -0.045 0.073646
v 0.026232 -0.045 0.079442
v 0.026232 -0.045 0.124558
v 0.026232 -0.045 0.130354
v 0.02626 -0.046347 0.130321
v 0.026271 -0.046472 0.130542
v 0.026301 -0.046469 0.073466
v 0.026326 -0.046467 0.130519
v 0.026349 -0.047414 0.079571
v 0.02635 -0.046336 0.073701
v 0.026355 -0.047963 0.120437
v 0.026375 -0.047981 0.084224
v 0.026419 -0.046458 0.073514
v 0.026428 -0.047398 0.124452
v 0.02646 -0.047916 0.118626
v 0.026505 -0.046317 0.130266
v 0.026517 0.053 0.075483
v 0.026517 0.057 0.075483
v 0.026517 -0.026517 0.0532
v 0.026517 -0.026517 0.057
v 0.026517 0.026517 0.0532
v 0.026517 0.026517 0.057
v 0.026517 0.053 0.128517
v 0.026517 0.057 0.128517
v 0.02652 -0.047233 0.079335
v 0.026536 -0.047227 0.124685
v 0.02659 -0.046309 0.073767
v 0.026594 -0.047357 0.079463
v 0.026618 -0.047352 0.124543
v 0.026625 -0.04721 0.079307
v 0.02663 -0.047862 0.086625
v 0.02663 -0.047862 0.117375
v 0.026658 -0.045 0.075342
v 0.026658 -0.045 0.077746
v 0.026658 -0.0445 0.075342
v 0.026658 -0.0445 0.077746
v 0.026658 -0.042 0.077746
v 0.026658 -0.045 0.126254
v 0.026658 -0.045 0.128658
v 0.026658 -0.0445 0.126254
v 0.026658 -0.0445 0.128658
v 0.026658 -0.042 0.126254
v 0.026839 -0.047862 0.116951
v 0.026858 -0.046291 0.130081
v 0.026862 -0.032472 0.072362
v 0.026864 -0.0477 0.116963
v 0.026919 0.032432 0.072413
v 0.026932 -0.047981 0.118922
v 0.026942 -0.046286 0.073972
v 0.026945 -0.047128 0.124851
v 0.026961 -0.046412 0.130256
v 0.027025 -0.046406 0.073762
v 0.027057 -0.046404 0.073786
v 0.027077 -0.046402 0.130209
v 0.027086 -0.047085 0.079035
v 0.027098 -0.045 0.076104
v 0.027098 -0.045 0.076984
v 0.027098 -0.0445 0.076104
v 0.027098 -0.0445 0.076984
v 0.027098 -0.045 0.127016
v 0.027098 -0.045 0.127896
v 0.027098 -0.0445 0.127016
v 0.027098 -0.0445 0.127896
v 0.027102 -0.047081 0.124971
v 0.027147 -0.047226 0.079218
v 0.027165 -0.047981 0.085404
v 0.027178 -0.046268 0.129912
v 0.027205 -0.047209 0.07917
v 0.027219 -0.047207 0.124828
v 0.027227 -0.047205 0.124835
v 0.027246 -0.047916 0.117177
v 0.027295 -0.0445 0.077109
v 0.027295 -0.042 0.077109
v 0.027295 -0.0445 0.126891
v 0.027295 -0.042 0.126891
v 0.027301 -0.0477 0.117206
v 0.02731 -0.047024 0.078902
v 0.027318 -0.046262 0.074192
v 0.027391 -0.046265 0.129713
v 0.027447 -0.047963 0.085232
v 0.02748 -0.046389 0.074106
v 0.027484 -0.028831 0.053702
v 0.027485 -0.046259 0.074341
v 0.027504 -0.047981 0.118028
v 0.027517 -0.046376 0.074069
v 0.027521 -0.046389 0.129858
v 0.027526 0.02808 0.053202
v 0.027557 -0.04694 0.078646
v 0.027558 -0.046264 0.129557
v 0.027574 -0.046934 0.078629
v 0.027577 -0.046258 0.074423
v 0.027577 -0.045 0.074423
v 0.027577 -0.045 0.078665
v 0.027577 -0.046939 0.125335
v 0.027577 -0.045 0.125335
v 0.027577 -0.045 0.129577
v 0.027599 -0.028944 0.070164
v 0.027606 -0.046929 0.125365
v 0.027612 -0.046385 0.074207
v 0.027637 -0.0445 0.076885
v 0.027637 -0.042 0.076885
v 0.027637 -0.0445 0.127115
v 0.027637 -0.042 0.127115
v 0.02765 -0.046261 0.07452
v 0.027652 0.028207 0.0532
v 0.027656 -0.046912 0.125416
v 0.027666 0.028889 0.070207
v 0.02771 -0.028847 0.070239
v 0.027715 -0.046381 0.074285
v 0.027725 -0.047057 0.078737
v 0.027725 -0.046888 0.125493
v 0.027732 -0.046376 0.074268
v 0.027732 -0.046376 0.129732
v 0.027735 -0.047053 0.12528
v 0.027745 0.03153 0.07327
v 0.027761 -0.046381 0.129669
v 0.02779 -0.047963 0.118195
v 0.027793 -0.046261 0.129337
v 0.027799 -0.046383 0.074384
v 0.027803 -0.031546 0.073234
v 0.027806 -0.027806 0.053202
v 0.027821 -0.046848 0.12564
v 0.027821 -0.047029 0.078657
v 0.027833 0.031736 0.073325
v 0.027844 -0.031733 0.073329
v 0.027846 -0.046267 0.129247
v 0.027873 -0.047011 0.125402
v 0.027878 0.03144 0.073388
v 0.027879 -0.04683 0.078313
v 0.027929 0.028614 0.070413
v 0.027931 -0.028615 0.070413
v 0.027931 -0.027931 0.0532
v 0.027933 -0.031461 0.073344
v 0.027934 -0.047916 0.087992
v 0.02794 0.031395 0.073313
v 0.027941 0.030416 0.072802
v 0.027941 -0.030373 0.072772
v 0.027941 0.029593 0.072083
v 0.027941 -0.029422 0.071883
v 0.027941 0.028959 0.071189
v 0.027942 -0.028752 0.070757
v 0.027974 -0.046785 0.078133
v 0.027986 -0.046971 0.125549
v 0.027987 -0.046394 0.129357
v 0.028017 -0.046183 0.073983
v 0.028017 -0.046183 0.130017
v 0.028033 -0.031396 0.07343
v 0.028039 -0.0445 0.076817
v 0.028039 -0.042 0.076817
v 0.028039 -0.0445 0.127183
v 0.028039 -0.042 0.127183
v 0.028046 -0.046282 0.075048
v 0.028053 -0.04639 0.074684
v 0.02808 0.052998 0.074474
v 0.02808 0.052998 0.129526
v 0.028085 -0.046284 0.075099
v 0.028093 -0.046932 0.125687
v 0.028096 -0.047862 0.089596
v 0.02813 -0.0477 0.089579
v 0.028133 -0.046909 0.078199
v 0.028164 -0.046705 0.126165
v 0.028168 -0.046703 0.126177
v 0.028179 -0.046302 0.128687
v 0.028195 -0.046409 0.074952
v 0.028207 0.053 0.074348
v 0.028207 0.053 0.129652
v 0.028214 -0.045835 0.073786
v 0.028214 -0.045835 0.130214
v 0.028225 -0.046307 0.128611
v 0.028269 -0.046409 0.128969
v 0.028274 -0.046644 0.077564
v 0.028284 -0.0454 0.073716
v 0.028284 -0.0445 0.073716
v 0.028284 -0.0454 0.130284
v 0.028284 -0.0445 0.130284
v 0.028284 -0.046639 0.077544
v 0.028294 -0.046337 0.075653
v 0.028316 -0.046828 0.126137
v 0.028317 -0.046838 0.077929
v 0.028323 -0.046352 0.128225
v 0.02833 -0.046595 0.077316
v 0.028333 -0.046594 0.126686
v 0.02834 -0.046349 0.075773
v 0.028341 -0.046427 0.128773
v 0.028354 -0.045 0.075768
v 0.028354 -0.045 0.077321
v 0.028354 -0.045 0.126679
v 0.028354 -0.045 0.128232
v 0.028364 -0.04637 0.128065
v 0.028366 -0.046572 0.12679
v 0.028369 -0.047916 0.115106
v 0.028383 -0.04636 0.075889
v 0.028407 -0.046546 0.126914
v 0.028408 -0.046521 0.076931
v 0.028409 -0.047862 0.090232
v 0.028409 -0.047862 0.113768
v 0.028416 -0.046418 0.076286
v 0.028426 -0.046461 0.127427
v 0.028431 -0.046769 0.077595
v 0.028435 -0.0445 0.076914
v 0.028435 -0.042 0.076914
v 0.028435 -0.0445 0.127086
v 0.028435 -0.042 0.127086
v 0.028439 -0.046405 0.127771
v 0.028444 -0.047981 0.087707
v 0.028447 -0.046441 0.075427
v 0.028451 -0.04648 0.076718
v 0.028455 -0.047981 0.087731
v 0.02848 -0.046752 0.126467
v 0.02848 -0.046459 0.075579
v 0.028531 -0.047916 0.089401
v 0.028539 -0.046697 0.126771
v 0.028571 -0.046485 0.128153
v 0.028573 -0.046489 0.128125
v 0.028579 -0.046681 0.077164
v 0.028587 -0.0477 0.089377
v 0.028594 -0.046645 0.076938
v 0.028627 -0.046583 0.127441
v 0.028627 -0.046537 0.076252
v 0.028635 -0.046541 0.076288
v 0.028639 -0.046604 0.127285
v 0.028647 0.052498 0.074339
v 0.028647 0.052498 0.129661
v 0.028735 -0.047981 0.115699
v 0.02874 -0.047963 0.087559
v 0.028749 0.031039 0.074239
v 0.028759 -0.031044 0.074229
v 0.028759 -0.0445 0.077162
v 0.028759 -0.042 0.077162
v 0.028759 -0.0445 0.126838
v 0.028759 -0.042 0.126838
v 0.028774 -0.0445 0.074214
v 0.028774 -0.0445 0.129786
v 0.028799 0.030817 0.074205
v 0.028886 -0.047981 0.115345
v 0.029033 -0.047963 0.115842
v 0.029094 -0.047862 0.111751
v 0.029156 -0.0477 0.111772
v 0.029214 -0.030702 0.074677
v 0.029496 -0.047916 0.091679
v 0.029523 0.030449 0.075012
v 0.029528 -0.047981 0.090108
v 0.0296 -0.047916 0.111919
v 0.02963 -0.0477 0.111931
v 0.029702 -0.047862 0.094041
v 0.029702 -0.047862 0.109959
v 0.029742 -0.029966 0.075386
v 0.029769 -0.047981 0.113277
v 0.029812 -0.047916 0.111371
v 0.029823 -0.046376 0.076529
v 0.029823 -0.046376 0.127471
v 0.029835 -0.047963 0.089984
v 0.029887 -0.047862 0.094969
v 0.029933 -0.0477 0.09496
v 0.030009 0.029748 0.075683
v 0.030021 -0.047981 0.091495
v 0.030037 -0.029719 0.075724
v 0.030045 0.026406 0.072069
v 0.030078 -0.047963 0.113394
v 0.030116 0.029924 0.075723
v 0.030129 -0.046183 0.076268
v 0.030129 -0.046183 0.127732
v 0.03014 -0.029896 0.075763
v 0.030154 -0.046376 0.12705
v 0.030185 0.026149 0.053702
v 0.030221 0.026187 0.072228
v 0.030233 -0.026191 0.072228
v 0.030329 0.025306 0.053202
v 0.030341 -0.045835 0.076087
v 0.030341 -0.045835 0.127913
v 0.030346 -0.047981 0.111538
v 0.030384 -0.047916 0.094855
v 0.03041 -0.047981 0.09259
v 0.030416 -0.0454 0.076022
v 0.030416 -0.0454 0.127978
v 0.03042 -0.0477 0.094845
v 0.030441 -0.047862 0.106245
v 0.030446 -0.025165 0.053202
v 0.030455 -0.0477 0.106248
v 0.030487 -0.047862 0.097986
v 0.030487 -0.047862 0.106014
v 0.030574 -0.047916 0.095535
v 0.030596 0.052998 0.077017
v 0.030596 0.052998 0.126983
v 0.030599 -0.047981 0.110777
v 0.030657 -0.047862 0.100584
v 0.030713 0.025626 0.053702
v 0.030717 -0.0477 0.10058
v 0.030727 -0.047963 0.092492
v 0.03075 -0.047862 0.102
v 0.030766 -0.047916 0.107481
v 0.030817 0.029034 0.076671
v 0.030832 -0.025483 0.053702
v 0.030849 -0.029039 0.076653
v 0.030894 0.025348 0.072838
v 0.030897 -0.047916 0.106311
v 0.0309 -0.025351 0.072837
v 0.030918 -0.047963 0.110868
v 0.030925 -0.029001 0.076583
v 0.030925 0.028814 0.076517
v 0.030926 -0.028248 0.076269
v 0.030926 0.027608 0.075891
v 0.030926 -0.027555 0.075854
v 0.030926 -0.02693 0.075348
v 0.030926 0.026594 0.075006
v 0.030926 -0.026384 0.07476
v 0.030926 0.025814 0.073905
v 0.030927 -0.02556 0.073372
v 0.03095 -0.0477 0.106317
v 0.030983 0.052498 0.076701
v 0.030983 0.052498 0.1273
v 0.031084 -0.047981 0.095137
v 0.031134 -0.047981 0.095417
v 0.03115 -0.047916 0.099498
v 0.031167 -0.047916 0.100558
v 0.03118 0.053 0.081166
v 0.03118 0.057 0.081166
v 0.03118 -0.020834 0.0532
v 0.03118 -0.020834 0.057
v 0.03118 0.020834 0.0532
v 0.03118 0.020834 0.057
v 0.03118 0.053 0.122834
v 0.03118 0.057 0.122834
v 0.031214 -0.047916 0.103502
v 0.031217 -0.0477 0.100557
v 0.03122 -0.047981 0.108217
v 0.03132 -0.047981 0.10758
v 0.031408 -0.047963 0.095065
v 0.031545 -0.047963 0.108281
v 0.031545 -0.047981 0.09773
v 0.031587 -0.028637 0.077458
v 0.031627 -0.047981 0.105614
v 0.03166 -0.046376 0.078859
v 0.031706 -0.047981 0.099454
v 0.031729 -0.046376 0.078947
v 0.031729 -0.046376 0.125053
v 0.031778 -0.047981 0.103529
v 0.03179 -0.047981 0.100353
v 0.031818 -0.047981 0.102987
v 0.031873 -0.047963 0.097686
v 0.031881 0.028357 0.077842
v 0.031956 -0.047963 0.105652
v 0.03198 -0.028092 0.077949
v 0.032055 -0.046183 0.078711
v 0.032055 -0.046183 0.125289
v 0.032106 0.027896 0.078245
v 0.032121 -0.047963 0.100336
v 0.032149 -0.047963 0.102997
v 0.032183 -0.027869 0.07827
v 0.032186 0.028041 0.078283
v 0.032213 -0.028001 0.078343
v 0.03228 -0.045835 0.078547
v 0.03228 -0.045835 0.125453
v 0.032285 0.023615 0.074098
v 0.032315 -0.0445 0.082007
v 0.032315 -0.042 0.082007
v 0.032315 -0.0445 0.121993
v 0.032315 -0.042 0.121993
v 0.032361 -0.0454 0.078489
v 0.032361 -0.0445 0.078489
v 0.032361 -0.0454 0.125511
v 0.032361 -0.0445 0.125511
v 0.032367 -0.023503 0.074178
v 0.03242 0.02225 0.053202
v 0.032443 -0.023108 0.053702
v 0.032568 0.022352 0.0532
v 0.032571 -0.023194 0.074395
v 0.032587 -0.022009 0.053202
v 0.032734 -0.022108 0.0532
v 0.032845 0.027243 0.079149
v 0.032858 0.052998 0.0804
v 0.032858 0.052998 0.1236
v 0.033006 0.053 0.080301
v 0.033006 0.053 0.123699
v 0.033399 0.052498 0.080313
v 0.033399 0.052498 0.123687
v 0.033426 -0.026509 0.08023
v 0.03344 -0.046376 0.081508
v 0.03344 -0.046376 0.122492
v 0.033462 0.026516 0.080209
v 0.033503 -0.021787 0.075386
v 0.033504 0.021787 0.075385
v 0.033529 0.026649 0.080226
v 0.033533 -0.026233 0.080084
v 0.033533 0.026007 0.080004
v 0.033534 -0.025325 0.079707
v 0.033534 0.024553 0.079251
v 0.033534 -0.024489 0.079207
v 0.033534 -0.023737 0.078598
v 0.033534 0.023331 0.078186
v 0.033534 -0.023078 0.077889
v 0.033534 0.022392 0.076859
v 0.033535 -0.022087 0.076217
v 0.033542 -0.026652 0.080218
v 0.033547 -0.0445 0.080214
v 0.033547 -0.0445 0.123786
v 0.03362 -0.026573 0.080328
v 0.033783 -0.046183 0.081298
v 0.033783 -0.046183 0.122702
v 0.033863 0.026304 0.080709
v 0.033864 -0.046376 0.121735
v 0.03392 0.025977 0.080997
v 0.033939 -0.025946 0.081041
v 0.034021 -0.045835 0.081152
v 0.034021 -0.045835 0.122848
v 0.034035 0.026095 0.08101
v 0.034046 -0.026066 0.081055
v 0.034106 -0.0454 0.0811
v 0.034106 -0.0454 0.1229
v 0.034205 0.020736 0.076126
v 0.034212 0.020725 0.076134
v 0.034273 -0.020624 0.076204
v 0.034576 0.019098 0.053202
v 0.034587 0.019963 0.053702
v 0.034619 0.019988 0.076637
v 0.034639 -0.018984 0.053202
v 0.034645 -0.014351 0.0532
v 0.034645 0.014351 0.0532
v 0.034645 -0.014351 0.057
v 0.034645 0.014351 0.057
v 0.034645 0.053 0.087649
v 0.034645 0.053 0.116351
v 0.034645 0.057 0.087649
v 0.034645 0.057 0.116351
v 0.034776 0.052998 0.083269
v 0.034776 0.052998 0.120731
v 0.034945 -0.046376 0.084195
v 0.034945 -0.046376 0.119805
v 0.035014 0.01934 0.053702
v 0.035037 -0.046376 0.084394
v 0.035063 -0.0445 0.087351
v 0.035063 -0.0445 0.116649
v 0.035063 -0.042 0.087351
v 0.035063 -0.042 0.116649
v 0.035078 -0.019224 0.053702
v 0.035216 0.052498 0.083032
v 0.035216 0.052498 0.120968
v 0.035303 -0.046183 0.084012
v 0.035303 -0.046183 0.119988
v 0.03535 -0.024401 0.083268
v 0.035366 -0.024493 0.083311
v 0.035525 0.024285 0.083616
v 0.035552 -0.045835 0.083886
v 0.035552 -0.045835 0.120114
v 0.035569 0.024037 0.08383
v 0.035605 -0.024013 0.083859
v 0.035635 0.024126 0.083852
v 0.03564 -0.0454 0.08384
v 0.03564 -0.0445 0.08384
v 0.03564 -0.0454 0.12016
v 0.03564 -0.0445 0.12016
v 0.035645 -0.024097 0.083898
v 0.035679 -0.023901 0.08403
v 0.035687 0.023898 0.084032
v 0.035706 -0.017962 0.078014
v 0.035729 0.017973 0.078013
v 0.035732 -0.023275 0.083828
v 0.035732 0.023007 0.083734
v 0.035732 -0.022201 0.083382
v 0.035732 0.021289 0.082844
v 0.035733 -0.021213 0.082792
v 0.035733 -0.020323 0.082071
v 0.035733 0.019844 0.081584
v 0.035733 -0.019545 0.081233
v 0.035733 -0.01889 0.080291
v 0.035733 0.018734 0.080015
v 0.035734 -0.018373 0.079257
v 0.035734 0.018021 0.078199
v 0.035734 -0.018007 0.078145
v 0.035788 0.017867 0.078085
v 0.036048 0.023473 0.084652
v 0.036088 -0.017253 0.078495
v 0.036099 0.015587 0.053202
v 0.036179 -0.015408 0.053202
v 0.036229 -0.016549 0.053702
v 0.036234 -0.046376 0.086991
v 0.036234 -0.046376 0.117009
v 0.036264 0.015659 0.0532
v 0.036341 -0.015478 0.0532
v 0.036362 -0.016607 0.078919
v 0.036405 0.052998 0.116866
v 0.036405 0.052998 0.087134
v 0.036568 0.053 0.116934
v 0.036568 0.053 0.087066
v 0.036606 -0.046183 0.086837
v 0.036606 -0.046183 0.117163
v 0.036649 -0.046376 0.115883
v 0.036779 -0.007316 0.0532
v 0.036779 0.007316 0.0532
v 0.036779 -0.007316 0.057
v 0.036779 0.007316 0.057
v 0.036779 0.053 0.094684
v 0.036779 0.053 0.109316
v 0.036779 0.057 0.094684
v 0.036779 0.057 0.109316
v 0.036831 -0.022413 0.086395
v 0.036863 -0.045835 0.086731
v 0.036863 -0.045835 0.117269
v 0.036875 0.022088 0.086793
v 0.036904 -0.022042 0.086864
v 0.036924 0.052498 0.087085
v 0.036924 0.052498 0.116915
v 0.036934 -0.0445 0.093061
v 0.036934 -0.0445 0.110939
v 0.036934 -0.042 0.093061
v 0.036934 -0.042 0.110939
v 0.036955 -0.0454 0.086693
v 0.036955 -0.0454 0.117307
v 0.036965 0.0222 0.086717
v 0.036992 0.022153 0.08679
v 0.037003 -0.022108 0.086863
v 0.037063 -0.022003 0.087025
v 0.037075 0.022003 0.08702
v 0.037087 -0.0445 0.116984
v 0.037087 -0.0445 0.087016
v 0.037228 0.014631 0.080219
v 0.0373 -0.046376 0.089881
v 0.0373 -0.046376 0.114119
v 0.037381 0.021241 0.088102
v 0.037432 -0.02124 0.088086
v 0.03745 -0.046376 0.090411
v 0.037473 0.013919 0.080671
v 0.037495 -0.020161 0.087771
v 0.037495 0.019851 0.087661
v 0.037495 -0.018914 0.087252
v 0.037496 0.017853 0.086626
v 0.037496 -0.017765 0.086566
v 0.037496 -0.016731 0.085728
v 0.037496 0.016173 0.085161
v 0.037496 -0.015825 0.084753
v 0.037496 -0.015064 0.083658
v 0.037496 0.014882 0.083337
v 0.037497 -0.014463 0.082456
v 0.037497 0.014053 0.081227
v 0.037497 -0.014036 0.081163
v 0.0375 -0.0 0.0532
v 0.0375 -0.0 0.057
v 0.0375 0.053 0.102
v 0.0375 0.057 0.102
v 0.037503 -0.013912 0.080683
v 0.037569 0.012199 0.053202
v 0.037593 -0.012124 0.053202
v 0.037683 -0.046183 0.089756
v 0.037683 -0.046183 0.114244
v 0.037696 0.052998 0.1138
v 0.037696 0.052998 0.0902
v 0.03774 0.013056 0.053702
v 0.037764 0.01307 0.081211
v 0.037846 -0.020611 0.089044
v 0.037881 -0.0445 0.098995
v 0.037881 -0.0445 0.105005
v 0.037881 -0.042 0.098995
v 0.037881 -0.042 0.105005
v 0.037948 -0.045835 0.08967
v 0.037948 -0.045835 0.11433
v 0.038042 -0.0454 0.089639
v 0.038042 -0.0454 0.114361
v 0.038042 -0.0445 0.089639
v 0.038042 -0.0445 0.114361
v 0.038045 0.020131 0.089818
v 0.038045 0.012353 0.053702
v 0.038064 -0.020078 0.089901
v 0.038069 -0.012277 0.053702
v 0.038095 0.020175 0.089827
v 0.038128 -0.02012 0.089911
v 0.038136 -0.046376 0.092844
v 0.038136 -0.046376 0.111156
v 0.038141 -0.020098 0.089946
v 0.038156 0.020066 0.089995
v 0.038173 0.052498 0.09005
v 0.038173 0.052498 0.11395
v 0.038327 0.019658 0.090548
v 0.038354 -0.01937 0.091036
v 0.038357 0.011346 0.082308
v 0.038426 0.00834 0.053202
v 0.038435 -0.046376 0.109653
v 0.03845 -0.008245 0.053202
v 0.038527 -0.046183 0.09275
v 0.038527 -0.046183 0.11125
v 0.038585 -0.010546 0.082802
v 0.038588 0.052998 0.109574
v 0.038588 0.052998 0.094427
v 0.038601 0.008379 0.0532
v 0.038622 -0.008283 0.0532
v 0.038678 -0.018579 0.092308
v 0.038706 -0.009394 0.053702
v 0.038737 -0.046376 0.095865
v 0.038737 -0.046376 0.108135
v 0.03876 0.053 0.10961
v 0.03876 0.053 0.09439
v 0.038763 0.009701 0.083308
v 0.038772 0.018582 0.092282
v 0.038773 -0.009705 0.08331
v 0.038798 -0.045835 0.092685
v 0.038798 -0.045835 0.111315
v 0.038801 -0.018452 0.092253
v 0.038801 0.017827 0.092123
v 0.038801 -0.016929 0.091866
v 0.038801 0.016573 0.09174
v 0.038801 0.015389 0.091214
v 0.038801 -0.0155 0.091271
v 0.038801 0.014286 0.090554
v 0.038801 -0.014185 0.090485
v 0.038802 0.013273 0.089772
v 0.038802 -0.013 0.089525
v 0.038802 0.012361 0.088876
v 0.038802 -0.011962 0.088409
v 0.038802 0.01156 0.087878
v 0.038802 -0.01109 0.087154
v 0.038802 0.010882 0.086787
v 0.038802 -0.010401 0.085778
v 0.038802 0.010335 0.085615
v 0.038803 0.00993 0.08437
v 0.038803 -0.009911 0.084298
v 0.038836 -0.009422 0.08348
v 0.038841 -0.046376 0.096742
v 0.038871 -0.018108 0.093063
v 0.038895 -0.0454 0.092662
v 0.038895 -0.0454 0.111338
v 0.038938 0.018198 0.092966
v 0.038943 0.01817 0.092947
v 0.038978 -0.018139 0.093055
v 0.039032 -0.018013 0.093255
v 0.039092 0.052498 0.109596
v 0.039092 0.052498 0.094404
v 0.039098 0.017796 0.093549
v 0.039099 -0.046376 0.098923
v 0.039099 -0.046376 0.105077
v 0.03912 0.017765 0.093656
v 0.039134 -0.046183 0.095802
v 0.039134 -0.046183 0.108198
v 0.039172 -0.046376 0.103215
v 0.0392 0.004857 0.053202
v 0.039204 -0.004831 0.053202
v 0.03922 -0.046376 0.102
v 0.039228 0.00782 0.084451
v 0.039234 -0.017311 0.094373
v 0.039239 0.01731 0.094372
v 0.039249 0.052998 0.097558
v 0.039249 0.052998 0.106442
v 0.039265 -0.0445 0.109632
v 0.039265 -0.0445 0.094368
v 0.039308 0.007303 0.084762
v 0.039398 -0.006915 0.084991
v 0.039409 -0.045835 0.095758
v 0.039409 -0.045835 0.108242
v 0.039421 -0.016766 0.095218
v 0.039448 -0.000702 0.0532
v 0.039448 -0.000702 0.053202
v 0.039448 0.000702 0.0532
v 0.039448 0.000702 0.053202
v 0.039456 -0.000736 0.053202
v 0.039459 -0.000749 0.0532
v 0.039459 -0.000749 0.053202
v 0.03946 0.00075 0.0532
v 0.03946 0.00075 0.053202
v 0.039462 0.000752 0.053202
v 0.039479 -0.000771 0.053202
v 0.039487 -0.000663 0.055467
v 0.039487 0.000663 0.055467
v 0.039488 -0.000659 0.055528
v 0.039492 -0.000786 0.0532
v 0.039492 -0.000786 0.053202
v 0.039492 0.000786 0.0532
v 0.039492 0.000786 0.053202
v 0.039493 0.00058 0.055772
v 0.039493 -0.000552 0.055818
v 0.039493 -0.000697 0.055467
v 0.039495 -0.000457 0.055903
v 0.039495 0.000456 0.055904
v 0.039496 0.00037 0.055997
v 0.039497 -0.000323 0.056025
v 0.039498 0.016132 0.096142
v 0.039498 0.000788 0.053208
v 0.039498 7.8e-05 0.056099
v 0.039498 -1.7e-05 0.056102
v 0.039498 1.7e-05 0.056102
v 0.039498 -0.000643 0.055725
v 0.039498 0.000643 0.055725
v 0.0395 -0.046183 0.098891
v 0.0395 -0.046183 0.105109
v 0.0395 0.052998 0.102
v 0.0395 0.053 0.102
v 0.039501 0.000713 0.055467
v 0.039502 -0.000495 0.055942
v 0.039502 0.000495 0.055942
v 0.039505 -0.000275 0.056086
v 0.039505 0.000275 0.056086
v 0.039508 -0.0454 0.095743
v 0.039508 -0.0454 0.108257
v 0.039508 -0.0445 0.095743
v 0.039508 -0.0445 0.108257
v 0.039508 1.7e-05 0.056137
v 0.039512 -1.7e-05 0.056151
v 0.039512 1.7e-05 0.056151
v 0.039515 -0.000792 0.053225
v 0.039516 -0.000734 0.055467
v 0.03952 0.000798 0.05323
v 0.039521 -0.000674 0.055738
v 0.039521 0.000674 0.055738
v 0.039524 -0.000519 0.055966
v 0.039524 0.000519 0.055966
v 0.039527 -0.000288 0.056117
v 0.039527 0.000288 0.056117
v 0.039528 0.005678 0.053702
v 0.039537 0.000749 0.055467
v 0.039538 0.016175 0.096163
v 0.039543 -0.016079 0.096223
v 0.039549 -0.000801 0.053259
v 0.039549 0.000801 0.053259
v 0.039549 -1.7e-05 0.056187
v 0.039549 1.7e-05 0.056187
v 0.03955 -0.000755 0.055467
v 0.039551 0.000753 0.055467
v 0.039553 -0.000757 0.055467
v 0.039555 -0.000695 0.055746
v 0.039555 0.000695 0.055746
v 0.039556 0.005687 0.085733
v 0.039558 -0.000534 0.055981
v 0.039558 0.000534 0.055981
v 0.039561 -0.000296 0.056137
v 0.039561 0.000296 0.056137
v 0.039562 -1.7e-05 0.05619
v 0.039562 1.7e-05 0.05619
v 0.039568 0.01584 0.096595
v 0.039573 -0.01613 0.096254
v 0.039587 -0.000763 0.055467
v 0.039587 0.000763 0.055467
v 0.039588 -0.01583 0.096588
v 0.039589 0.000756 0.055557
v 0.039591 0.000695 0.055715
v 0.039591 -0.000699 0.055718
v 0.039591 0.000685 0.055742
v 0.039591 -0.000692 0.055746
v 0.039592 -0.000678 0.0558
v 0.039593 0.000636 0.05587
v 0.039595 0.000526 0.055971
v 0.039595 -0.000531 0.055978
v 0.039595 -0.000482 0.056037
v 0.039597 0.000378 0.056107
v 0.039597 -0.000291 0.056126
v 0.039597 0.000295 0.056128
v 0.039597 0.000267 0.056135
v 0.039597 -0.000265 0.056139
v 0.039598 -0.000165 0.056185
v 0.039598 -1.7e-05 0.0562
v 0.039598 1.7e-05 0.0562
v 0.039602 0.005383 0.085915
v 0.039606 -0.005385 0.085919
v 0.039622 -0.046183 0.102
v 0.039628 -0.01594 0.096557
v 0.039633 -0.015335 0.096506
v 0.039633 0.014628 0.096359
v 0.039633 -0.013613 0.096068
v 0.039633 0.013211 0.095926
v 0.039634 -0.011999 0.095395
v 0.039634 0.011873 0.09533
v 0.039634 0.010626 0.094584
v 0.039634 -0.010512 0.094505
v 0.039634 0.009481 0.093699
v 0.039634 -0.009173 0.09342
v 0.039634 0.008451 0.092686
v 0.039634 -0.008 0.092158
v 0.039634 0.007545 0.091558
v 0.039635 -0.007013 0.09074
v 0.039635 0.006778 0.090325
v 0.039635 -0.006233 0.089185
v 0.039635 0.006159 0.089
v 0.039635 0.0057 0.087595
v 0.039635 -0.005679 0.087513
v 0.039635 0.005414 0.08612
v 0.039696 0.004918 0.053702
v 0.0397 -0.004892 0.053702
v 0.039713 0.015508 0.097216
v 0.039734 -0.015007 0.097794
v 0.039745 0.015106 0.097739
v 0.039746 0.052498 0.106498
v 0.039746 0.052498 0.097502
v 0.039764 0.015122 0.097745
v 0.039767 0.004313 0.086558
v 0.039773 -0.01507 0.097832
v 0.039778 -0.045835 0.098869
v 0.039778 -0.045835 0.105131
v 0.039813 -0.003865 0.086841
v 0.039824 0.014777 0.098252
v 0.039836 -0.014697 0.09838
v 0.039877 -0.0454 0.098862
v 0.039877 -0.0454 0.105138
v 0.03989 -0.000795 0.0536
v 0.03989 0.000795 0.0536
v 0.039891 -0.000763 0.055467
v 0.039891 0.000763 0.055467
v 0.039891 -0.000758 0.055541
v 0.039893 -0.000693 0.055714
v 0.039893 0.000696 0.055717
v 0.039893 -0.000682 0.055741
v 0.039893 0.000689 0.055746
v 0.039894 0.000671 0.055812
v 0.039894 -0.00063 0.055878
v 0.039895 0.014129 0.099107
v 0.039895 -0.000526 0.055971
v 0.039895 0.000524 0.055972
v 0.039896 0.00043 0.056075
v 0.039897 -0.000364 0.056114
v 0.039898 -0.000297 0.056131
v 0.039898 0.000292 0.056124
v 0.039898 -0.000268 0.056138
v 0.039898 0.000265 0.056134
v 0.039898 -0.014086 0.099144
v 0.039899 9.1e-05 0.056196
v 0.0399 -1.7e-05 0.0562
v 0.0399 1.7e-05 0.0562
v 0.039901 -0.045835 0.102
v 0.039905 0.013969 0.099269
v 0.039906 0.013971 0.099273
v 0.039907 -0.013893 0.09934
v 0.039908 -0.013885 0.099327
v 0.039911 0.013928 0.099328
v 0.039917 -0.001901 0.053702
v 0.039922 0.002503 0.087795
v 0.039924 -0.000801 0.053634
v 0.039926 0.000806 0.053637
v 0.039927 -0.000803 0.053637
v 0.039929 -0.000708 0.055751
v 0.039929 0.000708 0.055752
v 0.039929 -0.000771 0.055467
v 0.039929 0.000771 0.055467
v 0.039932 -0.000545 0.055991
v 0.039932 0.000545 0.055991
v 0.039934 -0.013584 0.09971
v 0.039935 -0.000303 0.05615
v 0.039935 0.000302 0.05615
v 0.039936 -1.7e-05 0.05621
v 0.039936 1.7e-05 0.05621
v 0.039937 -0.002245 0.088008
v 0.039948 0.000813 0.053659
v 0.03995 -1.7e-05 0.056213
v 0.03995 1.7e-05 0.056213
v 0.039953 -0.001903 0.088371
v 0.039959 0.013056 0.100192
v 0.03996 0.000826 0.053671
v 0.039961 -0.000825 0.053672
v 0.039962 -0.000793 0.055467
v 0.039962 0.000793 0.055467
v 0.039963 -0.000729 0.055759
v 0.039963 0.000729 0.05576
v 0.039966 -0.000829 0.053677
v 0.039966 -0.000561 0.056006
v 0.039966 0.000561 0.056007
v 0.039968 -1.7e-05 0.056232
v 0.039968 1.7e-05 0.056232
v 0.039969 -0.000312 0.056171
v 0.039969 0.000311 0.056171
v 0.03997 0.012494 0.100525
v 0.039972 0.01251 0.100538
v 0.039972 0.001498 0.088775
v 0.039975 -0.01251 0.100575
v 0.039975 -0.012454 0.100593
v 0.039976 -0.01248 0.100603
v 0.039976 -0.001397 0.088908
v 0.039976 -0.012461 0.100611
v 0.039977 0.001344 0.089038
v 0.039977 -0.012294 0.100647
v 0.039977 0.000845 0.053688
v 0.039979 0.012265 0.100717
v 0.03998 -0.011943 0.100763
v 0.039981 0.012016 0.100781
v 0.039982 0.000859 0.053693
v 0.039982 0.011385 0.100653
v 0.039982 -0.010252 0.100328
v 0.039982 0.009803 0.100169
v 0.039983 -0.00845 0.099575
v 0.039983 0.008309 0.099503
v 0.039983 -0.000859 0.053695
v 0.039983 0.006917 0.098669
v 0.039983 -0.006789 0.098582
v 0.039983 0.005638 0.09768
v 0.039983 -0.005293 0.097369
v 0.039983 0.012026 0.100844
v 0.039983 0.001122 0.08942
v 0.039983 -0.001122 0.089424
v 0.039983 -0.011546 0.100895
v 0.039983 0.004486 0.096549
v 0.039984 -0.003982 0.095959
v 0.039984 0.003475 0.095289
v 0.039984 -0.000826 0.055468
v 0.039984 0.011618 0.100884
v 0.039984 -0.00288 0.094375
v 0.039984 0.002616 0.093912
v 0.039984 0.000828 0.055468
v 0.039984 -0.002008 0.092639
v 0.039984 0.001924 0.092433
v 0.039984 0.001412 0.090863
v 0.039984 -0.001388 0.090772
v 0.039985 -0.000863 0.053697
v 0.039986 -0.000761 0.055773
v 0.039986 0.000761 0.055774
v 0.039986 0.011638 0.100964
v 0.039987 -1.7e-05 0.05625
v 0.039987 1.7e-05 0.05625
v 0.039987 -0.011578 0.100998
v 0.039987 0.011086 0.101022
v 0.039989 -0.000585 0.056031
v 0.039989 0.000585 0.056031
v 0.039989 -0.011401 0.101076
v 0.039989 -0.003895 0.098795
v 0.039989 -0.007166 0.101062
v 0.039989 -0.00402 0.09894
v 0.039989 -0.002594 0.097281
v 0.039989 -0.001554 0.09607
v 0.039989 -0.00135 0.095724
v 0.039989 -0.000924 0.101067
v 0.039989 0.000924 0.101067
v 0.039989 0.007166 0.101062
v 0.039989 -0.005516 0.099949
v 0.039989 -0.000924 0.094999
v 0.039989 0.000924 0.094999
v 0.039989 0.00107 0.095248
v 0.039989 0.001546 0.096058
v 0.039989 0.002027 0.096619
v 0.039989 0.00312 0.097891
v 0.039989 0.004022 0.098941
v 0.039989 0.004258 0.099101
v 0.039989 -0.007169 0.101067
v 0.039989 -0.007153 0.101054
v 0.039989 0.005649 0.100039
v 0.039989 0.007045 0.100981
v 0.039989 0.007153 0.101054
v 0.039989 0.007169 0.101067
v 0.039989 0.000882 0.053701
v 0.039989 -0.000922 0.101076
v 0.039989 0.000922 0.101076
v 0.039989 0.007168 0.101076
v 0.039989 -0.007168 0.101076
v 0.039989 0.000919 0.089768
v 0.03999 -0.000916 0.101084
v 0.03999 0.000916 0.101084
v 0.03999 -0.007167 0.101086
v 0.03999 -0.000914 0.101086
v 0.03999 0.000914 0.101086
v 0.03999 0.007167 0.101086
v 0.03999 0.010672 0.10113
v 0.03999 -0.000896 0.053702
v 0.03999 0.000896 0.053702
v 0.03999 -1.7e-05 0.056264
v 0.039991 -0.000869 0.089903
v 0.039991 -0.007531 0.101115
v 0.039991 -0.000865 0.055469
v 0.039991 0.000865 0.055469
v 0.039991 0.000859 0.055551
v 0.039992 -0.008706 0.101166
v 0.039992 -0.000325 0.056202
v 0.039992 0.00874 0.101173
v 0.039992 0.000324 0.056202
v 0.039992 -0.010629 0.1012
v 0.039992 -0.010633 0.101198
v 0.039992 0.008945 0.101188
v 0.039992 0.010884 0.101198
v 0.039992 -0.009527 0.101201
v 0.039992 -0.008057 0.10121
v 0.039992 0.010695 0.101212
v 0.039992 0.008736 0.101232
v 0.039993 -0.00075 0.093693
v 0.039993 -0.008702 0.101236
v 0.039993 -0.000762 0.055859
v 0.039993 -0.010499 0.101243
v 0.039993 0.000729 0.093434
v 0.039994 0.010108 0.101276
v 0.039994 0.000713 0.055937
v 0.039994 -0.010045 0.101292
v 0.039994 0.009514 0.101304
v 0.039995 0.000643 0.09087
v 0.039995 0.000623 0.091475
v 0.039995 -0.000618 0.091085
v 0.039995 -0.000617 0.091364
v 0.039995 0.000596 0.05604
v 0.039995 -0.000611 0.09264
v 0.039995 -0.000595 0.056042
v 0.039996 0.000595 0.09235
v 0.039997 -0.000491 0.056155
v 0.039997 -0.000457 0.101543
v 0.039997 0.000457 0.101543
v 0.039998 0.000411 0.056203
v 0.04 -0.0001 0.056296
v 0.04 -0.0454 0.102
v 0.04 -0.0445 0.102
v 0.04 -1.7e-05 0.0563
v 0.04 0.0 0.102
v 0.04 1.7e-05 0.0563
v 0.04 0.052498 0.102
vn 0.07277 -0.000888 -0.997348
vn 0.020376 -4.4e-05 0.999792
vn 0.01745 -6.4e-05 0.999848
vn 0.015807 -5e-05 0.999875
vn 0.015629 -4.9e-05 0.999878
vn 0.008274 -1.1e-05 0.999966
vn 0.002355 -0.0 0.999997
vn -0.0 0.0 1.0
vn 0.016768 -0.003129 -0.999855
vn 0.033056 -0.0 -0.999454
vn 0.000223 -7.5e-05 -1.0
vn 0.033017 -6.3e-05 -0.999455
vn 0.006379 -0.004295 -0.99997
vn 0.016749 -0.00313 -0.999855
vn 0.084627 -0.004463 -0.996403
vn 0.025929 -0.002435 -0.999661
vn 0.069136 3.3e-05 -0.997607
vn 0.033022 3e-05 -0.999455
vn 0.072766 0.004409 -0.997339
vn 0.107255 -0.002586 -0.994228
vn 0.21686 -0.011221 -0.976138
vn 0.111249 0.035618 -0.993154
vn 0.188934 0.014912 -0.981877
vn 0.272805 0.043371 -0.961091
vn 0.397965 -0.005664 -0.917383
vn 0.263207 0.00098 -0.964739
vn 0.216851 0.014557 -0.976096
vn 0.266433 0.014537 -0.963744
vn 0.188934 0.014912 -0.981877
vn 0.501428 0.018215 -0.865008
vn 0.501426 0.018215 -0.865009
vn 0.434168 0.044612 -0.899727
vn 0.564344 -0.032341 -0.824906
vn 0.421374 0.004061 -0.906878
vn 0.397951 0.010157 -0.917351
vn 0.423336 0.010152 -0.905916
vn 0.346179 0.016998 -0.938015
vn 0.644564 0.017871 -0.764341
vn 0.644566 0.017871 -0.76434
vn 0.710775 -0.013297 -0.703294
vn 0.568913 0.007183 -0.822366
vn 0.564621 0.008182 -0.82531
vn 0.569279 0.008182 -0.822103
vn 0.569285 0.008182 -0.8221
vn 0.824587 0.006066 -0.565703
vn 0.824586 0.006066 -0.565703
vn 0.774094 0.016116 -0.632865
vn 0.774095 0.016116 -0.632864
vn 0.831202 -0.012445 -0.555831
vn 0.708955 0.00709 -0.705218
vn 0.710823 0.00668 -0.703339
vn 0.708801 0.00668 -0.705377
vn 0.708799 0.00668 -0.705379
vn 0.941022 0.005389 -0.338304
vn 0.941022 0.005389 -0.338301
vn 0.908554 0.006307 -0.417719
vn 0.908553 0.006307 -0.417721
vn 0.872929 0.01666 -0.487563
vn 0.872927 0.016661 -0.487566
vn 0.824588 0.006066 -0.565701
vn 0.83125 0.006332 -0.555862
vn 0.921478 -0.0132 -0.388207
vn 0.967965 0.006178 -0.25101
vn 0.967965 0.006178 -0.251009
vn 0.943422 0.017777 -0.331119
vn 0.94102 0.005389 -0.338309
vn 0.921558 0.000447 -0.38824
vn 0.978439 -0.000947 -0.206532
vn 0.999857 0.000133 -0.01692
vn 0.999985 0.000236 -0.005478
vn 0.999853 0.0 -0.017141
vn 0.999822 -0.000118 -0.018875
vn 0.999822 -0.000118 -0.018862
vn 0.999721 0.000262 -0.023625
vn 0.999721 0.000262 -0.023616
vn 0.999349 0.000618 -0.036075
vn 0.999349 0.000618 -0.03607
vn 0.998361 0.001588 -0.057208
vn 0.998361 0.001587 -0.057203
vn 0.995667 0.004286 -0.092891
vn 0.995667 0.004286 -0.092894
vn 0.998413 -0.000466 -0.056311
vn 0.986454 0.000377 -0.164037
vn 0.978438 0.00199 -0.206531
vn 0.986842 0.004267 -0.161633
vn 0.986841 0.004267 -0.161637
vn 0.995396 0.001155 -0.095845
vn 0.985942 -0.018797 -0.166026
vn 0.985941 -0.018798 -0.166031
vn 0.994104 -0.007662 -0.108157
vn 0.994104 -0.007663 -0.108161
vn 0.997453 -0.003161 -0.071252
vn 0.997453 -0.003161 -0.071251
vn 0.999003 -0.001186 -0.044623
vn 0.999609 -0.000457 -0.027944
vn 0.999609 -0.000459 -0.027976
vn 0.999608 -0.000459 -0.02799
vn 0.999818 -0.00021 -0.019071
vn 0.999922 0.000259 -0.012523
vn 0.999922 0.000255 -0.012474
vn 0.999986 -0.000453 -0.005261
vn 0.999801 0.000192 -0.019961
vn 0.999853 0.0 -0.017141
vn 0.965923 -0.002384 -0.258818
vn 0.965918 -0.002385 -0.258837
vn 0.983993 0.001159 -0.178202
vn 0.868162 -0.017127 -0.495985
vn 0.903675 -0.001524 -0.428217
vn 0.903674 -0.001524 -0.428218
vn 0.937943 0.001162 -0.346788
vn 0.937942 0.001161 -0.346789
vn 0.958819 0.001159 -0.284015
vn 0.941697 -0.017487 -0.336007
vn 0.941697 -0.017487 -0.336007
vn 0.766787 -0.01673 -0.641684
vn 0.815765 0.00032 -0.578384
vn 0.815765 0.00032 -0.578383
vn 0.887011 0.000317 -0.461749
vn 0.830457 -0.046487 -0.55514
vn 0.868161 -0.017128 -0.495987
vn 0.643338 -0.015612 -0.765423
vn 0.700936 0.001578 -0.713222
vn 0.700941 0.001579 -0.713217
vn 0.782608 0.001568 -0.622513
vn 0.720066 -0.051592 -0.691985
vn 0.766787 -0.01673 -0.641683
vn 0.492422 0.002498 -0.870353
vn 0.439586 -0.064809 -0.895859
vn 0.501135 -0.013594 -0.865262
vn 0.501137 -0.013593 -0.865261
vn 0.5671 0.00349 -0.823641
vn 0.567105 0.00349 -0.823638
vn 0.649444 0.003472 -0.760401
vn 0.588957 -0.05717 -0.806139
vn 0.643336 -0.015613 -0.765425
vn 0.269066 -0.001918 -0.96312
vn 0.346744 -0.009639 -0.93791
vn 0.417736 0.005061 -0.908555
vn 0.417734 0.005061 -0.908555
vn 0.317247 -0.019167 -0.948149
vn 0.283394 -0.065111 -0.956791
vn 0.346749 -0.009636 -0.937909
vn 0.038152 0.008939 -0.999232
vn 0.130434 -0.037521 -0.990747
vn 0.121271 -0.053769 -0.991162
vn 0.121272 -0.053768 -0.991162
vn 0.191411 0.001631 -0.981508
vn 0.191412 0.001631 -0.981508
vn 0.191421 0.001631 -0.981507
vn 0.038151 0.00894 -0.999232
vn 0.017452 0.008938 -0.999808
vn 0.038521 -0.0 -0.999258
vn 0.07277 -0.000886 0.997348
vn 0.069072 0.000228 0.997612
vn 0.072766 0.000228 0.997349
vn 0.130527 -0.001887 0.991443
vn 0.216875 0.001859 0.976198
vn 0.216873 0.001859 0.976198
vn 0.317304 -0.001882 0.948322
vn 0.397971 0.001854 0.917396
vn 0.397971 0.001854 0.917396
vn 0.492422 -0.001877 0.870354
vn 0.564638 0.001849 0.825336
vn 0.564639 0.001849 0.825336
vn 0.649447 -0.001871 0.760405
vn 0.710837 0.001843 0.703355
vn 0.710838 0.001843 0.703353
vn 0.782607 -0.001865 0.622514
vn 0.831265 0.001836 0.555874
vn 0.831265 0.001836 0.555873
vn 0.88701 -0.001858 0.461747
vn 0.921557 0.001828 0.38824
vn 0.921557 0.001828 0.388239
vn 0.958818 -0.00185 0.284015
vn 0.978438 0.00182 0.206531
vn 0.999818 -0.000211 -0.019099
vn 0.999961 0.0 -0.008847
vn 0.995396 0.0 0.095846
vn 0.978438 0.00182 0.206531
vn 0.996571 -0.002271 0.082717
vn 0.998413 0.0 0.056311
vn 0.999962 0.0 -0.008701
vn 0.999855 0.000135 -0.017007
vn -0.027919 0.0 -0.99961
vn -0.017453 0.002105 -0.999845
vn -0.027784 0.004462 -0.999604
vn -0.027784 0.004462 -0.999604
vn -0.251157 0.004755 -0.967935
vn -0.171937 -0.006532 -0.985086
vn -0.171938 -0.006531 -0.985086
vn -0.130355 -0.051313 -0.990139
vn -0.094404 -0.012471 -0.995456
vn -0.094402 -0.01247 -0.995456
vn -0.336918 -0.014325 -0.941425
vn -0.336918 -0.014325 -0.941425
vn -0.336725 -0.014526 -0.941491
vn -0.317111 -0.034881 -0.947747
vn -0.251167 0.004756 -0.967932
vn -0.25127 0.004755 -0.967905
vn -0.552833 0.002392 -0.833289
vn -0.489677 -0.020693 -0.871658
vn -0.489678 -0.020692 -0.871658
vn -0.43188 -0.074656 -0.898836
vn -0.492422 -0.00273 -0.870352
vn -0.407541 0.004973 -0.913173
vn -0.407542 0.004973 -0.913173
vn -0.63166 -0.022357 -0.774923
vn -0.631661 -0.022356 -0.774922
vn -0.649435 -0.006162 -0.760392
vn -0.552834 0.002392 -0.833288
vn -0.552831 0.002392 -0.83329
vn -0.805631 -0.002085 -0.592414
vn -0.805633 -0.002084 -0.592411
vn -0.760221 -0.02084 -0.64933
vn -0.76022 -0.020841 -0.649331
vn -0.782607 -0.001838 -0.622513
vn -0.691119 0.000858 -0.72274
vn -0.691123 0.000858 -0.722736
vn -0.898247 -0.003215 -0.439479
vn -0.860774 -0.021414 -0.508537
vn -0.886981 -0.00818 -0.461733
vn -0.853868 0.001616 -0.520487
vn -0.85387 0.001616 -0.520485
vn -0.962256 -0.003739 -0.272119
vn -0.962256 -0.00374 -0.272119
vn -0.936642 -0.021943 -0.349601
vn -0.958819 0.001474 -0.284015
vn -0.931709 0.001637 -0.363201
vn -0.93172 0.001637 -0.363173
vn -0.999985 -0.000235 -0.005479
vn -0.999853 0.0 -0.017141
vn -0.999822 0.000117 -0.018865
vn -0.999809 0.000135 -0.019521
vn -0.999849 -0.000173 -0.017392
vn -0.999848 -0.000174 -0.017418
vn -0.99967 -0.000382 -0.025675
vn -0.999683 -0.000361 -0.025158
vn -0.999166 -0.00099 -0.040812
vn -0.997789 -0.002703 -0.066412
vn -0.997788 -0.002703 -0.066418
vn -0.997789 -0.002702 -0.06641
vn -0.993865 -0.007739 -0.110332
vn -0.993864 -0.00774 -0.110338
vn -0.995385 -0.004741 -0.095845
vn -0.982236 0.001287 -0.187646
vn -0.982235 0.001287 -0.187649
vn -0.983746 0.017079 -0.178753
vn -0.993636 0.0064 -0.112456
vn -0.993637 0.006398 -0.112445
vn -0.993638 0.006398 -0.112442
vn -0.997532 0.002423 -0.070166
vn -0.997533 0.002423 -0.070161
vn -0.99902 0.000937 -0.044251
vn -0.999605 0.000371 -0.0281
vn -0.9996 0.000376 -0.028261
vn -0.9996 0.000376 -0.028267
vn -0.999813 0.000175 -0.019339
vn -0.999922 -0.000253 -0.012452
vn -0.999923 -0.000251 -0.01242
vn -0.999986 0.000448 -0.005266
vn -0.999801 -0.000191 -0.019939
vn -0.999853 0.0 -0.017141
vn -0.940977 0.013519 -0.3382
vn -0.940997 0.013511 -0.338145
vn -0.964033 0.002824 -0.265768
vn -0.995403 -0.00116 -0.095768
vn -0.958973 -0.001126 -0.283496
vn -0.981826 -0.001132 -0.189781
vn -0.981826 -0.001132 -0.18978
vn -0.826821 0.034325 -0.561417
vn -0.866852 0.012662 -0.498404
vn -0.866853 0.012662 -0.498403
vn -0.903706 0.001138 -0.428153
vn -0.903709 0.001137 -0.428147
vn -0.958886 -0.000876 -0.283791
vn -0.887118 -0.000793 -0.461541
vn -0.93806 -0.000799 -0.346472
vn -0.938062 -0.000799 -0.346468
vn -0.887191 -0.000262 -0.461402
vn -0.782951 -0.000125 -0.622084
vn -0.815772 -0.000125 -0.578374
vn -0.815772 -0.000125 -0.578374
vn -0.701242 -0.000879 -0.712922
vn -0.701242 -0.000878 -0.712923
vn -0.64984 -0.000876 -0.76007
vn -0.701206 -0.000959 -0.712958
vn -0.782946 0.002482 -0.622085
vn -0.765038 0.01158 -0.643881
vn -0.765036 0.01158 -0.643883
vn -0.499015 0.00754 -0.86656
vn -0.567821 -0.001737 -0.82315
vn -0.56782 -0.001736 -0.823151
vn -0.49301 -0.001728 -0.870022
vn -0.567764 -0.001892 -0.823189
vn -0.649971 0.005939 -0.759936
vn -0.641246 0.009859 -0.767272
vn -0.641246 0.009859 -0.767272
vn -0.275025 0.028693 -0.961009
vn -0.318244 0.01193 -0.947934
vn -0.344822 0.004559 -0.938657
vn -0.418748 -0.002009 -0.9081
vn -0.318279 -0.001994 -0.947995
vn -0.418666 -0.002287 -0.908138
vn -0.493171 -0.001356 -0.869932
vn -0.430511 0.03486 -0.901912
vn -0.499016 0.007539 -0.86656
vn -0.029237 -0.002579 -0.999569
vn -0.117993 0.01812 -0.992849
vn -0.131677 0.012038 -0.99122
vn -0.116944 0.008726 -0.9931
vn -0.038414 -0.00262 -0.999258
vn -0.192512 -0.000279 -0.981295
vn -0.192514 -0.00028 -0.981294
vn -0.131695 -0.000278 -0.99129
vn -0.192473 -0.000498 -0.981302
vn -0.268507 0.000571 -0.963278
vn -0.029276 -0.000126 -0.999571
vn -0.037426 -0.002579 -0.999296
vn -0.031318 -0.00292 -0.999505
vn -0.019791 -0.003721 -0.999797
vn -0.019791 -0.003721 -0.999797
vn -0.010185 -0.004702 -0.999937
vn -0.038497 -0.000709 -0.999259
vn -0.002306 -4e-06 -0.999997
vn -0.000223 0.0 -1.0
vn -0.01745 0.0 0.999848
vn 0.0 -0.000258 1.0
vn -0.005356 -0.00018 0.999986
vn -0.014093 -8.9e-05 0.999901
vn -0.014178 -8.8e-05 0.999899
vn -0.029276 -0.000124 0.999571
vn -0.0312 -0.000703 0.999513
vn -0.999962 -0.0 -0.008692
vn -0.995396 0.0 0.095845
vn -0.995393 6e-06 0.09588
vn -0.999813 0.000175 -0.019355
vn -0.999961 0.0 -0.008855
vn -0.995404 0.0 0.095768
vn -0.95834 -0.027901 0.284264
vn -0.887011 1.8e-05 0.461749
vn -0.782764 -0.015034 0.622137
vn -0.887191 1.2e-05 0.461403
vn -0.95882 1.2e-05 0.284015
vn -0.887141 -0.015031 0.461253
vn -0.958886 6e-06 0.283791
vn -0.649448 3e-05 0.760406
vn -0.492955 -0.014999 0.869925
vn -0.649983 2.5e-05 0.759949
vn -0.782608 2.4e-05 0.622515
vn -0.649767 -0.015017 0.759985
vn -0.782948 1.8e-05 0.622087
vn -0.317305 4.2e-05 0.948324
vn -0.131512 -0.014961 0.991202
vn -0.318267 3.7e-05 0.948001
vn -0.492423 3.6e-05 0.870356
vn -0.318065 -0.01498 0.947951
vn -0.493171 3.1e-05 0.869932
vn -0.019694 -4.8e-05 0.999806
vn -0.028762 3e-06 0.999586
vn -0.130527 3e-06 0.991445
vn -0.029236 -0.008019 0.99954
vn -0.131688 4.3e-05 0.991291
vn -0.995185 0.0 -0.098017
vn -0.995185 0.0 -0.098017
vn -0.95694 0.0 -0.290285
vn -0.95694 0.0 -0.290285
vn -0.881921 0.0 -0.471397
vn -0.881921 0.0 -0.471397
vn -0.773011 0.0 -0.634393
vn -0.773011 0.0 -0.634393
vn -0.634394 0.0 -0.77301
vn -0.634394 0.0 -0.77301
vn -0.471396 0.0 -0.881921
vn -0.471396 0.0 -0.881921
vn -0.290285 0.0 -0.95694
vn -0.290285 0.0 -0.95694
vn -0.098017 0.0 -0.995185
vn -0.098017 0.0 -0.995185
vn 0.098017 0.0 -0.995185
vn 0.098017 0.0 -0.995185
vn 0.290284 0.0 -0.956941
vn 0.290284 0.0 -0.956941
vn 0.471397 0.0 -0.881921
vn 0.471397 0.0 -0.881921
vn 0.634393 0.0 -0.773011
vn 0.634393 0.0 -0.773011
vn 0.773011 0.0 -0.634393
vn 0.773011 0.0 -0.634393
vn 0.881921 0.0 -0.471397
vn 0.881921 0.0 -0.471397
vn 0.95694 0.0 -0.290285
vn 0.95694 0.0 -0.290285
vn 0.995185 0.0 -0.098017
vn 0.995185 0.0 -0.098017
vn -0.867666 0.0 -0.497147
vn -0.867666 -0.0 -0.497147
vn -0.972583 0.0 -0.232558
vn -0.972583 -0.0 -0.232558
vn -0.998705 0.0 0.05087
vn -0.998705 0.0 0.05087
vn -0.943919 0.0 0.330177
vn -0.943919 0.0 0.330177
vn -0.812662 0.0 0.582735
vn -0.812662 0.0 0.582735
vn -0.615568 0.0 0.788084
vn -0.615568 0.0 0.788084
vn -0.368604 0.0 0.929587
vn -0.368604 0.0 0.929587
vn -0.091779 0.0 0.995779
vn -0.091779 0.0 0.995779
vn 0.192483 0.0 0.9813
vn 0.192483 0.0 0.9813
vn 0.46115 0.0 0.887322
vn 0.46115 0.0 0.887322
vn 0.692458 0.0 0.721459
vn 0.692458 0.0 0.721459
vn -0.616657 0.703488 -0.353326
vn -0.616648 0.703498 -0.353321
vn -0.691216 0.703493 -0.165279
vn -0.691217 0.703492 -0.16528
vn -0.709784 0.703491 0.036154
vn -0.709789 0.703486 0.036154
vn -0.670855 0.703483 0.234661
vn -0.670847 0.703491 0.234659
vn -0.577559 0.703495 0.41415
vn -0.577565 0.703488 0.414154
vn -0.437488 0.703488 0.560097
vn -0.437496 0.703475 0.560107
vn -0.261975 0.703473 0.660677
vn -0.261967 0.703493 0.660659
vn -0.065227 0.703494 0.707702
vn -0.065226 0.703504 0.707692
vn 0.136796 0.703504 0.697402
vn 0.136799 0.703486 0.697419
vn 0.327744 0.703486 0.630628
vn 0.327746 0.70348 0.630634
vn 0.492139 0.703481 0.512751
vn 0.492135 0.703488 0.512746
vn -0.66211 0.694747 -0.280957
vn -0.662111 0.694746 -0.280956
vn -0.713882 0.694747 0.08774
vn -0.713882 0.694747 0.08774
vn -0.57437 0.694748 0.432925
vn -0.57437 0.694747 0.432926
vn -0.280957 0.694748 0.662109
vn -0.280955 0.694745 0.662112
vn 0.087741 0.694745 0.713884
vn 0.087738 0.694748 0.713882
vn 0.432925 0.694748 0.57437
vn 0.432927 0.694747 0.57437
vn 0.601909 0.0 0.798565
vn 0.601909 -0.0 0.798565
vn 0.121989 0.0 0.992532
vn 0.121989 -0.0 0.992532
vn -0.390623 0.0 0.920551
vn -0.390623 0.0 0.920551
vn -0.798565 0.0 0.601909
vn -0.798565 0.0 0.601909
vn -0.992532 0.0 0.121987
vn -0.992532 0.0 0.121987
vn -0.920551 0.0 -0.390622
vn -0.920551 0.0 -0.390622
vn -0.098017 -0.995185 0.0
vn -0.098017 -0.995185 0.0
vn -0.290285 -0.95694 0.0
vn -0.290285 -0.95694 0.0
vn -0.471397 -0.881921 0.0
vn -0.471397 -0.881921 0.0
vn -0.634393 -0.77301 0.0
vn -0.634393 -0.773011 0.0
vn -0.773011 -0.634393 0.0
vn -0.773011 -0.634393 0.0
vn -0.881921 -0.471397 0.0
vn -0.881921 -0.471396 1e-06
vn -0.95694 -0.290285 1e-06
vn -0.95694 -0.290285 1e-06
vn -0.995185 -0.098017 1e-06
vn -0.995185 -0.098017 1e-06
vn -0.995185 0.098017 1e-06
vn -0.995185 0.098017 1e-06
vn -0.95694 0.290285 1e-06
vn -0.95694 0.290285 1e-06
vn -0.881921 0.471397 1e-06
vn -0.881921 0.471396 0.0
vn -0.77301 0.634393 0.0
vn -0.77301 0.634393 0.0
vn -0.634393 0.77301 0.0
vn -0.634394 0.77301 0.0
vn -0.471397 0.881921 0.0
vn -0.471397 0.881921 0.0
vn -0.290285 0.95694 0.0
vn -0.290285 0.95694 0.0
vn -0.098017 0.995185 0.0
vn -0.098017 0.995185 0.0
vn 0.098017 0.995185 0.0
vn 0.098017 0.995185 -0.0
vn 0.290285 0.95694 0.0
vn 0.290285 0.95694 0.0
vn 0.471397 0.881921 0.0
vn 0.471397 0.881921 -0.0
vn 0.634393 0.77301 0.0
vn 0.634394 0.77301 -0.0
vn 0.77301 0.634394 0.0
vn 0.77301 0.634393 0.0
vn 0.881922 0.471396 0.0
vn 0.881921 0.471397 -1e-06
vn 0.95694 0.290285 -1e-06
vn 0.95694 0.290285 -1e-06
vn 0.995185 0.098017 -1e-06
vn 0.995185 0.098017 -1e-06
vn 0.995185 -0.098017 -1e-06
vn 0.995185 -0.098017 -1e-06
vn 0.95694 -0.290285 -1e-06
vn 0.95694 -0.290285 -1e-06
vn 0.881922 -0.471396 -1e-06
vn 0.881921 -0.471397 0.0
vn 0.77301 -0.634393 0.0
vn 0.773011 -0.634393 0.0
vn 0.634393 -0.773011 0.0
vn 0.634393 -0.77301 0.0
vn 0.471397 -0.881921 0.0
vn 0.471397 -0.881921 0.0
vn 0.290285 -0.95694 0.0
vn 0.290285 -0.95694 0.0
vn 0.098017 -0.995185 0.0
vn 0.098017 -0.995185 0.0
vn 0.684549 0.044478 -0.727609
vn 0.682094 0.043743 -0.729955
vn 0.693119 0.029894 -0.720204
vn 0.700674 0.04925 -0.71178
vn 0.700748 0.049271 -0.711705
vn 0.70644 0.050802 -0.705947
vn 0.703862 0.050544 -0.708536
vn 0.698233 0.050063 -0.714118
vn 0.69802 0.050047 -0.714327
vn 0.03985 0.706545 -0.706545
vn 0.039849 0.706543 -0.706547
vn 0.039848 0.706542 -0.706548
vn 0.146371 0.693432 -0.705499
vn 0.146372 0.693434 -0.705496
vn 0.146372 0.693436 -0.705494
vn 0.146374 0.693436 -0.705493
vn 0.275152 0.653123 -0.705493
vn 0.275152 0.653123 -0.705494
vn 0.275152 0.653124 -0.705493
vn 0.275152 0.653124 -0.705493
vn 0.393958 0.589133 -0.705493
vn 0.393955 0.58913 -0.705496
vn 0.393955 0.589131 -0.705496
vn 0.393958 0.589131 -0.705495
vn 0.498479 0.503782 -0.705494
vn 0.498478 0.503781 -0.705496
vn 0.498477 0.503779 -0.705498
vn 0.498477 0.503779 -0.705498
vn 0.584927 0.400167 -0.705498
vn 0.584926 0.400167 -0.705498
vn 0.584927 0.400167 -0.705498
vn 0.584929 0.400166 -0.705496
vn 0.650173 0.282047 -0.705496
vn 0.650172 0.282047 -0.705497
vn 0.650173 0.282048 -0.705496
vn 0.650171 0.282049 -0.705497
vn 0.691845 0.153701 -0.705498
vn 0.691846 0.153701 -0.705496
vn 0.691848 0.153702 -0.705495
vn 0.691848 0.153701 -0.705494
vn 0.705709 0.05122 -0.706648
vn 0.649746 0.047406 -0.758672
vn 0.702814 0.023531 -0.710984
vn 0.027275 0.716708 -0.69684
vn 0.019966 0.71494 -0.698901
vn 0.025056 0.711734 -0.702002
vn 0.001791 0.705307 -0.708899
vn 0.015503 0.707393 -0.706651
vn 0.014469 0.707103 -0.706962
vn 0.005619 0.706823 -0.707368
vn 0.021977 0.707754 -0.706117
vn 0.023265 0.710437 -0.703376
vn 0.050545 0.708537 -0.703862
vn 0.050054 0.714236 -0.698113
vn 0.05008 0.713895 -0.698459
vn 0.706545 0.706545 -0.03985
vn 0.706542 0.706548 -0.039849
vn 0.693432 0.705499 -0.146371
vn 0.693433 0.705497 -0.146371
vn 0.693433 0.705497 -0.146372
vn 0.693434 0.705496 -0.146372
vn 0.653121 0.705496 -0.275151
vn 0.653121 0.705496 -0.275151
vn 0.653121 0.705496 -0.275152
vn 0.653119 0.705498 -0.27515
vn 0.589129 0.705499 -0.393954
vn 0.589129 0.705497 -0.393955
vn 0.589129 0.705497 -0.393955
vn 0.589129 0.705497 -0.393956
vn 0.503781 0.705496 -0.498478
vn 0.503779 0.7055 -0.498474
vn 0.503779 0.7055 -0.498475
vn 0.503781 0.705496 -0.498478
vn 0.400168 0.705495 -0.584929
vn 0.400167 0.705498 -0.584926
vn 0.400167 0.705498 -0.584926
vn 0.400168 0.705496 -0.584928
vn 0.282047 0.705496 -0.650173
vn 0.282047 0.705498 -0.650171
vn 0.282047 0.705498 -0.650171
vn 0.282046 0.7055 -0.650169
vn 0.153701 0.7055 -0.691842
vn 0.153701 0.705497 -0.691846
vn 0.1537 0.705496 -0.691846
vn 0.1537 0.705499 -0.691843
vn 0.050734 0.706641 -0.705751
vn 0.051234 0.710112 -0.702222
vn 0.051236 0.710113 -0.702221
vn 0.145198 -0.955673 -0.256139
vn -0.000438 -0.980794 -0.195045
vn 0.0 -0.195179 -0.980768
vn 0.145287 -0.256054 -0.955682
vn 0.145265 -0.256288 -0.955622
vn -0.124471 -0.539017 -0.833048
vn 0.200145 -0.692799 -0.692799
vn 0.195846 -0.823278 -0.532784
vn -0.290756 -0.676489 -0.676627
vn 0.145235 -0.955772 -0.255747
vn -0.813305 -0.58182 -0.00442
vn -0.261821 0.96499 -0.015599
vn -0.261667 0.965031 -0.01565
vn -0.317191 0.948357 0.002999
vn -0.183724 0.982977 -0.001182
vn -0.111354 0.993275 -0.031703
vn -0.130454 0.991263 -0.019496
vn -0.41707 0.908754 -0.014798
vn -0.417067 0.908755 -0.014798
vn -0.346524 0.936994 -0.044307
vn -0.491489 0.869089 0.055885
vn -0.33673 0.94156 -0.0088
vn -0.31713 0.948176 -0.019756
vn -0.261821 0.96499 -0.015599
vn -0.261819 0.964991 -0.015599
vn -0.559035 0.828968 -0.017079
vn -0.559038 0.828966 -0.017078
vn -0.649003 0.760287 0.027568
vn -0.490668 0.871236 -0.013867
vn -0.492217 0.870375 -0.013015
vn -0.490379 0.871412 -0.013015
vn -0.417066 0.908756 -0.014798
vn -0.689212 0.724333 -0.018112
vn -0.781923 0.622393 0.034985
vn -0.626235 0.779396 -0.019257
vn -0.649229 0.76055 -0.008147
vn -0.622086 0.782906 -0.008138
vn -0.622096 0.782899 -0.008138
vn -0.852219 0.523156 -0.005555
vn -0.852217 0.52316 -0.005555
vn -0.852219 0.523157 -0.005555
vn -0.805925 0.591775 -0.016962
vn -0.805924 0.591775 -0.016963
vn -0.886257 0.461808 0.035794
vn -0.750746 0.66026 -0.020905
vn -0.782386 0.622762 -0.006363
vn -0.745569 0.666399 -0.006347
vn -0.689213 0.724333 -0.018112
vn -0.929744 0.368165 -0.00546
vn -0.929746 0.368161 -0.00546
vn -0.897202 0.441298 -0.016842
vn -0.897202 0.441298 -0.016842
vn -0.852217 0.523158 -0.005555
vn -0.886803 0.462093 -0.007135
vn -0.958119 0.284301 0.034361
vn -0.978699 0.205219 -0.005868
vn -0.978699 0.205218 -0.005868
vn -0.995301 0.096383 0.009317
vn -0.977853 0.209289 0.001197
vn -0.95867 0.284464 -0.005575
vn -0.95717 0.289483 -0.005027
vn -0.957173 0.289474 -0.005027
vn -0.999932 0.000454 -0.011696
vn -0.999955 0.000738 -0.009429
vn -0.999703 0.002376 -0.024268
vn -0.999853 0.0 -0.017141
vn -0.999984 0.0 -0.005714
vn -0.999983 -0.005835 0.0
vn -0.999981 -0.004282 -0.004503
vn -0.999882 -0.000599 -0.015372
vn -0.999906 0.013139 -0.004004
vn -0.999846 0.016765 -0.005099
vn -0.999863 0.015856 -0.004824
vn -0.999946 0.009983 -0.00304
vn -0.99997 -0.00747 0.002275
vn -0.999998 0.002056 0.0
vn -0.999996 0.000425 0.002799
vn -0.999999 -0.000162 0.001328
vn -0.999996 0.000108 0.002841
vn -0.999999 -0.000536 0.001298
vn -1.0 0.000422 0.000386
vn -0.999999 -0.000162 -0.001675
vn -1.0 -0.000376 0.000412
vn -0.999999 -0.000518 -0.001638
vn -0.999996 0.000327 -0.002889
vn -0.99996 -0.000602 -0.008932
vn -0.999932 0.000461 -0.011638
vn -0.999932 0.000461 -0.011643
vn -0.999372 0.034596 -0.007691
vn -0.997761 0.065905 -0.011397
vn -0.995328 -0.095222 0.01598
vn -0.992331 0.123313 -0.008576
vn -0.995336 0.096386 -0.004058
vn -0.991998 0.126196 -0.00377
vn -0.991997 0.126202 -0.00377
vn -0.993913 -0.110008 -0.005997
vn -0.998111 -0.061308 -0.003979
vn -0.999967 -0.00708 -0.003966
vn -0.994868 0.015738 -0.099954
vn -0.999585 -0.000809 -0.028803
vn -0.963626 -0.26722 -0.004232
vn -0.963628 -0.267212 -0.004232
vn -0.959005 -0.283357 -0.004232
vn -0.96347 -0.267797 -0.00322
vn -0.995435 -0.095233 0.006276
vn -0.983701 -0.179222 -0.014562
vn -0.993912 -0.11001 -0.005998
vn -0.863939 -0.503436 -0.012698
vn -0.783115 -0.621861 -0.00443
vn -0.811957 -0.583717 -0.000401
vn -0.887359 -0.461078 0.00086
vn -0.863934 -0.503445 -0.012701
vn -0.863939 -0.503437 -0.012698
vn -0.901997 -0.431722 -0.004217
vn -0.901998 -0.43172 -0.004217
vn -0.887352 -0.461073 -0.004221
vn -0.90142 -0.432941 -0.001972
vn -0.959006 -0.283356 0.00406
vn -0.938297 -0.345578 -0.01319
vn -0.938297 -0.345578 -0.01319
vn -0.698619 -0.715475 -0.005237
vn -0.698618 -0.715476 -0.005237
vn -0.650127 -0.759818 -0.003438
vn -0.696218 -0.717829 0.001116
vn -0.783119 -0.621866 -0.002517
vn -0.762262 -0.647146 -0.012613
vn -0.762263 -0.647145 -0.012613
vn -0.493252 -0.869853 -0.007586
vn -0.562175 -0.827013 0.002731
vn -0.650114 -0.759803 -0.007168
vn -0.637022 -0.770738 -0.012894
vn -0.637022 -0.770738 -0.012894
vn -0.429781 -0.902121 -0.038297
vn -0.493262 -0.869872 -0.003874
vn -0.495189 -0.868697 -0.012408
vn -0.495157 -0.868715 -0.01241
vn -0.566019 -0.824358 -0.007544
vn -0.188472 -0.982015 -0.011198
vn -0.131626 -0.991296 -0.002495
vn -0.270135 -0.962104 -0.037188
vn -0.318258 -0.947901 -0.013957
vn -0.261175 -0.965292 0.000542
vn -0.18645 -0.982464 -0.000561
vn -0.34246 -0.939469 -0.010899
vn -0.342456 -0.93947 -0.0109
vn -0.318273 -0.947937 -0.010904
vn -0.341349 -0.93991 -0.007024
vn -0.416533 -0.909115 0.00318
vn -0.029222 -0.999573 0.000128
vn -0.007429 -0.999972 0.000141
vn -0.0356 -0.999361 0.003213
vn -0.115239 -0.99263 -0.037492
vn -0.040781 -0.998905 0.022907
vn -0.114832 -0.992795 -0.034231
vn -0.051145 -0.998163 0.032479
vn -0.20797 -0.970437 -0.122478
vn -0.092783 -0.995502 0.019182
vn -0.119953 -0.992716 -0.011229
vn -0.131551 -0.990739 0.033633
vn 0.997372 -0.07244 0.000883
vn 0.999865 -0.016385 0.000662
vn 0.998701 0.000348 -0.050953
vn 0.996599 0.082292 -0.004325
vn 0.999972 0.007265 0.001885
vn 0.999969 -0.007761 0.00104
vn 0.999866 -0.016374 0.000662
vn 0.999803 -0.003384 -0.019579
vn 0.999803 -0.003385 -0.019576
vn 0.998745 0.007043 -0.049591
vn 0.99985 0.00047 -0.017334
vn 0.999891 -0.000485 -0.014765
vn 0.999984 0.0 -0.005714
vn 0.999882 0.000599 -0.015373
vn 0.999702 -0.002378 -0.024274
vn 0.999853 0.0 -0.017141
vn 0.999906 -0.013139 -0.004003
vn 0.999983 0.005836 1e-06
vn 0.999981 0.004282 -0.004503
vn 0.999846 -0.01679 -0.005105
vn 0.999863 -0.015849 -0.004821
vn 0.999946 -0.009984 -0.00304
vn 1.0 0.0 1e-06
vn 0.999997 0.0 0.002356
vn 0.999997 0.000203 0.00257
vn 0.999997 0.000163 0.002338
vn 0.999996 0.000426 0.002602
vn 1.0 -0.000323 -0.000508
vn 1.0 8.8e-05 -7.3e-05
vn 1.0 0.000125 -0.000495
vn 1.0 0.000287 -8.1e-05
vn 0.999987 -0.000554 -0.005033
vn 0.999992 0.000326 -0.004005
vn 0.999891 -0.000484 -0.014771
vn 0.999967 -0.001868 0.007973
vn 0.99997 0.0 0.007706
vn 0.989457 0.144254 -0.012856
vn 0.999895 0.008276 0.011923
vn 0.989329 0.145271 -0.011143
vn 0.999666 0.023514 0.010766
vn 0.99353 0.108438 0.033766
vn 0.995212 0.097609 0.005117
vn 0.925599 0.205632 0.317776
vn 0.997348 0.072767 0.000888
vn -0.00143 -0.999999 4e-06
vn -0.000447 -1.0 0.0
vn 0.000446 -1.0 -0.0
vn 0.036703 -0.999326 0.000139
vn 0.00966 -0.999798 0.017638
vn 0.120516 -0.991769 -0.043248
vn 0.037236 -0.998959 0.026333
vn 0.037221 -0.99896 0.026344
vn 0.142461 -0.988697 0.046724
vn 0.131885 -0.991238 0.007332
vn 0.204678 -0.927099 0.313998
vn 0.072436 -0.997373 0.000885
vn 0.35657 -0.934165 -0.013885
vn 0.356571 -0.934165 -0.013885
vn 0.280692 -0.959109 -0.036356
vn 0.395468 -0.918277 0.019292
vn 0.271604 -0.962409 0.000861
vn 0.199314 -0.979546 -0.027618
vn 0.215538 -0.976287 -0.02016
vn 0.197354 -0.980179 -0.017344
vn 0.121973 -0.992383 -0.017262
vn 0.219255 -0.965547 -0.140168
vn 0.119295 -0.992286 -0.033722
vn 0.356569 -0.934166 -0.013885
vn 0.39548 -0.918304 -0.017683
vn 0.433771 -0.901022 -0.001463
vn 0.561086 -0.827165 0.031307
vn 0.444354 -0.895208 -0.033949
vn 0.598035 -0.800922 -0.029636
vn 0.706225 -0.706227 0.049896
vn 0.522087 -0.852396 -0.029106
vn 0.561321 -0.827514 -0.011762
vn 0.515989 -0.856515 -0.011741
vn 0.515993 -0.856512 -0.011741
vn 0.786358 -0.617706 -0.00899
vn 0.786359 -0.617704 -0.00899
vn 0.734221 -0.678438 -0.025317
vn 0.734218 -0.678441 -0.025319
vn 0.826842 -0.560864 0.042001
vn 0.668145 -0.743606 -0.025125
vn 0.707073 -0.707073 -0.009799
vn 0.662502 -0.748996 -0.009779
vn 0.59803 -0.800926 -0.029638
vn 0.882832 -0.469616 -0.008285
vn 0.882832 -0.469617 -0.008286
vn 0.918417 -0.395529 0.008225
vn 0.835179 -0.549961 -0.00436
vn 0.827556 -0.561349 -0.00626
vn 0.836165 -0.548428 -0.007467
vn 0.836166 -0.548425 -0.007467
vn 0.976476 -0.21558 -0.004483
vn 0.976401 -0.215918 -0.004486
vn 0.976396 -0.215941 -0.004449
vn 0.951767 -0.306819 0.001394
vn 0.918438 -0.395537 -0.00468
vn 0.922155 -0.38678 -0.005712
vn 0.922153 -0.386783 -0.005712
vn 0.999011 -0.044441 -0.001027
vn 0.997602 -0.069198 -0.001028
vn 0.999756 -0.022073 0.000462
vn 0.99715 -0.075434 -0.001338
vn 0.991233 -0.132044 -0.004712
vn 0.991233 -0.132041 -0.004712
vn 0.976401 -0.215919 -0.004486
vn 0.976476 -0.215579 -0.004515
vn 0.997361 -0.072435 0.004942
vn 0.999665 0.023537 0.010763
vn 0.995662 0.093036 -0.000899
vn 0.988491 0.151279 -0.000909
vn 0.988491 0.151277 -0.000908
vn 0.945909 0.324431 -0.00102
vn 0.94591 0.324428 -0.00102
vn 0.917396 0.397973 -0.001032
vn 0.945487 0.325659 0.001141
vn 0.976195 0.216873 -0.003026
vn 0.971771 0.235823 -0.006962
vn 0.971771 0.235824 -0.006962
vn 0.825338 0.564637 -0.001726
vn 0.875316 0.483548 0.001424
vn 0.917388 0.397967 -0.004628
vn 0.881875 0.470955 -0.022325
vn 0.915111 0.403153 -0.006288
vn 0.833553 0.552418 -0.004818
vn 0.833559 0.55241 -0.004817
vn 0.87622 0.481909 -0.001708
vn 0.72362 0.690186 -0.004167
vn 0.78091 0.624637 -0.002812
vn 0.703353 0.710835 -0.002839
vn 0.779302 0.626646 0.00173
vn 0.825337 0.56464 0.000394
vn 0.787294 0.616204 -0.021458
vn 0.833554 0.552417 -0.004818
vn 0.600116 0.799908 -0.002735
vn 0.600128 0.7999 -0.002734
vn 0.555874 0.831262 -0.002743
vn 0.599104 0.800671 -7e-05
vn 0.703355 0.710838 0.00016
vn 0.670163 0.741919 -0.020915
vn 0.723621 0.690185 -0.004166
vn 0.206531 0.978431 -0.004262
vn 0.305921 0.952048 0.004156
vn 0.388232 0.921539 -0.006478
vn 0.320535 0.945835 -0.051517
vn 0.390576 0.920465 -0.013982
vn 0.459959 0.887936 -0.002725
vn 0.459957 0.887937 -0.002726
vn 0.388238 0.921555 -0.002751
vn 0.458244 0.888824 0.002238
vn 0.555863 0.83125 -0.006385
vn 0.536494 0.843711 -0.018038
vn 0.536495 0.843711 -0.018037
vn -0.109635 0.993814 -0.017745
vn -0.109629 0.993814 -0.017745
vn -0.130465 0.991349 -0.014386
vn -0.033216 0.999443 0.003165
vn -0.017446 0.999848 -0.0
vn 0.017823 0.999841 0.0
vn 0.056309 0.998383 -0.007857
vn 0.073111 0.997321 -0.002128
vn 0.056309 0.998411 -0.002129
vn 0.072963 0.997334 -0.000514
vn 0.206531 0.978439 0.001289
vn 0.155249 0.986678 -0.048625
vn 0.155426 0.986658 -0.048469
vn 0.227906 0.97362 -0.011054
vn 0.227901 0.973622 -0.011056
vn 0.227906 0.97362 -0.011055
vn 0.308184 0.951318 -0.004208
vn -0.002563 0.019467 0.999807
vn -8.1e-05 0.00463 -0.999989
vn -0.091686 0.995788 0.0
vn -0.00256 0.019467 0.999807
vn -0.005661 0.020029 -0.999783
vn -0.005533 0.016544 0.999848
vn -0.005533 0.016544 0.999848
vn -0.008214 0.016618 -0.999828
vn -0.00786 0.013899 0.999873
vn -0.00786 0.013899 0.999873
vn -0.010214 0.013642 -0.999855
vn -0.009728 0.011396 0.999888
vn -0.009728 0.011396 0.999888
vn -0.011808 0.010879 -0.999871
vn -0.011199 0.008914 0.999898
vn -0.011199 0.008914 0.999898
vn -0.013055 0.0082 -0.999881
vn -0.012316 0.006417 0.999904
vn -0.012316 0.006417 0.999904
vn -0.01399 0.005543 -0.999887
vn -0.013141 0.003899 0.999906
vn -0.013141 0.003899 0.999906
vn -0.014678 0.002877 -0.999888
vn -0.01367 0.001324 0.999906
vn -0.01367 0.001324 0.999906
vn -0.015112 0.00015 -0.999886
vn -0.013907 -0.00133 0.999902
vn -0.013907 -0.00133 0.999902
vn -0.015296 -0.002684 -0.999879
vn -0.013846 -0.004091 0.999896
vn -0.013846 -0.004091 0.999896
vn -0.015226 -0.005685 -0.999868
vn -0.013476 -0.007002 0.999885
vn -0.013476 -0.007001 0.999885
vn -0.014912 -0.008958 -0.999849
vn -0.012784 -0.010151 0.999867
vn -0.012784 -0.010151 0.999867
vn -0.014276 -0.012637 -0.999818
vn -0.011676 -0.013647 0.999839
vn -0.011676 -0.013647 0.999839
vn -0.013263 -0.016999 -0.999768
vn -0.010049 -0.017721 0.999792
vn -0.010049 -0.017721 0.999792
vn -0.011764 -0.022654 -0.999674
vn -0.007703 -0.022941 0.999707
vn -0.007703 -0.022942 0.999707
vn -0.009442 -0.031032 -0.999474
vn -0.004049 -0.030526 0.999526
vn -0.004054 -0.030525 0.999526
vn -0.005197 -0.04633 -0.998913
vn -0.027961 -0.999609 -0.0
vn -0.298397 -0.950347 -0.088316
vn -0.303913 0.952251 -0.02924
vn -0.995306 -0.0 -0.09678
vn -0.298394 -0.950348 -0.088312
vn -0.15479 0.986861 -0.046325
vn -0.144887 -0.986575 -0.07535
vn -0.144886 -0.986575 -0.075351
vn -0.097028 0.99397 -0.05109
vn -0.086784 -0.993838 -0.068955
vn -0.086785 -0.993838 -0.068954
vn -0.0649 0.996519 -0.052324
vn -0.054775 -0.996443 -0.064042
vn -0.054775 -0.996443 -0.064042
vn -0.043412 0.997718 -0.051707
vn -0.033658 -0.997668 -0.059371
vn -0.033657 -0.997669 -0.05937
vn -0.027516 0.998379 -0.049829
vn -0.018319 -0.998342 -0.054567
vn -0.018319 -0.998342 -0.054567
vn -0.01509 0.998781 -0.046997
vn -0.006574 -0.998753 -0.049486
vn -0.006574 -0.998753 -0.049486
vn -0.005093 0.999045 -0.043401
vn -0.028026 0.0 -0.999607
vn -0.670836 0.0 0.741606
vn -0.670538 -0.003105 0.741869
vn -0.670347 0.0 0.742048
vn -0.241401 0.0 0.970425
vn -0.241024 -0.002045 0.970517
vn -0.240884 0.0 0.970554
vn 0.245138 0.0 0.969488
vn 0.245138 0.0 0.969488
vn 0.673754 0.0 0.738956
vn 0.673736 0.000471 0.738972
vn 0.674055 -0.0 0.738681
vn 0.0 0.0 1.0
vn 0.0 0.0 1.0
vn 0.670625 0.0 -0.741796
vn 0.670541 -0.000887 -0.741872
vn 0.670486 0.0 -0.741922
vn 0.240867 0.0 -0.970558
vn 0.24117 0.001648 -0.970481
vn 0.241284 0.0 -0.970455
vn -0.24528 -0.0 -0.969452
vn -0.24528 -0.0 -0.969452
vn -0.673754 0.0 -0.738956
vn -0.673736 0.000471 -0.738972
vn -0.674055 0.0 -0.738681
vn 0.0 -0.0 -1.0
vn 0.0 0.0 -1.0
vn 0.116555 0.0 -0.993184
vn 0.000515 0.999974 -0.007189
vn 0.004113 0.999909 -0.012811
vn 0.00302 -0.999903 -0.013595
vn 0.00302 -0.999903 -0.013595
vn 0.006497 0.99991 -0.011765
vn 0.005529 -0.999903 -0.012747
vn 0.005529 -0.999904 -0.012747
vn 0.00865 0.99991 -0.010303
vn 0.007845 -0.999904 -0.011467
vn 0.007845 -0.999904 -0.011467
vn 0.010506 0.999909 -0.00847
vn 0.009897 -0.999903 -0.009793
vn 0.009897 -0.999903 -0.009793
vn 0.012005 0.999908 -0.006321
vn 0.011625 -0.999902 -0.007773
vn 0.011625 -0.999902 -0.007773
vn 0.013096 0.999907 -0.003919
vn 0.012973 -0.999901 -0.005465
vn 0.012973 -0.999901 -0.005465
vn 0.013897 -0.999899 0.002933
vn 0.00802 0.999968 0.000452
vn 0.995306 0.0 0.09678
vn 0.998413 0.0 -0.056312
vn 0.01374 0.999905 -0.001336
vn 0.013897 -0.999899 -0.002933
vn 0.013897 -0.999899 -0.002933
vn 0.013897 -0.999899 0.002933
vn 0.013096 0.999907 0.003919
vn 0.012973 -0.999901 0.005465
vn 0.012973 -0.999901 0.005465
vn 0.012005 0.999908 0.006321
vn 0.011625 -0.999902 0.007773
vn 0.011625 -0.999902 0.007773
vn 0.010506 0.999909 0.00847
vn 0.009897 -0.999903 0.009793
vn 0.009897 -0.999903 0.009793
vn 0.00865 0.99991 0.010303
vn 0.007844 -0.999904 0.011466
vn 0.007844 -0.999904 0.011466
vn 0.006497 0.99991 0.011765
vn 0.00553 -0.999904 0.012747
vn 0.00553 -0.999904 0.012747
vn 0.004113 0.999909 0.012811
vn 0.00302 -0.999903 0.013594
vn 0.00302 -0.999903 0.013594
vn 0.001573 0.999909 0.013408
vn 0.071516 -0.0 0.997439
vn -0.006574 -0.998753 0.049486
vn -0.000103 0.999993 0.003675
vn -0.116555 0.0 0.993184
vn -0.006574 -0.998753 0.049486
vn -0.01509 0.998781 0.046998
vn -0.01832 -0.998342 0.054568
vn -0.018321 -0.998342 0.054567
vn -0.02752 0.998378 0.049836
vn -0.033658 -0.997668 0.059371
vn -0.033657 -0.997668 0.059371
vn -0.043405 0.997719 0.051699
vn -0.054773 -0.996443 0.06404
vn -0.054773 -0.996443 0.064039
vn -0.064903 0.996519 0.052326
vn -0.086785 -0.993838 0.068954
vn -0.086785 -0.993838 0.068954
vn -0.097043 0.993968 0.051098
vn -0.144854 -0.986581 0.075335
vn -0.144855 -0.986581 0.075333
vn -0.15481 0.986857 0.046331
vn -0.298397 -0.950347 0.088313
vn -0.298397 -0.950347 0.088316
vn -0.306788 0.95131 0.029831
vn -0.995404 0.0 0.095768
vn 0.969451 -0.245286 0.0
vn 0.969451 -0.245286 0.0
vn 0.739037 -0.673665 0.0
vn 0.739065 -0.673634 -0.000794
vn 0.738575 -0.674172 0.0
vn 0.741885 0.670528 0.0
vn 0.741906 0.670503 0.000253
vn 0.741921 0.670488 0.0
vn 0.970491 0.241135 0.0
vn 0.970505 0.241081 0.000293
vn 0.97051 0.241061 0.0
vn 1.0 0.0 -0.0
vn 1.0 0.0 0.0
vn -0.24528 -0.969452 0.0
vn -0.24528 -0.969452 0.0
vn -0.673669 -0.739033 0.0
vn -0.673647 -0.739053 -0.000586
vn -0.674044 -0.738691 -0.0
vn 0.0 -1.0 0.0
vn 0.0 -1.0 0.0
vn 0.670416 -0.741985 0.0
vn 0.670458 -0.741947 -0.000441
vn 0.670486 -0.741922 0.0
vn 0.240866 -0.970558 0.0
vn 0.24117 -0.970481 -0.001652
vn 0.241284 -0.970455 0.0
vn 0.003049 -0.013809 0.9999
vn 0.00053 -0.007431 -0.999972
vn 0.115319 -0.993329 0.0
vn 0.003049 -0.013809 0.9999
vn 0.004176 -0.013172 -0.999905
vn 0.005573 -0.01294 0.999901
vn 0.005573 -0.01294 0.999901
vn 0.006588 -0.012107 -0.999905
vn 0.007898 -0.011644 0.999901
vn 0.007899 -0.011643 0.999901
vn 0.008756 -0.010616 -0.999905
vn 0.009944 -0.009944 0.999901
vn 0.009944 -0.009945 0.999901
vn 0.01064 -0.008776 -0.999905
vn 0.011661 -0.00791 0.999901
vn 0.011661 -0.00791 0.999901
vn 0.012125 -0.006598 -0.999905
vn 0.012959 -0.005581 0.9999
vn 0.012959 -0.005581 0.9999
vn 0.013182 -0.004178 -0.999904
vn 0.013809 -0.003049 0.9999
vn 0.013809 -0.003049 0.9999
vn 0.013773 -0.001599 -0.999904
vn 0.997463 -0.071184 0.0
vn 0.013595 0.00302 0.999903
vn 0.007188 0.000515 -0.999974
vn 0.993184 0.116554 -0.0
vn 0.013595 0.00302 0.999903
vn 0.012811 0.004113 -0.99991
vn 0.012747 0.00553 0.999904
vn 0.012747 0.00553 0.999903
vn 0.011765 0.006497 -0.99991
vn 0.011467 0.007845 0.999904
vn 0.011467 0.007845 0.999904
vn 0.010303 0.00865 -0.99991
vn 0.009777 0.009883 0.999903
vn 0.009778 0.009882 0.999903
vn 0.008451 0.010484 -0.999909
vn 0.007763 0.011607 0.999902
vn 0.007762 0.011607 0.999902
vn 0.006312 0.011987 -0.999908
vn 0.005457 0.012953 0.999901
vn 0.005457 0.012953 0.999901
vn 0.003917 0.013085 -0.999907
vn 0.002934 0.013898 0.999899
vn 0.002934 0.013898 0.999899
vn 0.001336 0.01374 -0.999905
vn 0.056312 0.998413 -0.0
vn 0.999848 0.017452 -0.0
vn 0.999848 0.017452 -0.0
vn -0.0 0.01745 0.999848
vn 4.7e-05 0.017466 0.999847
vn -1e-06 0.01745 0.999848
vn -0.000127 0.017767 0.999842
vn 0.0 0.017465 0.999847
vn 7.2e-05 0.017306 0.99985
vn 4e-05 0.017468 0.999847
vn -2.6e-05 0.017436 0.999848
vn 6.8e-05 0.017491 0.999847
vn -4e-06 0.017441 0.999848
vn -5e-06 0.017498 0.999847
vn 6e-06 0.017405 0.999848
vn -0.999848 0.017452 -0.0
vn -0.999848 0.017452 0.0
vn -0.999848 0.017452 0.0
vn -0.999848 0.017452 0.0
vn 0.0 0.017453 -0.999848
vn 3.7e-05 0.017443 -0.999848
vn -0.0 0.017453 -0.999848
vn 1.8e-05 0.017507 -0.999847
vn 0.0 0.017465 -0.999847
vn -1.7e-05 0.017428 -0.999848
vn 1.9e-05 0.017445 -0.999848
vn 3e-06 0.017453 -0.999848
vn -6.3e-05 0.017491 -0.999847
vn -4e-06 0.017462 -0.999848
vn -4e-06 0.017425 -0.999848
vn 0.0 0.01746 -0.999848
vn 0.999848 0.017452 0.0
vn 0.999848 0.017452 -0.0
vn 3e-06 -0.999848 -0.017452
vn 0.0 -0.999848 -0.017452
vn 3e-06 0.999848 -0.017452
vn 0.0 0.999848 -0.017452
vn 0.999848 0.0 -0.017453
vn 0.999847 -2.4e-05 -0.017472
vn 0.999848 -0.0 -0.017453
vn 0.999847 1.8e-05 -0.017507
vn 0.999847 0.0 -0.017465
vn 0.999847 1.1e-05 -0.017489
vn 0.999848 1.9e-05 -0.017445
vn 0.999848 3e-06 -0.017453
vn 0.999847 -6.3e-05 -0.017491
vn 0.999847 -4e-06 -0.017462
vn 0.999848 -4e-06 -0.017425
vn 0.999848 0.0 -0.01746
vn 0.999848 -0.0 -0.017452
vn 0.999848 0.0 -0.017452
vn -0.999848 0.0 -0.017452
vn -0.999848 -0.0 -0.017452
vn -0.0 -0.999848 -0.017453
vn 3.7e-05 -0.999848 -0.017443
vn -0.0 -0.999848 -0.017453
vn 1.8e-05 -0.999847 -0.017507
vn 0.0 -0.999847 -0.017465
vn -1.7e-05 -0.999848 -0.017428
vn 1.9e-05 -0.999848 -0.017445
vn 3e-06 -0.999848 -0.017453
vn -6.3e-05 -0.999847 -0.017491
vn -4e-06 -0.999847 -0.017462
vn -4e-06 -0.999848 -0.017425
vn 0.0 -0.999848 -0.01746
vn 0.390833 0.316143 -0.864467
vn 0.390827 0.316119 -0.864479
vn 0.390823 0.316109 -0.864484
vn 0.353375 0.512359 -0.782697
vn 0.353377 0.512357 -0.782697
vn 0.330698 0.494084 -0.804065
vn 0.351601 0.490821 -0.797164
vn 0.153755 -0.370304 -0.916098
vn 0.263939 0.628893 -0.731321
vn 0.150623 0.391316 -0.907846
vn 0.150611 0.391326 -0.907844
vn 0.155496 0.050541 -0.986543
vn 0.263936 0.6289 -0.731315
vn 0.263937 0.6289 -0.731315
vn -0.045298 0.27715 -0.959758
vn 0.048014 0.276183 -0.959905
vn 0.059376 0.275438 -0.959483
vn 0.042313 0.143225 -0.988785
vn 0.150607 0.391317 -0.907848
vn -0.044892 0.277156 -0.959776
vn -0.05631 0.161461 -0.985271
vn -0.104746 0.293257 -0.950278
vn -0.163278 0.129731 -0.978013
vn -0.16888 0.299359 -0.939076
vn -0.168881 0.299359 -0.939076
vn -0.288095 0.496373 -0.818911
vn -0.28809 0.496391 -0.818901
vn -0.288092 0.496391 -0.818901
vn -0.267311 0.893131 -0.361749
vn -0.283981 0.574037 -0.768008
vn -0.17561 0.759352 -0.626534
vn -0.175595 0.759293 -0.626611
vn -0.188684 0.814899 -0.548032
vn -0.283982 0.574054 -0.767995
vn -0.283984 0.574053 -0.767995
vn -0.169354 0.798358 -0.577879
vn -0.16936 0.798359 -0.577876
vn 0.0309 0.875303 -0.482587
vn -0.061695 0.930072 -0.362159
vn -0.056614 0.943138 -0.327543
vn -0.169367 0.798356 -0.577878
vn 0.030907 0.875303 -0.482586
vn 0.059647 0.957488 -0.282238
vn 0.135128 0.795331 -0.590922
vn 0.158499 0.948605 -0.273909
vn 0.135123 0.795305 -0.590959
vn 0.135133 0.79533 -0.590922
vn 0.191045 0.776126 -0.600941
vn 0.303899 0.708151 -0.637313
vn 0.3039 0.708161 -0.6373
vn 0.303901 0.708156 -0.637307
vn 0.237283 0.656853 -0.71571
vn 0.23729 0.656852 -0.715709
vn -0.169363 0.798365 -0.577866
vn -0.170091 0.741403 -0.649146
vn -0.065348 0.750743 -0.657354
vn -0.065698 0.748529 -0.65984
vn 0.065338 0.748546 -0.659855
vn 0.06567 0.750732 -0.657335
vn 0.176423 0.74057 -0.648406
vn 0.204952 0.834688 -0.511165
vn 0.333423 0.439111 -0.834273
vn 0.333427 0.439114 -0.834269
vn 0.288315 0.437311 -0.851842
vn 0.300988 0.479346 -0.824399
vn 0.185475 0.493897 -0.849509
vn 0.189745 0.518893 -0.833515
vn 0.063356 0.527409 -0.847246
vn 0.064873 0.538849 -0.839901
vn -0.063435 0.538898 -0.839979
vn -0.06471 0.527359 -0.847174
vn -0.186053 0.519262 -0.834117
vn -0.188564 0.493607 -0.848997
vn -0.287529 0.48143 -0.827981
vn -0.287175 0.48328 -0.827026
vn -0.286924 0.483282 -0.827111
vn -0.371197 0.39679 -0.839506
vn -0.371188 0.396788 -0.839511
vn -0.371184 0.3968 -0.839507
vn -0.371192 0.396799 -0.839504
vn -0.37119 0.396802 -0.839504
vn -0.37119 0.396805 -0.839502
vn -0.968282 0.10164 -0.228252
vn -0.987386 0.064468 -0.144614
vn 0.999995 0.002346 -0.002015
vn 0.999996 0.002333 -0.001371
vn 0.999963 0.008524 0.001297
vn -0.999996 0.0022 -0.001575
vn 0.999996 -0.001604 0.002378
vn 0.999987 -0.000752 -0.005125
vn 0.999987 -0.001059 -0.005046
vn 0.999932 0.003686 -0.011017
vn 0.999941 0.003917 -0.01013
vn 0.991646 0.073749 -0.105831
vn 0.991645 0.073753 -0.105832
vn 0.998139 -0.009105 -0.060293
vn 0.999552 0.007719 -0.028915
vn 0.999097 0.006196 -0.042037
vn 0.99486 -0.023368 -0.098526
vn 0.994861 -0.02335 -0.098522
vn 0.994859 -0.023397 -0.098533
vn 0.978818 -0.01559 -0.204139
vn 0.991645 0.073751 -0.105831
vn 0.991645 0.07375 -0.105836
vn 0.951131 0.16136 -0.263272
vn 0.964704 0.067498 -0.254539
vn 0.976267 0.07916 -0.201584
vn 0.976267 0.07916 -0.201585
vn 0.976267 0.079161 -0.201586
vn 0.898732 0.179492 -0.40008
vn 0.93078 0.074657 -0.357875
vn 0.951131 0.161359 -0.263275
vn 0.951131 0.16136 -0.263273
vn 0.90123 0.263831 -0.343769
vn 0.901231 0.26383 -0.343767
vn 0.908117 0.233823 -0.347347
vn 0.898731 0.179492 -0.400081
vn 0.898731 0.179493 -0.400082
vn 0.768514 -0.014914 -0.639659
vn 0.855448 0.202604 -0.476614
vn 0.792417 0.558876 -0.244403
vn 0.669782 -0.132463 -0.730647
vn 0.792417 0.558876 -0.244403
vn 0.792417 0.558876 -0.244403
vn 0.571971 0.820035 -0.019784
vn 0.571967 0.820039 -0.019759
vn 0.571961 0.820043 -0.019766
vn 0.638421 0.505334 -0.580565
vn 0.638422 0.505334 -0.580564
vn 0.665333 0.392623 -0.634964
vn 0.622475 0.295055 -0.724892
vn 0.743823 0.371739 -0.555461
vn 0.638419 0.505327 -0.580573
vn 0.552811 0.292102 -0.780434
vn 0.518646 0.593651 -0.615293
vn 0.518681 0.59364 -0.615274
vn 0.476622 0.60125 -0.64135
vn 0.487021 0.450565 -0.748199
vn 0.392056 0.190767 -0.899944
vn 0.169157 -0.538028 -0.82578
vn 0.169189 -0.537973 -0.825809
vn 0.333403 0.256434 -0.90724
vn 0.333395 0.256401 -0.907252
vn 0.386871 0.472158 -0.792084
vn 0.403593 0.471307 -0.784208
vn 0.390478 0.387779 -0.834958
vn 0.390487 0.387777 -0.834955
vn 0.255226 0.867974 -0.426006
vn 0.255229 0.867973 -0.426005
vn 0.355296 0.575284 -0.736758
vn 0.236438 0.664003 -0.709364
vn 0.102171 0.945587 -0.308911
vn 0.185541 0.894299 -0.407191
vn 0.236443 0.664021 -0.709346
vn 0.231109 0.879416 -0.416192
vn 0.210139 0.814616 -0.540594
vn 0.005136 0.968695 0.248201
vn 0.054974 0.266207 -0.962347
vn 0.102179 0.945583 -0.308922
vn 0.102183 0.945586 -0.308911
vn -0.121287 0.958101 -0.259485
vn -0.1213 0.95811 -0.259446
vn -0.078032 0.729158 -0.679883
vn -0.023106 -0.272682 -0.961827
vn 0.005131 0.968695 0.248201
vn -0.080536 0.99635 -0.028292
vn -0.216182 0.710532 -0.669634
vn -0.194235 0.561806 -0.804144
vn -0.248512 0.793525 -0.555481
vn -0.248517 0.793525 -0.55548
vn -0.248517 0.793524 -0.555481
vn -0.347545 0.651927 -0.673946
vn -0.353767 0.639432 -0.682624
vn -0.351258 0.629929 -0.692681
vn -0.366601 0.494412 -0.788137
vn -0.3666 0.494413 -0.788138
vn -0.626654 0.523702 -0.577097
vn -0.626655 0.523703 -0.577095
vn -0.552928 0.292677 -0.780135
vn -0.501215 0.593208 -0.629991
vn -0.501213 0.593209 -0.629992
vn -0.626654 0.523702 -0.577097
vn -0.663004 0.37381 -0.648608
vn -0.599211 0.237448 -0.764568
vn -0.731343 0.399982 -0.552406
vn -0.731343 0.399981 -0.552406
vn -0.731344 0.399981 -0.552405
vn -0.729561 0.356771 -0.583485
vn -0.72957 0.356792 -0.583462
vn -0.804491 0.451958 -0.385394
vn -0.780212 0.084285 -0.61981
vn -0.729563 0.356794 -0.583469
vn -0.883422 0.336405 -0.326185
vn -0.883423 0.336433 -0.326155
vn -0.811942 0.030043 -0.582965
vn -0.803228 0.483335 -0.348156
vn -0.803227 0.483335 -0.348156
vn -0.939896 0.156273 -0.303601
vn -0.888819 0.093848 -0.448545
vn -0.883423 0.336404 -0.326184
vn -0.883423 0.336405 -0.326184
vn -0.940647 0.141764 -0.308362
vn -0.939895 0.156271 -0.303605
vn -0.939893 0.156273 -0.303611
vn -0.969163 0.001433 -0.246417
vn -0.939013 0.139092 -0.314498
vn -0.939013 0.139091 -0.314497
vn -0.973136 0.190055 -0.129943
vn -0.995002 0.053758 -0.084153
vn -0.995002 0.053758 -0.084154
vn -0.979822 -0.009385 -0.199651
vn -0.973136 0.190053 -0.129943
vn -0.973136 0.190055 -0.129944
vn -0.993605 -0.045491 -0.103343
vn -0.995002 0.053757 -0.084154
vn -0.995002 0.053758 -0.084154
vn -0.997551 -0.013743 -0.068585
vn -0.993676 -0.044483 -0.103097
vn -0.995591 -0.021302 -0.091353
vn -0.997547 0.017727 -0.067717
vn -0.999942 0.006154 -0.008875
vn -0.999942 0.006148 -0.008871
vn -0.999906 0.004821 -0.012848
vn -0.999994 0.001648 -0.003046
vn -0.999978 -0.002447 -0.006099
vn -0.999986 -0.000549 -0.005182
vn -0.999978 0.002825 -0.005987
vn -0.999955 -0.000362 -0.009496
vn -0.999955 -0.000361 -0.009495
vn -0.999994 0.001665 -0.003031
vn -0.999995 0.001797 -0.002715
vn -0.999995 0.002091 -0.002573
vn -0.999995 0.002139 -0.002528
vn -0.999995 0.002058 -0.002529
vn -0.999995 0.002056 -0.002531
vn -0.999996 0.00214 -0.001971
vn -0.999996 0.00241 -0.001726
vn -0.999987 0.004616 0.002188
vn -0.999965 0.008403 0.000187
vn -0.99991 0.013365 -0.000693
vn -0.999844 0.017234 -0.003956
vn -0.997394 0.070861 -0.013581
vn -0.997013 0.076761 -0.008574
vn -0.999844 0.017242 -0.003957
vn -0.991034 0.053827 -0.122289
vn -0.991034 0.05383 -0.122289
vn -0.977786 0.169568 0.123216
vn -0.988219 0.131242 0.078736
vn -0.997984 0.061364 0.016204
vn -0.986428 0.156655 -0.04919
vn -0.977702 0.209983 0.002406
vn -0.9874 0.155383 -0.029971
vn -0.901394 0.347589 0.258207
vn -0.991034 0.053838 -0.122281
vn -0.945795 0.304027 -0.114186
vn -0.956113 0.292996 0.001136
vn -0.955983 0.293149 -0.012653
vn -0.961767 0.271473 -0.036139
vn -0.98268 0.177429 -0.053475
vn -0.945797 0.304023 -0.114185
vn -0.890073 0.450153 0.071644
vn -0.920694 0.285342 -0.266274
vn -0.649499 0.661968 0.374099
vn -0.649508 0.661965 0.374088
vn -0.920694 0.285342 -0.266274
vn -0.801493 0.55348 -0.226424
vn -0.791143 0.577815 -0.200559
vn -0.843454 0.509339 -0.170761
vn -0.855123 0.477527 -0.201823
vn -0.84837 0.487664 -0.206041
vn -0.801494 0.55348 -0.226424
vn -0.702885 0.626201 -0.33738
vn -0.702888 0.626199 -0.337378
vn -0.715376 0.669978 -0.19841
vn -0.755423 0.587843 -0.289441
vn -0.755423 0.587844 -0.289442
vn -0.657139 0.677806 -0.329768
vn -0.609932 0.770977 -0.183241
vn -0.702888 0.626198 -0.337379
vn -0.506157 0.750793 -0.424399
vn -0.548077 0.809138 -0.211914
vn -0.54535 0.801118 -0.246584
vn -0.567803 0.762388 -0.310425
vn -0.639407 0.691602 -0.335925
vn -0.21586 0.866639 0.449824
vn -0.310905 0.914736 -0.258061
vn -0.310904 0.914741 -0.258044
vn -0.279441 0.960039 0.015429
vn -0.429644 0.731047 -0.530073
vn -0.429641 0.731048 -0.530073
vn -0.141715 0.938078 -0.316111
vn -0.141711 0.938079 -0.316111
vn -0.15963 0.980762 0.112358
vn -0.209804 0.965619 -0.153502
vn -0.299561 0.934022 -0.194592
vn -0.141709 0.938083 -0.3161
vn -0.058206 0.998121 0.019151
vn -0.040274 0.987855 -0.150067
vn 0.172235 0.970544 -0.16846
vn 0.087764 0.981985 -0.167338
vn 0.063466 0.990663 -0.120661
vn 0.069531 0.996962 0.035102
vn 0.021755 0.988423 -0.150154
vn 0.217742 0.843873 -0.490375
vn 0.13178 0.942784 0.306257
vn 0.172424 0.970512 -0.168454
vn 0.390355 0.816575 -0.42524
vn 0.329296 0.900799 -0.283065
vn 0.334523 0.936067 -0.108959
vn 0.293643 0.865382 -0.406065
vn 0.287954 0.864959 -0.411009
vn 0.285299 0.896804 -0.338152
vn 0.285306 0.896802 -0.338152
vn 0.546759 0.758685 -0.35419
vn 0.455057 0.824336 -0.33674
vn 0.448054 0.862105 -0.236691
vn 0.390357 0.816574 -0.425239
vn 0.541907 0.808002 -0.231232
vn 0.546761 0.758683 -0.354193
vn 0.546762 0.758684 -0.35419
vn 0.684046 0.64772 -0.33547
vn 0.684038 0.647727 -0.335473
vn 0.631931 0.746785 -0.207306
vn 0.622787 0.680641 -0.38583
vn 0.622787 0.68064 -0.38583
vn 0.727009 0.639849 -0.249103
vn 0.724466 0.655907 -0.211981
vn 0.684037 0.647726 -0.335476
vn 0.834941 0.49459 -0.24136
vn 0.83494 0.494593 -0.241359
vn 0.788774 0.584518 -0.190196
vn 0.787213 0.559061 -0.26028
vn 0.787213 0.559061 -0.26028
vn 0.834941 0.49459 -0.24136
vn 0.846248 0.50895 -0.157586
vn 0.874352 0.442233 -0.199846
vn 0.902607 0.411615 -0.12599
vn 0.902607 0.411614 -0.125992
vn 0.360115 0.685694 0.632567
vn 0.918993 0.393813 -0.019042
vn 0.926275 0.37182 -0.06135
vn 0.902608 0.411613 -0.12599
vn 0.959092 0.263005 -0.104744
vn 0.959092 0.263005 -0.104738
vn 0.959091 0.263009 -0.104739
vn 0.982207 0.187656 -0.007434
vn 0.976224 0.200058 0.083443
vn 0.977865 0.1942 -0.077881
vn 0.98469 0.05115 -0.166642
vn 0.984689 0.05116 -0.166643
vn 0.979787 0.16302 0.115935
vn 0.982888 0.15441 0.100439
vn 0.996756 0.075934 0.026688
vn 0.984688 0.051137 -0.166659
vn 0.988159 0.15066 -0.029055
vn 0.997196 0.073493 -0.014091
vn 0.997097 0.075821 -0.007041
vn 0.999907 0.013616 -5.8e-05
vn 0.999907 0.013615 -5.9e-05
vn 0.999906 0.013602 -0.001483
vn 0.999755 0.02154 -0.005056
vn 0.999755 0.021536 -0.005055
vn 0.987494 0.142948 -0.066491
vn 0.987494 0.142904 -0.066583
vn 0.997825 0.059792 -0.027757
vn 0.997825 0.059774 -0.027799
vn 0.999996 0.002551 -0.001032
vn 0.999996 0.002333 -0.001371
vn 0.986514 0.1557 -0.050468
vn 0.986516 0.155652 -0.05058
vn 0.997652 0.065167 -0.021079
vn 0.997652 0.065146 -0.021135
vn 0.999958 0.008775 -0.002717
vn 0.999963 0.008526 0.001299
vn 0.938661 0.320992 -0.126014
vn 0.938666 0.321023 -0.125901
vn 0.900695 0.404437 -0.158681
vn 0.901152 0.417043 -0.118326
vn 0.874352 0.442234 -0.199847
vn -0.195485 0.176938 -0.964613
vn -0.240587 0.866101 -0.438164
vn -0.346019 0.837209 -0.4235
vn -0.341054 0.853664 -0.393624
vn -0.460072 0.806319 -0.371731
vn -0.454063 0.821332 -0.345312
vn -0.506159 0.750792 -0.424398
vn -0.299684 0.933984 -0.194585
vn -0.308099 0.9144 -0.262581
vn -0.199283 0.941865 -0.270512
vn -0.207143 0.920387 -0.331632
vn -0.089138 0.937038 -0.337661
vn -0.080535 0.99635 -0.028292
vn -0.999957 0.009121 0.001528
vn -0.99998 0.005786 -0.002548
vn -0.997826 0.059761 -0.027795
vn -0.997824 0.059805 -0.027763
vn -0.987498 0.142881 -0.066572
vn -0.98749 0.142977 -0.066499
vn -0.968553 0.225554 -0.105023
vn -0.999906 0.013743 6e-05
vn -0.999933 0.011035 -0.003456
vn -0.997653 0.065129 -0.021129
vn -0.99765 0.065186 -0.021085
vn -0.986521 0.155622 -0.05057
vn -0.986509 0.155732 -0.050478
vn -0.96617 0.245309 -0.07962
vn -0.968332 0.232422 -0.091183
vn -0.938676 0.320953 -0.125999
vn -0.938648 0.321069 -0.125918
vn -0.902384 0.401162 -0.157392
vn -0.899541 0.409561 -0.151939
vn -0.888265 0.420152 -0.185628
vn -0.888266 0.42015 -0.185627
vn -0.965384 0.066936 -0.252097
vn -0.965745 0.075857 -0.248156
vn -0.98635 0.048198 -0.157448
vn -0.986352 0.048271 -0.157418
vn -0.997627 0.020273 -0.065801
vn -0.732018 0.398391 -0.552661
vn -0.737517 0.312674 -0.598584
vn -0.803941 0.275389 -0.527106
vn -0.803985 0.274244 -0.527635
vn -0.859695 0.235618 -0.453222
vn -0.859718 0.235159 -0.453415
vn -0.905494 0.195417 -0.376688
vn -0.9055 0.195304 -0.37673
vn -0.9418 0.154766 -0.298429
vn -0.941798 0.154796 -0.298419
vn -0.969982 0.112024 -0.215838
vn -0.94529 0.214562 -0.245745
vn -0.945287 0.214581 -0.245737
vn -0.910885 0.271378 -0.310875
vn -0.910877 0.271435 -0.310847
vn -0.867162 0.32753 -0.375173
vn -0.867143 0.327671 -0.375093
vn -0.813429 0.382634 -0.438092
vn -0.81339 0.38293 -0.437906
vn -0.748621 0.436393 -0.499126
vn -0.748547 0.436978 -0.498725
vn -0.671734 0.488149 -0.557211
vn -0.671611 0.489227 -0.556413
vn -0.581493 0.537153 -0.611009
vn -0.581302 0.539074 -0.609498
vn -0.476619 0.582371 -0.658543
vn -0.476309 0.563257 -0.675183
vn -0.484728 0.351929 -0.80074
vn -0.988056 0.079252 -0.132154
vn -0.988437 0.092874 -0.119863
vn -0.988437 0.092883 -0.119858
vn -0.988569 0.105786 -0.107429
vn -0.98857 0.105766 -0.107441
vn -0.997809 0.027064 -0.060378
vn -0.997926 0.033188 -0.055157
vn -0.997926 0.033194 -0.055154
vn -0.997992 0.038871 -0.050005
vn -0.997992 0.038865 -0.050008
vn -0.998015 0.044247 -0.044814
vn -0.998015 0.044233 -0.044822
vn -0.999996 0.002421 -0.001733
vn -0.999996 0.0024 -0.001737
vn -0.997997 0.049429 -0.039479
vn -0.997996 0.049453 -0.039464
vn -0.988469 0.118215 -0.094627
vn -0.988467 0.118256 -0.0946
vn -0.970943 0.186808 -0.149573
vn -0.971193 0.16712 -0.169866
vn -0.971802 0.155126 -0.177584
vn -0.970865 0.146687 -0.189485
vn -0.969925 0.125046 -0.208828
vn -0.988056 0.079222 -0.13217
vn -0.987386 0.064524 -0.144588
vn -0.997809 0.02705 -0.060384
vn -0.997627 0.020298 -0.065791
vn -0.99992 0.003844 -0.012066
vn -0.999942 0.006162 -0.00886
vn -0.999996 0.002198 -0.001577
vn -0.999995 0.002653 -0.001484
vn -0.997936 0.054565 -0.033853
vn -0.997935 0.054601 -0.033829
vn -0.988124 0.130501 -0.081119
vn -0.988119 0.130566 -0.081073
vn -0.970098 0.206141 -0.128123
vn -0.971319 0.194192 -0.137216
vn -0.944372 0.268546 -0.189852
vn -0.944359 0.268625 -0.189808
vn -0.909457 0.339544 -0.239995
vn -0.909453 0.339563 -0.239982
vn -0.865161 0.409506 -0.289483
vn -0.865191 0.40938 -0.289574
vn -0.810841 0.477783 -0.338025
vn -0.810945 0.477366 -0.338364
vn -0.745496 0.543734 -0.385472
vn -0.745738 0.542792 -0.386332
vn -0.668213 0.606088 -0.431451
vn -0.668676 0.604243 -0.433316
vn -0.577821 0.663215 -0.475677
vn -0.578597 0.659876 -0.479363
vn -0.473441 0.712601 -0.517739
vn -0.483981 0.64622 -0.590053
vn -0.372188 0.685377 -0.625886
vn -0.366596 0.494389 -0.788154
vn 0.933856 0.005247 -0.357611
vn 0.974123 0.066094 -0.216137
vn 0.986347 0.048205 -0.15747
vn 0.986355 0.048267 -0.157396
vn 0.997626 0.020277 -0.065807
vn 0.997627 0.020295 -0.065784
vn 0.999939 0.003383 -0.010562
vn 0.999941 0.003916 -0.01013
vn 0.999994 0.001916 -0.002841
vn 0.999994 0.001905 -0.0029
vn 0.997926 0.033191 -0.055154
vn 0.997926 0.033187 -0.055161
vn 0.988057 0.079246 -0.132149
vn 0.988055 0.079226 -0.132177
vn 0.969925 0.125046 -0.208828
vn 0.743822 0.37174 -0.555462
vn 0.743822 0.37174 -0.555462
vn 0.744787 0.369244 -0.555834
vn 0.72516 0.318803 -0.610335
vn 0.804143 0.275262 -0.526863
vn 0.80382 0.274346 -0.527833
vn 0.859776 0.235555 -0.4531
vn 0.859652 0.235214 -0.453512
vn 0.905513 0.195401 -0.376649
vn 0.905484 0.195321 -0.37676
vn 0.941796 0.154773 -0.298439
vn 0.941802 0.154792 -0.298411
vn 0.969982 0.112024 -0.215838
vn 0.968282 0.10164 -0.228252
vn 0.987383 0.064475 -0.144629
vn 0.987388 0.064518 -0.144574
vn 0.997808 0.027052 -0.060388
vn 0.997809 0.027064 -0.060372
vn 0.999973 0.003108 -0.006616
vn 0.999964 0.000887 -0.008487
vn 0.999717 0.000367 -0.023805
vn 0.999995 0.001764 -0.002614
vn 0.999995 0.002212 -0.002041
vn 0.998015 0.044238 -0.044823
vn 0.998015 0.044246 -0.044809
vn 0.988569 0.105771 -0.107442
vn 0.98857 0.105782 -0.107424
vn 0.971193 0.167121 -0.169867
vn 0.977866 0.194198 -0.077881
vn 0.95269 0.30393 0.002853
vn 0.96617 0.245309 -0.07962
vn 0.968332 0.232421 -0.091183
vn 0.968553 0.225552 -0.105029
vn 0.970098 0.206142 -0.128123
vn 0.988122 0.130549 -0.081062
vn 0.988121 0.130515 -0.081128
vn 0.997936 0.054591 -0.033822
vn 0.997936 0.054573 -0.033859
vn 0.999996 0.00241 -0.001332
vn 0.999996 0.002191 -0.001882
vn 0.332965 0.450791 -0.828204
vn 0.371344 0.618345 -0.692642
vn 0.477039 0.585343 -0.655597
vn 0.476619 0.582371 -0.658543
vn 0.581581 0.538941 -0.609348
vn 0.581284 0.53725 -0.611123
vn 0.671785 0.489121 -0.556296
vn 0.671598 0.48823 -0.557303
vn 0.748649 0.436903 -0.498639
vn 0.748541 0.436452 -0.499196
vn 0.813442 0.382881 -0.437851
vn 0.813386 0.382673 -0.438137
vn 0.867167 0.327643 -0.375061
vn 0.867141 0.327554 -0.375199
vn 0.910887 0.271422 -0.310831
vn 0.910877 0.271389 -0.310889
vn 0.94529 0.214575 -0.245731
vn 0.945287 0.214564 -0.245753
vn 0.971802 0.155124 -0.177587
vn 0.970865 0.146687 -0.189485
vn 0.988437 0.092875 -0.119865
vn 0.988437 0.092881 -0.119856
vn 0.997992 0.03887 -0.050004
vn 0.997992 0.038866 -0.050009
vn 0.999995 0.002016 -0.002369
vn 0.999994 0.001935 -0.002872
vn 0.283538 0.790652 -0.542657
vn 0.262931 0.766415 -0.586067
vn 0.354842 0.742696 -0.567882
vn 0.355307 0.750706 -0.556953
vn 0.473736 0.707306 -0.524683
vn 0.47406 0.712328 -0.517547
vn 0.578028 0.660199 -0.479604
vn 0.578251 0.662971 -0.475495
vn 0.668332 0.604497 -0.433493
vn 0.668477 0.605894 -0.431312
vn 0.745555 0.542958 -0.386451
vn 0.745641 0.543602 -0.385379
vn 0.810865 0.477457 -0.338428
vn 0.810906 0.477709 -0.337973
vn 0.865167 0.409413 -0.289597
vn 0.865181 0.409479 -0.289464
vn 0.909457 0.339557 -0.239978
vn 0.909455 0.339548 -0.239998
vn 0.94437 0.268598 -0.189789
vn 0.944363 0.268568 -0.189867
vn 0.971319 0.194193 -0.137217
vn 0.970943 0.186809 -0.149574
vn 0.988469 0.118247 -0.094592
vn 0.988467 0.118223 -0.094634
vn 0.997997 0.049446 -0.039458
vn 0.997997 0.049432 -0.039485
vn 0.999996 0.002355 -0.001703
vn 0.999995 0.002346 -0.002015
vn -1.0 0.0 0.0
vn -1.0 -1e-06 -1.1e-05
vn -1.0 0.0 0.0
vn -1.0 1e-06 3e-06
vn -1.0 -1e-06 1e-06
vn -1.0 -1e-06 1e-06
vn -1.0 -1e-06 1e-06
vn -1.0 -4e-06 -0.0
vn -0.999998 -1e-06 -0.001785
vn -0.999999 1e-06 0.001294
vn -1.0 -2e-06 -5.5e-05
vn 1.0 -1e-06 1e-06
vn 1.0 -1e-06 1e-06
vn 1.0 -1e-06 1e-06
vn 1.0 -1e-06 1e-06
vn 1.0 -1e-06 1e-06
vn 1.0 -1e-06 1e-06
vn 1.0 -2e-06 -1e-06
vn 0.999989 0.00294 -0.003536
vn 1.0 -1e-06 1e-06
vn 1.0 -1e-06 2e-06
vn 1.0 -1e-06 2e-06
vn -0.99976 -0.0 -0.021893
vn -0.999988 -1e-06 -0.004969
vn -0.999986 -1e-06 -0.005341
vn -0.999852 1e-06 -0.017186
vn -0.999879 -2e-06 -0.015541
vn 0.999985 -1e-06 -0.005529
vn 0.999875 -1.7e-05 -0.015794
vn 0.99976 -3.4e-05 -0.021926
vn 0.999986 1.8e-05 -0.005346
vn 0.999859 0.0 -0.016817
vn -0.76916 0.255699 -0.585671
vn -0.3664 -0.103884 -0.92464
vn -0.999953 -0.004798 0.00846
vn -0.999993 -0.003639 0.000385
vn -0.999982 -0.002895 -0.005205
vn -0.367306 -0.101447 -0.924551
vn -0.574427 0.015922 -0.818401
vn -0.574426 0.015929 -0.818401
vn -0.542423 0.032542 -0.839475
vn -0.478106 -0.20124 -0.854937
vn -0.468571 -0.151549 -0.87033
vn -0.528333 0.096733 -0.843509
vn -0.558642 0.082082 -0.825337
vn -0.560572 0.217899 -0.798923
vn -0.425452 0.078713 -0.901551
vn -0.41938 -7.2e-05 -0.907811
vn -0.390141 -0.035917 -0.920054
vn -0.405393 -0.041634 -0.913194
vn -0.405384 -0.041637 -0.913198
vn -0.61708 0.34177 -0.708806
vn -0.642564 -0.014284 -0.766099
vn -0.620045 -0.043176 -0.783377
vn -0.611398 -0.088396 -0.78637
vn -0.611399 -0.088396 -0.78637
vn -0.596285 -0.096868 -0.796907
vn -0.564363 -0.184268 -0.804698
vn -0.751025 0.159707 -0.640668
vn -0.705518 0.191008 -0.682466
vn -0.705507 0.191004 -0.682479
vn -0.769161 0.255725 -0.585659
vn -0.623846 -0.261914 -0.736354
vn -0.654428 -0.221891 -0.722833
vn -0.650265 -0.218422 -0.727631
vn -0.680382 -0.176502 -0.711285
vn -0.698907 -0.127628 -0.703734
vn -0.861961 0.204601 -0.463855
vn -0.865215 0.075513 -0.495683
vn -0.843807 0.098082 -0.527607
vn -0.533853 -0.497718 -0.683577
vn -0.512363 -0.482599 -0.71034
vn -0.514752 -0.532162 -0.672186
vn -0.588641 -0.43995 -0.678193
vn -0.597847 -0.449895 -0.663456
vn -0.868174 0.088989 -0.488217
vn -0.910975 0.031289 -0.411273
vn -0.856361 -0.175964 -0.485471
vn -0.856359 -0.175961 -0.485476
vn -0.818354 -0.214635 -0.53313
vn -0.3509 -0.706205 -0.614934
vn -0.439814 -0.669365 -0.598761
vn -0.439809 -0.669357 -0.598773
vn -0.467185 -0.633081 -0.617209
vn -0.831697 -0.271938 -0.484076
vn -0.627891 0.746937 0.218719
vn -0.526397 -0.654885 -0.542247
vn -0.511923 -0.620871 -0.593679
vn -0.500757 -0.671573 -0.546106
vn -0.196453 -0.803669 -0.561713
vn -0.16688 -0.817224 -0.551631
vn -0.999245 -0.004271 -0.038624
vn -0.99916 0.040619 0.005406
vn -0.99303 -0.049007 -0.107187
vn -0.991372 0.126208 0.035412
vn -0.993997 0.095997 0.05249
vn 0.960322 0.174397 0.217641
vn -0.900273 -0.300821 -0.314668
vn -0.882864 -0.333964 -0.33018
vn -0.882462 -0.331663 -0.333557
vn -0.842838 -0.394232 -0.36634
vn -0.828816 -0.410132 -0.380599
vn -0.829251 -0.412459 -0.377122
vn -0.827137 -0.412317 -0.381889
vn -0.434635 0.798695 0.416147
vn -0.623695 -0.582072 -0.521724
vn -0.196656 -0.813654 -0.547077
vn -0.196657 -0.813657 -0.547073
vn -0.999299 -0.003322 -0.037292
vn -0.999299 -0.003301 -0.037301
vn -0.999378 -0.002664 -0.035154
vn -0.999387 -0.002504 -0.034907
vn -0.999388 -0.002546 -0.034894
vn -0.999389 -0.002494 -0.034854
vn -0.999363 -0.002452 -0.035602
vn -0.999849 -0.001612 -0.017318
vn -0.999995 -0.003015 0.000467
vn -0.999872 -8e-05 -0.015992
vn -0.999868 -9.7e-05 -0.016225
vn -0.999868 -7e-05 -0.016223
vn -0.999867 -9.6e-05 -0.016334
vn -0.999858 -4.2e-05 -0.01686
vn 0.999589 0.001322 0.028629
vn 0.940493 -0.11486 -0.319814
vn 0.940438 -0.114919 -0.319953
vn -0.407562 0.275455 -0.870642
vn 0.407969 0.291487 -0.865215
vn 0.407802 0.29102 -0.865451
vn 0.29502 0.124865 -0.947297
vn 0.28754 0.113386 -0.951033
vn 0.367652 0.192502 -0.909822
vn 0.406953 0.288814 -0.866588
vn 0.295021 0.124865 -0.947297
vn 0.295021 0.124865 -0.947297
vn 0.297564 0.165332 -0.940277
vn 0.306987 0.183356 -0.933884
vn 0.300432 0.180431 -0.936582
vn 0.206079 0.121848 -0.970919
vn 0.207806 0.126396 -0.969969
vn 0.207802 0.126397 -0.96997
vn 0.207047 0.128328 -0.969878
vn 0.209556 0.1368 -0.96818
vn 0.118162 0.105714 -0.987351
vn 0.126032 0.14537 -0.981317
vn 0.126043 0.145369 -0.981316
vn 0.12241 0.151791 -0.980803
vn 0.131026 0.189917 -0.973018
vn 0.033179 0.004453 -0.999439
vn 0.037128 0.03342 -0.998752
vn 0.035381 0.068338 -0.997035
vn 0.035417 0.068338 -0.997033
vn 0.03889 0.068915 -0.996864
vn -0.036488 0.066443 -0.997123
vn -0.041179 0.066434 -0.996941
vn -0.038619 0.122581 -0.991707
vn -0.04496 0.169775 -0.984457
vn -0.114821 -0.009929 -0.993337
vn -0.105815 0.306819 -0.945868
vn -0.158318 0.207068 -0.965432
vn -0.137152 0.209293 -0.968187
vn -0.130804 0.003573 -0.991402
vn -0.230854 0.249757 -0.940387
vn -0.239815 0.145358 -0.959875
vn -0.239813 0.145364 -0.959875
vn -0.217067 0.149783 -0.964597
vn -0.222449 0.054864 -0.973399
vn -0.193449 0.004977 -0.981098
vn -0.219359 0.039733 -0.974835
vn -0.321646 0.270546 -0.907386
vn -0.319405 0.109261 -0.941298
vn -0.319405 0.109259 -0.941298
vn -0.293884 0.116209 -0.94875
vn -0.309197 0.066012 -0.948704
vn -0.407376 0.274978 -0.87088
vn 0.967401 0.230179 -0.105611
vn 0.999499 -0.002201 -0.031565
vn 0.999858 -0.000307 -0.016842
vn 0.999993 -0.00168 0.00339
vn 0.999999 -0.001376 -0.00093
vn 0.999496 -0.001681 -0.031694
vn 0.999579 -0.001394 -0.028972
vn 0.9996 -0.000795 -0.028283
vn 0.999596 -0.000755 -0.028405
vn 0.999597 -0.000822 -0.028387
vn -0.999664 0.000555 0.025924
vn 0.999855 -0.000141 -0.017061
vn 0.999876 -0.000407 -0.015749
vn 0.999884 -0.000294 -0.015207
vn 0.999884 -0.000468 -0.015217
vn 0.999985 -0.001071 -0.005435
vn 0.999384 -0.002537 -0.034997
vn 0.999384 -0.002536 -0.034997
vn -0.997032 0.023089 0.073447
vn 0.993916 -0.043453 -0.101211
vn 0.993784 -0.041949 -0.103122
vn 0.9953 -0.034441 -0.090507
vn -0.97217 0.135491 0.191124
vn -0.954358 0.192281 0.228537
vn -0.954697 0.181655 0.235702
vn 0.985202 -0.086813 -0.147788
vn -0.845328 0.389558 0.365602
vn 0.645173 -0.593726 -0.480875
vn 0.643104 -0.587882 -0.490726
vn 0.716381 -0.531547 -0.451947
vn 0.740921 -0.504579 -0.443211
vn 0.763866 -0.482956 -0.42809
vn 0.763306 -0.480594 -0.431734
vn 0.891653 -0.305637 -0.333976
vn 0.962868 -0.124749 -0.239422
vn 0.97482 0.157993 -0.157369
vn 0.967401 0.230178 -0.105609
vn 0.967405 0.230158 -0.105622
vn 0.921177 0.389138 0.002081
vn 0.616383 -0.530749 -0.581702
vn 0.597047 -0.555589 -0.578667
vn 0.594161 -0.550854 -0.586117
vn 0.442857 -0.669235 -0.59666
vn 0.386386 -0.699052 -0.601691
vn 0.378614 -0.706682 -0.597705
vn 0.378613 -0.70668 -0.597709
vn 0.374401 -0.705781 -0.601412
vn 0.920947 0.331468 -0.204903
vn 0.68926 -0.344744 -0.637238
vn 0.689261 -0.344743 -0.637237
vn 0.460681 -0.539423 -0.704838
vn 0.572977 -0.48236 -0.662591
vn 0.572579 -0.481896 -0.663272
vn 0.592292 -0.462443 -0.6598
vn 0.716723 -0.37729 -0.586482
vn 0.729093 -0.287411 -0.621143
vn 0.72909 -0.287409 -0.621147
vn 0.871668 0.296665 -0.390107
vn 0.685354 -0.194816 -0.701667
vn 0.718794 -0.224752 -0.657892
vn 0.578748 -0.358266 -0.732595
vn 0.619786 -0.288785 -0.729704
vn 0.659459 -0.239304 -0.712634
vn 0.654419 -0.2349 -0.71872
vn 0.681736 -0.201268 -0.703369
vn 0.774598 0.265003 -0.574258
vn 0.774598 0.265003 -0.574257
vn 0.636896 -0.065357 -0.768174
vn 0.636913 -0.065352 -0.768161
vn 0.669364 -0.087574 -0.737755
vn 0.516957 -0.291064 -0.805008
vn 0.596012 -0.098078 -0.796963
vn 0.631223 -0.078289 -0.77164
vn 0.631223 -0.078289 -0.77164
vn 0.650978 0.035422 -0.75827
vn 0.700965 0.113393 -0.704124
vn 0.615494 0.151046 -0.773532
vn 0.552155 0.024816 -0.833372
vn 0.558124 -0.02096 -0.829493
vn 0.558129 -0.020962 -0.829489
vn 0.486745 -0.137431 -0.862665
vn 0.45972 -0.091561 -0.883331
vn 0.595412 0.167165 -0.785837
vn 0.595406 0.167168 -0.785841
vn 0.567686 0.257207 -0.782034
vn 0.418433 -0.003081 -0.908242
vn 0.418152 -0.005755 -0.908359
vn 0.416361 -0.0094 -0.909151
vn 0.417211 -0.006898 -0.908784
vn 0.417165 -0.00695 -0.908804
vn 0.417696 -0.007155 -0.908559
vn 0.417684 -0.007158 -0.908564
vn 0.405958 0.259296 -0.876336
vn 0.407059 0.26512 -0.874079
vn 0.407269 0.266118 -0.873678
vn 1.0 1e-06 -2e-06
vn 1.0 -8e-06 1e-06
vn 1.0 -0.0 0.0
vn 1.0 1e-06 -2e-06
vn 1.0 1e-06 1e-06
vn 0.999989 -0.002948 -0.003543
vn 1.0 1.1e-05 -1.6e-05
vn 1.0 -2e-06 1e-06
vn 1.0 0.0 -0.0
vn -1.0 0.0 0.0
vn -1.0 0.0 0.0
vn -1.0 0.0 0.0
vn -1.0 0.0 0.0
vn -1.0 0.0 0.0
vn -1.0 0.0 0.0
vn -0.999983 -0.003915 -0.004422
vn -1.0 1e-06 0.000293
vn -1.0 2e-06 -8e-06
vn -1.0 0.0 0.0
vn -0.803183 -0.532687 -0.266726
vn 0.150425 -0.938044 -0.312163
vn 0.274694 -0.961461 -0.011612
vn 0.999996 -0.002375 -0.001391
vn 0.999995 -0.002294 -0.001971
vn 0.999994 -0.001924 -0.002856
vn 0.62678 -0.520142 -0.580171
vn -0.999995 -0.001963 -0.002344
vn -0.999996 -0.002175 -0.001906
vn -0.99997 -0.007758 0.000721
vn -0.999905 -0.013756 -0.000277
vn -0.425707 -0.802843 -0.417393
vn -0.184107 -0.979166 -0.085664
vn -0.175931 -0.982922 0.053972
vn -0.143952 -0.942983 -0.300102
vn -0.143952 -0.942983 -0.300102
vn -0.293732 -0.944698 -0.14583
vn -0.228559 -0.93832 -0.259455
vn -0.228592 -0.938312 -0.259453
vn -0.425707 -0.80284 -0.417398
vn -0.409946 -0.906181 -0.103826
vn -0.513765 -0.733126 -0.445614
vn -0.513767 -0.733125 -0.445614
vn -0.510783 -0.853729 -0.101228
vn -0.571952 -0.761909 -0.303917
vn -0.715445 -0.609198 -0.342075
vn -0.601771 -0.79039 -0.114695
vn -0.640969 -0.729226 -0.239557
vn -0.639647 -0.718815 -0.272318
vn -0.571937 -0.761919 -0.303921
vn -0.715444 -0.609199 -0.342076
vn -0.679365 -0.730498 -0.069541
vn -0.771292 -0.546182 -0.326793
vn -0.815757 -0.526916 -0.238538
vn -0.815756 -0.526917 -0.238538
vn -0.763686 -0.639009 -0.09193
vn -0.771291 -0.546186 -0.32679
vn -0.77129 -0.546187 -0.32679
vn -0.892559 -0.424854 -0.151121
vn -0.852182 -0.497738 -0.161377
vn -0.925392 -0.264914 -0.271053
vn -0.925393 -0.264913 -0.271053
vn -0.908611 -0.417251 0.018093
vn -0.841897 -0.514409 0.163073
vn -0.970626 -0.231642 -0.065014
vn -0.970625 -0.231649 -0.065015
vn -0.949096 -0.314447 0.018433
vn -0.952938 -0.266364 -0.144773
vn -0.952938 -0.266364 -0.144773
vn -0.994837 -0.098414 -0.02478
vn -0.983637 -0.179171 -0.018848
vn -0.983217 -0.182197 -0.009435
vn -0.970625 -0.231645 -0.065016
vn -0.999511 -0.030792 -0.005511
vn -0.99784 -0.065677 0.001517
vn -0.99633 -0.0854 0.005696
vn -0.995239 -0.091395 0.033844
vn -0.994837 -0.098412 -0.024779
vn -0.999905 -0.013756 -0.000277
vn -0.999875 -0.015529 -0.00314
vn -0.999875 -0.015491 -0.003133
vn -0.999996 -0.002343 -0.001485
vn -0.999996 -0.002343 -0.001485
vn -0.999982 0.00039 -0.00602
vn -0.999982 0.000376 -0.006028
vn -0.999979 0.00196 -0.006214
vn -0.999819 -0.005607 -0.018158
vn -0.999933 -0.001596 -0.011477
vn -0.999933 -0.001599 -0.01148
vn -0.999819 -0.005608 -0.018161
vn -0.997421 -0.014531 -0.070284
vn -0.996405 0.023667 -0.081346
vn -0.994149 -0.054895 -0.093029
vn -0.994148 -0.054896 -0.093038
vn -0.989694 0.063802 -0.1282
vn -0.989693 0.063805 -0.128202
vn -0.988755 0.070584 -0.13184
vn -0.988756 0.070574 -0.131834
vn -0.98561 -0.145277 -0.086417
vn -0.965506 0.072957 -0.249953
vn -0.994148 -0.054893 -0.093039
vn -0.933829 0.092315 -0.345603
vn -0.933809 0.092368 -0.345643
vn -0.981873 -0.150562 -0.115138
vn -0.943251 -0.103851 -0.315425
vn -0.961979 -0.047884 -0.268892
vn -0.918347 -0.160608 -0.361723
vn -0.923115 -0.038254 -0.382615
vn -0.94325 -0.103855 -0.315425
vn -0.943249 -0.103852 -0.31543
vn -0.889104 -0.219557 -0.401607
vn -0.868622 -0.019017 -0.49511
vn -0.918346 -0.160606 -0.361726
vn -0.918347 -0.160608 -0.361724
vn -0.818481 -0.046897 -0.572617
vn -0.800338 -0.003151 -0.599541
vn -0.889103 -0.219558 -0.401609
vn -0.759668 -0.048688 -0.648485
vn -0.852897 -0.300299 -0.427068
vn -0.852893 -0.300302 -0.427073
vn -0.80272 -0.242441 -0.544852
vn -0.800182 -0.252718 -0.543915
vn -0.700933 -0.376959 -0.605471
vn -0.700933 -0.37696 -0.605471
vn -0.728971 -0.267185 -0.630248
vn -0.756922 -0.322669 -0.56829
vn -0.756921 -0.32267 -0.568292
vn -0.663245 -0.376239 -0.646954
vn -0.616224 -0.243008 -0.749143
vn -0.700934 -0.376958 -0.60547
vn -0.565419 -0.361933 -0.741151
vn -0.56005 -0.349552 -0.751104
vn -0.638984 -0.405069 -0.653926
vn -0.638983 -0.405069 -0.653927
vn -0.410241 -0.570463 -0.711529
vn -0.487207 -0.433384 -0.758161
vn -0.466418 -0.474911 -0.746266
vn -0.488839 -0.451226 -0.746613
vn -0.488839 -0.451226 -0.746614
vn -0.563954 -0.379733 -0.73332
vn -0.315446 -0.50579 -0.802914
vn -0.408246 -0.528161 -0.744568
vn -0.236975 0.191786 -0.952397
vn -0.189568 0.366691 -0.910825
vn -0.315458 -0.505772 -0.802921
vn -0.112872 -0.38251 -0.917031
vn -0.19505 -0.27365 -0.941844
vn -0.198549 -0.22467 -0.953992
vn -0.171861 -0.106511 -0.979346
vn -0.315463 -0.505788 -0.802908
vn -0.013157 -0.353432 -0.935368
vn -0.013155 -0.353432 -0.935368
vn -0.013158 -0.353423 -0.935371
vn 0.183282 -0.424173 -0.88684
vn 0.062668 -0.039335 -0.997259
vn 0.291014 -0.551996 -0.781416
vn 0.201664 -0.258571 -0.944708
vn 0.178662 0.137734 -0.974222
vn 0.179419 -0.38198 -0.906587
vn 0.180956 -0.367171 -0.912382
vn 0.183277 -0.42414 -0.886857
vn 0.183275 -0.424173 -0.886841
vn 0.337016 -0.908873 -0.245703
vn 0.268939 0.055646 -0.961548
vn 0.259066 0.116464 -0.958812
vn 0.291018 -0.551996 -0.781415
vn 0.144139 0.562519 -0.814123
vn 0.337035 -0.908842 -0.245792
vn 0.336998 -0.908877 -0.245712
vn 0.476364 -0.560988 -0.67703
vn 0.626779 -0.520143 -0.580171
vn 0.62678 -0.520145 -0.580168
vn 0.554478 -0.301636 -0.775609
vn 0.501308 -0.589193 -0.633674
vn 0.501304 -0.589194 -0.633676
vn 0.626777 -0.520152 -0.580166
vn 0.650726 -0.30099 -0.697109
vn 0.731337 -0.399525 -0.552744
vn 0.726879 -0.323618 -0.605738
vn 0.726848 -0.323633 -0.605767
vn 0.738564 -0.320114 -0.593338
vn 0.731334 -0.399525 -0.552747
vn 0.731334 -0.399526 -0.552747
vn 0.538447 -0.831357 0.137548
vn 0.726333 0.160859 -0.668255
vn 0.860025 -0.456454 -0.22805
vn 0.940391 -0.173613 -0.292445
vn 0.854123 -0.031647 -0.519108
vn 0.90688 -0.301578 -0.294312
vn 0.860031 -0.456432 -0.228073
vn 0.86003 -0.456432 -0.228073
vn 0.939408 -0.145882 -0.31021
vn 0.939408 -0.145883 -0.310212
vn 0.9413 -0.150314 -0.302258
vn 0.940391 -0.173615 -0.292444
vn 0.940392 -0.173614 -0.292439
vn 0.968004 -0.098681 -0.230717
vn 0.965715 0.019914 -0.258839
vn 0.965715 0.019915 -0.258839
vn 0.993617 -0.099826 -0.052543
vn 0.993617 -0.099826 -0.052541
vn 0.993617 -0.099825 -0.052543
vn 0.923686 0.171581 -0.342585
vn 0.94165 -0.331443 0.058652
vn 0.746639 -0.63321 0.203898
vn 0.997552 0.013727 -0.068568
vn 0.994651 0.024314 -0.100393
vn 0.994651 0.024316 -0.100394
vn 0.988595 0.071022 -0.132801
vn 0.988215 0.073722 -0.134151
vn 0.993617 -0.099821 -0.052544
vn 0.999935 0.000277 -0.011415
vn 0.999935 0.000279 -0.011417
vn 0.999906 -0.004838 -0.012796
vn 0.999976 0.002379 -0.00658
vn 0.999992 -0.003482 0.002081
vn 0.999968 -0.00804 -3.4e-05
vn 0.999906 -0.013651 -0.001046
vn 0.992995 -0.111598 -0.03882
vn 0.995725 -0.090299 0.019443
vn 0.99451 -0.094016 0.045944
vn 0.994509 -0.094018 0.045952
vn 0.996957 -0.077834 -0.004334
vn 0.999797 -0.019617 -0.004615
vn 0.999797 -0.019624 -0.004617
vn 0.981493 -0.179421 -0.066923
vn 0.981494 -0.17942 -0.066923
vn 0.986605 -0.154649 -0.051899
vn 0.972772 -0.230766 0.02149
vn 0.992995 -0.111595 -0.03882
vn 0.95416 -0.299049 -0.012167
vn 0.963361 -0.262256 -0.056192
vn 0.935336 -0.345067 -0.077947
vn 0.908321 -0.417839 0.019037
vn 0.845062 -0.49314 0.206597
vn 0.910878 -0.292461 -0.291149
vn 0.891392 -0.337497 -0.302515
vn 0.891739 -0.450451 -0.043539
vn 0.858512 -0.46142 -0.223714
vn 0.794822 -0.605857 -0.034577
vn 0.875195 -0.44344 -0.193377
vn 0.875193 -0.443448 -0.19337
vn 0.875193 -0.443447 -0.19337
vn 0.718195 -0.667033 -0.198148
vn 0.710724 -0.681817 -0.173193
vn 0.671798 -0.663792 -0.328735
vn 0.718181 -0.667052 -0.198134
vn 0.788413 -0.562623 -0.248718
vn 0.799845 -0.548588 -0.243516
vn 0.759706 -0.641382 -0.107125
vn 0.837128 -0.493819 -0.235286
vn 0.671805 -0.663787 -0.328733
vn 0.597512 -0.797912 -0.079466
vn 0.609556 -0.656322 -0.444614
vn 0.458442 -0.804852 -0.376886
vn 0.531783 -0.707843 -0.464937
vn 0.531781 -0.707844 -0.464937
vn 0.496321 -0.866493 -0.053434
vn 0.609556 -0.656315 -0.444626
vn 0.609554 -0.656316 -0.444626
vn 0.34632 -0.85206 -0.392499
vn 0.442824 -0.78104 -0.440323
vn 0.442824 -0.78104 -0.440323
vn 0.150425 -0.938044 -0.312163
vn 0.172202 -0.979297 0.106416
vn 0.184647 -0.978613 -0.090677
vn 0.250068 -0.899968 -0.357105
vn 0.25008 -0.899965 -0.357104
vn 0.999996 -0.002372 -0.001395
vn 0.999996 -0.002318 -0.001437
vn 0.997967 -0.052394 -0.036285
vn 0.997966 -0.052428 -0.036265
vn 0.988298 -0.12532 -0.086961
vn 0.988294 -0.125378 -0.086924
vn 0.970525 -0.197998 -0.137399
vn 0.970516 -0.198076 -0.137346
vn 0.944374 -0.270216 -0.187459
vn 0.944364 -0.270288 -0.187405
vn 0.90946 -0.341657 -0.236965
vn 0.999901 -0.014071 -1.2e-05
vn 0.99993 -0.011312 -0.003603
vn 0.99766 -0.064929 -0.021402
vn 0.997658 -0.064986 -0.021361
vn 0.986562 -0.155149 -0.05123
vn 0.986548 -0.155267 -0.051138
vn 0.966268 -0.24458 -0.080664
vn 0.966242 -0.244724 -0.080543
vn 0.936664 -0.332653 -0.109559
vn 0.936639 -0.332754 -0.109466
vn 0.897625 -0.418667 -0.137792
vn 0.425976 -0.847782 -0.315929
vn 0.527478 -0.722374 -0.447149
vn 0.57419 -0.696159 -0.430891
vn 0.572657 -0.700999 -0.425047
vn 0.664059 -0.639361 -0.387612
vn 0.663138 -0.642101 -0.384647
vn 0.741398 -0.575701 -0.344813
vn 0.740911 -0.577155 -0.343429
vn 0.807206 -0.507283 -0.301798
vn 0.806989 -0.507963 -0.301234
vn 0.862221 -0.435707 -0.258331
vn 0.862153 -0.435939 -0.258165
vn 0.910022 -0.356729 -0.211199
vn 0.905108 -0.38037 -0.189995
vn 0.941536 -0.301424 -0.150508
vn 0.941553 -0.301334 -0.150582
vn 0.968957 -0.221178 -0.110465
vn 0.968974 -0.22106 -0.110555
vn 0.987659 -0.14011 -0.069998
vn 0.987667 -0.140022 -0.070059
vn 0.997854 -0.058601 -0.029217
vn 0.997855 -0.058558 -0.029245
vn 0.999985 -0.004883 -0.002289
vn 0.999967 -0.008042 0.001479
vn 0.321845 -0.87996 -0.349407
vn 0.345633 -0.832629 -0.432743
vn 0.210747 -0.86736 -0.450856
vn 0.217332 -0.847687 -0.483936
vn 0.074455 -0.866017 -0.49444
vn 0.045483 -0.982955 -0.178133
vn 0.060964 -0.997109 -0.045352
vn 0.071672 -0.898246 -0.433609
vn 0.06318 -0.80795 -0.585855
vn -0.425708 -0.802843 -0.417392
vn -0.293392 -0.945058 -0.144173
vn -0.320911 -0.92139 -0.219216
vn -0.317004 -0.884576 -0.342102
vn -0.20938 -0.911991 -0.352751
vn -0.208786 -0.891754 -0.401476
vn -0.810906 -0.480684 -0.333729
vn -0.811046 -0.502741 -0.299092
vn -0.741183 -0.576897 -0.343275
vn -0.741055 -0.576027 -0.345008
vn -0.663629 -0.641729 -0.384423
vn -0.663425 -0.639837 -0.387912
vn -0.573442 -0.700524 -0.424771
vn -0.573148 -0.69678 -0.431276
vn -0.469845 -0.75057 -0.464639
vn -0.46942 -0.743743 -0.475911
vn -0.352226 -0.788303 -0.504495
vn -0.351567 -0.777355 -0.521651
vn -0.220455 -0.809904 -0.543558
vn -0.21954 -0.796641 -0.563174
vn -0.865184 -0.412027 -0.285815
vn -0.86518 -0.411943 -0.285949
vn -0.85917 -0.457727 -0.228721
vn -0.859176 -0.457549 -0.229052
vn -0.845314 -0.513273 -0.148304
vn -0.842077 -0.528377 -0.108276
vn -0.999996 -0.002175 -0.001906
vn -0.999996 -0.002376 -0.001475
vn -0.997966 -0.052405 -0.03629
vn -0.997967 -0.052419 -0.036259
vn -0.988295 -0.125335 -0.086971
vn -0.988297 -0.125363 -0.086911
vn -0.97052 -0.198016 -0.137409
vn -0.970523 -0.198056 -0.137332
vn -0.944368 -0.27023 -0.187469
vn -0.944371 -0.270272 -0.187395
vn -0.999989 -0.003741 0.0029
vn -0.999987 -0.004592 -0.002145
vn -0.997855 -0.058571 -0.029253
vn -0.997855 -0.058588 -0.029208
vn -0.987662 -0.140048 -0.07007
vn -0.987663 -0.140085 -0.06998
vn -0.968965 -0.221092 -0.110565
vn -0.968966 -0.221145 -0.110449
vn -0.941545 -0.301355 -0.150592
vn -0.941545 -0.301402 -0.150495
vn -0.99997 -0.007758 0.000721
vn -0.999945 -0.009993 -0.003165
vn -0.997659 -0.064947 -0.021408
vn -0.997659 -0.064965 -0.021354
vn -0.986556 -0.155184 -0.051241
vn -0.986555 -0.155226 -0.051127
vn -0.966257 -0.244619 -0.080678
vn -0.966254 -0.244678 -0.08053
vn -0.936654 -0.332678 -0.109568
vn -0.93665 -0.332724 -0.109459
vn -0.902063 -0.409971 -0.134928
vn -0.751817 -0.613153 0.242519
vn -0.408243 -0.528161 -0.744569
vn -0.407907 -0.572879 -0.71093
vn -0.358138 -0.584946 -0.727719
vn -0.353857 -0.567703 -0.743303
vn -0.218691 -0.592237 -0.775519
vn -0.221338 -0.606108 -0.763965
vn -0.075893 -0.619703 -0.781159
vn -0.075861 -0.814189 -0.575622
vn -0.07528 -0.80727 -0.585362
vn -0.072756 -0.90942 -0.409466
vn -0.07167 -0.898246 -0.433609
vn -0.06086 -0.997229 -0.042789
vn -0.044399 -0.983003 -0.178142
vn -0.963356 -0.053215 -0.262896
vn -0.968282 -0.061577 -0.242152
vn -0.985818 -0.041416 -0.162628
vn -0.985829 -0.041486 -0.162541
vn -0.99743 -0.017807 -0.0694
vn -0.993384 0.036476 -0.108896
vn -0.999931 0.000159 -0.011783
vn -0.999956 -0.003761 -0.008632
vn -0.997779 -0.025812 -0.061414
vn -0.997778 -0.025801 -0.06143
vn -0.987215 -0.061516 -0.147044
vn -0.987209 -0.061471 -0.147106
vn -0.967857 -0.096874 -0.232097
vn -0.967844 -0.096811 -0.232176
vn -0.939524 -0.131738 -0.316132
vn -0.939517 -0.13171 -0.316164
vn -0.901988 -0.165979 -0.398584
vn -0.907762 -0.188712 -0.374642
vn -0.858813 -0.230407 -0.45755
vn -0.858962 -0.230756 -0.457096
vn -0.810399 -0.263991 -0.523031
vn -0.804634 -0.259444 -0.534091
vn -0.999994 -0.001761 -0.002951
vn -0.999995 -0.001797 -0.00272
vn -0.997925 -0.03319 -0.055169
vn -0.997925 -0.033187 -0.055173
vn -0.988052 -0.079246 -0.132183
vn -0.98805 -0.079224 -0.132217
vn -0.969915 -0.125036 -0.208878
vn -0.96991 -0.125005 -0.208922
vn -0.943261 -0.170425 -0.28498
vn -0.943258 -0.170409 -0.285001
vn -0.907746 -0.215239 -0.360096
vn -0.999995 -0.001963 -0.002344
vn -0.999996 -0.002248 -0.001892
vn -0.998012 -0.046252 -0.042807
vn -0.998013 -0.046263 -0.042786
vn -0.988554 -0.110607 -0.102605
vn -0.988555 -0.110622 -0.102579
vn -0.971155 -0.174775 -0.162211
vn -0.971157 -0.174797 -0.162173
vn -0.945523 -0.238607 -0.221478
vn -0.945526 -0.238632 -0.221438
vn -0.911249 -0.301857 -0.280193
vn -0.90946 -0.341657 -0.236967
vn -0.909461 -0.341666 -0.236951
vn -0.905109 -0.380368 -0.189993
vn -0.905109 -0.38036 -0.190009
vn -0.893792 -0.432722 -0.117848
vn -0.892563 -0.424847 -0.151118
vn -0.999995 -0.001689 -0.002819
vn -0.999995 -0.002086 -0.00234
vn -0.997999 -0.03992 -0.04903
vn -0.997999 -0.039923 -0.049026
vn -0.988477 -0.09541 -0.11752
vn -0.988477 -0.095409 -0.117522
vn -0.970963 -0.150702 -0.185797
vn -0.970962 -0.1507 -0.185801
vn -0.945171 -0.205662 -0.253684
vn -0.945172 -0.205668 -0.253675
vn -0.910696 -0.260097 -0.320909
vn -0.913494 -0.277913 -0.297143
vn -0.867257 -0.340033 -0.363651
vn -0.867278 -0.340092 -0.363548
vn -0.813536 -0.397226 -0.424701
vn -0.813575 -0.397351 -0.424509
vn -0.748719 -0.452957 -0.483994
vn -0.748789 -0.453212 -0.483646
vn -0.671793 -0.506459 -0.540549
vn -0.671911 -0.506957 -0.539935
vn -0.581477 -0.556836 -0.593143
vn -0.581656 -0.557753 -0.592104
vn -0.634144 -0.530199 -0.562805
vn -0.493716 -0.531862 -0.688017
vn 0.746639 -0.633211 0.203895
vn 0.953039 -0.074599 -0.293518
vn 0.985823 -0.041408 -0.162596
vn 0.985825 -0.041493 -0.162567
vn 0.997571 -0.017315 -0.067467
vn 0.99758 -0.018775 -0.066948
vn 0.999906 -0.004846 -0.012799
vn 0.999906 -0.004847 -0.0128
vn 0.854925 -0.200129 -0.478594
vn 0.854899 -0.199558 -0.478878
vn 0.902005 -0.166108 -0.398491
vn 0.902001 -0.165968 -0.398558
vn 0.939521 -0.131707 -0.316155
vn 0.939521 -0.131742 -0.31614
vn 0.967851 -0.096801 -0.232152
vn 0.967851 -0.096882 -0.232117
vn 0.987212 -0.061462 -0.147085
vn 0.987212 -0.061523 -0.147061
vn 0.997778 -0.025798 -0.061423
vn 0.997778 -0.025814 -0.061418
vn 0.999978 -0.002659 -0.005995
vn 0.999985 0.000536 -0.00548
vn 0.999995 -0.0023 -0.002002
vn 0.999995 -0.002003 -0.002242
vn 0.997999 -0.039917 -0.049029
vn 0.997999 -0.039925 -0.049025
vn 0.988476 -0.095412 -0.117519
vn 0.988477 -0.095408 -0.117521
vn 0.970962 -0.150703 -0.185798
vn 0.970963 -0.150695 -0.185803
vn 0.945172 -0.205656 -0.253685
vn 0.945171 -0.205671 -0.253676
vn 0.910701 -0.260091 -0.320898
vn 0.910698 -0.260148 -0.320862
vn 0.866907 -0.313885 -0.387231
vn 0.866896 -0.314057 -0.387116
vn 0.81307 -0.366734 -0.452132
vn 0.807211 -0.297383 -0.509876
vn 0.813478 -0.260654 -0.519917
vn 0.538448 -0.831357 0.137549
vn 0.538467 -0.831349 0.137522
vn 0.780356 -0.241187 -0.576952
vn 0.810856 -0.300683 -0.502099
vn 0.862809 -0.259764 -0.433685
vn 0.862812 -0.25942 -0.433886
vn 0.907745 -0.215326 -0.360047
vn 0.907746 -0.215238 -0.360096
vn 0.94326 -0.170406 -0.284996
vn 0.943259 -0.170428 -0.284985
vn 0.969914 -0.124997 -0.20891
vn 0.969912 -0.125042 -0.208888
vn 0.988052 -0.079217 -0.132207
vn 0.988051 -0.07925 -0.132192
vn 0.997925 -0.033186 -0.055171
vn 0.997925 -0.033192 -0.055169
vn 0.999994 -0.001876 -0.002849
vn 0.999994 -0.001924 -0.002856
vn 0.485652 -0.358289 -0.797352
vn 0.451793 -0.438533 -0.776899
vn 0.349071 -0.460595 -0.816089
vn 0.348481 -0.484518 -0.802373
vn 0.2188 -0.50435 -0.835319
vn 0.217743 -0.531519 -0.818581
vn 0.075427 -0.543005 -0.836335
vn 0.07467 -0.556426 -0.827535
vn 0.071769 -0.372347 -0.925314
vn 0.070543 -0.40096 -0.913375
vn 0.059723 -0.016927 -0.998071
vn 0.060188 -0.008189 -0.998154
vn -0.063435 0.145989 -0.98725
vn -0.063435 0.145971 -0.987253
vn -0.070901 -0.40095 -0.913352
vn -0.072027 -0.383717 -0.920637
vn -0.074669 -0.556426 -0.827535
vn -0.06518 -0.693068 -0.71792
vn 0.076459 -0.692512 -0.717343
vn 0.076569 -0.691073 -0.718718
vn 0.222935 -0.675689 -0.702669
vn 0.223182 -0.672767 -0.705389
vn 0.357126 -0.644702 -0.675885
vn 0.357385 -0.642099 -0.678222
vn 0.476771 -0.604377 -0.638293
vn 0.476981 -0.602607 -0.639808
vn 0.581469 -0.557845 -0.592202
vn 0.58162 -0.556758 -0.593076
vn 0.67179 -0.507025 -0.540022
vn 0.671887 -0.506405 -0.540483
vn 0.748716 -0.453272 -0.483703
vn 0.748777 -0.452911 -0.483946
vn 0.817235 -0.39383 -0.420743
vn 0.814062 -0.425643 -0.395134
vn 0.867661 -0.364389 -0.338207
vn 0.867663 -0.364373 -0.33822
vn 0.911245 -0.301896 -0.280164
vn 0.911249 -0.301855 -0.280193
vn 0.945523 -0.238638 -0.221446
vn 0.945527 -0.2386 -0.221472
vn 0.971154 -0.174806 -0.162182
vn 0.971157 -0.17477 -0.162203
vn 0.988553 -0.11063 -0.102583
vn 0.988555 -0.110601 -0.1026
vn 0.998012 -0.046267 -0.042791
vn 0.998013 -0.046248 -0.042801
vn 0.999995 -0.002333 -0.001969
vn 0.999995 -0.002295 -0.00197
vn 0.407449 -0.271858 -0.871825
vn -0.999852 0.000272 -0.017208
vn -0.999986 0.00145 -0.005088
vn -0.999997 0.001822 -0.001431
vn -0.999972 0.003746 0.006498
vn 0.999559 0.001083 0.029682
vn -0.999894 6.1e-05 -0.014533
vn -0.999894 0.000597 -0.014546
vn -0.999889 6e-05 -0.014903
vn -0.999889 4.3e-05 -0.014906
vn 0.999695 -0.000516 0.024697
vn -0.999738 0.000289 -0.02291
vn -0.999738 0.000349 -0.022897
vn -0.999733 0.000328 -0.023118
vn 0.999095 -0.005707 0.042143
vn -0.99892 0.007243 -0.045901
vn -0.998919 0.007246 -0.045913
vn -0.99892 0.007306 -0.045884
vn -0.998918 0.007246 -0.045932
vn -0.998918 0.00726 -0.045926
vn 0.995722 -0.032674 0.086431
vn -0.995853 0.031757 -0.085253
vn -0.998412 -0.017324 -0.053602
vn -0.999064 -0.003206 -0.043147
vn 0.969431 -0.147244 0.196273
vn -0.97877 0.11524 -0.169494
vn -0.978806 0.115568 -0.169067
vn -0.978056 0.118 -0.171702
vn 0.556804 -0.655087 0.510715
vn -0.551394 0.655674 -0.515807
vn -0.807513 -0.574599 0.133257
vn -0.870388 0.351987 -0.344283
vn -0.870393 0.351979 -0.344276
vn -0.870716 0.353478 -0.341915
vn -0.859196 0.369251 -0.35417
vn -0.58769 -0.731162 0.346443
vn -0.964344 0.078073 -0.252872
vn -0.964258 0.078454 -0.253083
vn -0.846377 -0.527646 0.072355
vn -0.846378 -0.527645 0.072356
vn -0.949891 -0.302252 -0.079697
vn -0.838002 0.306682 -0.45133
vn -0.880767 -0.470789 -0.051059
vn -0.948784 -0.227198 -0.219523
vn -0.929541 -0.013892 -0.368456
vn -0.933661 -0.007309 -0.358084
vn -0.933672 -0.007311 -0.358054
vn -0.859714 0.191168 -0.473653
vn -0.909407 -0.343731 -0.234153
vn -0.902407 -0.019571 -0.430441
vn -0.839737 0.141275 -0.524293
vn -0.867087 -0.044541 -0.496162
vn -0.893503 -0.011907 -0.448899
vn -0.895005 -0.269764 -0.355238
vn -0.86803 -0.070714 -0.491451
vn -0.872748 -0.067548 -0.483475
vn -0.854751 -0.019411 -0.518675
vn -0.839411 -0.123661 -0.529242
vn -0.816638 -0.055461 -0.574479
vn -0.821191 -0.051128 -0.568359
vn -0.783176 0.043955 -0.620244
vn -0.783177 0.043945 -0.620244
vn -0.80531 -0.266188 -0.529735
vn -0.784203 -0.098104 -0.612701
vn -0.753452 -0.029728 -0.656831
vn -0.761133 -0.023466 -0.648172
vn -0.653635 0.089298 -0.751523
vn -0.772149 -0.090548 -0.628957
vn -0.748013 -0.246906 -0.616047
vn -0.74238 -0.164071 -0.649579
vn -0.694655 -0.035837 -0.71845
vn -0.687573 -0.21288 -0.694208
vn -0.673829 -0.194723 -0.712768
vn -0.67383 -0.194723 -0.712767
vn -0.668567 -0.136211 -0.731071
vn -0.642453 -0.07971 -0.762168
vn -0.616254 -0.203717 -0.760744
vn -0.61625 -0.203715 -0.760747
vn -0.589101 -0.131206 -0.797336
vn -0.596194 -0.127532 -0.792647
vn -0.58231 -0.107707 -0.8058
vn -0.58231 -0.107707 -0.8058
vn -0.544362 -0.210168 -0.812096
vn -0.521129 -0.156343 -0.839036
vn -0.529904 -0.152433 -0.834246
vn -0.507492 -0.106477 -0.855052
vn -0.470679 -0.229521 -0.851928
vn -0.4477 -0.195619 -0.872524
vn -0.447689 -0.195608 -0.872532
vn -0.455465 -0.231179 -0.859714
vn -0.391629 -0.252638 -0.88476
vn -0.421994 -0.092829 -0.901834
vn -0.461929 -0.190219 -0.866279
vn -0.461928 -0.190218 -0.866279
vn -0.375707 -0.267103 -0.887412
vn -0.375704 -0.267112 -0.887411
vn -0.377313 -0.180421 -0.908341
vn -0.339743 -0.097526 -0.935448
vn -0.356972 -0.092683 -0.929506
vn -0.339597 -0.096939 -0.935562
vn -0.299613 -0.247907 -0.921289
vn -0.257488 -0.111037 -0.95988
vn -0.2749 -0.107292 -0.955468
vn -0.256729 -0.107327 -0.960506
vn -0.271352 -0.089947 -0.958268
vn -0.248514 -0.067659 -0.966262
vn -0.202887 -0.227562 -0.952393
vn -0.174427 -0.123477 -0.976897
vn -0.189102 -0.121276 -0.97444
vn -0.161865 -0.043159 -0.985869
vn -0.099366 -0.210305 -0.972573
vn -0.106757 -0.156386 -0.981909
vn -0.088155 -0.087616 -0.992246
vn -0.101002 -0.0865 -0.991119
vn -0.077131 0.021746 -0.996784
vn -0.032421 -0.161724 -0.986303
vn -0.010308 -0.094031 -0.995516
vn -0.027427 0.016204 -0.999492
vn -0.027427 0.016204 -0.999492
vn -0.007793 0.097281 -0.995227
vn -0.007797 0.097281 -0.995227
vn 0.050618 -0.354673 -0.933619
vn 0.077794 -0.248729 -0.965444
vn 0.041582 -0.077153 -0.996152
vn 0.041583 -0.077153 -0.996152
vn 0.05568 0.046691 -0.997356
vn 0.141261 -0.265847 -0.953609
vn 0.148471 -0.115455 -0.982154
vn 0.14847 -0.115461 -0.982153
vn 0.12791 -0.118093 -0.98473
vn 0.13389 -0.013091 -0.99091
vn 0.133889 -0.01309 -0.99091
vn 0.230119 -0.251775 -0.940029
vn 0.240751 -0.156472 -0.957891
vn 0.217749 -0.160878 -0.962655
vn 0.221088 -0.052963 -0.973815
vn 0.204003 -0.071971 -0.976321
vn 0.256362 0.05032 -0.96527
vn 0.407277 -0.271685 -0.871959
vn 0.271079 -0.352387 -0.895734
vn 0.345167 -0.23542 -0.908536
vn 0.317397 -0.242451 -0.916775
vn 0.308628 -0.065928 -0.948895
vn 0.393288 -0.198901 -0.897643
vn 0.344509 -0.23193 -0.909682
vn 0.344511 -0.23193 -0.909682
vn 0.99976 0.0 -0.021893
vn 0.999984 1e-06 -0.005734
vn 0.999986 2e-06 -0.005341
vn 0.999865 1e-06 -0.016423
vn 0.999879 2e-06 -0.015541
vn -0.999985 1e-06 -0.005529
vn -0.999875 1.7e-05 -0.015794
vn -0.99976 3.4e-05 -0.021926
vn -0.999988 -1.9e-05 -0.004968
vn -0.999852 0.0 -0.017186
vn 0.999957 0.004722 0.007925
vn 0.999993 0.00364 0.000391
vn 0.999978 0.002795 -0.005962
vn 0.367271 0.101498 -0.924559
vn 0.367166 0.102238 -0.92452
vn 0.366401 0.103891 -0.924639
vn 0.574327 -0.015807 -0.818473
vn 0.574328 -0.015793 -0.818473
vn 0.542368 -0.032384 -0.839517
vn 0.478141 0.201078 -0.854955
vn 0.468567 0.151557 -0.87033
vn 0.528314 -0.096722 -0.843522
vn 0.558637 -0.082064 -0.825343
vn 0.560569 -0.217959 -0.79891
vn 0.425435 -0.078658 -0.901564
vn 0.41937 8.2e-05 -0.907815
vn 0.390133 0.035928 -0.920057
vn 0.405372 0.04164 -0.913203
vn 0.405373 0.04164 -0.913202
vn 0.616895 -0.34038 -0.709635
vn 0.642885 0.013464 -0.765845
vn 0.620144 0.042763 -0.783322
vn 0.611447 0.088286 -0.786345
vn 0.602731 0.08265 -0.793652
vn 0.56421 0.184557 -0.804739
vn 0.751062 -0.160027 -0.640545
vn 0.645433 0.236621 -0.726242
vn 0.441167 0.438123 -0.783211
vn 0.718866 0.084921 -0.689942
vn 0.76916 -0.255941 -0.585566
vn 0.7056 -0.191332 -0.682291
vn 0.705566 -0.191319 -0.68233
vn 0.649975 0.218924 -0.72774
vn 0.649974 0.218924 -0.72774
vn 0.679694 0.177617 -0.711666
vn 0.697841 0.129802 -0.704393
vn 0.862281 -0.207059 -0.462167
vn 0.865829 -0.078247 -0.494183
vn 0.844481 -0.100758 -0.526022
vn 0.53488 0.496698 -0.683516
vn 0.513395 0.481561 -0.710299
vn 0.511822 0.534909 -0.672243
vn 0.585868 0.443043 -0.678581
vn 0.59507 0.452985 -0.66385
vn 0.866571 -0.081582 -0.492341
vn 0.911729 -0.035286 -0.409275
vn 0.857399 0.173713 -0.484448
vn 0.857399 0.173713 -0.484449
vn 0.819169 0.212802 -0.532614
vn 0.35112 0.706082 -0.61495
vn 0.442423 0.667687 -0.598712
vn 0.442424 0.667687 -0.598711
vn 0.469955 0.631117 -0.617117
vn 0.834537 0.266922 -0.481976
vn 0.627195 -0.747353 0.219296
vn 0.527858 0.653903 -0.542012
vn 0.513343 0.619775 -0.593598
vn 0.499027 0.672667 -0.546344
vn 0.370019 0.737826 -0.564535
vn 0.192733 0.81006 -0.553766
vn 0.192717 0.810066 -0.553763
vn 0.191217 0.806421 -0.559573
vn 0.165644 0.821504 -0.545613
vn 0.464858 0.693405 -0.550542
vn 0.353197 -0.819717 0.450906
vn 0.886042 0.3257 -0.329923
vn 0.882813 0.309372 -0.353454
vn 0.826168 0.413574 -0.382625
vn 0.82941 0.412956 -0.376226
vn 0.876037 0.342094 -0.339897
vn 0.876574 0.345166 -0.335379
vn 0.89619 0.308163 -0.319184
vn -0.95653 -0.184885 0.225539
vn 0.997873 -0.063161 0.016112
vn 0.996095 -0.088286 6.5e-05
vn 0.992876 0.049926 -0.10819
vn 0.995821 -0.076924 0.049231
vn 0.999337 0.003177 -0.036262
vn 0.999208 0.00462 -0.039523
vn 0.999266 0.003601 -0.038147
vn 0.999265 0.003584 -0.038155
vn 0.999389 0.002483 -0.034851
vn 0.999389 0.002494 -0.034867
vn 0.999389 0.00255 -0.03485
vn 0.999398 0.002276 -0.034629
vn 0.999861 0.001672 -0.016559
vn 0.999996 0.002997 0.000237
vn 0.999873 8.3e-05 -0.015918
vn 0.999869 0.000101 -0.016178
vn 0.999869 7e-05 -0.016177
vn 0.999862 8.9e-05 -0.016619
vn 0.999857 4.2e-05 -0.016888
vn -0.999594 -0.001285 0.028458
vn -0.978051 0.07368 -0.194904
vn -0.978036 0.07371 -0.194966
vn 0.0 -0.0 -1.0
vn 0.0 0.0 -1.0
vn -0.068344 0.661832 -0.74653
vn 0.066457 0.421617 -0.904335
vn 0.019592 0.239362 -0.970733
vn 0.02214 0.422704 -0.905998
vn 0.000857 0.239598 -0.970872
vn 0.003084 0.422964 -0.906141
vn -0.069861 0.239517 -0.968376
vn 0.0 0.099729 -0.995015
vn -0.027925 0.771083 -0.636122
vn -0.027925 0.771077 -0.636129
vn 0.089426 0.659754 -0.746142
vn -0.054841 0.934225 -0.352443
vn -0.033434 0.968431 -0.247029
vn -0.034117 0.935067 -0.352827
vn -0.022803 0.968686 -0.24724
vn -0.022804 0.968676 -0.24728
vn 0.070853 0.932928 -0.353022
vn 0.0 0.99773 -0.067349
vn -0.0 -0.996954 -0.077998
vn -0.05959 -0.249516 -0.966536
vn -0.015552 -0.337088 -0.941345
vn -0.015004 -0.249699 -0.968207
vn -0.084073 -0.931203 -0.354671
vn 0.005018 -0.966529 -0.256508
vn 0.005691 -0.934082 -0.357013
vn 0.015194 -0.966406 -0.256571
vn 0.016038 -0.933906 -0.357157
vn 0.063092 -0.964499 -0.256439
vn -0.062066 -0.674972 -0.735228
vn -0.00051 -0.736967 -0.675928
vn 7.4e-05 -0.675812 -0.737074
vn 0.057295 -0.735442 -0.67516
vn 0.0 -0.049885 -0.998755
vn 0.049598 -0.249159 -0.967192
vn -0.006786 -0.337022 -0.941472
vn -0.006786 -0.337048 -0.941463
vn 0.999 -0.044699 -0.001168
vn 0.984307 -0.176449 -0.002464
vn 0.95188 -0.3064 -0.006599
vn 0.95195 -0.306181 -0.006595
vn 0.847089 -0.531385 -0.008384
vn 0.746503 -0.665252 -0.013151
vn 0.746629 -0.665111 -0.013149
vn 0.562254 -0.826853 -0.01358
vn 0.309643 -0.95066 -0.01916
vn 0.197748 -0.980058 -0.019541
vn 0.30738 -0.95144 -0.016726
vn 0.983495 -0.175588 -0.043673
vn 0.192033 -0.948162 -0.253205
vn 0.486086 -0.84366 -0.227944
vn 0.835807 -0.448685 -0.316398
vn -0.355116 -0.690876 -0.629748
vn 0.594914 -0.66044 -0.458144
vn 0.546609 -0.688485 -0.476662
vn 0.545854 -0.688967 -0.476831
vn 0.836326 -0.448102 -0.315854
vn 0.837904 -0.532536 -0.119675
vn 0.841927 -0.526232 -0.119326
vn 0.258619 -0.046107 -0.964878
vn -0.057322 -0.204292 -0.97723
vn 0.253789 -0.197213 -0.946942
vn 0.540698 -0.155834 -0.826657
vn 0.699375 -0.147765 -0.699314
vn 0.832422 -0.115557 -0.541959
vn 0.701927 -0.121102 -0.701878
vn 0.589776 -0.267621 -0.761933
vn 0.589794 -0.267649 -0.76191
vn 0.589794 -0.267629 -0.761917
vn 0.901912 -0.278288 -0.330319
vn 0.992448 -0.095596 -0.076869
vn 0.884781 -0.433417 -0.171208
vn 0.997858 -0.065163 -0.005816
vn 0.992934 -0.070286 -0.095609
vn 0.956044 -0.065093 -0.285908
vn 0.964396 -0.056098 -0.258443
vn 0.486087 -0.84365 -0.22798
vn 0.458379 -0.86812 -0.190412
vn 0.548084 -0.817011 -0.179155
vn 0.5545 -0.812642 -0.179282
vn 0.895978 -0.235804 -0.376324
vn 0.833021 -0.296043 -0.46737
vn 0.833527 -0.295722 -0.46667
vn 0.543678 -0.455203 -0.705127
vn 0.543004 -0.455355 -0.705548
vn -0.195084 -0.539109 -0.819331
vn 0.598396 -0.587165 -0.545123
vn 0.258872 0.0 -0.965912
vn 0.258872 0.0 -0.965912
vn 0.258822 0.0 -0.965925
vn 0.258822 0.0 -0.965925
vn 0.707107 0.0 -0.707107
vn 0.707107 0.0 -0.707107
vn 0.707107 0.0 -0.707107
vn 0.707107 0.0 -0.707107
vn 0.965925 0.0 -0.258822
vn 0.965915 -1.6e-05 -0.258858
vn 0.965912 0.0 -0.258872
vn 0.964395 0.056042 -0.25846
vn 0.252031 0.229833 -0.94003
vn 0.467207 0.208111 -0.859306
vn 0.964407 0.056034 -0.258416
vn 0.833574 0.296357 -0.466184
vn 0.83777 0.532932 -0.118852
vn -0.342879 0.624857 -0.701418
vn 0.591273 0.437828 -0.677276
vn 0.543011 0.45652 -0.70479
vn 0.543739 0.456355 -0.704335
vn 0.833082 0.296867 -0.466738
vn 0.832451 0.115451 -0.541937
vn 0.701931 0.121061 -0.701881
vn 0.197475 0.977974 -0.06761
vn -0.088267 0.972886 -0.213778
vn 0.548122 0.816964 -0.179255
vn 0.554491 0.812627 -0.179383
vn 0.83366 0.538839 -0.121097
vn 0.607295 0.741463 -0.285351
vn 0.607254 0.741522 -0.285285
vn 0.607254 0.741481 -0.285392
vn 0.903266 0.3103 -0.296353
vn 0.991196 0.064533 -0.115611
vn 0.883743 0.152614 -0.442388
vn 0.995436 0.003233 -0.095377
vn 0.993906 0.073936 -0.081761
vn 0.958662 0.273757 -0.077617
vn 0.98348 0.175656 -0.043735
vn 0.467208 0.208135 -0.8593
vn 0.447815 0.181666 -0.875476
vn 0.542098 0.170451 -0.822846
vn 0.255748 0.155597 -0.95414
vn 0.699387 0.147645 -0.699327
vn 0.898675 0.357609 -0.253967
vn 0.836217 0.448703 -0.315287
vn 0.83575 0.44936 -0.315592
vn 0.54584 0.689768 -0.475687
vn 0.54645 0.689379 -0.475551
vn -0.195743 0.812169 -0.549606
vn 0.597768 0.527823 -0.603387
vn 0.171203 0.985085 -0.017261
vn 0.562093 0.827045 -0.006948
vn 0.984294 0.176504 -0.003469
vn 0.19775 0.980097 -0.017479
vn 0.567225 0.823422 -0.015267
vn 0.562254 0.82682 -0.015457
vn 0.56716 0.823464 -0.0154
vn 0.838921 0.544175 -0.009222
vn 0.872385 0.488727 -0.009467
vn 0.872215 0.489031 -0.009473
vn 0.989476 0.144683 -0.002192
vn 0.143471 -0.989457 -0.019775
vn 0.258729 -0.965679 -0.02288
vn 0.424718 -0.905008 -0.023978
vn 0.258747 -0.965716 -0.021045
vn 0.423885 -0.905427 -0.022869
vn 0.70688 -0.70688 -0.025326
vn 0.738845 -0.673434 -0.024371
vn 0.738355 -0.673972 -0.024372
vn 0.965702 -0.258746 -0.021677
vn 0.969233 -0.245231 -0.0212
vn 0.990886 -0.089329 -0.100821
vn 0.990886 -0.089315 -0.100835
vn 0.962009 -0.01215 -0.272746
vn 0.540239 -0.691263 -0.479893
vn -0.280509 -0.897945 -0.339132
vn 0.257315 -0.963078 -0.079176
vn 0.497085 -0.848107 -0.18336
vn 0.251384 -0.946852 -0.200692
vn 0.545786 -0.815321 -0.193311
vn 0.698941 -0.698941 -0.151533
vn 0.834184 -0.533946 -0.137979
vn 0.461351 -0.482947 -0.744256
vn 0.955694 -0.153722 -0.251033
vn 0.828844 -0.300105 -0.472181
vn 0.829584 -0.299662 -0.471161
vn 0.248396 -0.240779 -0.938256
vn -0.20004 -0.183706 -0.962412
vn -0.246132 -0.243028 -0.938273
vn -0.24613 -0.243092 -0.938257
vn -0.28048 -0.897966 -0.339098
vn -0.280481 -0.897947 -0.339148
vn 0.49958 -0.712018 -0.493406
vn -0.34796 -0.636184 -0.688617
vn -0.34796 -0.636182 -0.688619
vn 0.695329 -0.126193 -0.707526
vn 0.958458 -0.085874 -0.272001
vn 0.827232 -0.097109 -0.553406
vn 0.941664 -0.052239 -0.332476
vn 0.990097 -0.040914 -0.134291
vn 0.962527 -0.25707 -0.086358
vn 0.993803 -0.109134 -0.021107
vn 0.96423 -0.21097 -0.160473
vn 0.830324 -0.453683 -0.323626
vn 0.831443 -0.452466 -0.322455
vn 0.543224 -0.689359 -0.479262
vn 0.539205 -0.457414 -0.707128
vn 0.54117 -0.456989 -0.705901
vn 0.539642 -0.16896 -0.824766
vn 0.251946 -0.179031 -0.951037
vn 0.255926 0.0 -0.966696
vn 0.255926 0.0 -0.966696
vn 0.256083 0.0 -0.966655
vn 0.256083 0.0 -0.966655
vn 0.700932 0.0 -0.713228
vn 0.700932 0.0 -0.713228
vn 0.962011 0.0 -0.27301
vn 0.96206 8.1e-05 -0.272837
vn 0.96208 0.0 -0.272766
vn 0.835397 0.534067 -0.129939
vn 0.831466 0.452264 -0.322678
vn 0.99075 0.081993 -0.108129
vn 0.99075 0.082019 -0.108105
vn 0.956985 0.231774 -0.17453
vn 0.991288 0.116981 -0.060531
vn 0.541169 0.456989 -0.705901
vn -0.322721 0.402419 -0.856686
vn 0.254745 0.095925 -0.962239
vn 0.522777 0.156088 -0.838058
vn 0.251946 0.179031 -0.951037
vn 0.539642 0.16896 -0.824766
vn 0.695329 0.126193 -0.707526
vn 0.82887 0.113412 -0.547826
vn -0.092603 0.965018 -0.245286
vn 0.527923 0.828457 -0.186968
vn -0.068119 0.974226 -0.215041
vn 0.167289 0.954609 -0.246446
vn -0.322686 0.40238 -0.856717
vn -0.322686 0.402408 -0.856704
vn 0.439207 0.489229 -0.753494
vn -0.132898 0.765291 -0.629816
vn -0.133016 0.819818 -0.556961
vn 0.497753 0.665269 -0.55647
vn -0.092603 0.965015 -0.245298
vn 0.830332 0.453849 -0.323372
vn 0.833567 0.536905 -0.129999
vn 0.968943 0.237417 -0.069156
vn 0.98405 0.17557 -0.028643
vn 0.960067 0.064343 -0.272272
vn 0.991992 0.002486 -0.126279
vn 0.963158 0.139716 -0.229794
vn 0.8296 0.299484 -0.471246
vn 0.828864 0.300254 -0.472051
vn 0.539205 0.457414 -0.707128
vn 0.543223 0.689365 -0.479254
vn 0.540334 0.691208 -0.479865
vn 0.545476 0.816862 -0.187598
vn 0.528883 0.827869 -0.186855
vn 0.649698 0.587208 -0.482783
vn 0.538989 0.842017 -0.022335
vn 0.514562 0.857152 -0.022708
vn 0.842011 0.538976 -0.022833
vn 0.741661 0.670253 -0.026471
vn 0.970295 0.241086 -0.02011
vn 0.984249 0.175741 -0.019215
vn 0.970293 0.241007 -0.021144
vn 0.537886 0.842722 -0.022329
vn 0.175857 0.984243 -0.01843
vn 0.289764 0.956851 -0.02176
vn 0.0 0.0 -1.0
vn -0.0 0.0 -1.0
vn 0.0 0.0 -1.0
vn 0.661831 0.068341 -0.746532
vn 0.421622 -0.066455 -0.904333
vn 0.239362 -0.01959 -0.970733
vn 0.422704 -0.022138 -0.905997
vn 0.239495 -0.000844 -0.970897
vn 0.422965 -0.003073 -0.906141
vn 0.239531 0.069868 -0.968371
vn 0.099728 0.0 -0.995015
vn 0.77109 0.027917 -0.636114
vn 0.771083 0.027917 -0.636123
vn 0.659755 -0.089443 -0.746139
vn 0.934231 0.054834 -0.352429
vn 0.968423 0.033438 -0.247061
vn 0.935033 0.03412 -0.352915
vn 0.968681 0.0228 -0.247262
vn 0.968678 0.0228 -0.247271
vn 0.932925 -0.070869 -0.353026
vn 0.997732 0.0 -0.067305
vn -0.996955 0.0 -0.077985
vn -0.931204 0.084079 -0.354668
vn -0.96653 -0.005013 -0.256505
vn -0.934064 -0.005687 -0.357061
vn -0.966409 -0.015195 -0.25656
vn -0.933912 -0.016039 -0.357144
vn -0.964495 -0.063078 -0.256458
vn -0.674968 0.062072 -0.735231
vn -0.736974 0.000507 -0.675921
vn -0.675812 -7.6e-05 -0.737074
vn -0.735439 -0.057296 -0.675165
vn -0.249476 0.059598 -0.966545
vn -0.337067 0.015552 -0.941352
vn -0.249814 0.015005 -0.968178
vn -0.049885 0.0 -0.998755
vn -0.24916 -0.049598 -0.967191
vn -0.337028 0.006789 -0.94147
vn -0.337127 0.006789 -0.941435
vn -0.044538 -0.999007 -0.001163
vn -0.176353 -0.984324 -0.002462
vn -0.305945 -0.952026 -0.006589
vn -0.305722 -0.952098 -0.006585
vn -0.531346 -0.847114 -0.008384
vn -0.665012 -0.746717 -0.013148
vn -0.664954 -0.746769 -0.013147
vn -0.835321 -0.549595 -0.013578
vn -0.950718 -0.309471 -0.019058
vn -0.980058 -0.197747 -0.01954
vn -0.951454 -0.307335 -0.016727
vn -0.175492 -0.983512 -0.043663
vn -0.948157 -0.192061 -0.2532
vn -0.843698 -0.485995 -0.227995
vn -0.448693 -0.835799 -0.316409
vn -0.690889 0.355075 -0.629757
vn -0.660467 -0.594886 -0.458143
vn -0.688535 -0.546533 -0.476678
vn -0.688926 -0.54592 -0.476815
vn -0.448146 -0.836286 -0.315899
vn -0.532596 -0.837865 -0.119678
vn -0.526193 -0.841952 -0.119324
vn -0.046094 -0.258615 -0.96488
vn -0.204292 0.057337 -0.977229
vn -0.1972 -0.253944 -0.946903
vn -0.155861 -0.540595 -0.826719
vn -0.147802 -0.699229 -0.699452
vn -0.115532 -0.83254 -0.541784
vn -0.121083 -0.702001 -0.701807
vn -0.267625 -0.58978 -0.761929
vn -0.267643 -0.589791 -0.761914
vn -0.267627 -0.589791 -0.76192
vn -0.278152 -0.902022 -0.330132
vn -0.095595 -0.992448 -0.07687
vn -0.43345 -0.884762 -0.171222
vn -0.0654 -0.997842 -0.005921
vn -0.070374 -0.992916 -0.095734
vn -0.065179 -0.955959 -0.286173
vn -0.056077 -0.964415 -0.258378
vn -0.843718 -0.485994 -0.227925
vn -0.867285 -0.459375 -0.191811
vn -0.816406 -0.548328 -0.181156
vn -0.820749 -0.541865 -0.180981
vn -0.235697 -0.896093 -0.376118
vn -0.295966 -0.833137 -0.467213
vn -0.295722 -0.833521 -0.46668
vn -0.455228 -0.543589 -0.70518
vn -0.45537 -0.542956 -0.705575
vn -0.53911 0.19514 -0.819317
vn -0.587171 -0.598363 -0.545154
vn 0.000431 -0.965933 -0.258791
vn 0.0 -0.2588 -0.965931
vn 0.000175 -0.258872 -0.965912
vn 0.000191 -0.259036 -0.965868
vn 0.000116 -0.258952 -0.96589
vn 0.000316 -0.707107 -0.707107
vn -0.0 -0.706963 -0.707251
vn 0.0 -0.707035 -0.707179
vn 0.000316 -0.707179 -0.707035
vn 0.000431 -0.966013 -0.258494
vn 0.000117 -0.965907 -0.258889
vn 0.035381 -0.980181 -0.19492
vn 0.233705 -0.189868 -0.953589
vn 0.208148 -0.467105 -0.859353
vn 0.296374 -0.833555 -0.466208
vn 0.532933 -0.837773 -0.118828
vn 0.624845 0.342956 -0.701392
vn 0.437865 -0.591169 -0.677343
vn 0.456493 -0.543069 -0.704762
vn 0.456321 -0.543828 -0.704289
vn 0.296877 -0.83307 -0.466754
vn 0.104962 -0.831423 -0.545637
vn 0.104727 -0.834907 -0.540335
vn 0.977976 -0.197481 -0.067556
vn 0.97241 0.09727 -0.212031
vn 0.816388 -0.548323 -0.181253
vn 0.820734 -0.541856 -0.181074
vn 0.538859 -0.833649 -0.121079
vn 0.741415 -0.607349 -0.285361
vn 0.741498 -0.607291 -0.285269
vn 0.741465 -0.607291 -0.285355
vn 0.31006 -0.903394 -0.296213
vn 0.064573 -0.991186 -0.115672
vn 0.152659 -0.883692 -0.442475
vn 0.003283 -0.995425 -0.095493
vn 0.074076 -0.993888 -0.081847
vn 0.273997 -0.958587 -0.077701
vn 0.175461 -0.983517 -0.043668
vn 0.208115 -0.467104 -0.859361
vn 0.174324 -0.442279 -0.879773
vn 0.162837 -0.541472 -0.824799
vn 0.162684 -0.536088 -0.828338
vn 0.357383 -0.898804 -0.25383
vn 0.448692 -0.83622 -0.315296
vn 0.449364 -0.835741 -0.315608
vn 0.689747 -0.545871 -0.475682
vn 0.689333 -0.546519 -0.475538
vn 0.812166 0.19574 -0.549611
vn 0.527879 -0.59766 -0.603445
vn 0.985739 -0.167394 -0.017271
vn 0.83188 -0.554908 -0.007288
vn 0.176307 -0.984329 -0.003463
vn 0.980095 -0.197748 -0.017569
vn 0.828204 -0.560224 -0.015093
vn 0.835288 -0.549594 -0.015505
vn 0.827647 -0.561039 -0.015376
vn 0.544193 -0.838909 -0.009292
vn 0.497167 -0.867603 -0.009529
vn 0.497224 -0.86757 -0.00953
vn 0.149544 -0.988752 -0.002389
vn -0.989454 -0.143493 -0.019776
vn -0.965693 -0.258677 -0.022879
vn -0.905014 -0.424706 -0.023976
vn -0.965711 -0.258763 -0.021044
vn -0.905494 -0.423743 -0.022867
vn -0.706896 -0.706864 -0.025326
vn -0.673447 -0.738834 -0.024371
vn -0.673844 -0.738472 -0.024371
vn -0.258689 -0.965717 -0.021675
vn -0.245225 -0.969234 -0.0212
vn -0.089278 -0.990896 -0.100773
vn -0.08925 -0.990895 -0.100802
vn -0.012151 -0.962009 -0.272746
vn -0.691229 -0.540291 -0.479883
vn -0.897963 0.280443 -0.339136
vn -0.963094 -0.257259 -0.079164
vn -0.848126 -0.49705 -0.183367
vn -0.946847 -0.251399 -0.200695
vn -0.815286 -0.545841 -0.193306
vn -0.698956 -0.698924 -0.151545
vn -0.533966 -0.834169 -0.137993
vn -0.482948 -0.461346 -0.744259
vn -0.153637 -0.955741 -0.250906
vn -0.300104 -0.828844 -0.472181
vn -0.299724 -0.82948 -0.471305
vn -0.240776 -0.248487 -0.938233
vn -0.183689 0.200046 -0.962414
vn -0.243133 0.246236 -0.938219
vn -0.24304 0.246239 -0.938242
vn -0.897936 0.280481 -0.339179
vn -0.897952 0.28048 -0.339135
vn -0.711985 -0.499637 -0.493396
vn -0.636177 0.348 -0.688604
vn -0.636177 0.348 -0.688603
vn -0.12621 -0.695363 -0.707489
vn -0.085891 -0.958456 -0.272001
vn -0.097132 -0.827116 -0.553574
vn -0.052219 -0.941677 -0.332442
vn -0.040891 -0.990107 -0.134226
vn -0.257009 -0.962545 -0.086331
vn -0.109217 -0.993793 -0.021143
vn -0.211045 -0.964208 -0.160506
vn -0.453706 -0.830312 -0.323626
vn -0.452476 -0.831442 -0.322443
vn -0.689419 -0.543129 -0.479284
vn -0.457427 -0.539113 -0.70719
vn -0.456972 -0.541217 -0.705876
vn -0.16897 -0.539706 -0.824722
vn -0.179039 -0.2517 -0.951101
vn 0.0 -0.256019 -0.966672
vn 0.0 -0.256019 -0.966672
vn 0.0 -0.255834 -0.966721
vn 0.0 -0.255834 -0.966721
vn 0.0 -0.700969 -0.713192
vn 0.0 -0.700969 -0.713192
vn 0.0 -0.962011 -0.27301
vn 8.1e-05 -0.96206 -0.272837
vn -0.0 -0.96208 -0.272766
vn 0.534022 -0.835428 -0.129923
vn 0.452271 -0.831467 -0.322667
vn 0.081964 -0.990759 -0.108068
vn 0.081975 -0.990759 -0.108057
vn 0.231734 -0.957003 -0.174486
vn 0.116981 -0.991288 -0.060529
vn 0.456971 -0.541218 -0.705876
vn 0.402414 0.322692 -0.856699
vn 0.095928 -0.254838 -0.962214
vn 0.156087 -0.522814 -0.838035
vn 0.179039 -0.2517 -0.951101
vn 0.16897 -0.539706 -0.824722
vn 0.12621 -0.695363 -0.707489
vn 0.113445 -0.828756 -0.547991
vn 0.965017 0.092579 -0.2453
vn 0.828077 -0.528544 -0.186896
vn 0.974227 0.068088 -0.215051
vn 0.954627 -0.167201 -0.246437
vn 0.402419 0.322696 -0.856695
vn 0.402405 0.322696 -0.856701
vn 0.48923 -0.439202 -0.753496
vn 0.765294 0.132926 -0.629807
vn 0.819818 0.133046 -0.556954
vn 0.665317 -0.49766 -0.556496
vn 0.96501 0.092579 -0.245327
vn 0.45384 -0.830344 -0.323355
vn 0.536891 -0.833578 -0.129983
vn 0.237505 -0.968921 -0.06916
vn 0.175675 -0.984031 -0.028655
vn 0.064331 -0.960067 -0.272272
vn 0.002469 -0.991993 -0.126265
vn 0.139716 -0.963158 -0.229794
vn 0.299571 -0.829494 -0.471378
vn 0.300231 -0.828862 -0.47207
vn 0.457427 -0.539113 -0.70719
vn 0.689419 -0.543129 -0.479283
vn 0.691229 -0.540292 -0.479883
vn 0.816895 -0.545427 -0.187594
vn 0.827858 -0.528901 -0.186854
vn 0.587086 -0.649759 -0.482849
vn 0.842014 -0.538994 -0.022335
vn 0.857114 -0.514626 -0.022708
vn 0.53893 -0.842041 -0.022831
vn 0.670251 -0.741662 -0.02647
vn 0.240818 -0.970362 -0.020105
vn 0.175846 -0.98423 -0.019215
vn 0.24123 -0.970237 -0.021147
vn 0.842193 -0.538714 -0.022334
vn 0.984259 -0.175766 -0.018428
vn 0.956862 -0.289728 -0.02176
vn 0.0 1.0 0.0
vn 0.0 1.0 0.0
vn -0.0 1.0 0.0
vn 0.0 1.0 0.0
vn -0.674966 0.735233 0.062074
vn -0.964496 0.256454 -0.06308
vn -0.933918 0.357142 -0.015717
vn -0.966408 0.256563 -0.015195
vn -0.934063 0.357063 -0.005687
vn -0.96653 0.256505 -0.005013
vn -0.931208 0.35466 0.084073
vn -0.996954 0.077988 0.0
vn -0.736971 0.675924 0.000511
vn -0.675814 0.737072 7.5e-05
vn -0.735443 0.67516 -0.057297
vn -0.249476 0.966545 0.059598
vn -0.337071 0.941351 0.015549
vn -0.249816 0.968173 0.015278
vn -0.049885 0.998755 0.0
vn -0.249159 0.967192 -0.049598
vn -0.337028 0.94147 0.006789
vn -0.337105 0.941443 0.006789
vn 0.099728 0.995015 0.0
vn 0.23953 0.968372 0.069868
vn 0.422965 0.906141 -0.003073
vn 0.23952 0.970891 -0.000844
vn 0.422716 0.906006 -0.021543
vn 0.239351 0.970735 -0.019588
vn 0.421621 0.904334 -0.066456
vn 0.66183 0.746533 0.06834
vn 0.771083 0.636123 0.027917
vn 0.662851 0.74818 0.029227
vn 0.770129 0.636373 -0.04394
vn 0.934231 0.352429 0.054833
vn 0.968413 0.247055 0.033771
vn 0.935033 0.352914 0.03412
vn 0.96868 0.247264 0.0228
vn 0.968678 0.24727 0.0228
vn 0.932926 0.353025 -0.070868
vn 0.997732 0.067305 -0.0
vn -0.099728 0.995015 0.0
vn -0.239529 0.968372 -0.069867
vn -0.422965 0.906141 0.003073
vn -0.239519 0.970891 0.000844
vn -0.422714 0.906007 0.021543
vn -0.239351 0.970735 0.019588
vn -0.421624 0.904332 0.066456
vn -0.661829 0.746534 -0.068341
vn -0.771084 0.636121 -0.027916
vn -0.662851 0.748181 -0.029226
vn -0.770129 0.636373 0.043939
vn -0.934232 0.352426 -0.054833
vn -0.968412 0.247059 -0.033772
vn -0.935032 0.352918 -0.034122
vn -0.96868 0.247264 -0.022801
vn -0.968678 0.24727 -0.022801
vn -0.932925 0.353026 0.070871
vn -0.997732 0.067305 0.0
vn 0.996954 0.077988 0.0
vn 0.931206 0.354664 -0.084076
vn 0.96653 0.256505 0.005013
vn 0.934063 0.357063 0.005687
vn 0.966407 0.256567 0.015195
vn 0.933918 0.357143 0.015716
vn 0.964497 0.25645 0.063081
vn 0.736512 0.67503 -0.043415
vn 0.675804 0.737082 -7.5e-05
vn 0.675814 0.737072 -7.5e-05
vn 0.735444 0.675159 0.057299
vn 0.249471 0.966546 -0.059601
vn 0.337072 0.941351 -0.015549
vn 0.249818 0.968172 -0.015278
vn 0.049885 0.998755 0.0
vn 0.249159 0.967192 0.049599
vn 0.337028 0.94147 -0.006789
vn 0.337104 0.941443 -0.006789
vn -0.985071 0.01726 0.17128
vn -0.827224 0.006956 0.561829
vn -0.176716 0.003474 0.984256
vn -0.980104 0.01748 0.197713
vn -0.823395 0.015267 0.567264
vn -0.826828 0.015459 0.562243
vn -0.82359 0.015404 0.566977
vn -0.531206 0.008946 0.847196
vn -0.488807 0.00917 0.872344
vn -0.490787 0.009205 0.871231
vn -0.144463 0.00221 0.989508
vn -0.455246 0.705232 0.543506
vn -0.170585 0.82292 0.541944
vn -0.155619 0.954141 0.25573
vn -0.229848 0.94004 0.251982
vn -0.181865 0.8758 0.447102
vn -0.208196 0.860054 0.465791
vn -0.208314 0.860023 0.465795
vn -0.739759 0.284764 0.609644
vn -0.811784 0.551367 -0.192359
vn -0.527719 0.603269 0.597979
vn -0.816966 0.179139 0.548156
vn -0.121067 0.701809 0.702002
vn -0.056068 0.258474 0.96439
vn -0.056041 0.258342 0.964427
vn -0.007279 0.108099 0.994113
vn -0.115049 0.301469 0.94651
vn -0.063801 0.114791 0.991339
vn -0.308033 0.291755 0.905535
vn -0.353099 0.25185 0.901051
vn -0.076796 0.083729 0.993525
vn -0.277157 0.078677 0.957598
vn -0.977984 0.067557 0.197444
vn -0.972934 0.213649 -0.088055
vn -0.739721 0.284742 0.6097
vn -0.739801 0.284655 0.609644
vn -0.688926 0.476814 0.54592
vn -0.688426 0.47664 0.546703
vn -0.455332 0.705469 0.543126
vn -0.436247 0.67727 0.592448
vn -0.622207 0.698297 -0.353894
vn -0.526143 0.118273 0.842131
vn -0.812652 0.179264 0.554491
vn -0.17587 0.043745 0.983441
vn -0.532253 0.120623 0.837948
vn -0.448084 0.316022 0.836272
vn -0.448879 0.316393 0.835705
vn -0.295739 0.466835 0.833429
vn -0.295959 0.467075 0.833216
vn -0.115506 0.541658 0.832626
vn -0.147773 0.699313 0.699374
vn 0.0 0.258791 0.965933
vn 0.0 0.965925 0.258822
vn -0.0 0.965925 0.258822
vn 0.0 0.965925 0.258822
vn -0.0 0.965925 0.258822
vn 0.0 0.707107 0.707107
vn -0.0 0.707107 0.707107
vn 0.0 0.707035 0.707179
vn -0.0 0.707035 0.707179
vn 0.0 0.258887 0.965908
vn -5e-05 0.258776 0.965937
vn 0.0 0.258754 0.965943
vn 0.197064 0.946963 0.253824
vn 0.689747 0.475682 0.545871
vn 0.816947 0.179243 0.548152
vn 0.948165 0.253202 0.19202
vn 0.868439 0.190593 0.457698
vn 0.844446 0.228239 0.48458
vn 0.844476 0.228134 0.484578
vn 0.267001 0.760307 0.592152
vn 0.540814 0.81901 -0.191684
vn 0.586957 0.544931 0.598776
vn 0.056007 0.258379 0.964419
vn 0.538806 0.120073 0.833829
vn 0.175824 0.043769 0.983448
vn 0.066245 0.006143 0.997784
vn 0.41005 0.164977 0.897018
vn 0.094771 0.076022 0.992592
vn 0.273544 0.327811 0.904275
vn 0.233565 0.371614 0.898527
vn 0.072259 0.098665 0.992494
vn 0.066195 0.289534 0.954876
vn 0.046121 0.964892 0.258565
vn 0.204153 0.977276 -0.057038
vn 0.267021 0.760369 0.592062
vn 0.267163 0.760248 0.592155
vn 0.147619 0.699329 0.699391
vn 0.155734 0.826635 0.54076
vn 0.456333 0.704282 0.543827
vn 0.456524 0.704807 0.542986
vn 0.689387 0.475557 0.546434
vn 0.661031 0.456899 0.595215
vn 0.687793 0.626791 -0.366161
vn 0.121042 0.701811 0.702004
vn 0.115432 0.541981 0.832426
vn 0.296771 0.466805 0.833079
vn 0.296406 0.46601 0.833653
vn 0.449192 0.315608 0.835834
vn 0.448744 0.315192 0.836232
vn 0.532603 0.119737 0.837853
vn 0.812636 0.17937 0.554481
vn 0.044421 0.001165 0.999012
vn 0.17669 0.002466 0.984263
vn 0.306338 0.006714 0.951899
vn 0.306647 0.00672 0.9518
vn 0.544068 0.008827 0.838995
vn 0.664956 0.013143 0.746767
vn 0.665114 0.013146 0.746626
vn 0.82686 0.013577 0.562244
vn 0.950723 0.019162 0.30945
vn 0.980065 0.019542 0.197712
vn 0.95143 0.016725 0.307412
vn -0.587637 0.482352 0.64963
vn -0.84196 0.022334 0.539078
vn -0.857161 0.022709 0.514548
vn -0.539112 0.022835 0.841925
vn -0.670114 0.026353 0.74179
vn -0.241351 0.02033 0.970225
vn -0.191521 0.019687 0.981291
vn -0.24083 0.021139 0.970337
vn -0.843035 0.022324 0.537395
vn -0.984259 0.018428 0.175766
vn -0.956862 0.02176 0.289728
vn -0.534206 0.129961 0.835305
vn -0.828876 0.187064 0.52723
vn -0.452394 0.322722 0.831378
vn -0.081903 0.10794 0.990778
vn -0.081843 0.107997 0.990777
vn -0.23187 0.174546 0.956959
vn -0.117068 0.060536 0.991277
vn -0.456971 0.705876 0.541218
vn -0.819815 0.556952 -0.133073
vn -0.665283 0.556469 0.497736
vn -0.095904 0.962229 0.25479
vn -0.156077 0.837988 0.522892
vn -0.179026 0.951038 0.251946
vn -0.168959 0.824725 0.539705
vn -0.126236 0.707594 0.695252
vn -0.113479 0.548114 0.82867
vn -0.040259 0.272789 0.961231
vn -0.954626 0.246442 0.167201
vn -0.974227 0.215051 -0.068075
vn -0.965012 0.24532 -0.092577
vn -0.965007 0.24534 -0.092577
vn -0.402406 0.85668 -0.322752
vn -0.40241 0.856677 -0.322756
vn -0.521592 0.790924 -0.319971
vn -0.3312 0.719605 0.610307
vn -0.765299 0.629794 -0.132953
vn -0.453841 0.323355 0.830343
vn -0.536873 0.130035 0.833582
vn -0.250638 0.070052 0.965543
vn -0.191339 0.029623 0.981077
vn -0.064242 0.272013 0.960147
vn -0.012669 0.134089 0.990888
vn -0.139716 0.229794 0.963158
vn -0.299642 0.471485 0.829407
vn -0.300302 0.472176 0.828775
vn -0.457427 0.70719 0.539113
vn -0.689419 0.479283 0.543129
vn -0.691229 0.479883 0.540292
vn -0.816895 0.187594 0.545427
vn -0.827805 0.186858 0.528983
vn 0.0 0.272576 0.962134
vn -0.0 0.272576 0.962134
vn 0.0 0.27301 0.962011
vn -0.0 0.27301 0.962011
vn 0.0 0.7133 0.700859
vn -0.0 0.7133 0.700859
vn 0.0 0.966655 0.256083
vn -0.0 0.966655 0.256083
vn 0.0 0.966685 0.25597
vn -0.0 0.966685 0.25597
vn 0.089237 0.100815 0.990895
vn 0.089279 0.100773 0.990896
vn 0.012025 0.272556 0.962065
vn 0.691229 0.479883 0.540291
vn 0.897947 0.339134 -0.280498
vn 0.482948 0.744259 0.461346
vn 0.153479 0.250666 0.95583
vn 0.300175 0.472288 0.828757
vn 0.299795 0.471413 0.829393
vn 0.963107 0.079167 0.25721
vn 0.848161 0.183386 0.496983
vn 0.946846 0.200702 0.251399
vn 0.815281 0.19332 0.545843
vn 0.698953 0.151564 0.698922
vn 0.533959 0.138016 0.83417
vn 0.257519 0.061744 0.964298
vn 0.240773 0.938246 0.248439
vn 0.183689 0.962414 -0.200046
vn 0.243192 0.938191 -0.246282
vn 0.243016 0.938235 -0.246287
vn 0.897921 0.339174 -0.280533
vn 0.897944 0.339115 -0.280533
vn 0.711985 0.493396 0.499638
vn 0.636146 0.688597 -0.34807
vn 0.636171 0.688574 -0.348069
vn 0.126236 0.707594 0.695252
vn 0.085917 0.272 0.958454
vn 0.097158 0.5537 0.827029
vn 0.052219 0.332442 0.941677
vn 0.040886 0.134139 0.990119
vn 0.256926 0.086309 0.962569
vn 0.117076 0.03176 0.992615
vn 0.210998 0.160442 0.964229
vn 0.453717 0.323605 0.830314
vn 0.452583 0.322514 0.831356
vn 0.689419 0.479283 0.543129
vn 0.457427 0.70719 0.539113
vn 0.456971 0.705876 0.541217
vn 0.168959 0.824725 0.539705
vn 0.179026 0.951038 0.251946
vn 0.989459 0.019775 0.143459
vn 0.965706 0.022878 0.258628
vn 0.905015 0.023976 0.424704
vn 0.965711 0.021044 0.258763
vn 0.905079 0.022875 0.424628
vn 0.706896 0.025321 0.706864
vn 0.258612 0.021369 0.965745
vn 0.245081 0.02142 0.969266
vn 0.258428 0.021668 0.965787
vn 0.673854 0.024369 0.738462
vn 0.673536 0.024368 0.738753
vn 0.985068 0.01726 -0.171296
vn 0.827527 0.006971 -0.561382
vn 0.17649 0.003468 -0.984296
vn 0.980101 0.01748 -0.197729
vn 0.823564 0.014922 -0.567028
vn 0.835259 0.015599 -0.549636
vn 0.823052 0.015393 -0.567757
vn 0.544194 0.009225 -0.838909
vn 0.488945 0.009469 -0.872263
vn 0.488132 0.009454 -0.872718
vn 0.14469 0.002192 -0.989475
vn 0.455212 0.705157 -0.543631
vn 0.170588 0.822836 -0.542071
vn 0.155624 0.954123 -0.255793
vn 0.229841 0.940028 -0.252031
vn 0.181888 0.875825 -0.447042
vn 0.208259 0.860057 -0.465757
vn 0.208319 0.860042 -0.465759
vn 0.739742 0.284724 -0.609683
vn 0.811778 0.551372 0.19237
vn 0.527681 0.603226 -0.598056
vn 0.816407 0.18115 -0.548329
vn 0.121093 0.701878 -0.701929
vn 0.056091 0.258474 -0.964388
vn 0.056065 0.258342 -0.964425
vn 0.007337 0.108205 -0.994102
vn 0.115049 0.301469 -0.94651
vn 0.063832 0.114903 -0.991324
vn 0.307982 0.2918 -0.905539
vn 0.353115 0.251835 -0.901049
vn 0.076909 0.083772 -0.993513
vn 0.277207 0.078717 -0.95758
vn 0.977979 0.067566 -0.197462
vn 0.972459 0.211918 0.097024
vn 0.73973 0.284732 -0.609694
vn 0.739745 0.284716 -0.609684
vn 0.688926 0.476814 -0.54592
vn 0.688508 0.476668 -0.546575
vn 0.455355 0.705553 -0.542998
vn 0.436191 0.677241 -0.592522
vn 0.622216 0.698298 0.353873
vn 0.538864 0.121022 -0.833654
vn 0.820722 0.180975 -0.541906
vn 0.175643 0.043691 -0.983484
vn 0.532927 0.11877 -0.837784
vn 0.448093 0.316004 -0.836274
vn 0.448772 0.316321 -0.83579
vn 0.295645 0.466747 -0.833511
vn 0.296085 0.467227 -0.833086
vn 0.115545 0.541847 -0.832497
vn 0.147788 0.699382 -0.699302
vn 0.000216 0.258791 -0.965933
vn 0.0 0.965912 -0.258872
vn 0.0 0.965912 -0.258872
vn 0.0 0.965908 -0.258887
vn 0.0 0.965908 -0.258887
vn 0.0 0.707179 -0.707035
vn 0.0 0.707179 -0.707035
vn 0.0 0.707107 -0.707107
vn 0.0 0.707107 -0.707107
vn 0.0 0.258887 -0.965908
vn 1.5e-05 0.258854 -0.965917
vn -0.000216 0.258754 -0.965943
vn -0.197067 0.946946 -0.253887
vn -0.689777 0.475685 -0.545831
vn -0.816415 0.181258 -0.548281
vn -0.94816 0.253203 -0.192043
vn -0.867563 0.191977 -0.458781
vn -0.84448 0.228118 -0.484578
vn -0.844469 0.228159 -0.484579
vn -0.267039 0.760322 -0.592115
vn -0.540813 0.819007 0.191703
vn -0.586946 0.544942 -0.598776
vn -0.056019 0.258379 -0.964418
vn -0.526187 0.119395 -0.841945
vn -0.175681 0.043732 -0.983475
vn -0.0662 0.00614 -0.997787
vn -0.410071 0.165002 -0.897004
vn -0.094791 0.07605 -0.992588
vn -0.273317 0.327487 -0.904461
vn -0.233348 0.371287 -0.898719
vn -0.072175 0.098569 -0.992509
vn -0.066122 0.289275 -0.95496
vn -0.046107 0.964879 -0.258615
vn -0.204151 0.977276 0.057041
vn -0.267031 0.760361 -0.592069
vn -0.267103 0.760299 -0.592116
vn -0.147659 0.699396 -0.699315
vn -0.155762 0.826656 -0.54072
vn -0.456331 0.704314 -0.543786
vn -0.456493 0.704762 -0.543069
vn -0.689337 0.475532 -0.546519
vn -0.661027 0.456905 -0.595215
vn -0.687784 0.626782 0.366193
vn -0.12106 0.701881 -0.701931
vn -0.115448 0.541907 -0.832471
vn -0.296735 0.466751 -0.833122
vn -0.296453 0.466138 -0.833565
vn -0.449292 0.315688 -0.83575
vn -0.4487 0.315137 -0.836276
vn -0.532533 0.119744 -0.837896
vn -0.820706 0.181082 -0.541896
vn -0.044699 0.001168 -0.999
vn -0.176543 0.002465 -0.98429
vn -0.30624 0.006592 -0.951932
vn -0.306461 0.006596 -0.95186
vn -0.531346 0.008383 -0.847114
vn -0.665115 0.013146 -0.746625
vn -0.665236 0.013148 -0.746517
vn -0.835294 0.013578 -0.549636
vn -0.950694 0.019058 -0.309545
vn -0.980062 0.019541 -0.197728
vn -0.951439 0.016725 -0.307383
vn 0.587331 0.482683 -0.649662
vn 0.842014 0.022334 -0.538994
vn 0.857161 0.022708 -0.514548
vn 0.538992 0.022833 -0.842001
vn 0.670251 0.02647 -0.741662
vn 0.240819 0.020105 -0.970362
vn 0.175846 0.019215 -0.98423
vn 0.24123 0.021147 -0.970238
vn 0.841768 0.022336 -0.539377
vn 0.984259 0.018428 -0.175766
vn 0.956853 0.02176 -0.289757
vn 0.534084 0.129924 -0.835389
vn 0.827674 0.186819 -0.529202
vn 0.452263 0.322676 -0.831468
vn 0.082009 0.108118 -0.99075
vn 0.08202 0.108106 -0.99075
vn 0.231784 0.174536 -0.956981
vn 0.116981 0.060529 -0.991288
vn 0.456971 0.705876 -0.541218
vn 0.819817 0.556955 0.133046
vn 0.6653 0.556483 -0.497698
vn 0.095916 0.962221 -0.254814
vn 0.156078 0.838025 -0.522833
vn 0.179022 0.951038 -0.251946
vn 0.168953 0.824727 -0.539704
vn 0.126215 0.70756 -0.69529
vn 0.11344 0.547925 -0.8288
vn 0.040213 0.272559 -0.961298
vn 0.954626 0.246442 -0.167201
vn 0.974227 0.21505 0.068082
vn 0.965011 0.245319 0.092586
vn 0.965009 0.245328 0.092586
vn 0.402414 0.856699 0.322692
vn 0.402385 0.856722 0.322667
vn 0.521608 0.790949 0.319883
vn 0.331158 0.719592 -0.610346
vn 0.765293 0.629807 0.132926
vn 0.453836 0.323365 -0.830342
vn 0.536892 0.129983 -0.833578
vn 0.237505 0.06916 -0.968921
vn 0.175675 0.028655 -0.984031
vn 0.064337 0.272296 -0.96006
vn 0.012682 0.134159 -0.990879
vn 0.139789 0.229905 -0.963121
vn 0.299535 0.471324 -0.829537
vn 0.30024 0.472062 -0.828863
vn 0.457418 0.707163 -0.539156
vn 0.689391 0.479274 -0.543172
vn 0.691255 0.479892 -0.540251
vn 0.816924 0.187592 -0.545384
vn 0.827858 0.186854 -0.528901
vn 0.0 0.272861 -0.962053
vn 0.0 0.272861 -0.962053
vn 0.0 0.272779 -0.962077
vn 0.0 0.272779 -0.962077
vn 0.0 0.713264 -0.700895
vn 0.0 0.713264 -0.700895
vn 0.0 0.966655 -0.256083
vn 0.0 0.966655 -0.256083
vn 0.0 0.966678 -0.255994
vn 0.0 0.966678 -0.255994
vn -0.089327 0.100819 -0.990887
vn -0.089299 0.100847 -0.990886
vn -0.012156 0.272841 -0.961982
vn -0.691255 0.479892 -0.54025
vn -0.897961 0.339126 0.280463
vn -0.482948 0.744259 -0.461346
vn -0.153716 0.251026 -0.955697
vn -0.300104 0.472181 -0.828844
vn -0.299698 0.471247 -0.829522
vn -0.963088 0.079167 -0.257283
vn -0.848112 0.183364 -0.497074
vn -0.946847 0.200695 -0.251399
vn -0.815313 0.193308 -0.5458
vn -0.698957 0.151536 -0.698925
vn -0.533971 0.137983 -0.834168
vn -0.257748 0.061765 -0.964236
vn -0.240775 0.93824 -0.248463
vn -0.183692 0.962417 0.200028
vn -0.243164 0.938211 0.246235
vn -0.24304 0.938242 0.246239
vn -0.897948 0.339147 0.280481
vn -0.897952 0.339135 0.28048
vn -0.711997 0.493396 -0.499619
vn -0.636167 0.688609 0.348007
vn -0.636176 0.688601 0.348007
vn -0.126215 0.70756 -0.69529
vn -0.085866 0.271772 -0.958523
vn -0.097119 0.553512 -0.827159
vn -0.052243 0.332563 -0.941633
vn -0.040914 0.134291 -0.990097
vn -0.257114 0.086359 -0.962515
vn -0.11705 0.031726 -0.992619
vn -0.211068 0.160538 -0.964198
vn -0.453701 0.323637 -0.83031
vn -0.452468 0.322451 -0.831443
vn -0.689391 0.479274 -0.543172
vn -0.457418 0.707163 -0.539156
vn -0.456971 0.705876 -0.541217
vn -0.168953 0.824727 -0.539704
vn -0.179022 0.951038 -0.251946
vn -0.989453 0.019776 -0.143495
vn -0.965686 0.022879 -0.258702
vn -0.905043 0.023976 -0.424643
vn -0.965711 0.021044 -0.258763
vn -0.905288 0.022872 -0.424182
vn -0.706896 0.025325 -0.706864
vn -0.258802 0.021375 -0.965694
vn -0.245224 0.021426 -0.96923
vn -0.258658 0.021676 -0.965726
vn -0.673854 0.024373 -0.738462
vn -0.673536 0.024372 -0.738753
vn 0.050273 0.711231 0.701159
vn 0.016081 0.707258 0.706773
vn 0.049776 0.709814 0.702628
vn 0.050803 0.705943 0.706444
vn 0.050266 0.711319 0.70107
vn 0.047613 0.717358 0.695075
vn 0.047501 0.717721 0.694709
vn 0.043453 0.730618 0.681402
vn 0.01657 0.710024 0.703983
vn 0.045771 0.777414 0.627321
vn 0.048706 0.714402 0.698038
vn 0.051486 0.70666 0.705677
vn 0.153701 0.705499 0.691843
vn 0.153702 0.705497 0.691845
vn 0.153701 0.705496 0.691846
vn 0.153701 0.705495 0.691847
vn 0.282048 0.705495 0.650174
vn 0.282049 0.705493 0.650175
vn 0.282049 0.705493 0.650176
vn 0.28205 0.705491 0.650177
vn 0.400171 0.705492 0.584931
vn 0.400167 0.705498 0.584927
vn 0.400167 0.705498 0.584927
vn 0.400169 0.705495 0.584928
vn 0.503781 0.705496 0.498478
vn 0.503781 0.705495 0.498479
vn 0.503782 0.705495 0.498479
vn 0.503785 0.705492 0.49848
vn 0.589133 0.705493 0.393957
vn 0.589129 0.705497 0.393956
vn 0.589129 0.705497 0.393956
vn 0.58913 0.705496 0.393956
vn 0.653121 0.705496 0.27515
vn 0.653117 0.705501 0.275149
vn 0.653117 0.705501 0.275149
vn 0.653117 0.7055 0.27515
vn 0.693431 0.705499 0.146371
vn 0.693432 0.705498 0.146371
vn 0.693432 0.705498 0.146372
vn 0.693434 0.705496 0.146371
vn 0.706545 0.706546 0.03985
vn 0.706545 0.706545 0.03985
vn -0.225576 0.705476 0.671877
vn -0.023529 0.710983 0.702815
vn -0.020674 0.707106 0.706806
vn -0.020701 0.707104 0.706806
vn -0.002681 0.705679 0.708526
vn -0.021468 0.706691 0.707197
vn -0.020546 0.70723 0.706685
vn -0.013596 0.7114 0.702656
vn -0.016506 0.709541 0.704471
vn -0.018904 0.707833 0.706127
vn -0.019977 0.706984 0.706947
vn -0.019873 0.70748 0.706454
vn -0.019778 0.708295 0.705639
vn -0.019813 0.707565 0.70637
vn -0.014257 0.707096 -0.706974
vn -0.019796 0.707863 -0.706073
vn -0.019802 0.707799 -0.706136
vn -0.019972 0.706988 -0.706943
vn -0.01928 0.707535 -0.706415
vn -0.018176 0.708327 -0.705651
vn -0.018276 0.708263 -0.705712
vn -0.017112 0.708997 -0.705004
vn -0.017641 0.708691 -0.705298
vn -0.016242 0.709492 -0.704526
vn -0.020701 0.707102 -0.706809
vn -0.020674 0.707103 -0.706808
vn -0.09333 0.705481 -0.702557
vn -0.09333 0.705483 -0.702555
vn -0.093329 0.705482 -0.702556
vn -0.093336 0.705482 -0.702555
vn -0.225565 0.705481 -0.671876
vn -0.225564 0.705482 -0.671875
vn -0.225564 0.705481 -0.671876
vn -0.225574 0.705481 -0.671872
vn -0.349524 0.705481 -0.616547
vn -0.349526 0.705477 -0.616549
vn -0.349526 0.705477 -0.616549
vn -0.349414 0.705475 -0.616616
vn -0.460661 0.705481 -0.538598
vn -0.460665 0.705476 -0.538602
vn -0.460666 0.705477 -0.5386
vn -0.460565 0.705474 -0.53869
vn -0.554899 0.70548 -0.440892
vn -0.554899 0.705479 -0.440892
vn -0.554896 0.705477 -0.440899
vn -0.554902 0.705478 -0.440891
vn -0.628781 0.705477 -0.327011
vn -0.628781 0.705477 -0.327011
vn -0.628783 0.705479 -0.327004
vn -0.628732 0.705475 -0.327111
vn -0.679591 0.70548 -0.201131
vn -0.679592 0.705479 -0.201131
vn -0.679591 0.705479 -0.201136
vn -0.679645 0.705489 -0.200918
vn -0.705474 0.705478 -0.067874
vn -0.705476 0.705476 -0.067874
vn -0.705476 0.705476 0.067874
vn -0.705473 0.705479 0.067874
vn -0.679489 0.705458 0.201551
vn -0.679593 0.705476 0.201137
vn -0.679594 0.705477 0.201132
vn -0.679594 0.705478 0.201132
vn -0.628813 0.705481 0.32694
vn -0.628783 0.705479 0.327004
vn -0.628781 0.705477 0.327011
vn -0.628779 0.705479 0.32701
vn -0.554836 0.705474 0.44098
vn -0.554901 0.705478 0.440892
vn -0.554901 0.705477 0.440893
vn -0.554899 0.70548 0.440892
vn -0.460565 0.705474 0.53869
vn -0.460666 0.705477 0.5386
vn -0.460665 0.705476 0.538602
vn -0.460664 0.705477 0.538601
vn -0.349416 0.705471 0.61662
vn -0.349519 0.705473 0.616559
vn -0.349526 0.705477 0.616549
vn -0.349525 0.705481 0.616546
vn -0.225449 0.705475 0.671921
vn -0.225568 0.705471 0.671885
vn -0.225567 0.705476 0.67188
vn -0.093218 0.705471 0.702582
vn -0.093331 0.705483 0.702554
vn -0.093331 0.705472 0.702566
vn -0.09333 0.705471 0.702567
vn 0.044253 -0.684673 -0.727506
vn 0.043547 -0.682323 -0.729752
vn 0.029912 -0.693171 -0.720152
vn 0.049037 -0.700776 -0.711694
vn 0.049022 -0.700723 -0.711747
vn 0.050567 -0.706451 -0.705954
vn 0.050311 -0.703885 -0.70853
vn 0.049829 -0.698231 -0.714136
vn 0.049818 -0.698083 -0.714281
vn 0.701086 -0.050033 -0.71132
vn 0.706775 -0.016064 -0.707256
vn 0.70266 -0.049544 -0.709798
vn 0.706447 -0.050567 -0.705958
vn 0.701148 -0.050038 -0.711257
vn 0.695125 -0.047378 -0.717326
vn 0.695258 -0.047419 -0.717194
vn 0.681471 -0.043207 -0.730569
vn 0.706429 -0.015725 -0.707609
vn 0.62813 -0.045621 -0.77677
vn 0.702223 -0.049801 -0.710214
vn 0.705693 -0.051252 -0.706661
vn 0.692029 -0.152781 -0.705516
vn 0.692029 -0.152781 -0.705517
vn 0.692028 -0.152782 -0.705517
vn 0.692026 -0.15278 -0.70552
vn 0.650895 -0.280317 -0.70552
vn 0.650894 -0.280316 -0.705521
vn 0.650894 -0.280316 -0.705521
vn 0.650896 -0.280318 -0.705519
vn 0.586493 -0.39783 -0.705519
vn 0.586493 -0.397831 -0.705518
vn 0.586493 -0.397831 -0.705518
vn 0.586493 -0.39783 -0.705519
vn 0.50112 -0.50112 -0.705519
vn 0.501121 -0.501121 -0.705518
vn 0.501121 -0.501121 -0.705518
vn 0.501122 -0.501122 -0.705517
vn 0.397831 -0.586495 -0.705517
vn 0.397831 -0.586493 -0.705518
vn 0.397831 -0.586493 -0.705518
vn 0.397831 -0.586491 -0.70552
vn 0.280317 -0.650894 -0.70552
vn 0.280318 -0.650898 -0.705517
vn 0.280317 -0.650898 -0.705518
vn 0.280316 -0.650896 -0.705519
vn 0.152782 -0.692026 -0.70552
vn 0.152782 -0.692028 -0.705517
vn 0.152781 -0.692028 -0.705517
vn 0.152781 -0.692027 -0.705519
vn 0.050985 -0.705717 -0.706657
vn 0.047207 -0.649994 -0.758471
vn 0.02337 -0.702999 -0.710807
vn -0.01975 -0.70608 -0.707857
vn -0.019753 -0.706105 -0.707832
vn -0.019931 -0.706947 -0.706985
vn -0.018147 -0.705668 -0.708311
vn -0.019189 -0.706384 -0.707569
vn -0.014155 -0.706956 -0.707116
vn -0.018188 -0.705692 -0.708286
vn -0.017107 -0.705037 -0.708964
vn -0.016799 -0.704867 -0.709141
vn -0.012338 0.707053 -0.707053
vn -0.016408 -0.704651 -0.709364
vn -0.020663 -0.706813 -0.707099
vn -0.093288 -0.702568 -0.705475
vn -0.093287 -0.702566 -0.705478
vn -0.093289 -0.702566 -0.705477
vn -0.09329 -0.702567 -0.705476
vn -0.225582 -0.671875 -0.705476
vn -0.225583 -0.671877 -0.705474
vn -0.225586 -0.671876 -0.705474
vn -0.225584 -0.671875 -0.705476
vn -0.349594 -0.616513 -0.705476
vn -0.349594 -0.616512 -0.705476
vn -0.349594 -0.616512 -0.705476
vn -0.349594 -0.616512 -0.705476
vn -0.460769 -0.538512 -0.705476
vn -0.46077 -0.538513 -0.705475
vn -0.46077 -0.538512 -0.705475
vn -0.460769 -0.538512 -0.705476
vn -0.555025 -0.440739 -0.705476
vn -0.555025 -0.440739 -0.705476
vn -0.555025 -0.440739 -0.705476
vn -0.555026 -0.440739 -0.705476
vn -0.628902 -0.326782 -0.705476
vn -0.628903 -0.326783 -0.705474
vn -0.628903 -0.326783 -0.705474
vn -0.628906 -0.326783 -0.705472
vn -0.67969 -0.200826 -0.705472
vn -0.679687 -0.200826 -0.705474
vn -0.679687 -0.200826 -0.705474
vn -0.679686 -0.200826 -0.705476
vn -0.705513 -0.067496 -0.705476
vn -0.705515 -0.067496 -0.705474
vn -0.705514 -0.067495 -0.705475
vn -0.705514 -0.067496 -0.705475
vn -0.705435 0.068313 -0.705474
vn -0.705435 0.068313 -0.705475
vn -0.705435 0.068313 -0.705475
vn -0.705435 0.068313 -0.705475
vn -0.679454 0.201613 -0.705475
vn -0.679453 0.201613 -0.705476
vn -0.679454 0.201612 -0.705475
vn -0.679456 0.201614 -0.705473
vn -0.628525 0.327511 -0.705473
vn -0.628525 0.327511 -0.705474
vn -0.628524 0.327511 -0.705475
vn -0.628522 0.327508 -0.705477
vn -0.554513 0.44138 -0.705477
vn -0.554513 0.44138 -0.705478
vn -0.554514 0.44138 -0.705477
vn -0.554514 0.441381 -0.705476
vn -0.460145 0.539045 -0.705476
vn -0.460145 0.539046 -0.705476
vn -0.460146 0.539046 -0.705475
vn -0.460146 0.539047 -0.705474
vn -0.348882 0.616918 -0.705474
vn -0.348882 0.616919 -0.705473
vn -0.348881 0.616919 -0.705474
vn -0.348881 0.616918 -0.705475
vn -0.224805 0.672137 -0.705475
vn -0.224805 0.672137 -0.705474
vn -0.224806 0.672139 -0.705473
vn -0.224806 0.672138 -0.705473
vn -0.092475 0.702678 -0.705473
vn -0.092475 0.702678 -0.705473
vn -0.092474 0.702675 -0.705476
vn -0.092474 0.702675 -0.705476
vn -0.012337 0.707051 -0.707055
vn 0.0 0.0 -1.0
vn -0.0 0.0 -1.0
vn 1e-06 4e-06 -1.0
vn -6e-06 -1.8e-05 -1.0
vn -0.0 -0.0 -1.0
vn 0.0 0.0 -1.0
vn 0.0 0.0 -1.0
vn 0.0 0.0 -1.0
vn -0.0 0.0 -1.0
vn 0.0 0.0 -1.0
vn -0.0 0.0 -1.0
vn 0.0 0.0 -1.0
vn 0.0 -0.0 -1.0
vn 0.0 0.0 -1.0
vn 0.0 0.0 -1.0
vn 0.0 0.0 -1.0
vn 0.0 -0.0 -1.0
vn -0.0 -0.0 -1.0
vn -0.0 -0.0 -1.0
vn 0.0 0.0 -1.0
vn 0.0 -0.0 -1.0
vn 0.0 0.0 -1.0
vn 0.0 -0.0 -1.0
vn 0.0 0.0 -1.0
vn 0.0 0.0 -1.0
vn 0.0 1e-06 -1.0
vn -0.0 0.0 -1.0
vn -0.0 0.0 -1.0
vn 0.0 1e-06 -1.0
vn -0.0 0.0 -1.0
vn 0.0 0.0 -1.0
vn 0.0 0.0 -1.0
vn 1e-06 -0.0 -1.0
vn 1e-06 -0.0 -1.0
vn 0.0 0.0 -1.0
vn 0.0 0.0 -1.0
vn 0.0 0.0 -1.0
vn 0.0 0.0 -1.0
vn 0.0 0.0 -1.0
vn 0.0 0.0 -1.0
vn 0.0 -0.0 -1.0
vn 0.0 0.0 -1.0
vn 0.0 0.0 -1.0
vn 0.0 0.0 -1.0
vn 0.0 -0.0 -1.0
vn 0.0 0.0 -1.0
vn 0.0 -0.0 -1.0
vn 0.0 0.0 -1.0
vn 0.0 -0.0 -1.0
vn 0.0 0.0 -1.0
vn 0.0 0.0 -1.0
vn 1e-06 -0.0 -1.0
vn 1e-06 -0.0 -1.0
vn 0.0 0.0 -1.0
vn 0.0 0.0 -1.0
vn -1e-06 0.0 -1.0
vn -1e-06 0.0 -1.0
vn -0.0 0.0 -1.0
vn 0.0 -0.0 -1.0
vn 0.0 0.0 -1.0
vn -0.0 0.0 -1.0
vn 1e-06 -0.0 -1.0
vn 0.0 -0.0 -1.0
vn 0.0 0.0 -1.0
vn -0.0 0.0 -1.0
vn -0.0 0.0 -1.0
vn -0.0 0.0 -1.0
vn 0.0 0.0 -1.0
vn -0.0 0.0 -1.0
vn 0.0 0.0 -1.0
vn -0.0 0.0 -1.0
vn 0.0 0.0 -1.0
vn -0.0 0.0 -1.0
vn 0.0 0.0 -1.0
vn -0.0 0.0 -1.0
vn 0.0 0.0 -1.0
vn 0.0 0.0 -1.0
vn 0.0 0.0 -1.0
vn 0.0 0.0 -1.0
vn -1e-06 -0.0 -1.0
vn 0.0 0.0 -1.0
vn 0.0 0.0 -1.0
vn 0.0 0.0 -1.0
vn 1e-06 0.0 -1.0
vn -0.0 -0.0 -1.0
vn 1e-06 0.0 -1.0
vn 0.0 0.0 -1.0
vn 0.0 0.0 -1.0
vn 0.0 0.0 -1.0
vn -0.0 0.0 -1.0
vn -1e-06 -0.0 -1.0
vn -0.0 -0.0 -1.0
vn 0.0 0.0 -1.0
vn 0.0 -0.0 -1.0
vn 0.0 0.0 -1.0
vn -0.0 0.0 -1.0
vn -0.0 0.0 -1.0
vn 0.0 0.0 -1.0
vn -0.0 0.0 -1.0
vn -0.0 0.0 -1.0
vn 0.0 -0.0 -1.0
vn 0.0 0.0 -1.0
vn 0.0 -0.0 -1.0
vn 0.0 0.0 -1.0
vn 0.0 -0.0 -1.0
vn 0.0 1.0 -0.0
vn 0.0 1.0 0.0
vn 0.0 1.0 0.0
vn 0.0 1.0 0.0
vn 0.0 1.0 0.0
vn 0.0 1.0 0.0
vn 0.0 1.0 0.0
vn 0.0 1.0 0.0
vn 0.0 1.0 0.0
vn 0.0 1.0 0.0
vn 0.0 1.0 0.0
vn 0.0 1.0 0.0
vn 0.0 1.0 -0.0
vn 0.0 1.0 -0.0
vn 0.0 1.0 0.0
vn 0.0 1.0 0.0
vn 0.0 1.0 0.0
vn 0.0 1.0 0.0
vn 0.0 1.0 0.0
vn 0.0 1.0 0.0
vn 0.0 1.0 0.0
vn 0.0 1.0 0.0
vn 0.0 1.0 0.0
vn 0.0 1.0 0.0
vn 0.0 1.0 0.0
vn 0.0 1.0 0.0
vn 0.0 1.0 0.0
vn 0.0 1.0 0.0
vn 0.0 1.0 0.0
vn -0.0 1.0 0.0
vn 0.0 1.0 0.0
vn -0.0 1.0 0.0
vn 0.0 1.0 0.0
vn -0.0 1.0 0.0
vn 0.0 1.0 0.0
vn -0.0 1.0 0.0
vn 0.0 1.0 0.0
vn -0.0 1.0 0.0
vn 0.0 1.0 0.0
vn -0.0 1.0 0.0
vn 0.0 1.0 0.0
vn -0.0 1.0 0.0
vn 0.0 1.0 0.0
vn 0.0 1.0 0.0
vn 0.0 1.0 0.0
vn 0.0 1.0 -0.0
vn 0.0 1.0 0.0
vn 0.0 1.0 -0.0
vn 0.0 1.0 0.0
vn 0.0 1.0 -0.0
vn 0.0 1.0 0.0
vn 0.0 1.0 -0.0
vn 0.0 1.0 0.0
vn 0.0 1.0 -0.0
vn 0.0 1.0 0.0
vn 0.0 1.0 -0.0
vn 0.0 1.0 0.0
vn 0.0 1.0 -0.0
vn 0.0 1.0 0.0
vn 0.0 1.0 -0.0
vn 0.0 1.0 -0.0
vn 0.0 1.0 0.0
vn 0.0 1.0 0.0
vn 0.0 1.0 0.0
vn 0.0 1.0 0.0
vn 0.0 1.0 0.0
vn 0.0 1.0 0.0
vn 0.0 1.0 0.0
vn 0.0 1.0 0.0
vn 0.0 1.0 0.0
vn 0.0 1.0 0.0
vn 0.0 1.0 0.0
vn 0.0 1.0 0.0
vn 0.0 1.0 0.0
vn 0.0 1.0 0.0
vn 0.0 1.0 0.0
vn 0.0 1.0 0.0
vn 0.0 1.0 0.0
vn 0.0 1.0 -0.0
vn 0.0 1.0 -0.0
vn 0.0 1.0 0.0
vn 0.0 1.0 0.0
vn 0.0 1.0 0.0
vn 0.0 1.0 -0.0
vn -0.601909 0.0 -0.798565
vn -0.601909 0.0 -0.798565
vn -0.121989 0.0 -0.992532
vn -0.121989 0.0 -0.992532
vn 0.390623 0.0 -0.920551
vn 0.390623 0.0 -0.920551
vn 0.798563 0.0 -0.601911
vn 0.798563 0.0 -0.601911
vn 0.992532 0.0 -0.121987
vn 0.992532 0.0 -0.121987
vn 0.920552 0.0 0.39062
vn 0.920552 -0.0 0.39062
vn 0.662111 0.694747 0.280955
vn 0.66211 0.694748 0.280956
vn 0.713882 0.694747 -0.08774
vn 0.713883 0.694747 -0.08774
vn 0.574371 0.694746 -0.432928
vn 0.57437 0.694747 -0.432926
vn 0.280957 0.694748 -0.662109
vn 0.280957 0.694748 -0.662109
vn -0.087741 0.694748 -0.713882
vn -0.08774 0.694749 -0.713881
vn -0.432925 0.694748 -0.57437
vn -0.432927 0.694747 -0.57437
vn -0.0 1.0 0.0
vn 0.0 1.0 -0.0
vn -0.0 1.0 0.0
vn 0.0 1.0 -0.0
vn 0.0 1.0 0.0
vn 0.0 1.0 -0.0
vn 0.0 1.0 -0.0
vn 0.0 1.0 0.0
vn 0.0 1.0 0.0
vn 0.0 1.0 0.0
vn 0.0 1.0 -0.0
vn -0.0 1.0 0.0
vn 0.0 1.0 0.0
vn 0.0 1.0 0.0
vn 0.0 1.0 0.0
vn 0.0 1.0 0.0
vn 0.0 1.0 0.0
vn 0.0 1.0 0.0
vn 0.0 1.0 0.0
vn 0.0 1.0 0.0
vn 0.0 1.0 0.0
vn 0.0 1.0 0.0
vn 0.0 1.0 0.0
vn 0.0 1.0 0.0
vn 0.0 1.0 0.0
vn 0.0 1.0 0.0
vn 0.0 1.0 0.0
vn 0.0 1.0 0.0
vn 0.0 1.0 0.0
vn 0.0 1.0 0.0
vn -0.0 1.0 0.0
vn 0.0 1.0 0.0
vn -0.0 1.0 0.0
vn -0.0 1.0 0.0
vn 0.616657 0.703488 0.353325
vn 0.616649 0.703498 0.35332
vn 0.691216 0.703493 0.165279
vn 0.691223 0.703486 0.165281
vn 0.709783 0.703492 -0.036154
vn 0.709789 0.703486 -0.036154
vn 0.670855 0.703483 -0.234661
vn 0.670847 0.703491 -0.234659
vn 0.577559 0.703495 -0.41415
vn 0.577565 0.703488 -0.414154
vn 0.437488 0.703488 -0.560097
vn 0.437483 0.703496 -0.560091
vn 0.261966 0.703498 -0.660655
vn 0.261968 0.703493 -0.660659
vn 0.065227 0.703494 -0.707702
vn 0.065226 0.703504 -0.707692
vn -0.136796 0.703504 -0.697402
vn -0.136799 0.703486 -0.697419
vn -0.327744 0.703486 -0.630628
vn -0.327746 0.70348 -0.630634
vn -0.49214 0.703481 -0.51275
vn -0.492135 0.703488 -0.512745
vn 0.867667 0.0 0.497146
vn 0.867667 0.0 0.497146
vn 0.972583 0.0 0.232558
vn 0.972583 0.0 0.232558
vn 0.998705 0.0 -0.05087
vn 0.998705 0.0 -0.05087
vn 0.943919 0.0 -0.330177
vn 0.943919 0.0 -0.330177
vn 0.812662 0.0 -0.582735
vn 0.812662 0.0 -0.582735
vn 0.615568 0.0 -0.788084
vn 0.615568 0.0 -0.788084
vn 0.368604 0.0 -0.929587
vn 0.368604 0.0 -0.929587
vn 0.091779 0.0 -0.995779
vn 0.091779 0.0 -0.995779
vn -0.192483 0.0 -0.9813
vn -0.192483 -0.0 -0.9813
vn -0.46115 0.0 -0.887322
vn -0.46115 -0.0 -0.887322
vn -0.692458 0.0 -0.721458
vn -0.692458 -0.0 -0.721458
vn 0.0 1.0 -0.0
vn 0.0 1.0 0.0
vn 0.0 1.0 -0.0
vn 0.0 1.0 0.0
vn -0.0 1.0 0.0
vn 0.0 1.0 0.0
vn 0.0 1.0 -0.0
vn 0.0 1.0 0.0
vn 0.0 1.0 -0.0
vn 0.0 1.0 0.0
vn 0.0 1.0 0.0
vn 0.0 1.0 0.0
vn 0.0 1.0 0.0
vn 0.0 1.0 -0.0
vn 0.0 1.0 0.0
vn 0.0 1.0 0.0
vn 0.0 1.0 -0.0
vn 0.0 1.0 0.0
vn 0.0 1.0 0.0
vn -0.0 1.0 0.0
vn 0.0 1.0 0.0
vn 0.0 1.0 0.0
vn 0.0 1.0 0.0
vn 0.0 1.0 0.0
vn 0.0 1.0 0.0
vn 0.0 1.0 0.0
vn -0.0 1.0 0.0
vn 0.0 1.0 0.0
vn -0.0 1.0 0.0
vn -0.0 1.0 0.0
vn 0.0 1.0 0.0
vn 0.0 1.0 0.0
vn 0.0 1.0 0.0
vn 0.0 1.0 0.0
vn 0.0 1.0 0.0
vn 0.0 1.0 0.0
vn 0.0 1.0 0.0
vn 0.0 1.0 0.0
vn 0.0 1.0 0.0
vn 0.0 1.0 0.0
vn 0.0 1.0 0.0
vn 0.0 1.0 0.0
vn -0.0 1.0 0.0
vn 0.0 1.0 -0.0
vn -0.0 1.0 0.0
vn 0.0 1.0 -0.0
vn -0.0 1.0 0.0
vn -0.0 1.0 0.0
vn 0.0 1.0 -0.0
vn -0.0 1.0 0.0
vn 0.0 1.0 -0.0
vn -0.0 1.0 0.0
vn 0.0 1.0 -0.0
vn 0.0 1.0 -0.0
vn 0.995185 0.0 0.098017
vn 0.995185 -0.0 0.098017
vn 0.95694 0.0 0.290285
vn 0.95694 -0.0 0.290285
vn 0.881921 0.0 0.471397
vn 0.881921 -0.0 0.471397
vn 0.773011 0.0 0.634393
vn 0.773011 -0.0 0.634393
vn 0.634393 0.0 0.773011
vn 0.634393 -0.0 0.773011
vn 0.471396 0.0 0.881921
vn 0.471396 -0.0 0.881921
vn 0.290285 0.0 0.95694
vn 0.290285 -0.0 0.95694
vn 0.098018 0.0 0.995185
vn 0.098018 -0.0 0.995185
vn -0.098018 0.0 0.995185
vn -0.098018 0.0 0.995185
vn -0.290285 0.0 0.95694
vn -0.290285 0.0 0.95694
vn -0.471396 0.0 0.881921
vn -0.471396 0.0 0.881921
vn -0.634393 0.0 0.773011
vn -0.634393 0.0 0.773011
vn -0.77301 0.0 0.634394
vn -0.77301 0.0 0.634394
vn -0.881921 0.0 0.471397
vn -0.881921 0.0 0.471397
vn -0.95694 0.0 0.290285
vn -0.95694 0.0 0.290285
vn -0.995185 0.0 0.098017
vn -0.995185 0.0 0.098017
vn 0.0 -1.0 0.0
vn 0.0 -1.0 0.0
vn 0.0 -1.0 0.0
vn 0.0 -1.0 0.0
vn -0.0 -1.0 0.0
vn -0.0 -1.0 0.0
vn -0.0 -1.0 0.0
vn 0.0 -1.0 0.0
vn 0.0 -1.0 0.0
vn 0.0 -1.0 0.0
vn 0.0 -1.0 0.0
vn 0.0 -1.0 0.0
vn -0.0 -1.0 0.0
vn -0.0 -1.0 0.0
vn -0.0 -1.0 0.0
vn 0.0 -1.0 0.0
vn 0.0 -1.0 0.0
vn 0.0 -1.0 0.0
vn 0.0 -1.0 0.0
vn 0.0 -1.0 0.0
vn -0.0 -1.0 0.0
vn -0.0 -1.0 0.0
vn 0.0 -1.0 0.0
vn -0.0 -1.0 -0.0
vn 0.0 -1.0 0.0
vn 0.0 -1.0 0.0
vn 0.0 -1.0 0.0
vn 0.0 -1.0 0.0
vn 0.0 -1.0 0.0
vn -0.0 -1.0 0.0
vn -0.0 -1.0 0.0
vn 0.0 -1.0 0.0
vn -0.0 -1.0 -0.0
vn -0.0 -1.0 -0.0
vn 0.866026 0.0 0.499999
vn -0.499995 0.0 0.866029
vn -0.499995 0.0 0.866029
vn 0.0 0.0 1.0
vn -0.0 0.0 1.0
vn 0.499995 0.0 0.866028
vn 0.499995 0.0 0.866028
vn 0.866026 0.0 0.499999
vn 0.866026 0.0 0.499999
vn 1.0 0.0 0.0
vn 1.0 0.0 0.0
vn 0.866026 0.0 -0.499999
vn 0.866026 0.0 -0.499999
vn 0.866026 0.0 -0.499999
vn 0.866026 0.0 -0.499999
vn 1.0 0.0 -0.0
vn 1.0 0.0 0.0
vn 0.866026 0.0 0.499999
vn 0.866026 -0.0 0.499999
vn 0.499995 0.0 0.866028
vn 0.499995 0.0 0.866028
vn 0.499996 -0.0 0.866028
vn 0.0 0.0 1.0
vn 0.0 -0.0 1.0
vn -0.499995 0.0 0.866028
vn -0.499995 0.0 0.866028
vn -0.500006 0.0 0.866022
vn 0.866022 0.0 -0.500007
vn -0.500006 0.0 0.866022
vn -0.500006 0.0 0.866022
vn 0.0 0.0 1.0
vn -0.0 0.0 1.0
vn 0.500009 0.0 0.86602
vn 0.500009 0.0 0.86602
vn 0.866026 0.0 0.499999
vn 0.866026 0.0 0.499999
vn 1.0 0.0 0.0
vn 1.0 0.0 0.0
vn 0.866022 0.0 -0.500007
vn 0.866022 0.0 -0.500007
vn -0.866026 0.0 -0.499999
vn 0.499995 0.0 -0.866029
vn 0.499995 0.0 -0.866029
vn 0.0 0.0 -1.0
vn -0.0 -0.0 -1.0
vn -0.499995 0.0 -0.866028
vn -0.499995 -0.0 -0.866028
vn -0.866026 0.0 -0.499999
vn -0.866026 -0.0 -0.499999
vn -1.0 0.0 0.0
vn -1.0 0.0 0.0
vn -0.866026 0.0 0.499999
vn -0.866026 0.0 0.499999
vn -0.866026 0.0 0.499999
vn -0.866026 0.0 0.499999
vn -1.0 0.0 -0.0
vn -1.0 0.0 0.0
vn -0.866026 0.0 -0.499999
vn -0.866026 0.0 -0.499999
vn -0.500002 0.0 -0.866024
vn -0.500002 0.0 -0.866024
vn -0.500002 0.0 -0.866024
vn 0.0 0.0 -1.0
vn 0.0 0.0 -1.0
vn 0.500001 0.0 -0.866025
vn 0.500001 0.0 -0.866025
vn 0.516406 -0.794281 -0.320066
vn 0.606552 -0.731999 -0.310277
vn 0.587585 -0.741798 -0.323233
vn -0.37937 -0.799722 0.465321
vn -0.333694 -0.809934 0.482343
vn -0.333687 -0.809931 0.482353
vn -0.333727 -0.831489 0.44413
vn -0.518473 -0.740119 0.428264
vn -0.551769 -0.761333 0.340475
vn -0.551532 -0.761243 0.34106
vn -0.358067 -0.855009 0.375164
vn -0.512408 -0.822123 0.248096
vn -0.673256 -0.725075 0.14489
vn -0.527995 -0.779388 0.337306
vn -0.52799 -0.779383 0.337325
vn -0.426076 -0.872167 0.240383
vn -0.520913 -0.850239 0.075785
vn -0.520033 -0.839435 0.157846
vn -0.634469 -0.770919 0.055977
vn -0.48398 -0.815037 -0.318556
vn -0.427618 -0.881788 -0.198979
vn -0.561542 -0.81689 -0.131762
vn -0.505881 -0.825886 -0.248992
vn -0.601603 -0.784669 -0.149561
vn -0.478407 -0.877905 -0.020242
vn -0.452701 -0.887482 0.086245
vn -0.488272 -0.872377 -0.023429
vn -0.488274 -0.872376 -0.023417
vn -0.176958 -0.786312 -0.591946
vn -0.189306 -0.857036 -0.479221
vn -0.136097 -0.851336 -0.506659
vn -0.176077 -0.872292 -0.456184
vn -0.357935 -0.798262 -0.484418
vn -0.36037 -0.845532 -0.393967
vn -0.315846 -0.844313 -0.43287
vn -0.317564 -0.881809 -0.348663
vn -0.382512 -0.891745 -0.241815
vn -0.454343 -0.74177 -0.493305
vn -0.5244 -0.810489 -0.260984
vn 0.367978 -0.677739 -0.636601
vn 0.168496 -0.797251 -0.579655
vn 0.230718 -0.78774 -0.57117
vn 0.172929 -0.857799 -0.484022
vn 0.036724 -0.8048 -0.592409
vn 0.167345 -0.784909 -0.596585
vn 0.028576 -0.776155 -0.629894
vn -0.003744 -0.870473 -0.492203
vn -0.119013 -0.874414 -0.470358
vn -0.010827 -0.856534 -0.515977
vn -0.010751 -0.856524 -0.515996
vn 0.228119 -0.829402 -0.509955
vn 0.228111 -0.829402 -0.509958
vn 0.331313 -0.840396 -0.428914
vn 0.395871 -0.796524 -0.456985
vn 0.341585 -0.809114 -0.478178
vn 0.568195 -0.558528 -0.604318
vn 0.587537 -0.741814 -0.323284
vn 0.571403 -0.743116 -0.348247
vn 0.563078 -0.725065 -0.396514
vn 0.457982 -0.823059 -0.335896
vn 0.50532 -0.808159 -0.30254
vn 0.369384 -0.850303 -0.374887
vn -0.020524 -0.73023 -0.682893
vn 0.421159 -0.747435 -0.513776
vn 0.038606 -0.719737 -0.693173
vn 0.016917 -0.799481 -0.600453
vn -0.054441 -0.824837 -0.562743
vn -0.022556 -0.726048 -0.687274
vn -0.022518 -0.726037 -0.687286
vn -0.139918 -0.707197 -0.693034
vn -0.123656 -0.804805 -0.580515
vn -0.220957 -0.806135 -0.54893
vn -0.140926 -0.786485 -0.601316
vn -0.306058 -0.721262 -0.621378
vn -0.275712 -0.802583 -0.529001
vn -0.275668 -0.802563 -0.529056
vn 0.469025 -0.720474 -0.510816
vn 0.469038 -0.720474 -0.510804
vn 0.455881 -0.689521 -0.56279
vn 0.352993 -0.789714 -0.501745
vn 0.300213 -0.789358 -0.535524
vn 0.300018 -0.789363 -0.535626
vn 0.45488 -0.538499 -0.709298
vn 0.261003 -0.772033 -0.57952
vn 0.309439 -0.765045 -0.564761
vn 0.258913 -0.782075 -0.566854
vn 0.193318 -0.786661 -0.586339
vn 0.287235 -0.561649 -0.775917
vn 0.141963 -0.755907 -0.639102
vn 0.123343 -0.641303 -0.757309
vn 0.084735 -0.841497 -0.533576
vn 0.193904 -0.746972 -0.635951
vn -0.448244 -0.840615 0.304045
vn -0.404449 -0.855419 0.323541
vn -0.432187 -0.853359 0.291536
vn -0.629093 -0.760392 -0.161385
vn -0.488162 -0.868524 -0.085817
vn -0.311931 -0.903949 -0.292533
vn -0.40386 -0.779082 -0.479508
vn -0.435618 -0.792235 -0.427319
vn -0.501496 -0.73959 -0.448897
vn -0.501433 -0.739546 -0.44904
vn -0.553685 -0.757694 -0.345446
vn -0.451377 -0.855045 -0.255257
vn -0.41265 -0.895047 -0.169146
vn -0.528891 -0.807326 -0.261722
vn -0.528888 -0.807324 -0.261735
vn -0.76141 -0.647495 -0.031692
vn -0.490518 -0.871409 0.006162
vn -0.490524 -0.871406 0.006112
vn -0.334256 -0.905058 0.262951
vn -0.540493 -0.809162 0.230487
vn -0.480113 -0.81313 0.329106
vn -0.564678 -0.788181 0.244764
vn -0.465213 -0.880548 0.090626
vn -0.541182 -0.840648 0.020801
vn -0.512324 -0.851556 0.111248
vn -0.512332 -0.851553 0.11124
vn -0.474805 -0.591313 -0.651851
vn -0.283275 -0.862543 -0.419255
vn -0.239316 -0.789502 -0.565167
vn -0.617034 -0.715831 -0.326885
vn 0.198572 -0.758283 -0.620948
vn -0.534604 -0.781643 0.321298
vn -0.558633 -0.767943 0.313357
vn -0.25912 -0.731621 -0.630546
vn -0.286631 -0.788592 -0.544026
vn -0.370578 -0.759262 -0.53497
vn -0.293207 -0.768047 -0.569327
vn -0.40218 -0.694899 -0.596127
vn -0.395145 -0.77597 -0.491662
vn -0.360892 -0.776502 -0.516529
vn -0.387013 -0.7875 -0.47965
vn -0.518342 -0.692729 -0.501446
vn -0.507089 -0.749501 -0.425569
vn -0.507096 -0.749436 -0.425675
vn 0.028607 -0.76837 -0.639367
vn -0.129492 -0.814373 -0.56571
vn 0.24175 -0.748155 -0.617917
vn 0.241762 -0.748159 -0.617908
vn 0.238048 -0.710272 -0.662455
vn 0.086864 -0.796754 -0.598028
vn 0.150195 -0.810104 -0.566721
vn 0.084088 -0.800005 -0.594071
vn 0.06414 -0.702028 -0.709255
vn 0.064138 -0.702027 -0.709257
vn -0.025698 -0.758047 -0.651694
vn -0.025703 -0.758047 -0.651693
vn 0.03654 -0.605209 -0.795228
vn -0.163921 -0.730943 -0.662459
vn -0.114823 -0.739768 -0.662992
vn -0.169426 -0.791157 -0.587678
vn -0.264415 -0.6958 -0.667793
vn -0.314048 -0.689302 -0.652868
vn -0.313861 -0.68934 -0.652917
vn -0.759689 -0.625334 0.178409
vn -0.613553 -0.746955 0.256147
vn -0.641293 -0.736352 0.215708
vn -0.565438 -0.799505 0.202664
vn -0.559562 -0.766729 0.31467
vn -0.556716 -0.767985 0.316648
vn -0.556742 -0.767977 0.316623
vn -0.593282 -0.712892 -0.3739
vn -0.537488 -0.78714 -0.302517
vn -0.628732 -0.737402 -0.24685
vn -0.517505 -0.849021 0.106546
vn -0.652492 -0.757037 0.033897
vn -0.632115 -0.770079 0.08608
vn -0.710074 -0.701283 0.063227
vn -0.819359 -0.573172 0.011143
vn -0.685612 -0.726212 0.050521
vn -0.605524 -0.792982 -0.067226
vn -0.592863 -0.805288 0.004951
vn -0.603933 -0.794154 -0.067706
vn -0.711747 -0.694379 -0.106085
vn -0.629043 -0.753741 -0.190209
vn -0.633776 -0.764215 -0.119591
vn -0.580527 -0.79155 -0.190886
vn -0.658938 -0.709297 -0.250395
vn -0.60538 -0.727286 -0.323372
vn -0.605352 -0.727286 -0.323426
vn -0.593959 -0.638896 -0.488901
vn -0.457875 -0.832668 -0.311471
vn -0.476576 -0.748053 -0.461835
vn -0.314445 -0.756644 -0.573248
vn -0.514388 -0.747335 0.42059
vn -0.527605 -0.604604 -0.596731
vn -0.553452 -0.79485 -0.248805
vn -0.553479 -0.794843 -0.248768
vn -0.219089 -0.776495 -0.590809
vn -0.295068 -0.851834 -0.432797
vn -0.363261 -0.843568 -0.395518
vn -0.307517 -0.798936 -0.51685
vn -0.307566 -0.798928 -0.516834
vn -0.402834 -0.74268 -0.534931
vn -0.431111 -0.835495 -0.340722
vn -0.499915 -0.804903 -0.319713
vn -0.499881 -0.804915 -0.319737
vn 0.307545 -0.841069 -0.444994
vn 0.374932 -0.817766 -0.436675
vn 0.331064 -0.815467 -0.474774
vn 0.390699 -0.8007 -0.454131
vn 0.353918 -0.788041 -0.503719
vn 0.191419 -0.884663 -0.425123
vn 0.116826 -0.874401 -0.470929
vn 0.116766 -0.874393 -0.47096
vn 0.338538 -0.67653 -0.653988
vn 0.04451 -0.856118 -0.51486
vn 0.125762 -0.862507 -0.490169
vn 0.038208 -0.867359 -0.496215
vn -0.042779 -0.853157 -0.519897
vn 0.118426 -0.68906 -0.714963
vn -0.123512 -0.82203 -0.555889
vn -0.111708 -0.751917 -0.649725
vn -0.212713 -0.882591 -0.419268
vn -0.036216 -0.833687 -0.551048
vn -0.486924 -0.759215 0.431853
vn -0.486914 -0.759215 0.431865
vn -0.49407 -0.768638 0.406313
vn -0.715 -0.694423 0.080939
vn -0.58226 -0.792949 0.179461
vn -0.557745 -0.829984 -0.006831
vn -0.625195 -0.748231 -0.221996
vn -0.668871 -0.728379 -0.148578
vn -0.663835 -0.733763 -0.144623
vn -0.663815 -0.733771 -0.14467
vn -0.698357 -0.711136 -0.081138
vn -0.597308 -0.80038 0.051141
vn -0.572502 -0.812412 0.11058
vn -0.644868 -0.763537 0.034006
vn -0.644871 -0.763533 0.034027
vn -0.791355 -0.589069 0.16357
vn -0.582534 -0.778667 0.233091
vn -0.58252 -0.778642 0.23321
vn -0.443049 -0.804292 0.396007
vn -0.588331 -0.718805 0.370385
vn -0.544707 -0.712785 0.44185
vn -0.608953 -0.696521 0.379518
vn -0.536642 -0.791278 0.293079
vn -0.601342 -0.763574 0.235251
vn -0.578683 -0.756339 0.305086
vn -0.578698 -0.756333 0.305071
vn -0.634259 -0.685473 -0.357551
vn -0.550197 -0.821206 -0.151343
vn -0.493826 -0.812478 -0.309862
vn 0.734322 0.0 -0.678801
vn 0.753368 0.135741 -0.643437
vn 0.785317 0.0 -0.619094
vn 0.83147 0.0 -0.55557
vn 0.844749 0.135739 -0.517663
vn 0.872496 0.0 -0.488621
vn 0.908143 0.0 -0.41866
vn 0.915328 0.135739 -0.379142
vn 0.938191 0.0 -0.346118
vn 0.962455 0.0 -0.271441
vn 0.96337 0.13574 -0.231285
vn 0.980785 0.0 -0.19509
vn 0.993069 0.0 -0.117537
vn 0.987691 0.135738 -0.077733
vn 0.999229 0.0 -0.03926
vn 0.999229 0.0 0.03926
vn 0.987691 0.135738 0.077733
vn 0.993069 -0.0 0.117537
vn 0.980785 0.0 0.19509
vn 0.96337 0.13574 0.231285
vn 0.962455 -0.0 0.271441
vn 0.938191 0.0 0.346117
vn 0.915329 0.135737 0.379141
vn 0.908144 -0.0 0.418658
vn 0.872495 0.0 0.488622
vn 0.844748 0.135737 0.517663
vn 0.83147 -0.0 0.55557
vn 0.785317 0.0 0.619094
vn 0.753369 0.135738 0.643437
vn 0.734323 -0.0 0.6788
vn 0.678801 0.0 0.734322
vn 0.643437 0.135742 0.753368
vn 0.619093 -0.0 0.785318
vn 0.55557 0.0 0.83147
vn 0.517663 0.135738 0.844749
vn 0.488622 -0.0 0.872496
vn 0.418661 0.0 0.908143
vn 0.37914 0.135746 0.915328
vn 0.346114 -0.0 0.938192
vn 0.271442 0.0 0.962455
vn 0.231285 0.135742 0.96337
vn 0.19509 -0.0 0.980785
vn 0.117538 0.0 0.993068
vn 0.077733 0.13574 0.98769
vn 0.03926 -0.0 0.999229
vn -0.03926 0.0 0.999229
vn -0.077733 0.13574 0.98769
vn -0.117538 0.0 0.993068
vn -0.19509 0.0 0.980785
vn -0.231283 0.135734 0.963371
vn -0.271437 0.0 0.962456
vn -0.346119 0.0 0.938191
vn -0.379143 0.135738 0.915328
vn -0.41866 0.0 0.908143
vn -0.488622 0.0 0.872496
vn -0.517663 0.135738 0.844749
vn -0.55557 0.0 0.83147
vn -0.619093 0.0 0.785318
vn -0.643437 0.135742 0.753368
vn -0.678801 0.0 0.734322
vn 0.5 0.0 -0.866025
vn -0.866026 0.0 0.499999
vn -0.866026 0.0 0.499999
vn -1.0 0.0 -0.0
vn -1.0 0.0 0.0
vn -0.866026 0.0 -0.499999
vn -0.866026 0.0 -0.499999
vn -0.500003 0.0 -0.866024
vn -0.500003 0.0 -0.866024
vn 0.0 0.0 -1.0
vn 0.0 0.0 -1.0
vn 0.5 0.0 -0.866025
vn 0.5 0.0 -0.866025
vn 0.866026 0.0 -0.499999
vn 0.866026 0.0 -0.499999
vn 1.0 0.0 -0.0
vn 1.0 0.0 0.0
vn 0.866026 0.0 0.499999
vn 0.866026 -0.0 0.499999
vn 0.499995 0.0 0.866029
vn 0.499995 -0.0 0.866029
vn 0.0 0.0 1.0
vn 0.0 -0.0 1.0
vn -0.499995 0.0 0.866028
vn -0.499995 0.0 0.866028
vn -0.866026 0.0 0.499999
vn 0.10638 -0.975537 0.192382
vn 0.200433 -0.975516 -0.090531
vn 0.143173 -0.975596 0.166474
vn 0.13551 -0.975751 0.171893
vn 0.139211 -0.974944 0.173507
vn 0.131748 -0.971375 0.197669
vn 0.136573 -0.975557 0.17215
vn 0.136559 -0.976304 0.167878
vn 0.136561 -0.976309 0.167842
vn 0.128214 -0.976269 0.174528
vn 0.128212 -0.976274 0.1745
vn 0.128277 -0.975444 0.179036
vn 0.12737 -0.975624 0.178702
vn 0.127339 -0.975631 0.178689
vn 0.130504 -0.974964 0.180036
vn 0.130508 -0.974964 0.180038
vn 0.130645 -0.97493 0.180119
vn 0.13921 -0.974944 0.173507
vn 0.113038 -0.979083 0.169173
vn 0.085707 -0.984495 0.153048
vn 0.14414 -0.975393 0.166829
vn 0.149601 -0.975412 0.161838
vn 0.144137 -0.975392 0.166839
vn 0.144166 -0.975392 0.166814
vn 0.147468 -0.975028 0.166056
vn 0.147463 -0.975028 0.166056
vn 0.154231 -0.97334 0.169768
vn 0.151104 -0.976562 0.153277
vn 0.183182 -0.962899 0.198166
vn 0.154172 -0.973358 0.16972
vn 0.154213 -0.973345 0.169758
vn 0.168232 -0.97386 0.152627
vn 0.151152 -0.976542 0.153361
vn 0.166437 -0.973005 0.159876
vn 0.189595 -0.966094 0.175261
vn 0.193894 -0.964468 0.17946
vn 0.16822 -0.973864 0.152613
vn 0.169261 -0.97509 0.143353
vn 0.165204 -0.975267 0.146839
vn 0.165217 -0.975261 0.146865
vn 0.165994 -0.977406 0.130855
vn 0.169742 -0.974448 0.147099
vn 0.169259 -0.975089 0.143361
vn 0.170244 -0.975309 0.140676
vn 0.170244 -0.975309 0.140674
vn 0.171828 -0.97537 0.138306
vn 0.171876 -0.975371 0.138235
vn 0.177784 -0.975434 0.130085
vn 0.177839 -0.975434 0.130009
vn 0.167826 -0.975619 0.141426
vn 0.167816 -0.97562 0.141436
vn 0.166459 -0.975674 0.142657
vn 0.166456 -0.975674 0.14266
vn 0.163799 -0.975933 0.14396
vn 0.163798 -0.975933 0.143961
vn 0.158513 -0.976811 0.143925
vn 0.1586 -0.976796 0.143928
vn 0.159791 -0.976543 0.144325
vn 0.159459 -0.97633 0.146124
vn 0.157462 -0.975437 0.154042
vn 0.146727 -0.97609 0.160374
vn 0.157441 -0.975437 0.154059
vn 0.151228 -0.976077 0.156214
vn 0.146664 -0.976752 0.156351
vn 0.144961 -0.977734 0.15173
vn 0.146727 -0.976091 0.160369
vn 0.145378 -0.975635 0.164324
vn 0.145404 -0.975642 0.164255
vn 0.145389 -0.975642 0.164271
vn -0.153968 -0.975607 0.156474
vn -0.147248 -0.975877 0.161187
vn -0.151975 -0.976183 0.154826
vn -0.173004 -0.967771 0.183002
vn -0.153812 -0.97349 0.169289
vn -0.180258 -0.964096 0.195001
vn -0.15412 -0.973396 0.169547
vn -0.153946 -0.973454 0.169378
vn -0.147591 -0.975124 0.16538
vn -0.14759 -0.975124 0.16538
vn -0.130891 -0.977395 0.166034
vn -0.142908 -0.974112 0.175165
vn -0.142886 -0.974118 0.175152
vn -0.105606 -0.981767 0.158053
vn -0.138171 -0.9746 0.176251
vn -0.138164 -0.974601 0.176248
vn -0.13511 -0.975193 0.175338
vn -0.135051 -0.975204 0.175321
vn -0.134234 -0.97576 0.172837
vn -0.134228 -0.975756 0.172866
vn -0.134688 -0.976201 0.169973
vn -0.134688 -0.976202 0.169969
vn -0.134571 -0.976843 0.16634
vn -0.135525 -0.974852 0.176907
vn -0.143345 -0.975714 0.165633
vn -0.144403 -0.976095 0.162439
vn -0.144442 -0.97611 0.162312
vn -0.144442 -0.976111 0.162309
vn -0.143443 -0.977329 0.155733
vn -0.14418 -0.976885 0.157824
vn -0.146567 -0.976611 0.157318
vn -0.151991 -0.976183 0.15481
vn -0.14916 -0.975558 0.161364
vn -0.172984 -0.967773 0.183006
vn -0.172995 -0.967771 0.183011
vn 0.173104 -0.975592 -0.135112
vn 0.157244 -0.975605 -0.153195
vn 0.16019 -0.975884 -0.148292
vn 0.15011 -0.978172 -0.143687
vn 0.159633 -0.976294 -0.146173
vn 0.159537 -0.976314 -0.146148
vn 0.159462 -0.976325 -0.146158
vn 0.1801 -0.973256 -0.142608
vn 0.162759 -0.977214 -0.136244
vn 0.162751 -0.977215 -0.136242
vn 0.167288 -0.976373 -0.136787
vn 0.167288 -0.976373 -0.136787
vn 0.170066 -0.975945 -0.136412
vn 0.17008 -0.975943 -0.136409
vn 0.173105 -0.975586 -0.135153
vn 0.17318 -0.975202 -0.137806
vn 0.173177 -0.975205 -0.137786
vn 0.173834 -0.974717 -0.14039
vn 0.165263 -0.975493 -0.145264
vn 0.169381 -0.976463 -0.133529
vn 0.175908 -0.973769 -0.144324
vn 0.173826 -0.974721 -0.140368
vn 0.165948 -0.974796 -0.149113
vn 0.165937 -0.974806 -0.149061
vn 0.165915 -0.974814 -0.149028
vn 0.17394 -0.971798 -0.159229
vn 0.173962 -0.97179 -0.159253
vn 0.215257 -0.956071 -0.198981
vn 0.156157 -0.975635 -0.154113
vn 0.156378 -0.97558 -0.154236
vn 0.199671 -0.975529 -0.092054
vn 0.191834 -0.975626 -0.106555
vn 0.191709 -0.975562 -0.107362
vn 0.182609 -0.975585 -0.122015
vn 0.182466 -0.975599 -0.122116
vn 0.172594 -0.97555 -0.136064
vn 0.173078 -0.975556 -0.135404
vn 0.173113 -0.975597 -0.135068
vn 0.215526 -0.975746 -0.038313
vn 0.218751 -0.975437 -0.025891
vn 0.219472 -0.975403 -0.020504
vn 0.199119 -0.975667 -0.091795
vn 0.206399 -0.975501 -0.076145
vn 0.206479 -0.975695 -0.073382
vn 0.211843 -0.975476 -0.059746
vn 0.212892 -0.97545 -0.056338
vn 0.210616 -0.975763 -0.0594
vn 0.21597 -0.975455 -0.042959
vn 0.216074 -0.975792 0.0338
vn 0.216824 -0.975873 -0.025663
vn 0.220167 -0.975424 -0.00865
vn 0.21875 -0.975778 -0.00227
vn 0.220209 -0.975414 0.008652
vn 0.219974 -0.975375 0.015953
vn 0.217611 -0.975998 0.00855
vn 0.218876 -0.975409 0.025906
vn 0.216176 -0.975407 0.043
vn 0.216177 -0.975407 0.043
vn 0.212541 -0.975791 0.051549
vn 0.212127 -0.975409 0.059826
vn 0.207572 -0.975787 0.068952
vn 0.206754 -0.975415 0.076276
vn 0.206754 -0.975415 0.076276
vn 0.201199 -0.975777 0.085894
vn 0.200093 -0.975425 0.092244
vn 0.193464 -0.975763 0.102265
vn 0.179683 -0.975423 0.12753
vn 0.175898 -0.97544 0.132575
vn 0.172846 -0.975478 0.136261
vn 0.174117 -0.975721 0.132862
vn 0.183083 -0.975456 0.122332
vn 0.184418 -0.975744 0.117955
vn 0.192185 -0.975439 0.107629
vn 0.192185 -0.975439 0.107629
vn 0.055612 -0.975734 0.211779
vn 0.042965 -0.975446 0.216006
vn 0.038158 -0.975414 0.21705
vn 0.107187 -0.975643 0.191396
vn 0.092075 -0.975516 0.199727
vn 0.089854 -0.975678 0.199946
vn 0.076162 -0.975489 0.206448
vn 0.073327 -0.975466 0.207578
vn 0.075784 -0.975735 0.205423
vn 0.059759 -0.975466 0.211886
vn -0.016235 -0.97579 0.218107
vn 0.042624 -0.975841 0.214282
vn 0.025894 -0.975431 0.218779
vn 0.019937 -0.975771 0.217883
vn 0.008651 -0.975419 0.220188
vn 0.001869 -0.975381 0.220518
vn 0.008557 -0.975962 0.217771
vn -0.008653 -0.975411 0.220222
vn -0.025907 -0.975407 0.218882
vn -0.025905 -0.975407 0.218882
vn -0.03421 -0.975792 0.216007
vn -0.043 -0.975407 0.216174
vn -0.051954 -0.97579 0.21245
vn -0.059823 -0.975411 0.212118
vn -0.059825 -0.975411 0.212117
vn -0.069352 -0.975783 0.207456
vn -0.07627 -0.975419 0.206738
vn -0.086288 -0.975771 0.201059
vn -0.135048 -0.975205 0.175321
vn -0.133534 -0.975443 0.175159
vn -0.12231 -0.975466 0.183049
vn -0.11833 -0.975734 0.18423
vn -0.107612 -0.975446 0.192157
vn -0.102649 -0.975755 0.193301
vn -0.092233 -0.975431 0.20007
vn -0.092234 -0.975431 0.20007
vn -0.036941 -0.998499 0.040438
vn -0.036942 -0.998499 0.040438
vn -0.036942 -0.998499 0.040438
vn -0.033303 -0.998499 0.043473
vn -0.033303 -0.998499 0.043472
vn -0.021597 -0.998499 0.050323
vn -0.033304 -0.998499 0.043473
vn -0.029595 -0.998499 0.046078
vn -0.029595 -0.998499 0.046077
vn -0.025703 -0.998499 0.048355
vn -0.025685 -0.998499 0.048367
vn -0.025684 -0.998499 0.048366
vn -0.021597 -0.998499 0.050324
vn -0.021597 -0.9985 0.050322
vn -0.017362 -0.9985 0.051936
vn -0.017363 -0.998499 0.051938
vn -0.013008 -0.998499 0.053196
vn -0.013009 -0.998499 0.053194
vn -0.013009 -0.998499 0.053195
vn -0.008566 -0.998499 0.054088
vn -0.008567 -0.998499 0.054091
vn -0.008566 -0.998499 0.05409
vn -0.004065 -0.998499 0.054613
vn -0.004065 -0.998499 0.054611
vn 0.000463 -0.998499 0.05476
vn 0.000464 -0.998499 0.054762
vn 0.000464 -0.998499 0.054762
vn 0.00499 -0.998499 0.054536
vn 0.00499 -0.998499 0.054536
vn 0.004991 -0.998499 0.054534
vn 0.009482 -0.998499 0.053935
vn 0.009482 -0.998499 0.053937
vn 0.01391 -0.998499 0.052968
vn 0.013909 -0.998499 0.052966
vn 0.013909 -0.998499 0.052968
vn 0.018241 -0.998499 0.051637
vn 0.01824 -0.9985 0.051634
vn 0.01824 -0.9985 0.051633
vn 0.022446 -0.9985 0.049949
vn 0.022447 -0.998499 0.04995
vn 0.026499 -0.998499 0.047923
vn 0.0265 -0.998499 0.047924
vn 0.0265 -0.998499 0.047923
vn 0.030372 -0.998499 0.045568
vn 0.030372 -0.998499 0.045569
vn 0.030373 -0.998499 0.045568
vn 0.034036 -0.998499 0.042902
vn 0.034035 -0.998499 0.042901
vn 0.037465 -0.998499 0.03994
vn 0.037466 -0.998499 0.03994
vn 0.046133 -0.998499 0.029507
vn 0.037466 -0.998499 0.039941
vn 0.04064 -0.998499 0.036707
vn 0.04064 -0.998499 0.036706
vn 0.043536 -0.998499 0.03322
vn 0.043535 -0.998499 0.03322
vn 0.043536 -0.998499 0.033221
vn 0.046133 -0.998499 0.029507
vn 0.046134 -0.998499 0.029508
vn 0.048416 -0.998499 0.025592
vn 0.048415 -0.998499 0.025592
vn 0.050365 -0.998499 0.021501
vn 0.050365 -0.998499 0.021501
vn 0.050365 -0.998499 0.021502
vn 0.051971 -0.998499 0.017264
vn 0.05197 -0.998499 0.017264
vn 0.051971 -0.998499 0.017264
vn 0.05322 -0.998499 0.012908
vn 0.05322 -0.998499 0.012908
vn 0.054105 -0.998499 0.008463
vn 0.054105 -0.998499 0.008463
vn 0.054105 -0.998499 0.008463
vn 0.054619 -0.998499 0.003961
vn 0.05462 -0.998499 0.003961
vn 0.054619 -0.998499 0.003961
vn 0.05476 -0.998499 -0.000568
vn 0.05476 -0.998499 -0.000568
vn 0.054525 -0.998499 -0.005094
vn 0.054525 -0.998499 -0.005094
vn 0.054525 -0.998499 -0.005094
vn 0.053917 -0.998499 -0.009585
vn 0.053918 -0.998499 -0.009585
vn 0.053918 -0.998499 -0.009585
vn 0.052941 -0.998499 -0.01401
vn 0.052941 -0.998499 -0.01401
vn 0.051601 -0.998499 -0.018339
vn 0.051601 -0.998499 -0.018339
vn 0.051601 -0.998499 -0.018339
vn 0.049908 -0.998499 -0.022542
vn 0.049908 -0.998499 -0.022542
vn 0.049907 -0.998499 -0.022544
vn 0.047874 -0.998499 -0.026592
vn 0.047874 -0.998499 -0.026592
vn 0.045511 -0.998499 -0.030459
vn 0.045511 -0.998499 -0.030458
vn 0.040182 -0.9985 -0.037197
vn 0.040182 -0.9985 -0.037197
vn 0.040182 -0.9985 -0.037198
vn 0.042928 -0.9985 -0.033992
vn 0.042928 -0.9985 -0.033992
vn 0.045511 -0.998499 -0.030458
vn 0.423546 -0.901949 -0.084248
vn 0.117222 -0.901947 0.415633
vn -0.661731 -0.222846 0.715857
vn -0.293136 -0.901946 0.31712
vn -0.293137 -0.901948 0.317113
vn -0.530209 -0.624412 0.573575
vn -0.293134 -0.90195 0.31711
vn -0.26735 -0.90195 0.339132
vn -0.267353 -0.901947 0.339138
vn -0.239919 -0.901946 0.35907
vn -0.239919 -0.901948 0.359065
vn -0.239922 -0.901947 0.359067
vn -0.211009 -0.901947 0.376785
vn -0.211005 -0.901952 0.376774
vn -0.180791 -0.901953 0.392169
vn -0.180791 -0.901952 0.392169
vn -0.180796 -0.901949 0.392175
vn -0.149468 -0.901949 0.405151
vn -0.149468 -0.90195 0.40515
vn -0.117222 -0.90195 0.415627
vn -0.117222 -0.901946 0.415636
vn -0.11722 -0.901947 0.415634
vn -0.08425 -0.901947 0.42355
vn -0.08425 -0.901949 0.423545
vn -0.050755 -0.901949 0.42885
vn -0.050756 -0.901951 0.428844
vn -0.050759 -0.901948 0.428852
vn -0.016955 -0.901947 0.431513
vn 0.016956 -0.901951 0.431505
vn 0.016955 -0.901946 0.431516
vn -0.016955 -0.901946 0.431516
vn 0.016953 -0.901947 0.431513
vn 0.050757 -0.901948 0.428852
vn 0.050756 -0.901949 0.42885
vn 0.08425 -0.901949 0.423545
vn 0.08425 -0.901949 0.423544
vn 0.084248 -0.901947 0.42355
vn 0.149468 -0.901949 0.40515
vn 0.149468 -0.90195 0.40515
vn 0.117219 -0.90195 0.415628
vn 0.149467 -0.901949 0.405152
vn 0.180795 -0.901949 0.392175
vn 0.180798 -0.901947 0.392179
vn 0.211009 -0.901947 0.376785
vn 0.211008 -0.901948 0.376783
vn 0.211002 -0.901947 0.376789
vn 0.239922 -0.901947 0.359067
vn 0.239916 -0.901952 0.359059
vn 0.267348 -0.901951 0.339129
vn 0.26735 -0.90195 0.339131
vn 0.293133 -0.90195 0.317111
vn 0.293133 -0.90195 0.317111
vn 0.293132 -0.901951 0.317109
vn 0.317109 -0.90195 0.293133
vn 0.317118 -0.901946 0.293139
vn 0.339142 -0.901946 0.267351
vn 0.339133 -0.901949 0.267352
vn 0.339136 -0.901947 0.267355
vn 0.359068 -0.901947 0.239921
vn 0.359067 -0.901947 0.239921
vn 0.376784 -0.901947 0.211008
vn 0.376782 -0.901948 0.211008
vn 0.376782 -0.901949 0.211008
vn 0.392176 -0.901949 0.180795
vn 0.392175 -0.901949 0.180795
vn 0.40515 -0.901949 0.149468
vn 0.40515 -0.901949 0.149468
vn 0.405151 -0.901949 0.149468
vn 0.415628 -0.901949 0.117219
vn 0.415631 -0.901948 0.11722
vn 0.423547 -0.901948 0.084248
vn 0.423544 -0.901949 0.084249
vn 0.423544 -0.901949 0.084249
vn 0.428849 -0.901949 0.050758
vn 0.431509 -0.901949 0.016954
vn 0.43151 -0.901949 0.016954
vn 0.428849 -0.901949 0.050758
vn 0.431509 -0.901949 0.016954
vn 0.431509 -0.901949 -0.016954
vn 0.431509 -0.901949 -0.016954
vn 0.428849 -0.901949 -0.050758
vn 0.428849 -0.901949 -0.050758
vn 0.42885 -0.901949 -0.050757
vn 0.41563 -0.901949 -0.11722
vn 0.415631 -0.901948 -0.11722
vn 0.423547 -0.901948 -0.084249
vn 0.415628 -0.901949 -0.11722
vn 0.40515 -0.901949 -0.149468
vn 0.405148 -0.90195 -0.149467
vn 0.392172 -0.901951 -0.180794
vn 0.392175 -0.901949 -0.180796
vn 0.39217 -0.90195 -0.180801
vn 0.376779 -0.90195 -0.211006
vn 0.376784 -0.901947 -0.211009
vn 0.359067 -0.901947 -0.239921
vn 0.359065 -0.901949 -0.239919
vn 0.339132 -0.901949 -0.267354
vn 0.339133 -0.901949 -0.267351
vn 0.339135 -0.901948 -0.267353
vn 0.317114 -0.901948 -0.293137
vn 0.317113 -0.901948 -0.293136
vn -0.530213 -0.624403 0.573581
vn -0.483574 -0.624403 0.613414
vn -0.483574 -0.624402 0.613415
vn -0.433957 -0.624402 0.649464
vn -0.433956 -0.624407 0.64946
vn -0.381663 -0.624408 0.681504
vn -0.381665 -0.6244 0.68151
vn -0.327015 -0.6244 0.709356
vn -0.327014 -0.624405 0.709352
vn -0.270352 -0.624405 0.732822
vn -0.270352 -0.624402 0.732825
vn -0.212023 -0.624402 0.751777
vn -0.212023 -0.62441 0.75177
vn -0.152387 -0.624411 0.766087
vn -0.152386 -0.624402 0.766095
vn -0.091806 -0.624402 0.775689
vn -0.091807 -0.62441 0.775682
vn -0.030667 -0.62441 0.780494
vn -0.030665 -0.624397 0.780505
vn 0.030667 -0.624397 0.780505
vn 0.030664 -0.62441 0.780494
vn 0.091805 -0.62441 0.775683
vn 0.091808 -0.624402 0.775689
vn 0.152388 -0.624402 0.766094
vn 0.152385 -0.624411 0.766088
vn 0.212022 -0.62441 0.75177
vn 0.212025 -0.624402 0.751776
vn 0.270353 -0.624402 0.732824
vn 0.270351 -0.624405 0.732822
vn 0.327017 -0.624405 0.709351
vn 0.32701 -0.624419 0.709342
vn 0.381656 -0.624418 0.681499
vn 0.381662 -0.624407 0.681505
vn 0.433955 -0.624407 0.64946
vn 0.433958 -0.624402 0.649463
vn 0.483577 -0.624402 0.613413
vn 0.483576 -0.624403 0.613413
vn 0.530212 -0.624403 0.573582
vn 0.530216 -0.624397 0.573585
vn 0.573586 -0.624397 0.530215
vn 0.573573 -0.624415 0.530207
vn 0.613406 -0.624414 0.48357
vn 0.613416 -0.6244 0.483575
vn 0.649465 -0.6244 0.433958
vn 0.649458 -0.624409 0.433956
vn 0.681504 -0.624409 0.381661
vn 0.681506 -0.624406 0.381662
vn 0.709351 -0.624406 0.327015
vn 0.709355 -0.624401 0.327015
vn 0.732825 -0.624401 0.270353
vn 0.732824 -0.624402 0.270353
vn 0.751777 -0.624402 0.212022
vn 0.751773 -0.624407 0.212022
vn 0.766091 -0.624407 0.152386
vn 0.766095 -0.624401 0.152386
vn 0.77569 -0.624401 0.091809
vn 0.775691 -0.6244 0.091809
vn 0.780503 -0.6244 0.030666
vn 0.780501 -0.624402 0.030666
vn 0.780501 -0.624402 -0.030666
vn 0.780502 -0.6244 -0.030666
vn 0.775691 -0.6244 -0.091809
vn 0.775689 -0.624402 -0.091809
vn 0.766094 -0.624403 -0.152386
vn 0.766091 -0.624406 -0.152385
vn 0.751773 -0.624407 -0.212021
vn 0.751777 -0.624402 -0.212023
vn 0.732824 -0.624402 -0.270353
vn 0.732825 -0.624401 -0.270353
vn 0.709354 -0.624401 -0.327018
vn 0.70935 -0.624406 -0.327015
vn 0.681506 -0.624406 -0.381662
vn 0.681505 -0.624409 -0.381661
vn 0.649459 -0.624409 -0.433954
vn 0.649464 -0.6244 -0.433959
vn 0.613414 -0.6244 -0.483577
vn 0.613411 -0.624408 -0.483573
vn 0.573578 -0.624408 -0.53021
vn 0.57358 -0.624404 -0.530212
vn -0.661731 -0.222852 0.715856
vn -0.603523 -0.222851 0.76557
vn -0.603523 -0.222864 0.765567
vn -0.541598 -0.222864 0.810557
vn -0.541598 -0.222857 0.810559
vn -0.476334 -0.222857 0.850553
vn -0.476334 -0.222853 0.850554
vn -0.40813 -0.222853 0.885306
vn -0.40813 -0.222868 0.885302
vn -0.337411 -0.222869 0.914595
vn -0.337412 -0.222886 0.91459
vn -0.264615 -0.222887 0.938243
vn -0.264611 -0.222848 0.938254
vn -0.190185 -0.222847 0.956122
vn -0.190185 -0.222839 0.956124
vn -0.114581 -0.222839 0.968098
vn -0.114582 -0.222851 0.968095
vn -0.038271 -0.222851 0.974101
vn -0.038273 -0.222865 0.974098
vn 0.038271 -0.222865 0.974098
vn 0.038273 -0.222851 0.974101
vn 0.11458 -0.222851 0.968095
vn 0.114582 -0.222839 0.968098
vn 0.190186 -0.222839 0.956123
vn 0.190184 -0.222847 0.956122
vn 0.264617 -0.222848 0.938252
vn 0.264615 -0.222856 0.93825
vn 0.337412 -0.222856 0.914597
vn 0.337409 -0.222869 0.914595
vn 0.408129 -0.222868 0.885303
vn 0.408132 -0.222853 0.885305
vn 0.476334 -0.222853 0.850554
vn 0.476333 -0.222857 0.850553
vn 0.541599 -0.222857 0.810559
vn 0.541597 -0.222864 0.810558
vn 0.603524 -0.222864 0.765565
vn 0.603521 -0.222876 0.765564
vn 0.661727 -0.222875 0.715852
vn 0.661728 -0.22287 0.715852
vn 0.715852 -0.222869 0.661729
vn 0.715858 -0.222847 0.66173
vn 0.76557 -0.222848 0.603523
vn 0.765566 -0.222864 0.603523
vn 0.810557 -0.222864 0.541599
vn 0.810559 -0.222855 0.541599
vn 0.850554 -0.222855 0.476333
vn 0.850552 -0.222864 0.476333
vn 0.885304 -0.222864 0.408129
vn 0.885303 -0.222865 0.408129
vn 0.914595 -0.222865 0.337412
vn 0.914595 -0.222865 0.337412
vn 0.938249 -0.222865 0.264614
vn 0.938249 -0.222863 0.264614
vn 0.956118 -0.222863 0.190183
vn 0.956118 -0.222864 0.190183
vn 0.968093 -0.222863 0.114581
vn 0.968093 -0.22286 0.114581
vn 0.974099 -0.222859 0.038273
vn 0.9741 -0.222857 0.038273
vn 0.9741 -0.222857 -0.038273
vn 0.974099 -0.222859 -0.038273
vn 0.968093 -0.22286 -0.114581
vn 0.968093 -0.222863 -0.114581
vn 0.956118 -0.222864 -0.190183
vn 0.956118 -0.222863 -0.190183
vn 0.938249 -0.222863 -0.264614
vn 0.938249 -0.222865 -0.264614
vn 0.914595 -0.222865 -0.337412
vn 0.914596 -0.222859 -0.337413
vn 0.885304 -0.222859 -0.408131
vn 0.885304 -0.222857 -0.408132
vn 0.850554 -0.222856 -0.476333
vn 0.850554 -0.222855 -0.476333
vn 0.810559 -0.222855 -0.5416
vn 0.810558 -0.222864 -0.541598
vn 0.765567 -0.222864 -0.603522
vn 0.765567 -0.222858 -0.603524
vn 0.715855 -0.222858 -0.66173
vn 0.715855 -0.222858 -0.66173
vn -0.732426 0.0 0.680846
vn -0.732426 0.0 0.680846
vn -0.866025 0.0 0.5
vn -0.866025 0.0 0.5
vn -1.0 0.0 0.0
vn -1.0 0.0 0.0
vn -0.866025 0.0 -0.5
vn -0.866025 0.0 -0.5
vn 0.681604 -0.463748 -0.565998
vn 0.750958 0.0 -0.66035
vn 0.887191 0.122279 -0.444904
vn 0.754046 -0.504989 -0.420001
vn 0.795854 0.28088 -0.536398
vn 0.795854 0.28088 -0.536399
vn 0.887188 0.122279 -0.44491
vn 0.932603 -0.154144 -0.326331
vn 0.871374 -0.394222 -0.292056
vn 0.946936 0.251443 -0.200222
vn 0.946936 0.251443 -0.20022
vn 0.844078 -0.523134 -0.117744
vn 0.958158 -0.282503 0.046109
vn 0.946745 -0.318995 0.043771
vn 0.974808 0.208852 -0.078291
vn 0.974808 0.208852 -0.078292
vn 0.966469 0.190497 0.172187
vn 0.966469 0.190497 0.17219
vn 0.831131 -0.520585 0.19548
vn 0.901973 -0.113193 0.416692
vn 0.832443 -0.414654 0.367559
vn 0.920754 0.261636 0.289411
vn 0.920754 0.261636 0.289411
vn 0.842883 0.095066 0.529633
vn 0.84289 0.095066 0.529622
vn 0.715892 -0.497 0.490398
vn 0.683689 0.033845 0.728989
vn 0.621685 -0.476462 0.621685
vn 0.740055 0.283585 0.609834
vn 0.740056 0.283585 0.609833
vn 0.683683 0.033844 0.728993
vn 0.584811 -0.035913 0.810374
vn 0.504884 -0.449293 0.73704
vn 0.356433 0.14726 0.922643
vn 0.347069 -0.51156 0.786034
vn 0.458132 0.276308 0.844848
vn 0.458132 0.276308 0.844848
vn 0.356435 0.14726 0.922642
vn 0.233489 -0.19622 0.952355
vn 0.212558 -0.371569 0.903745
vn 0.108713 0.239269 0.964848
vn 0.108713 0.239269 0.964848
vn 0.039323 -0.524421 0.850551
vn -0.139584 -0.239155 0.960896
vn -0.129595 -0.346535 0.929042
vn -0.015622 0.225068 0.974218
vn -0.015616 0.225068 0.974218
vn -0.265211 0.169975 0.94909
vn -0.265209 0.169975 0.949091
vn -0.272074 -0.516738 0.811762
vn -0.503247 -0.07371 0.860993
vn -0.438632 -0.432962 0.787493
vn -0.375594 0.269934 0.886603
vn -0.375596 0.269934 0.886602
vn -0.60956 0.065546 0.790025
vn -0.609565 0.065545 0.790022
vn -0.557785 -0.487519 0.671715
vn -0.684079 0.0 0.729407
vn -0.530665 0.556777 0.639057
vn -0.659346 0.0 0.751839
vn -0.430403 -0.230257 0.872774
vn -0.382079 0.61925 0.685963
vn -0.516825 -0.366915 0.773477
vn -0.516819 -0.366914 0.773481
vn -0.10759 0.627321 0.771293
vn -0.430399 -0.230256 0.872777
vn -0.30453 0.320083 0.897111
vn -0.289745 0.410753 0.864482
vn -0.187208 -0.281204 0.941211
vn -0.187221 -0.281204 0.941208
vn 0.065068 0.1009 0.992766
vn 0.039457 0.519673 0.853454
vn -0.061299 -0.348544 0.935286
vn -0.061301 -0.348544 0.935286
vn 0.194301 -0.089736 0.976829
vn 0.194303 -0.089736 0.976828
vn 0.185712 0.58485 0.789596
vn 0.436106 -0.166645 0.884331
vn 0.321516 0.605313 0.728165
vn 0.297861 -0.375927 0.877472
vn 0.297865 -0.375927 0.877471
vn 0.549153 0.62997 0.549153
vn 0.436102 -0.166645 0.884333
vn 0.543267 0.209284 0.813057
vn 0.498307 0.471723 0.727439
vn 0.624618 -0.320241 0.712249
vn 0.624622 -0.320241 0.712245
vn 0.813059 0.209273 0.543268
vn 0.727434 0.471735 0.498304
vn 0.71224 -0.320264 0.624617
vn 0.71224 -0.320264 0.624616
vn 0.884331 -0.166635 0.436109
vn 0.884333 -0.166635 0.436105
vn 0.728179 0.605292 0.321523
vn 0.976825 -0.089772 0.194303
vn 0.789625 0.584809 0.185718
vn 0.877461 -0.375957 0.297856
vn 0.877461 -0.375957 0.297858
vn 0.976824 -0.089772 0.194311
vn 0.992769 0.100876 0.06507
vn 0.853453 0.519674 0.039458
vn 0.935276 -0.34857 -0.061302
vn 0.935276 -0.34857 -0.061301
vn 0.771302 0.62731 -0.107592
vn 0.89711 0.320088 -0.304528
vn 0.864489 0.410737 -0.289748
vn 0.941219 -0.281167 -0.187221
vn 0.941219 -0.281167 -0.18722
vn 0.872768 -0.230282 -0.430402
vn 0.872769 -0.230283 -0.430401
vn 0.685985 0.619219 -0.382091
vn 0.75184 0.0 -0.659346
vn 0.639068 0.556755 -0.530675
vn 0.773471 -0.36694 -0.516815
vn 0.77347 -0.366941 -0.516816
vn -0.664938 0.0 0.746899
vn -0.934997 0.011105 0.35448
vn -0.980716 0.014918 -0.194868
vn 0.263957 0.008326 -0.964499
vn 0.499796 -0.028464 -0.865675
vn 0.505195 -0.02567 -0.862624
vn 0.505195 -0.02567 -0.862624
vn 0.0 0.01224 -0.999925
vn -0.226277 -0.14031 -0.963905
vn -0.22629 -0.140317 -0.9639
vn 0.017873 -0.024996 -0.999528
vn 0.017873 -0.024996 -0.999528
vn 0.263943 0.008326 -0.964502
vn 0.263977 0.008326 -0.964493
vn -0.500787 -0.036172 -0.864814
vn -0.499686 -0.035407 -0.865483
vn -0.500805 -0.036181 -0.864804
vn -0.260533 0.012676 -0.965382
vn -0.260583 0.012669 -0.965368
vn -0.980715 0.014918 -0.194872
vn -0.881468 -0.027008 -0.47147
vn -0.865584 -0.03196 -0.499743
vn -0.877836 -0.053063 -0.476013
vn -0.877837 -0.053064 -0.47601
vn -0.721934 0.014231 -0.691816
vn -0.721849 0.014233 -0.691904
vn -0.721937 0.014233 -0.691812
vn -0.934995 0.011105 0.354486
vn -0.996777 -0.0148 0.07884
vn -0.999044 -0.043725 -0.0
vn -0.993423 -0.092618 0.067325
vn -0.980716 0.014918 -0.194867
vn -0.799729 0.0 0.600361
vn -0.799719 2e-06 0.600374
vn -0.863713 -0.073031 0.498664
vn -0.794304 -0.14142 0.590831
vn -0.934999 0.011106 0.354476
vn -0.266378 0.015896 0.963737
vn -0.266343 0.0159 0.963747
vn -0.50074 -0.0574 0.863692
vn -0.499206 -0.05631 0.864652
vn -0.500921 -0.055142 0.863735
vn -0.664957 3e-06 0.746881
vn 0.26557 0.018905 0.963906
vn -0.000942 -0.050795 0.998709
vn 0.0 -0.050108 0.998744
vn -0.001098 -0.049708 0.998763
vn -0.266348 0.015896 0.963746
vn 0.737083 0.013463 0.675668
vn 0.529396 -0.026857 0.84795
vn 0.529408 -0.026852 0.847942
vn 0.298432 -0.185845 0.936162
vn 0.499884 -0.021766 0.865819
vn 0.264283 0.018563 0.964266
vn 0.264284 0.018563 0.964266
vn 0.894544 -0.015955 0.446695
vn 0.89455 -0.015953 0.446682
vn 0.894543 -0.015961 0.446698
vn 0.865139 -0.045212 0.499489
vn 0.737078 0.013465 0.675673
vn 0.737173 0.013465 0.67557
vn 0.996327 -0.00728 -0.085318
vn 0.935197 0.005599 -0.354084
vn 0.996327 -0.00728 -0.085319
vn 0.979724 -0.105271 0.170467
vn 0.999828 -0.018551 0.0
vn 0.980766 0.009918 0.194937
vn 0.980764 0.009918 0.194947
vn 0.664513 2e-06 -0.747277
vn 0.664494 0.0 -0.747293
vn 0.799521 0.0 -0.600638
vn 0.799527 -1e-06 -0.60063
vn 0.799467 3.1e-05 -0.600709
vn 0.86539 -0.038281 -0.499635
vn 0.935199 0.005599 -0.354077
vn 0.935196 0.005599 -0.354085
vn 0.934988 0.011098 -0.354505
vn 0.980713 0.014939 0.194881
vn 0.721818 0.014229 0.691937
vn 0.665008 0.0 -0.746836
vn 0.266566 0.015874 -0.963686
vn 0.266532 0.015876 -0.963695
vn 0.500856 -0.057481 -0.86362
vn 0.499204 -0.056394 -0.864648
vn 0.501028 -0.055069 -0.863677
vn 0.664964 -9e-06 -0.746876
vn -0.264109 0.018575 -0.964314
vn 0.001168 -0.050916 -0.998702
vn 0.0 -0.050116 -0.998743
vn 0.001391 -0.049557 -0.99877
vn 0.266563 0.015874 -0.963687
vn -0.737039 0.013475 -0.675716
vn -0.529319 -0.026888 -0.847997
vn -0.529292 -0.026899 -0.848013
vn -0.298353 -0.185917 -0.936173
vn -0.499778 -0.029734 -0.865643
vn -0.264078 0.018581 -0.964322
vn -0.264134 0.018581 -0.964307
vn -0.894587 -0.015939 -0.44661
vn -0.894548 -0.015948 -0.446688
vn -0.894552 -0.015944 -0.44668
vn -0.865139 -0.045208 -0.49949
vn -0.73704 0.013475 -0.675715
vn -0.737049 0.013475 -0.675705
vn -0.996337 -0.007301 0.085204
vn -0.935229 0.005613 0.353998
vn -0.996337 -0.007302 0.0852
vn -0.979713 -0.105311 -0.170507
vn -0.999741 -0.022741 -0.0
vn -0.980754 0.009909 -0.194995
vn -0.980756 0.009909 -0.194988
vn -0.799575 -1.3e-05 0.600567
vn -0.799571 -1.2e-05 0.600571
vn -0.799583 -1.8e-05 0.600555
vn -0.86539 -0.038279 0.499635
vn -0.935231 0.005612 0.353994
vn -0.935237 0.005613 0.353977
vn -0.664522 3e-06 0.747269
vn -0.664529 3e-06 0.747263
vn -0.263562 0.008388 0.964606
vn -0.499796 -0.028467 0.865675
vn -0.505217 -0.025662 0.862611
vn -0.50522 -0.02566 0.862609
vn -0.017071 -0.025235 0.999536
vn -0.017061 -0.025237 0.999536
vn -0.263561 0.008391 0.964606
vn -0.263511 0.008391 0.96462
vn 0.261382 0.012676 0.965152
vn 0.261418 0.012672 0.965143
vn 0.0 0.01224 0.999925
vn 0.226968 -0.140776 0.963674
vn 0.227143 -0.140859 0.963621
vn 0.721937 0.014229 0.691812
vn 0.721803 0.014226 0.691952
vn 0.499686 -0.035425 0.865482
vn 0.501089 -0.0364 0.86463
vn 0.50108 -0.036396 0.864635
vn 0.980714 0.014939 0.194878
vn 0.881409 -0.027045 0.47158
vn 0.865553 -0.033005 0.499728
vn 0.877778 -0.05298 0.47613
vn 0.877779 -0.052981 0.476127
vn 0.934997 0.011098 -0.354481
vn 0.996774 -0.014786 -0.078883
vn 0.998909 -0.046707 0.0
vn 0.993418 -0.092645 -0.067359
vn 0.980714 0.014939 0.194879
vn 0.799721 0.0 -0.600372
vn 0.799722 -0.0 -0.600371
vn 0.863388 -0.077963 -0.49848
vn 0.794305 -0.141416 -0.59083
vn 0.934993 0.011098 -0.354492
vn 0.951078 0.012611 -0.308695
vn 0.951093 0.012624 -0.308646
vn 0.719231 -6e-06 -0.694771
vn 0.744968 -0.001983 -0.667097
vn 0.865754 -0.025135 -0.499839
vn 0.839966 -0.056779 -0.53966
vn 0.839943 -0.056802 -0.539693
vn 0.325218 0.012028 -0.945563
vn 0.566914 -0.013112 -0.823673
vn 0.687894 0.0 -0.725811
vn 0.71907 0.0 -0.694938
vn 0.499817 -0.026986 -0.865711
vn 0.351657 -0.142136 -0.925275
vn 0.566937 -0.013103 -0.823657
vn 0.062821 -0.02 -0.997824
vn 0.062816 -0.020001 -0.997825
vn 0.325237 0.012028 -0.945556
vn -0.683252 0.022165 -0.729846
vn -0.463256 -0.037312 -0.885439
vn -0.499125 -0.059115 -0.864511
vn -0.458742 -0.089245 -0.884077
vn -0.683274 0.022171 -0.729826
vn -0.219488 0.019188 -0.975426
vn -0.219533 0.019187 -0.975416
vn 0.0 0.018728 -0.999825
vn -0.18976 -0.199351 -0.961379
vn 0.062731 -0.02006 -0.997829
vn -0.967941 0.023128 -0.250109
vn -0.967947 0.023128 -0.250088
vn -0.859557 -0.062068 -0.507257
vn -0.859552 -0.062072 -0.507265
vn -0.864783 -0.05358 -0.499279
vn -0.859812 -0.050219 -0.508135
vn -0.683271 0.022165 -0.729828
vn -0.952122 0.0138 0.305407
vn -0.998705 -0.027716 0.042666
vn -0.998772 -0.049546 -0.0
vn -0.995714 -0.077344 0.050708
vn -0.967943 0.023127 -0.250101
vn -0.720377 -1e-06 0.693583
vn -0.744668 -0.002122 0.667432
vn -0.834513 -0.018985 0.550661
vn -0.834504 -0.018982 0.550675
vn -0.929347 -0.157022 0.334154
vn -0.864812 -0.052896 0.499303
vn -0.952119 0.013801 0.305417
vn -0.952118 0.013801 0.30542
vn -0.376563 0.001613 0.92639
vn -0.588415 -0.086183 0.803953
vn -0.499662 -0.036903 0.865434
vn -0.607055 0.0 0.79466
vn -0.720338 0.0 0.693624
vn 0.172703 0.007007 0.984949
vn 0.172649 0.006994 0.984959
vn -0.095545 -0.066287 0.993216
vn -0.095546 -0.066287 0.993216
vn 0.0 -0.003183 0.999995
vn -0.376515 0.001613 0.926409
vn -0.376565 0.001613 0.926389
vn 0.668442 0.009253 0.743707
vn 0.66846 0.009253 0.74369
vn 0.668467 0.009254 0.743685
vn 0.441741 -0.049376 0.895783
vn 0.441751 -0.049372 0.895778
vn 0.499952 -0.014268 0.865936
vn 0.172745 0.007007 0.984942
vn 0.172734 0.007007 0.984944
vn 0.845937 -0.039094 0.531847
vn 0.865574 -0.032287 0.499739
vn 0.847191 -0.017473 0.531001
vn 0.84721 -0.017478 0.530971
vn 0.96336 0.012261 0.267933
vn 0.963358 0.012262 0.267939
vn 0.963357 0.012262 0.267943
vn 0.951077 0.012611 -0.308696
vn 0.951082 0.012611 -0.308682
vn 0.999653 -0.026327 0.0
vn 0.999389 -0.032801 -0.012115
vn 0.999389 -0.032801 -0.012112
vn 0.204833 0.008263 -0.978762
vn 0.434932 -0.014061 -0.900354
vn 0.434947 -0.014065 -0.900346
vn 0.667053 -0.001991 -0.745008
vn 0.499841 -0.025136 -0.865752
vn 0.5799 -0.090072 -0.809693
vn 0.57992 -0.090087 -0.809677
vn -0.335656 0.007835 -0.941952
vn -0.063538 -0.011861 -0.997909
vn -0.063561 -0.011853 -0.997908
vn 0.0 -0.03852 -0.999258
vn 0.204831 0.008266 -0.978762
vn 0.204777 0.008263 -0.978774
vn -0.586244 -0.002866 -0.810129
vn -0.788782 0.002516 -0.614669
vn -0.58626 -0.002863 -0.810118
vn -0.344424 -0.094018 -0.934095
vn -0.499835 -0.025596 -0.865742
vn -0.335368 0.007813 -0.942055
vn -0.335348 0.007813 -0.942062
vn -0.921714 -0.076802 -0.380191
vn -0.866027 0.00037 -0.499998
vn -0.921715 -0.076802 -0.380189
vn -0.788771 0.002517 -0.614683
vn -0.788776 0.002516 -0.614676
vn -0.99387 -0.002746 -0.110519
vn -0.99387 -0.002746 -0.11052
vn -0.927484 0.002494 -0.373855
vn -0.927463 0.002494 -0.373907
vn -0.915586 -0.004443 0.402097
vn -0.915586 -0.004443 0.402099
vn -0.987835 0.003745 0.155459
vn -0.999993 0.0037 0.0
vn -0.986694 -0.088378 0.136472
vn -0.986692 -0.088382 0.136479
vn -0.501821 -0.042096 0.863946
vn -0.631067 -0.007589 0.775691
vn -0.631001 -0.007608 0.775745
vn -0.667614 -0.002104 0.744504
vn -0.693656 -0.0 0.720307
vn -0.693668 0.0 0.720295
vn -0.866026 0.0 0.499999
vn -0.797285 -0.09425 0.596199
vn -0.797283 -0.094251 0.596201
vn 0.307921 0.019654 0.951209
vn 0.307923 0.019654 0.951208
vn 0.019465 -0.061111 0.997941
vn 0.0 -0.051246 0.998686
vn 0.022969 -0.03854 0.998993
vn 0.307922 0.019654 0.951209
vn -0.242139 0.017367 0.970086
vn -0.242152 0.017368 0.970083
vn -0.499929 0.016714 0.865905
vn -0.278734 -0.204736 0.938291
vn -0.501821 -0.042097 0.863947
vn 0.769909 0.013204 0.638017
vn 0.560226 -0.018774 0.828127
vn 0.499545 -0.042625 0.865239
vn 0.554535 -0.102124 0.82587
vn 0.30794 0.019647 0.951203
vn 0.917135 -0.002487 0.398568
vn 0.917162 -0.002485 0.398506
vn 0.917166 -0.002481 0.398499
vn 0.863317 -0.079026 0.498436
vn 0.769907 0.013205 0.63802
vn 0.769912 0.013204 0.638013
vn 0.989266 0.001067 -0.146121
vn 0.989265 0.001068 -0.146126
vn 0.987585 -0.117618 0.104123
vn 0.998771 -0.049562 0.0
vn 0.992615 0.002483 0.121284
vn 0.992613 0.002483 0.1213
vn 0.69491 -1e-06 -0.719097
vn 0.694927 0.0 -0.71908
vn 0.793525 0.0 -0.608538
vn 0.793533 -5e-06 -0.608527
vn 0.909278 -0.104351 -0.402895
vn 0.865708 -0.027071 -0.499817
vn 0.922963 -0.001188 -0.384887
vn 0.989262 0.001067 -0.146151
vn 0.0 -1.0 -0.0
vn -0.0 -1.0 0.0
vn 0.0 -1.0 0.0
vn 0.0 -1.0 -0.0
vn 0.0 -1.0 0.0
vn 0.0 -1.0 -0.0
vn 0.0 -1.0 0.0
vn 0.0 -1.0 -0.0
vn 0.0 -1.0 0.0
vn 0.0 -1.0 0.0
vn 0.0 -1.0 0.0
vn 0.0 -1.0 0.0
vn 0.0 -1.0 0.0
vn 0.0 -1.0 0.0
vn 0.0 -1.0 0.0
vn 0.0 -1.0 0.0
vn 0.0 -1.0 0.0
vn 0.0 -1.0 0.0
vn -0.0 -1.0 0.0
vn 0.0 -1.0 0.0
vn -0.0 -1.0 0.0
vn 0.0 -1.0 0.0
vn 0.0 -1.0 0.0
vn -0.0 -1.0 0.0
vn 0.447204 -0.783537 0.431368
vn 0.027383 -0.717609 0.695908
vn 0.397043 -0.860959 -0.317973
vn 0.448164 -0.840669 -0.304014
vn -0.421338 -0.74749 0.513549
vn -0.035038 -0.707514 0.70583
vn -0.016953 -0.800279 0.599389
vn 0.054101 -0.824282 0.563588
vn -0.444236 -0.576167 0.686065
vn -0.262536 -0.763641 0.589853
vn -0.31246 -0.75685 0.574062
vn -0.258437 -0.78301 0.565778
vn -0.19298 -0.787409 0.585445
vn -0.28456 -0.596664 0.750345
vn -0.13972 -0.744611 0.652711
vn -0.462282 -0.730293 0.502958
vn -0.432684 -0.729665 0.529503
vn -0.475496 -0.710859 0.518251
vn -0.455861 -0.690039 0.562171
vn -0.355785 -0.784984 0.507165
vn -0.398537 -0.780587 0.48151
vn -0.295807 -0.799521 0.522747
vn -0.127644 -0.670754 0.730613
vn -0.088442 -0.849194 0.520622
vn -0.193569 -0.735959 0.648764
vn 0.612763 -0.774583 -0.156659
vn 0.499667 -0.794801 -0.344418
vn 0.560508 -0.792003 -0.241996
vn 0.386036 -0.886361 -0.255616
vn 0.397061 -0.860953 -0.317966
vn 0.39707 -0.860958 -0.317942
vn 0.41295 -0.770217 0.486044
vn 0.365877 -0.839194 0.402354
vn 0.520938 -0.782366 0.341361
vn 0.479066 -0.758443 0.441882
vn 0.554644 -0.756009 0.347593
vn 0.450095 -0.855751 0.255158
vn 0.411395 -0.895731 0.168584
vn 0.736668 -0.675204 0.037671
vn 0.507739 -0.821294 0.260148
vn 0.507738 -0.821293 0.260152
vn 0.629076 -0.76056 0.160661
vn 0.495885 -0.864263 0.084547
vn 0.50007 -0.849769 0.1668
vn 0.470613 -0.882339 -0.001173
vn 0.384788 -0.912223 -0.140671
vn 0.558983 -0.828748 -0.02673
vn 0.530522 -0.839225 -0.119363
vn 0.530554 -0.839212 -0.119316
vn 0.013311 -0.745246 0.666656
vn 0.013271 -0.745236 0.666669
vn 0.138726 -0.707498 0.692966
vn 0.123216 -0.805479 0.579673
vn 0.205005 -0.819338 0.535405
vn 0.127624 -0.800908 0.585029
vn 0.304664 -0.722032 0.621168
vn 0.283731 -0.795963 0.534734
vn 0.283751 -0.795969 0.534714
vn 0.44561 -0.629613 0.636411
vn 0.277047 -0.865274 0.417787
vn 0.241123 -0.787181 0.567632
vn 0.261717 -0.779364 -0.569294
vn 0.309195 -0.772763 -0.554288
vn -0.456037 -0.801577 0.386659
vn 0.057357 -0.82881 0.556583
vn 0.070476 -0.861698 0.502503
vn 0.2349 -0.844705 0.480931
vn 0.087321 -0.833453 0.545648
vn 0.264034 -0.808225 0.526364
vn 0.249735 -0.866459 0.432297
vn 0.218151 -0.863547 0.454639
vn 0.241994 -0.873983 0.421418
vn 0.433244 -0.804192 0.406908
vn -0.539478 -0.74658 0.389335
vn -0.539489 -0.746577 0.389326
vn -0.480355 -0.75782 0.441551
vn -0.440796 -0.795087 0.416577
vn -0.453209 -0.806127 0.380474
vn -0.453099 -0.806161 0.380533
vn -0.430784 -0.813512 0.390669
vn -0.319322 -0.780098 0.538034
vn -0.290543 -0.815898 0.499894
vn -0.290543 -0.815899 0.499894
vn -0.312254 -0.811123 0.494548
vn -0.288327 -0.827382 0.481981
vn -0.132418 -0.797183 0.589038
vn -0.109757 -0.821871 0.559
vn -0.135043 -0.818127 0.558955
vn -0.114447 -0.84545 0.521647
vn 0.068547 -0.80512 0.589138
vn 0.096237 -0.817385 0.567996
vn 0.096184 -0.817382 0.568009
vn 0.523662 -0.756381 -0.392003
vn 0.466859 -0.736936 -0.488844
vn 0.38637 -0.762459 -0.519013
vn 0.420948 -0.77621 -0.469361
vn 0.309158 -0.822531 -0.477351
vn 0.315803 -0.766664 -0.559012
vn 0.298781 -0.76531 -0.570115
vn 0.298763 -0.765304 -0.570132
vn 0.594609 -0.802458 0.050015
vn 0.480139 -0.874991 -0.06211
vn 0.541747 -0.829117 -0.138117
vn 0.536101 -0.842622 -0.050827
vn 0.629922 -0.765656 -0.130265
vn 0.479756 -0.847779 -0.226063
vn 0.466543 -0.829612 -0.306728
vn 0.318342 -0.848888 -0.421957
vn 0.481694 -0.819891 -0.309434
vn 0.455798 -0.807058 -0.375374
vn 0.575864 -0.750488 -0.324266
vn 0.481251 -0.84691 -0.226144
vn 0.481239 -0.84692 -0.226131
vn 0.414986 -0.851288 0.321084
vn 0.414986 -0.851286 0.321089
vn 0.382845 -0.85138 0.358583
vn 0.379224 -0.878443 0.290734
vn 0.556365 -0.795798 0.239089
vn 0.548754 -0.819204 0.166656
vn 0.522293 -0.824132 0.219128
vn 0.466068 -0.875766 0.125755
vn 0.595991 -0.801405 0.05044
vn 0.558809 -0.811309 0.171785
vn 0.625978 -0.779211 -0.031329
vn 0.317539 -0.73788 0.595569
vn 0.482107 -0.764226 -0.428406
vn 0.51431 -0.747397 -0.420575
vn 0.520238 -0.634342 0.571807
vn 0.220226 -0.759402 0.612216
vn 0.295277 -0.851364 0.43358
vn 0.363485 -0.843628 0.395185
vn 0.304971 -0.812131 0.49743
vn 0.304975 -0.81213 0.497428
vn 0.403253 -0.742344 0.535082
vn 0.431616 -0.834846 0.341672
vn 0.492092 -0.814109 0.308339
vn 0.492113 -0.814101 0.308325
vn -0.325832 -0.700338 0.635107
vn -0.050964 -0.844062 0.533819
vn -0.133418 -0.851022 0.507899
vn -0.038336 -0.866812 0.497159
vn 0.043182 -0.85332 0.519596
vn -0.108817 -0.71447 0.691152
vn 0.121374 -0.808248 0.576198
vn -0.307413 -0.841116 0.444996
vn -0.366091 -0.826788 0.427082
vn -0.323252 -0.824119 0.46512
vn -0.390414 -0.801008 0.453831
vn -0.353878 -0.787966 0.503864
vn -0.197566 -0.878441 0.435097
vn -0.26697 -0.879774 0.393352
vn -0.109894 -0.88264 0.457023
vn 0.115108 -0.771152 0.626159
vn 0.212502 -0.889739 0.403989
vn 0.032416 -0.820855 0.570217
vn 0.641863 -0.69583 -0.32223
vn 0.562126 -0.691386 -0.453872
vn 0.606476 -0.699117 -0.378712
vn 0.473166 -0.789155 -0.391597
vn 0.482111 -0.764221 -0.428411
vn 0.482125 -0.764226 -0.428386
vn 0.769124 -0.617062 -0.166383
vn 0.716572 -0.692865 -0.080387
vn 0.59136 -0.786251 -0.179171
vn 0.595606 -0.796214 -0.106283
vn 0.571384 -0.787273 -0.231781
vn 0.486668 -0.811175 -0.324268
vn 0.617725 -0.749812 -0.237061
vn 0.595063 -0.741607 -0.309709
vn 0.595101 -0.741598 -0.309655
vn 0.564812 -0.782117 0.263212
vn 0.564849 -0.782103 0.263172
vn 0.498819 -0.805756 0.319277
vn 0.528828 -0.820205 0.218185
vn 0.65531 -0.711601 0.253365
vn 0.684901 -0.710568 0.161258
vn 0.638763 -0.732135 0.236558
vn 0.587034 -0.804817 0.087525
vn 0.677105 -0.732608 0.069385
vn 0.650919 -0.74711 0.13465
vn 0.699559 -0.709841 0.08212
vn 0.598288 -0.799669 -0.050805
vn 0.573646 -0.811646 -0.11028
vn 0.633318 -0.772944 -0.038296
vn 0.633318 -0.772943 -0.038297
vn 0.555469 -0.730369 0.397511
vn 0.621858 -0.757845 -0.197393
vn 0.569513 -0.794497 -0.210785
vn 0.569514 -0.794496 -0.210783
vn 0.573054 -0.805359 -0.151679
vn 0.686826 -0.707636 -0.165897
vn 0.705275 -0.706047 -0.063912
vn 0.650937 -0.758354 -0.034342
vn 0.65094 -0.758352 -0.034333
vn 0.705285 -0.706039 -0.063886
vn 0.524058 -0.85015 -0.05106
vn 0.640935 -0.766981 0.030698
vn 0.709166 -0.70502 0.005495
vn 0.709167 -0.705019 0.005482
vn 0.592169 -0.794649 0.133678
vn 0.613206 -0.770891 0.172355
vn 0.613162 -0.779106 0.130487
vn 0.691684 -0.7023 0.168367
vn 0.535146 -0.729544 0.425893
vn 0.503766 -0.781211 0.368686
vn 0.628813 -0.712221 0.311985
vn 0.581018 -0.701954 0.411921
vn 0.636639 -0.704317 0.314051
vn 0.560123 -0.786682 0.259604
vn 0.540197 -0.823287 0.174316
vn 0.574657 -0.775254 0.262203
vn 0.574667 -0.775261 0.262163
vn 0.546089 -0.58949 0.595221
vn 0.474552 -0.791858 0.384398
vn 0.426088 -0.780308 0.457787
vn 0.424582 -0.751327 0.50521
vn 0.449083 -0.751066 0.483968
vn 0.453963 -0.705029 0.544841
vn 0.331236 -0.781381 0.528892
vn 0.308022 -0.771414 0.556815
vn 0.336633 -0.769906 0.542147
vn 0.330531 -0.704678 0.627836
vn 0.220509 -0.766069 0.60375
vn 0.220463 -0.766074 0.603761
vn 0.310675 -0.76429 0.565103
vn 0.218984 -0.785127 0.579329
vn 0.18479 -0.716188 0.672998
vn 0.22346 -0.708438 0.669463
vn 0.184461 -0.70536 0.684428
vn 0.089598 -0.791518 0.604542
vn 0.037447 -0.753059 0.656887
vn 0.074268 -0.745676 0.662157
vn 0.022905 -0.714579 0.69918
vn -0.051454 -0.795303 0.604025
vn -0.076981 -0.814537 0.574981
vn -0.068662 -0.771725 0.632239
vn -0.068671 -0.771727 0.632235
vn -0.149569 -0.718595 0.679154
vn -0.185725 -0.808216 0.558832
vn -0.224401 -0.815477 0.533518
vn -0.187074 -0.807037 0.560084
vn -0.316431 -0.727663 0.608587
vn -0.341292 -0.745145 0.572957
vn -0.27978 -0.765309 0.579676
vn -0.362962 -0.744746 0.56001
vn -0.341299 -0.745147 0.572949
vn 0.010019 -0.999837 -0.014994
vn 0.007976 -0.999837 -0.016174
vn 0.005797 -0.999837 -0.017076
vn 0.003518 -0.999837 -0.017687
vn 0.001179 -0.999837 -0.017995
vn -0.001179 -0.999837 -0.017995
vn -0.003518 -0.999837 -0.017687
vn -0.005797 -0.999837 -0.017076
vn -0.007976 -0.999837 -0.016174
vn -0.010019 -0.999837 -0.014994
vn -0.01189 -0.999837 -0.013558
vn -0.013558 -0.999837 -0.01189
vn -0.014994 -0.999837 -0.010019
vn -0.016174 -0.999837 -0.007976
vn -0.017076 -0.999837 -0.005797
vn -0.017687 -0.999837 -0.003518
vn -0.017995 -0.999837 -0.001179
vn -0.017995 -0.999837 0.001179
vn -0.017687 -0.999837 0.003518
vn -0.017076 -0.999837 0.005797
vn -0.016174 -0.999837 0.007976
vn -0.014994 -0.999837 0.010019
vn -0.013558 -0.999837 0.01189
vn -0.01189 -0.999837 0.013558
vn -0.010019 -0.999837 0.014994
vn -0.007976 -0.999837 0.016174
vn -0.005797 -0.999837 0.017076
vn -0.003518 -0.999837 0.017687
vn -0.001179 -0.999837 0.017995
vn 0.001179 -0.999837 0.017995
vn 0.003518 -0.999837 0.017687
vn 0.005797 -0.999837 0.017076
vn 0.007976 -0.999837 0.016174
vn 0.010019 -0.999837 0.014994
vn 0.01189 -0.999837 0.013558
vn 0.013558 -0.999837 0.01189
vn 0.014994 -0.999837 0.010019
vn 0.016174 -0.999837 0.007976
vn 0.017076 -0.999837 0.005797
vn 0.017687 -0.999837 0.003518
vn 0.017995 -0.999837 0.001179
vn 0.017995 -0.999837 -0.001179
vn 0.017687 -0.999837 -0.003518
vn 0.017076 -0.999837 -0.005797
vn 0.016174 -0.999837 -0.007976
vn 0.014994 -0.999837 -0.010019
vn 0.013558 -0.999837 -0.01189
vn 0.01189 -0.999837 -0.013558
vn 0.074872 -0.995937 -0.050028
vn 0.074872 -0.995937 -0.050028
vn 0.080762 -0.995937 -0.039827
vn 0.080762 -0.995937 -0.039827
vn 0.080762 -0.995937 -0.039827
vn 0.085269 -0.995937 -0.028945
vn 0.085269 -0.995937 -0.028945
vn 0.088318 -0.995937 -0.017568
vn 0.088318 -0.995937 -0.017568
vn 0.088318 -0.995937 -0.017568
vn 0.089855 -0.995937 -0.005889
vn 0.089855 -0.995937 -0.005889
vn 0.089855 -0.995937 -0.00589
vn 0.089855 -0.995937 0.005889
vn 0.089855 -0.995937 0.005889
vn 0.088318 -0.995937 0.017568
vn 0.088318 -0.995937 0.017568
vn 0.088318 -0.995937 0.017568
vn 0.085269 -0.995937 0.028945
vn 0.085269 -0.995937 0.028945
vn 0.085269 -0.995937 0.028945
vn 0.080762 -0.995937 0.039827
vn 0.080762 -0.995937 0.039827
vn 0.080762 -0.995937 0.039828
vn 0.074872 -0.995937 0.050028
vn 0.074872 -0.995937 0.050028
vn 0.067702 -0.995937 0.059373
vn 0.067702 -0.995937 0.059373
vn 0.067702 -0.995937 0.059373
vn 0.059373 -0.995937 0.067702
vn 0.059373 -0.995937 0.067702
vn 0.059373 -0.995937 0.067702
vn 0.050028 -0.995937 0.074872
vn 0.050028 -0.995937 0.074872
vn 0.039828 -0.995937 0.080761
vn 0.039827 -0.995937 0.080762
vn 0.039827 -0.995937 0.080762
vn 0.028945 -0.995937 0.085269
vn 0.028945 -0.995937 0.085269
vn 0.028945 -0.995937 0.085269
vn 0.017568 -0.995937 0.088318
vn 0.017567 -0.995937 0.088318
vn 0.017567 -0.995937 0.088318
vn 0.00589 -0.995937 0.089855
vn 0.005889 -0.995937 0.089855
vn -0.00589 -0.995937 0.089855
vn -0.00589 -0.995937 0.089856
vn -0.005889 -0.995937 0.089855
vn -0.017567 -0.995937 0.088318
vn -0.017567 -0.995937 0.088318
vn -0.017568 -0.995937 0.088318
vn -0.028945 -0.995937 0.085269
vn -0.028945 -0.995937 0.085269
vn -0.039828 -0.995937 0.080762
vn -0.039827 -0.995937 0.080762
vn -0.039827 -0.995937 0.080762
vn -0.050028 -0.995937 0.074872
vn -0.050028 -0.995937 0.074872
vn -0.050028 -0.995937 0.074872
vn -0.059373 -0.995937 0.067702
vn -0.059373 -0.995937 0.067702
vn -0.067702 -0.995937 0.059373
vn -0.067702 -0.995937 0.059373
vn -0.074872 -0.995937 0.050028
vn -0.074872 -0.995937 0.050028
vn -0.074872 -0.995937 0.050028
vn -0.080762 -0.995937 0.039827
vn -0.080762 -0.995937 0.039827
vn -0.080762 -0.995937 0.039827
vn -0.085269 -0.995937 0.028945
vn -0.085269 -0.995937 0.028945
vn -0.088318 -0.995937 0.017568
vn -0.088318 -0.995937 0.017568
vn -0.088318 -0.995937 0.017568
vn -0.089855 -0.995937 0.005889
vn -0.089855 -0.995937 0.005889
vn -0.089855 -0.995937 0.00589
vn -0.089855 -0.995937 -0.005889
vn -0.089855 -0.995937 -0.005889
vn -0.088318 -0.995937 -0.017568
vn -0.088318 -0.995937 -0.017568
vn -0.088318 -0.995937 -0.017568
vn -0.085269 -0.995937 -0.028945
vn -0.085269 -0.995937 -0.028945
vn -0.085269 -0.995937 -0.028945
vn -0.080762 -0.995937 -0.039827
vn -0.080762 -0.995937 -0.039827
vn -0.080762 -0.995937 -0.039828
vn -0.074872 -0.995937 -0.050028
vn -0.074872 -0.995937 -0.050028
vn -0.067702 -0.995937 -0.059373
vn -0.067702 -0.995937 -0.059373
vn -0.067702 -0.995937 -0.059373
vn -0.059373 -0.995937 -0.067702
vn -0.059373 -0.995937 -0.067702
vn -0.059373 -0.995937 -0.067702
vn -0.050028 -0.995937 -0.074873
vn -0.050028 -0.995937 -0.074872
vn -0.039827 -0.995937 -0.080762
vn -0.039827 -0.995937 -0.080762
vn -0.039827 -0.995937 -0.080762
vn -0.028945 -0.995937 -0.085269
vn -0.028945 -0.995937 -0.085269
vn -0.028945 -0.995937 -0.085269
vn -0.017568 -0.995937 -0.088318
vn -0.017567 -0.995937 -0.088318
vn -0.017567 -0.995937 -0.088318
vn -0.00589 -0.995937 -0.089855
vn -0.005889 -0.995937 -0.089855
vn 0.005889 -0.995937 -0.089855
vn 0.00589 -0.995937 -0.089855
vn 0.005889 -0.995937 -0.089855
vn 0.017568 -0.995937 -0.088318
vn 0.017567 -0.995937 -0.088318
vn 0.017567 -0.995937 -0.088318
vn 0.028945 -0.995937 -0.085269
vn 0.028945 -0.995937 -0.085269
vn 0.039827 -0.995937 -0.080762
vn 0.039827 -0.995937 -0.080762
vn 0.039827 -0.995937 -0.080762
vn 0.050028 -0.995937 -0.074872
vn 0.050028 -0.995937 -0.074872
vn 0.050028 -0.995937 -0.074873
vn 0.059373 -0.995937 -0.067702
vn 0.059373 -0.995937 -0.067702
vn 0.067702 -0.995937 -0.059373
vn 0.067702 -0.995937 -0.059373
vn 0.074872 -0.995937 -0.050028
vn 0.030043 -0.998537 -0.044963
vn 0.030043 -0.998537 -0.044963
vn 0.023917 -0.998537 -0.0485
vn 0.023917 -0.998537 -0.048499
vn 0.017382 -0.998537 -0.051206
vn 0.017382 -0.998537 -0.051206
vn 0.01055 -0.998537 -0.053037
vn 0.01055 -0.998537 -0.053037
vn 0.003537 -0.998537 -0.05396
vn 0.003537 -0.998537 -0.05396
vn -0.003537 -0.998537 -0.05396
vn -0.003537 -0.998537 -0.05396
vn -0.01055 -0.998537 -0.053037
vn -0.01055 -0.998537 -0.053037
vn -0.017382 -0.998537 -0.051206
vn -0.017382 -0.998537 -0.051206
vn -0.023917 -0.998537 -0.048499
vn -0.023917 -0.998537 -0.048499
vn -0.030043 -0.998537 -0.044963
vn -0.030043 -0.998537 -0.044963
vn -0.035655 -0.998537 -0.040657
vn -0.035655 -0.998537 -0.040657
vn -0.040657 -0.998537 -0.035655
vn -0.040657 -0.998537 -0.035655
vn -0.044963 -0.998537 -0.030043
vn -0.044963 -0.998537 -0.030043
vn -0.0485 -0.998537 -0.023917
vn -0.0485 -0.998537 -0.023917
vn -0.051206 -0.998537 -0.017382
vn -0.051206 -0.998537 -0.017382
vn -0.053037 -0.998537 -0.01055
vn -0.053037 -0.998537 -0.01055
vn -0.05396 -0.998537 -0.003537
vn -0.05396 -0.998537 -0.003537
vn -0.05396 -0.998537 0.003537
vn -0.05396 -0.998537 0.003537
vn -0.053037 -0.998537 0.01055
vn -0.053037 -0.998537 0.01055
vn -0.051206 -0.998537 0.017382
vn -0.051206 -0.998537 0.017382
vn -0.0485 -0.998537 0.023917
vn -0.048499 -0.998537 0.023917
vn -0.044963 -0.998537 0.030043
vn -0.044963 -0.998537 0.030043
vn -0.040657 -0.998537 0.035655
vn -0.040657 -0.998537 0.035655
vn -0.035655 -0.998537 0.040657
vn -0.035655 -0.998537 0.040657
vn -0.030043 -0.998537 0.044963
vn -0.030043 -0.998537 0.044963
vn -0.023917 -0.998537 0.048499
vn -0.023917 -0.998537 0.0485
vn -0.017382 -0.998537 0.051206
vn -0.017382 -0.998537 0.051206
vn -0.01055 -0.998537 0.053037
vn -0.01055 -0.998537 0.053037
vn -0.003537 -0.998537 0.05396
vn -0.003537 -0.998537 0.05396
vn 0.003537 -0.998537 0.05396
vn 0.003537 -0.998537 0.05396
vn 0.01055 -0.998537 0.053037
vn 0.01055 -0.998537 0.053037
vn 0.017382 -0.998537 0.051206
vn 0.017382 -0.998537 0.051206
vn 0.023917 -0.998537 0.048499
vn 0.023917 -0.998537 0.0485
vn 0.030043 -0.998537 0.044963
vn 0.030043 -0.998537 0.044963
vn 0.035655 -0.998537 0.040657
vn 0.035655 -0.998537 0.040657
vn 0.040657 -0.998537 0.035655
vn 0.040657 -0.998537 0.035655
vn 0.044963 -0.998537 0.030043
vn 0.044963 -0.998537 0.030043
vn 0.0485 -0.998537 0.023917
vn 0.0485 -0.998537 0.023917
vn 0.051206 -0.998537 0.017382
vn 0.051206 -0.998537 0.017382
vn 0.053037 -0.998537 0.01055
vn 0.053037 -0.998537 0.01055
vn 0.05396 -0.998537 0.003537
vn 0.05396 -0.998537 0.003537
vn 0.05396 -0.998537 -0.003537
vn 0.05396 -0.998537 -0.003537
vn 0.053037 -0.998537 -0.01055
vn 0.053037 -0.998537 -0.01055
vn 0.051206 -0.998537 -0.017382
vn 0.051206 -0.998537 -0.017382
vn 0.048499 -0.998537 -0.023917
vn 0.048499 -0.998537 -0.023917
vn 0.044963 -0.998537 -0.030043
vn 0.044963 -0.998537 -0.030043
vn 0.040657 -0.998537 -0.035655
vn 0.040657 -0.998537 -0.035655
vn 0.035655 -0.998537 -0.040657
vn 0.035655 -0.998537 -0.040657
vn 0.530681 0.556742 -0.639075
vn 0.659345 0.0 -0.75184
vn 0.430399 -0.230294 -0.872766
vn 0.38209 0.619219 -0.685984
vn 0.516816 -0.366945 -0.773468
vn 0.516815 -0.366946 -0.773468
vn 0.107593 0.627299 -0.77131
vn 0.430403 -0.230294 -0.872764
vn 0.304527 0.32009 -0.89711
vn 0.28975 0.41072 -0.864497
vn 0.187225 -0.281164 -0.941219
vn 0.187219 -0.281164 -0.94122
vn -0.06507 0.100852 -0.992771
vn -0.039457 0.519673 -0.853454
vn 0.061303 -0.348582 -0.935271
vn 0.0613 -0.348582 -0.935272
vn -0.194301 -0.089781 -0.976825
vn -0.194302 -0.089781 -0.976824
vn -0.185718 0.58481 -0.789624
vn -0.436104 -0.166645 -0.884332
vn -0.321523 0.605291 -0.72818
vn -0.297857 -0.375962 -0.877459
vn -0.297857 -0.375962 -0.877459
vn -0.436115 -0.166645 -0.884327
vn -0.543271 0.209243 -0.813065
vn -0.498301 0.471744 -0.72743
vn -0.624618 -0.32027 -0.712236
vn -0.624616 -0.320271 -0.712237
vn -0.549162 0.629955 -0.549162
vn -0.813059 0.209273 -0.543268
vn -0.727434 0.471735 -0.498304
vn -0.71224 -0.320264 -0.624617
vn -0.712239 -0.320264 -0.624618
vn -0.884331 -0.166635 -0.436109
vn -0.884333 -0.166635 -0.436105
vn -0.728179 0.605292 -0.321523
vn -0.976825 -0.089772 -0.194303
vn -0.789625 0.584809 -0.185718
vn -0.877461 -0.375957 -0.297856
vn -0.877461 -0.375957 -0.297858
vn -0.976825 -0.089772 -0.194305
vn -0.992769 0.100873 -0.06507
vn -0.853453 0.519674 -0.039458
vn -0.935275 -0.348573 0.061302
vn -0.935275 -0.348573 0.061301
vn -0.771301 0.627311 0.107592
vn -0.897105 0.320103 0.304526
vn -0.864489 0.410737 0.289748
vn -0.941221 -0.281159 0.187223
vn -0.941221 -0.281159 0.187221
vn -0.872772 -0.230264 0.430404
vn -0.872772 -0.230264 0.430404
vn -0.685985 0.619219 0.382091
vn -0.75184 0.0 0.659346
vn -0.639068 0.556755 0.530675
vn -0.773471 -0.36694 0.516815
vn -0.77347 -0.366941 0.516816
vn -0.790021 0.065549 0.609566
vn -0.671719 -0.487509 0.557789
vn -0.729408 0.0 0.684079
vn -0.790022 0.065549 0.609564
vn -0.860993 -0.073709 0.503247
vn -0.787494 -0.432961 0.438632
vn -0.949089 0.169983 0.265209
vn -0.811765 -0.516732 0.272077
vn -0.886604 0.269928 0.375597
vn -0.886604 0.269928 0.375595
vn -0.85056 -0.524405 -0.039324
vn -0.949089 0.169983 0.26521
vn -0.960898 -0.239144 0.139585
vn -0.929042 -0.346534 0.129596
vn -0.974212 0.225092 0.015617
vn -0.974212 0.225092 0.015616
vn -0.952354 -0.196228 -0.233489
vn -0.903744 -0.371571 -0.212558
vn -0.964846 0.239276 -0.108711
vn -0.964846 0.239276 -0.108712
vn -0.922645 0.147246 -0.356433
vn -0.922644 0.147246 -0.356435
vn -0.786042 -0.511545 -0.347072
vn -0.810374 -0.035921 -0.584811
vn -0.737041 -0.449291 -0.504885
vn -0.844844 0.276328 -0.458128
vn -0.844844 0.276328 -0.458128
vn -0.728963 0.033857 -0.683715
vn -0.72899 0.033857 -0.683687
vn -0.621688 -0.476456 -0.621686
vn -0.529627 0.095 -0.842894
vn -0.490396 -0.497001 -0.715892
vn -0.609829 0.283611 -0.740049
vn -0.609829 0.283611 -0.740049
vn -0.529618 0.095 -0.8429
vn -0.416691 -0.113225 -0.90197
vn -0.367555 -0.414679 -0.832433
vn -0.172192 0.190507 -0.966466
vn -0.195483 -0.520579 -0.831134
vn -0.289412 0.261589 -0.920767
vn -0.289418 0.261589 -0.920765
vn 0.117742 -0.523159 -0.844063
vn -0.172186 0.190507 -0.966467
vn -0.046109 -0.28249 -0.958161
vn -0.043771 -0.318972 -0.946753
vn 0.078288 0.208861 -0.974807
vn 0.078289 0.208861 -0.974807
vn 0.326326 -0.154201 -0.932595
vn 0.292055 -0.394227 -0.871372
vn 0.200227 0.251417 -0.946942
vn 0.200223 0.251417 -0.946943
vn 0.444907 0.122215 -0.887198
vn 0.444911 0.122216 -0.887197
vn 0.420002 -0.504979 -0.754052
vn 0.66035 0.0 -0.750958
vn 0.565995 -0.463757 -0.681601
vn 0.536393 0.280895 -0.795852
vn 0.536395 0.280895 -0.795851
vn -0.68089 0.0 0.732385
vn -0.68089 0.0 0.732385
vn 0.5 0.0 0.866025
vn 0.5 -0.0 0.866025
vn -0.0 0.0 1.0
vn 0.0 0.0 1.0
vn -0.499998 0.0 0.866026
vn -0.499998 0.0 0.866026
vn -0.376782 -0.901948 0.211008
vn -0.180795 -0.901949 -0.392175
vn -0.050758 -0.901948 -0.428852
vn 0.661729 -0.222858 -0.715855
vn 0.293133 -0.901948 -0.317115
vn 0.293134 -0.90195 -0.317111
vn 0.530212 -0.624404 -0.57358
vn 0.293134 -0.90195 -0.31711
vn 0.26735 -0.90195 -0.339132
vn 0.267351 -0.901949 -0.339133
vn 0.239919 -0.901949 -0.359064
vn 0.239919 -0.901949 -0.359064
vn 0.239922 -0.901947 -0.359067
vn 0.211009 -0.901947 -0.376785
vn 0.211007 -0.90195 -0.37678
vn 0.180795 -0.90195 -0.392173
vn 0.180795 -0.901949 -0.392175
vn 0.180795 -0.901949 -0.392175
vn 0.149469 -0.901949 -0.405151
vn 0.149468 -0.90195 -0.405149
vn 0.11722 -0.90195 -0.415628
vn 0.117219 -0.901948 -0.415631
vn 0.117221 -0.901947 -0.415634
vn 0.084249 -0.901947 -0.42355
vn 0.084249 -0.901949 -0.423545
vn 0.050757 -0.901949 -0.42885
vn 0.050757 -0.90195 -0.428848
vn 0.050759 -0.901947 -0.428852
vn 0.016954 -0.901947 -0.431513
vn 0.016954 -0.901948 -0.431513
vn -0.016954 -0.901948 -0.431513
vn -0.016954 -0.901948 -0.431511
vn -0.016954 -0.901948 -0.431513
vn -0.084248 -0.901952 -0.423537
vn -0.084249 -0.901949 -0.423545
vn -0.050757 -0.901949 -0.42885
vn -0.084247 -0.90195 -0.423544
vn -0.117219 -0.90195 -0.415628
vn -0.117219 -0.90195 -0.415628
vn -0.149468 -0.90195 -0.40515
vn -0.149467 -0.90195 -0.405148
vn -0.149466 -0.901949 -0.405152
vn -0.211007 -0.90195 -0.376779
vn -0.211007 -0.90195 -0.37678
vn -0.180794 -0.90195 -0.392174
vn -0.211006 -0.90195 -0.37678
vn -0.239918 -0.90195 -0.359063
vn -0.239919 -0.901949 -0.359064
vn -0.267351 -0.901949 -0.339133
vn -0.267351 -0.901949 -0.339133
vn -0.267355 -0.90195 -0.339127
vn -0.293133 -0.90195 -0.317111
vn -0.293136 -0.901948 -0.317113
vn -0.317113 -0.901948 -0.293136
vn -0.317114 -0.901948 -0.293137
vn -0.339139 -0.901948 -0.267349
vn -0.339134 -0.901949 -0.267352
vn -0.339134 -0.901949 -0.267352
vn -0.359064 -0.901949 -0.239919
vn -0.359067 -0.901947 -0.239921
vn -0.376785 -0.901947 -0.211006
vn -0.376781 -0.901949 -0.211008
vn -0.376779 -0.90195 -0.211006
vn -0.392173 -0.90195 -0.180794
vn -0.392172 -0.90195 -0.180794
vn -0.405148 -0.90195 -0.149467
vn -0.405148 -0.901951 -0.149467
vn -0.405148 -0.90195 -0.149467
vn -0.415627 -0.90195 -0.117219
vn -0.415631 -0.901948 -0.11722
vn -0.423547 -0.901948 -0.084249
vn -0.423547 -0.901948 -0.084249
vn -0.423546 -0.901949 -0.084248
vn -0.42885 -0.901949 -0.050758
vn -0.428849 -0.901949 -0.050758
vn -0.43151 -0.901949 -0.016954
vn -0.431509 -0.901949 -0.016954
vn -0.431509 -0.901949 -0.016954
vn -0.431509 -0.901949 0.016954
vn -0.43151 -0.901949 0.016954
vn -0.428849 -0.901949 0.050758
vn -0.42885 -0.901949 0.050758
vn -0.42885 -0.901949 0.050758
vn -0.423546 -0.901949 0.084249
vn -0.415628 -0.90195 0.117219
vn -0.41563 -0.901949 0.11722
vn -0.423546 -0.901949 0.084249
vn -0.415628 -0.901949 0.117219
vn -0.405151 -0.901949 0.149468
vn -0.40515 -0.901949 0.149468
vn -0.392174 -0.901949 0.180796
vn -0.392176 -0.901949 0.180796
vn -0.392175 -0.901949 0.180796
vn -0.359064 -0.901949 0.239918
vn -0.359067 -0.901947 0.23992
vn -0.376784 -0.901947 0.211009
vn -0.359061 -0.90195 0.239919
vn -0.339131 -0.901951 0.267349
vn -0.339132 -0.90195 0.26735
vn -0.31711 -0.90195 0.293134
vn -0.317113 -0.901948 0.293136
vn -0.317121 -0.901946 0.293133
vn 0.530213 -0.624403 -0.573581
vn 0.483575 -0.624403 -0.613414
vn 0.483576 -0.624402 -0.613414
vn 0.433957 -0.624402 -0.649464
vn 0.433956 -0.624407 -0.64946
vn 0.381662 -0.624408 -0.681505
vn 0.381661 -0.624409 -0.681504
vn 0.327013 -0.624409 -0.709348
vn 0.327014 -0.624405 -0.709352
vn 0.270354 -0.624405 -0.732821
vn 0.270354 -0.624402 -0.732824
vn 0.212022 -0.624402 -0.751777
vn 0.212021 -0.62441 -0.75177
vn 0.152385 -0.624411 -0.766088
vn 0.152385 -0.624402 -0.766095
vn 0.091808 -0.624402 -0.775689
vn 0.091808 -0.624405 -0.775686
vn 0.030666 -0.624405 -0.780498
vn 0.030666 -0.624407 -0.780497
vn -0.030666 -0.624407 -0.780497
vn -0.030666 -0.624405 -0.780498
vn -0.091808 -0.624405 -0.775686
vn -0.091809 -0.624402 -0.775689
vn -0.152386 -0.624402 -0.766095
vn -0.152387 -0.6244 -0.766096
vn -0.212024 -0.6244 -0.751778
vn -0.212023 -0.624402 -0.751777
vn -0.270353 -0.624402 -0.732824
vn -0.270351 -0.624405 -0.732822
vn -0.327015 -0.624405 -0.709351
vn -0.327018 -0.6244 -0.709355
vn -0.381665 -0.6244 -0.68151
vn -0.381661 -0.624407 -0.681506
vn -0.433955 -0.624407 -0.64946
vn -0.433958 -0.624402 -0.649463
vn -0.483577 -0.624402 -0.613413
vn -0.483576 -0.624403 -0.613413
vn -0.530213 -0.624403 -0.573581
vn -0.530212 -0.624404 -0.57358
vn -0.573581 -0.624404 -0.530212
vn -0.573578 -0.624408 -0.53021
vn -0.61341 -0.624408 -0.483574
vn -0.613415 -0.6244 -0.483576
vn -0.649465 -0.6244 -0.433958
vn -0.649458 -0.624409 -0.433956
vn -0.681504 -0.624409 -0.381661
vn -0.681506 -0.624406 -0.381662
vn -0.709351 -0.624406 -0.327015
vn -0.709355 -0.624401 -0.327015
vn -0.732825 -0.624401 -0.270353
vn -0.732824 -0.624402 -0.270353
vn -0.751777 -0.624402 -0.212022
vn -0.751773 -0.624407 -0.212022
vn -0.766091 -0.624407 -0.152385
vn -0.766094 -0.624403 -0.152385
vn -0.775689 -0.624402 -0.091809
vn -0.77569 -0.624401 -0.091809
vn -0.780502 -0.6244 -0.030666
vn -0.780501 -0.624402 -0.030666
vn -0.780501 -0.624402 0.030666
vn -0.780503 -0.6244 0.030666
vn -0.775691 -0.6244 0.091809
vn -0.77569 -0.624401 0.091809
vn -0.766095 -0.624401 0.152386
vn -0.766093 -0.624404 0.152385
vn -0.751775 -0.624404 0.212022
vn -0.751777 -0.624402 0.212023
vn -0.732824 -0.624402 0.270353
vn -0.732825 -0.624401 0.270353
vn -0.709354 -0.624401 0.327018
vn -0.70935 -0.624406 0.327015
vn -0.681506 -0.624406 0.381662
vn -0.681505 -0.624409 0.381661
vn -0.64946 -0.624409 0.433953
vn -0.649465 -0.6244 0.433958
vn -0.613414 -0.6244 0.483577
vn -0.613414 -0.624402 0.483577
vn -0.573582 -0.624401 0.530214
vn -0.573577 -0.624411 0.530208
vn 0.661729 -0.222863 -0.715854
vn 0.603523 -0.222864 -0.765567
vn 0.603523 -0.222864 -0.765567
vn 0.541598 -0.222864 -0.810557
vn 0.541598 -0.222857 -0.810559
vn 0.476334 -0.222857 -0.850553
vn 0.476334 -0.222853 -0.850554
vn 0.40813 -0.222853 -0.885306
vn 0.40813 -0.222868 -0.885302
vn 0.337413 -0.222869 -0.914594
vn 0.337412 -0.222856 -0.914597
vn 0.264614 -0.222856 -0.938251
vn 0.264614 -0.222848 -0.938253
vn 0.190183 -0.222847 -0.956122
vn 0.190185 -0.222863 -0.956118
vn 0.114581 -0.222863 -0.968093
vn 0.114581 -0.222859 -0.968094
vn 0.038273 -0.222859 -0.974099
vn 0.038273 -0.222857 -0.9741
vn -0.038273 -0.222857 -0.9741
vn -0.038273 -0.222859 -0.974099
vn -0.114581 -0.222859 -0.968093
vn -0.114581 -0.222863 -0.968093
vn -0.190185 -0.222862 -0.956118
vn -0.190185 -0.222863 -0.956118
vn -0.264614 -0.222863 -0.938249
vn -0.264612 -0.222872 -0.938248
vn -0.337411 -0.222871 -0.914594
vn -0.337414 -0.222854 -0.914597
vn -0.408132 -0.222854 -0.885305
vn -0.408129 -0.222867 -0.885303
vn -0.476331 -0.222867 -0.850552
vn -0.476333 -0.222857 -0.850553
vn -0.541599 -0.222857 -0.810559
vn -0.541597 -0.222864 -0.810558
vn -0.603524 -0.222864 -0.765565
vn -0.603524 -0.222864 -0.765565
vn -0.661729 -0.222863 -0.715854
vn -0.66173 -0.222858 -0.715855
vn -0.715855 -0.222858 -0.66173
vn -0.715855 -0.222858 -0.66173
vn -0.765568 -0.222858 -0.603523
vn -0.765566 -0.222864 -0.603523
vn -0.810557 -0.222864 -0.541599
vn -0.810559 -0.222855 -0.541599
vn -0.850554 -0.222855 -0.476333
vn -0.850554 -0.222856 -0.476333
vn -0.885305 -0.222857 -0.408129
vn -0.885305 -0.222859 -0.40813
vn -0.914596 -0.222859 -0.337413
vn -0.914595 -0.222865 -0.337413
vn -0.938249 -0.222865 -0.264614
vn -0.938249 -0.222863 -0.264614
vn -0.956118 -0.222863 -0.190183
vn -0.956119 -0.222861 -0.190183
vn -0.968093 -0.222861 -0.114581
vn -0.968094 -0.222858 -0.114581
vn -0.974099 -0.222859 -0.038273
vn -0.9741 -0.222857 -0.038273
vn -0.9741 -0.222857 0.038273
vn -0.974099 -0.222859 0.038273
vn -0.968093 -0.22286 0.114581
vn -0.968093 -0.222863 0.114581
vn -0.956118 -0.222864 0.190183
vn -0.956118 -0.222863 0.190183
vn -0.938249 -0.222863 0.264614
vn -0.938249 -0.222865 0.264614
vn -0.914595 -0.222865 0.337412
vn -0.914595 -0.222865 0.337412
vn -0.885303 -0.222865 0.408131
vn -0.885303 -0.222864 0.408131
vn -0.850552 -0.222864 0.476332
vn -0.850553 -0.222855 0.476334
vn -0.810559 -0.222855 0.541599
vn -0.810558 -0.222864 0.541596
vn -0.765566 -0.222863 0.603524
vn -0.765565 -0.222868 0.603523
vn -0.715854 -0.222868 0.661727
vn -0.715856 -0.222847 0.661732
vn 0.036952 -0.998499 -0.040427
vn 0.036952 -0.998499 -0.040427
vn 0.036953 -0.998499 -0.040427
vn 0.036952 -0.998499 -0.040427
vn 0.033337 -0.998499 -0.043446
vn 0.033337 -0.998499 -0.043446
vn 0.029654 -0.998499 -0.046039
vn 0.029654 -0.998499 -0.046039
vn 0.029654 -0.998499 -0.046039
vn 0.02577 -0.998499 -0.04832
vn 0.02577 -0.998499 -0.04832
vn 0.02577 -0.998499 -0.04832
vn 0.021711 -0.998499 -0.050275
vn 0.021711 -0.998499 -0.050275
vn 0.017506 -0.998499 -0.051889
vn 0.017506 -0.998499 -0.051889
vn 0.017506 -0.998499 -0.051889
vn 0.013182 -0.998499 -0.053152
vn 0.013182 -0.998499 -0.053152
vn 0.013182 -0.998499 -0.053152
vn 0.008769 -0.998499 -0.054055
vn 0.008769 -0.998499 -0.054056
vn 0.004297 -0.998499 -0.054593
vn 0.004297 -0.998499 -0.054594
vn -0.009173 -0.998499 -0.053989
vn 0.004296 -0.998499 -0.054593
vn -0.000205 -0.998499 -0.054762
vn -0.000205 -0.998499 -0.054762
vn -0.004706 -0.998499 -0.05456
vn -0.004705 -0.998499 -0.05456
vn -0.004705 -0.998499 -0.05456
vn -0.009173 -0.998499 -0.053989
vn -0.009173 -0.998499 -0.053989
vn -0.013579 -0.998499 -0.053053
vn -0.013579 -0.998499 -0.053052
vn -0.017894 -0.998499 -0.051757
vn -0.017893 -0.998499 -0.051756
vn -0.017893 -0.998499 -0.051757
vn -0.022087 -0.998499 -0.050111
vn -0.022087 -0.998499 -0.050111
vn -0.022087 -0.998499 -0.050111
vn -0.02613 -0.998499 -0.048126
vn -0.02613 -0.998499 -0.048126
vn -0.029997 -0.998499 -0.045816
vn -0.029998 -0.998499 -0.045816
vn -0.029998 -0.998499 -0.045816
vn -0.033662 -0.998499 -0.043196
vn -0.033661 -0.998499 -0.043195
vn -0.033661 -0.998499 -0.043195
vn -0.037097 -0.998499 -0.040283
vn -0.037097 -0.998499 -0.040282
vn -0.040282 -0.998499 -0.037097
vn -0.040283 -0.998499 -0.037097
vn -0.040283 -0.998499 -0.037097
vn -0.043195 -0.998499 -0.033661
vn -0.043195 -0.998499 -0.033661
vn -0.043194 -0.998499 -0.033662
vn -0.045816 -0.998499 -0.029997
vn -0.045816 -0.998499 -0.029997
vn -0.048126 -0.998499 -0.02613
vn -0.048126 -0.998499 -0.02613
vn -0.048126 -0.998499 -0.02613
vn -0.050111 -0.998499 -0.022087
vn -0.05011 -0.998499 -0.022086
vn -0.051756 -0.998499 -0.017894
vn -0.051756 -0.998499 -0.017893
vn -0.051756 -0.998499 -0.017893
vn -0.053052 -0.998499 -0.013579
vn -0.053052 -0.998499 -0.013579
vn -0.053052 -0.998499 -0.013579
vn -0.053989 -0.998499 -0.009173
vn -0.053988 -0.998499 -0.009173
vn -0.05456 -0.998499 -0.004705
vn -0.05456 -0.998499 -0.004705
vn -0.05456 -0.998499 -0.004705
vn -0.054762 -0.998499 -0.000205
vn -0.054762 -0.998499 -0.000205
vn -0.054762 -0.998499 -0.000205
vn -0.054593 -0.998499 0.004297
vn -0.054593 -0.998499 0.004297
vn -0.054055 -0.998499 0.008769
vn -0.054056 -0.998499 0.008769
vn -0.054056 -0.9985 0.008769
vn -0.053152 -0.998499 0.013182
vn -0.053152 -0.998499 0.013182
vn -0.053152 -0.998499 0.013182
vn -0.051889 -0.998499 0.017506
vn -0.051889 -0.998499 0.017506
vn -0.050275 -0.998499 0.021711
vn -0.050275 -0.998499 0.021711
vn -0.050275 -0.9985 0.021711
vn -0.04832 -0.998499 0.02577
vn -0.04832 -0.998499 0.02577
vn -0.04832 -0.9985 0.02577
vn -0.046039 -0.998499 0.029654
vn -0.046039 -0.998499 0.029654
vn -0.043446 -0.998499 0.033337
vn -0.043446 -0.998499 0.033337
vn -0.043446 -0.998499 0.033337
vn -0.040559 -0.998499 0.036795
vn -0.040559 -0.998499 0.036795
vn -0.038835 -0.998502 0.038545
vn -0.038835 -0.998502 0.038545
vn -0.105037 -0.975471 -0.193454
vn -0.172872 -0.97547 -0.136281
vn -0.17324 -0.975164 -0.137999
vn -0.169187 -0.979079 -0.113047
vn -0.153283 -0.984447 -0.085841
vn -0.182294 -0.974346 -0.13198
vn -0.180473 -0.975132 -0.128639
vn -0.176938 -0.975917 -0.12759
vn -0.176915 -0.975921 -0.12759
vn -0.176755 -0.975952 -0.127573
vn -0.198479 -0.971452 -0.129952
vn -0.139899 -0.975504 -0.169767
vn -0.14299 -0.975474 -0.167348
vn -0.145711 -0.975439 -0.165186
vn -0.130792 -0.97743 -0.165903
vn -0.145671 -0.975219 -0.166519
vn -0.142996 -0.975473 -0.167345
vn -0.150011 -0.974573 -0.166445
vn -0.149984 -0.974579 -0.166432
vn -0.163289 -0.970433 -0.177752
vn -0.215914 -0.955796 -0.199589
vn -0.163395 -0.970399 -0.177844
vn -0.16337 -0.970407 -0.177819
vn -0.204958 -0.953327 -0.221722
vn -0.14889 -0.977624 -0.148604
vn -0.148861 -0.977631 -0.148587
vn -0.173827 -0.97183 -0.159153
vn -0.173805 -0.971838 -0.159129
vn -0.166258 -0.974694 -0.14943
vn -0.167351 -0.975473 -0.142987
vn -0.167348 -0.975473 -0.142991
vn -0.169067 -0.975498 -0.140784
vn -0.166242 -0.974701 -0.149404
vn -0.165195 -0.97544 -0.145694
vn -0.162998 -0.978223 -0.128494
vn -0.166528 -0.975222 -0.145637
vn -0.167362 -0.975477 -0.142952
vn -0.124751 -0.975965 -0.17869
vn -0.127711 -0.975364 -0.179876
vn -0.127589 -0.975929 -0.176869
vn -0.129992 -0.971434 -0.19854
vn -0.128606 -0.975139 -0.180457
vn -0.128602 -0.97514 -0.180455
vn -0.131937 -0.974357 -0.182268
vn -0.140777 -0.975497 -0.169075
vn -0.136283 -0.97547 -0.172873
vn -0.137975 -0.975168 -0.173237
vn -0.113983 -0.978728 -0.170588
vn -0.08755 -0.983817 -0.156331
vn -0.167094 -0.975604 -0.142398
vn -0.173073 -0.975631 -0.134872
vn -0.167098 -0.975603 -0.142396
vn -0.167115 -0.975603 -0.142376
vn -0.165225 -0.975664 -0.144152
vn -0.16524 -0.975663 -0.144142
vn -0.161852 -0.976034 -0.145469
vn -0.161862 -0.976033 -0.145467
vn -0.154853 -0.977314 -0.144491
vn -0.15738 -0.976845 -0.144935
vn -0.157748 -0.976081 -0.149605
vn -0.157761 -0.976086 -0.149558
vn -0.155468 -0.975429 -0.156104
vn -0.155488 -0.975427 -0.156093
vn -0.145668 -0.976607 -0.158175
vn -0.144941 -0.976996 -0.15643
vn -0.144937 -0.976999 -0.156415
vn -0.145324 -0.975989 -0.162253
vn -0.145326 -0.975993 -0.162231
vn -0.144129 -0.975663 -0.165252
vn -0.144136 -0.975664 -0.165239
vn -0.141567 -0.975573 -0.167978
vn -0.142412 -0.975603 -0.167084
vn -0.135052 -0.975565 -0.173305
vn -0.135587 -0.976187 -0.169338
vn -0.1356 -0.9762 -0.169252
vn 0.153984 -0.975608 -0.156457
vn 0.14687 -0.976018 -0.160678
vn 0.152009 -0.976177 -0.154826
vn 0.172982 -0.967782 -0.182964
vn 0.153956 -0.973453 -0.16937
vn 0.179945 -0.964223 -0.194663
vn 0.186008 -0.961853 -0.200597
vn 0.153911 -0.973466 -0.169339
vn 0.147575 -0.975126 -0.16538
vn 0.147577 -0.975126 -0.16538
vn 0.130914 -0.977386 -0.166064
vn 0.142885 -0.974118 -0.175151
vn 0.142874 -0.974121 -0.175144
vn 0.105651 -0.981752 -0.158118
vn 0.13823 -0.974619 -0.176095
vn 0.138227 -0.97462 -0.176093
vn 0.135092 -0.975224 -0.175179
vn 0.135179 -0.975208 -0.175204
vn 0.134318 -0.975754 -0.172806
vn 0.134322 -0.975757 -0.172789
vn 0.134792 -0.976191 -0.169949
vn 0.134794 -0.976195 -0.169925
vn 0.134696 -0.976821 -0.166367
vn 0.134695 -0.976824 -0.166347
vn 0.138195 -0.973893 -0.180099
vn 0.143351 -0.975697 -0.16573
vn 0.144507 -0.9761 -0.162318
vn 0.144507 -0.976099 -0.162323
vn 0.14354 -0.977311 -0.155756
vn 0.144202 -0.976891 -0.157764
vn 0.146598 -0.976603 -0.15734
vn 0.152016 -0.976177 -0.154818
vn 0.14926 -0.975525 -0.161471
vn 0.17286 -0.967818 -0.182887
vn 0.172979 -0.967782 -0.182966
vn -0.15633 -0.975592 0.154208
vn -0.19015 -0.965893 0.175766
vn -0.157616 -0.975462 0.153724
vn -0.159354 -0.976579 0.144566
vn -0.147914 -0.978972 0.140479
vn -0.158792 -0.976717 0.144251
vn -0.162499 -0.97759 0.133834
vn -0.180794 -0.973688 0.138728
vn -0.163616 -0.97592 0.144257
vn -0.15879 -0.976718 0.144251
vn -0.167605 -0.976593 0.134815
vn -0.167593 -0.976595 0.134814
vn -0.170854 -0.976045 0.134701
vn -0.174919 -0.975542 0.133123
vn -0.174915 -0.975569 0.132931
vn -0.174917 -0.975566 0.132948
vn -0.175424 -0.975029 0.136179
vn -0.175427 -0.975027 0.136191
vn -0.165938 -0.979883 0.110877
vn -0.173895 -0.974715 0.140328
vn -0.165257 -0.975492 0.145278
vn -0.169772 -0.976353 0.133837
vn -0.176048 -0.973748 0.144296
vn -0.173893 -0.974716 0.140322
vn -0.165253 -0.975497 0.145248
vn -0.165947 -0.974803 0.149068
vn -0.165959 -0.974798 0.149086
vn -0.173928 -0.971802 0.159216
vn -0.173945 -0.971796 0.159233
vn -0.215791 -0.955847 0.199475
vn -0.197135 -0.96207 0.188571
vn -0.197076 -0.962071 0.18863
vn -0.157629 -0.975462 0.153711
vn -0.156048 -0.975531 0.15488
vn -0.157228 -0.975605 0.153214
vn -0.193159 -0.975745 0.103014
vn -0.200042 -0.975438 0.092221
vn -0.20236 -0.975404 0.08739
vn -0.170837 -0.976048 0.134703
vn -0.174932 -0.975448 0.13379
vn -0.18516 -0.975445 0.119262
vn -0.181934 -0.975767 0.121564
vn -0.192131 -0.975453 0.107599
vn -0.215895 -0.975788 0.035023
vn -0.198315 -0.975865 0.091425
vn -0.206711 -0.975426 0.07626
vn -0.207302 -0.975774 0.069938
vn -0.212096 -0.975416 0.059817
vn -0.214054 -0.975378 0.053086
vn -0.209707 -0.975974 0.059144
vn -0.216162 -0.97541 0.042997
vn -0.218882 -0.975407 0.025906
vn -0.218882 -0.975407 0.025906
vn -0.218035 -0.97579 0.01716
vn -0.22024 -0.975407 0.008653
vn -0.218716 -0.975788 -0.000818
vn -0.220227 -0.97541 -0.008653
vn -0.220227 -0.97541 -0.008653
vn -0.217933 -0.975783 -0.018793
vn -0.218842 -0.975416 -0.025902
vn -0.215691 -0.975774 -0.036647
vn -0.216096 -0.975426 -0.042984
vn -0.216096 -0.975426 -0.042984
vn -0.212004 -0.975761 -0.054264
vn -0.212006 -0.975438 -0.059792
vn -0.206896 -0.975745 -0.071529
vn -0.180458 -0.975138 -0.12861
vn -0.179973 -0.975367 -0.127551
vn -0.191979 -0.975492 -0.107514
vn -0.192554 -0.975701 -0.104548
vn -0.199908 -0.975471 -0.092159
vn -0.200399 -0.975725 -0.088327
vn -0.206598 -0.975453 -0.076218
vn -0.206598 -0.975453 -0.076218
vn -0.054264 -0.975761 -0.212004
vn -0.042983 -0.975425 -0.216096
vn -0.036933 -0.975389 -0.217374
vn -0.107013 -0.975723 -0.191084
vn -0.092159 -0.975471 -0.199908
vn -0.088327 -0.975725 -0.200398
vn -0.076217 -0.975453 -0.206598
vn -0.071996 -0.975423 -0.208248
vn -0.075661 -0.975815 -0.205087
vn -0.059792 -0.975438 -0.212006
vn 0.01716 -0.97579 -0.218035
vn -0.042557 -0.975918 -0.213946
vn -0.025902 -0.975416 -0.218842
vn -0.018793 -0.975783 -0.217933
vn -0.008653 -0.97541 -0.220227
vn -0.000825 -0.975371 -0.220569
vn -0.008544 -0.976032 -0.217458
vn 0.008653 -0.975407 -0.22024
vn 0.025907 -0.975407 -0.218882
vn 0.025906 -0.975407 -0.218882
vn 0.035022 -0.975788 -0.215895
vn 0.042997 -0.97541 -0.216162
vn 0.052654 -0.975783 -0.21231
vn 0.059817 -0.975416 -0.212096
vn 0.059817 -0.975416 -0.212096
vn 0.069938 -0.975774 -0.207302
vn 0.07626 -0.975426 -0.206711
vn 0.086761 -0.975761 -0.200905
vn 0.135166 -0.97521 -0.175202
vn 0.133628 -0.97545 -0.175047
vn 0.122297 -0.975471 -0.18303
vn 0.118588 -0.975725 -0.184114
vn 0.107598 -0.975453 -0.192131
vn 0.103014 -0.975745 -0.193159
vn 0.092221 -0.975438 -0.200042
vn 0.09222 -0.975438 -0.200042
vn -0.866026 0.0 0.499999
vn -0.866026 0.0 0.499999
vn -1.0 0.0 -0.0
vn -1.0 0.0 0.0
vn -0.866022 0.0 -0.500007
vn -0.866022 0.0 -0.500007
vn -0.500007 0.0 -0.866021
vn -0.500007 0.0 -0.866021
vn 0.0 0.0 -1.0
vn 0.0 0.0 -1.0
vn 0.500008 0.0 -0.866021
vn 0.500008 0.0 -0.866021
vn -0.734321 0.0 0.678802
vn -0.753367 0.135743 0.643437
vn -0.785317 0.0 0.619094
vn -0.83147 0.0 0.555569
vn -0.844749 0.135735 0.517663
vn -0.872495 0.0 0.488622
vn -0.908143 0.0 0.41866
vn -0.915328 0.13574 0.379142
vn -0.938191 0.0 0.346117
vn -0.962455 0.0 0.271441
vn -0.96337 0.13574 0.231285
vn -0.980785 0.0 0.19509
vn -0.993069 0.0 0.117537
vn -0.987691 0.135738 0.077733
vn -0.999229 0.0 0.03926
vn -0.999229 0.0 -0.03926
vn -0.987691 0.135738 -0.077733
vn -0.993069 0.0 -0.117537
vn -0.980785 0.0 -0.19509
vn -0.96337 0.135741 -0.231284
vn -0.962455 0.0 -0.271441
vn -0.938191 0.0 -0.346118
vn -0.915329 0.135735 -0.379142
vn -0.908144 0.0 -0.418658
vn -0.872496 0.0 -0.488621
vn -0.844749 0.135739 -0.517663
vn -0.83147 0.0 -0.55557
vn -0.785317 0.0 -0.619094
vn -0.753368 0.135741 -0.643437
vn -0.734322 0.0 -0.678801
vn -0.678801 0.0 -0.734322
vn -0.643438 0.135739 -0.753368
vn -0.619095 0.0 -0.785316
vn -0.55557 0.0 -0.83147
vn -0.517663 0.135738 -0.844749
vn -0.488622 0.0 -0.872496
vn -0.418659 0.0 -0.908144
vn -0.379142 0.135734 -0.915329
vn -0.346119 0.0 -0.938191
vn -0.271439 0.0 -0.962456
vn -0.231285 0.135736 -0.963371
vn -0.195091 0.0 -0.980785
vn -0.117537 0.0 -0.993069
vn -0.077733 0.135738 -0.987691
vn -0.03926 0.0 -0.999229
vn 0.03926 0.0 -0.999229
vn 0.077733 0.135738 -0.987691
vn 0.117537 0.0 -0.993069
vn 0.195091 0.0 -0.980785
vn 0.231285 0.135736 -0.963371
vn 0.271439 0.0 -0.962456
vn 0.346116 0.0 -0.938192
vn 0.379141 0.135742 -0.915328
vn 0.41866 0.0 -0.908143
vn 0.488622 0.0 -0.872496
vn 0.517663 0.135738 -0.844749
vn 0.55557 0.0 -0.83147
vn 0.619093 0.0 -0.785318
vn 0.643437 0.135742 -0.753368
vn 0.678801 0.0 -0.734322
vn 0.081197 -0.994137 -0.0714
vn 0.072958 -0.995136 -0.066187
vn 0.091867 -0.993273 -0.070492
vn 0.096218 -0.993245 -0.06485
vn 0.077032 -0.995275 -0.059109
vn 0.083502 -0.994917 -0.05628
vn 0.092564 -0.99392 -0.059621
vn 0.098059 -0.993805 -0.052297
vn 0.09947 -0.99379 -0.049881
vn 0.085178 -0.99533 -0.045426
vn 0.101356 -0.993887 -0.043771
vn 0.103603 -0.993261 -0.051955
vn 0.106187 -0.993288 -0.045857
vn 0.096189 -0.994794 -0.033658
vn 0.101843 -0.994207 -0.034359
vn 0.109787 -0.993582 -0.027227
vn 0.110846 -0.993561 -0.023437
vn 0.101846 -0.994479 -0.025258
vn 0.097629 -0.995009 -0.020643
vn 0.113462 -0.993372 -0.018406
vn 0.113462 -0.993372 -0.018406
vn 0.103297 -0.994616 -0.008296
vn 0.103924 -0.994552 -0.008179
vn 0.103991 -0.994543 -0.008352
vn 0.114578 -0.993414 0.000428
vn 0.114578 -0.993414 0.000428
vn 0.099597 -0.995016 0.004793
vn 0.11324 -0.99352 0.009765
vn 0.11208 -0.993499 0.019968
vn 0.100261 -0.994924 0.008646
vn 0.104272 -0.994375 0.018578
vn 0.099788 -0.994864 0.016955
vn 0.111883 -0.993309 0.028637
vn 0.110397 -0.993282 0.0347
vn 0.08968 -0.995706 0.022954
vn 0.095482 -0.994979 0.030012
vn 0.105708 -0.993725 0.036545
vn 0.105707 -0.993725 0.036547
vn 0.098799 -0.99406 0.045643
vn 0.089413 -0.995215 0.039409
vn 0.101784 -0.99327 0.055264
vn 0.098266 -0.993243 0.061746
vn 0.097888 -0.993777 0.053149
vn 0.085455 -0.994894 0.053695
vn 0.091657 -0.993981 0.060011
vn 0.088038 -0.993752 0.06861
vn 0.086256 -0.993734 0.071078
vn 0.08012 -0.994828 0.062436
vn 0.077296 -0.994972 0.063695
vn 0.085002 -0.993301 0.07828
vn 0.085002 -0.993301 0.07828
vn 0.069944 -0.994759 0.074578
vn 0.072256 -0.994295 0.07846
vn 0.068479 -0.993775 0.087874
vn 0.077756 -0.993519 0.082909
vn 0.066522 -0.993518 0.09218
vn 0.055496 -0.995916 0.071215
vn 0.062834 -0.993399 0.095967
vn 0.054778 -0.993375 0.101018
vn 0.050675 -0.995712 0.077398
vn 0.049617 -0.994568 0.0915
vn 0.049526 -0.994599 0.091215
vn 0.046314 -0.993385 0.105077
vn 0.04146 -0.99336 0.10732
vn 0.036193 -0.995965 0.082116
vn 0.035715 -0.994008 0.103306
vn 0.040898 -0.993539 0.105865
vn 0.037022 -0.993561 0.107083
vn 0.025361 -0.994312 0.103441
vn 0.024909 -0.994942 0.097318
vn 0.019366 -0.993294 0.11398
vn 0.012971 -0.993267 0.115118
vn 0.017338 -0.994629 0.102044
vn 0.011223 -0.994964 0.099603
vn 0.009569 -0.993778 0.110966
vn 0.00957 -0.993778 0.110966
vn -0.001756 -0.993978 0.109562
vn 0.000374 -0.994985 0.100025
vn -0.001616 -0.994906 0.100797
vn -0.009086 -0.993271 0.115454
vn -0.009087 -0.993271 0.115454
vn -0.014545 -0.994869 0.100124
vn -0.017452 -0.994043 0.107582
vn -0.026977 -0.9937 0.108778
vn -0.030206 -0.993682 0.108095
vn -0.026049 -0.994127 0.105035
vn -0.026919 -0.994985 0.096333
vn -0.036895 -0.993317 0.109361
vn -0.036895 -0.993317 0.109362
vn -0.040025 -0.994722 0.094479
vn -0.041386 -0.994537 0.095834
vn -0.041204 -0.994406 0.097262
vn -0.053565 -0.9935 0.100439
vn -0.057541 -0.993477 0.098446
vn -0.042089 -0.995992 0.07892
vn -0.061971 -0.99343 0.096212
vn -0.070033 -0.993407 0.090766
vn -0.059875 -0.993868 0.092958
vn -0.063881 -0.994517 0.082792
vn -0.062746 -0.994674 0.081773
vn -0.078049 -0.993286 0.085389
vn -0.079164 -0.993281 0.08441
vn -0.074651 -0.99386 0.081671
vn -0.080668 -0.993866 0.075655
vn -0.083006 -0.993582 0.076841
vn -0.083006 -0.993582 0.076841
vn -0.084283 -0.994318 0.065031
vn -0.078033 -0.995034 0.061789
vn -0.093647 -0.993631 0.062674
vn -0.091908 -0.993239 0.070915
vn -0.09628 -0.993266 0.064436
vn -0.086865 -0.994925 0.050772
vn -0.09654 -0.993884 0.053624
vn -0.100998 -0.99384 0.045623
vn -0.10217 -0.993825 0.043282
vn -0.095175 -0.994532 0.042988
vn -0.092508 -0.99494 0.03919
vn -0.109124 -0.993271 0.038782
vn -0.109124 -0.993271 0.038782
vn -0.097824 -0.994828 0.027335
vn -0.103011 -0.994307 0.02726
vn -0.103688 -0.994188 0.028974
vn -0.110861 -0.99364 0.019707
vn -0.1116 -0.993621 0.016212
vn -0.090944 -0.995725 0.016167
vn -0.114845 -0.993325 0.010729
vn -0.11555 -0.9933 0.001852
vn -0.100359 -0.994907 0.009376
vn -0.102872 -0.994693 0.001649
vn -0.105844 -0.994382 0.001099
vn -0.113719 -0.993479 -0.008247
vn -0.113501 -0.993456 -0.012789
vn -0.095026 -0.995451 -0.006891
vn -0.099066 -0.995018 -0.011162
vn -0.113092 -0.993427 -0.017691
vn -0.113092 -0.993427 -0.01769
vn -0.101578 -0.994516 -0.024904
vn -0.100281 -0.994662 -0.024322
vn -0.109186 -0.993359 -0.03627
vn -0.10753 -0.993334 -0.041541
vn -0.104015 -0.993975 -0.034552
vn -0.093087 -0.995008 -0.035961
vn -0.104105 -0.993573 -0.044444
vn -0.104105 -0.993573 -0.044444
vn -0.093806 -0.99429 -0.050868
vn -0.091163 -0.994669 -0.048189
vn -0.089699 -0.99478 -0.04864
vn -0.097451 -0.993287 -0.062331
vn -0.097451 -0.993287 -0.06233
vn -0.081263 -0.994966 -0.058644
vn -0.088685 -0.993758 -0.067673
vn -0.081473 -0.993742 -0.076416
vn -0.086914 -0.994006 -0.066319
vn -0.079728 -0.994008 -0.074773
vn -0.072235 -0.995251 -0.065243
vn -0.079284 -0.993262 -0.084521
vn -0.073847 -0.993235 -0.089616
vn -0.065261 -0.99544 -0.069572
vn -0.06421 -0.99489 -0.077921
vn -0.068104 -0.993978 -0.085845
vn -0.061894 -0.993754 -0.09286
vn -0.059454 -0.993737 -0.09462
vn -0.052988 -0.995425 -0.079502
vn -0.054085 -0.993735 -0.097807
vn -0.061663 -0.993261 -0.098138
vn -0.055972 -0.993288 -0.101224
vn -0.042807 -0.994777 -0.09266
vn -0.043985 -0.994226 -0.097879
vn -0.037716 -0.993569 -0.106764
vn -0.034009 -0.993548 -0.108197
vn -0.034732 -0.994548 -0.09832
vn -0.029921 -0.995009 -0.095194
vn -0.029216 -0.993362 -0.11126
vn -0.029218 -0.993362 -0.11126
vn -0.018161 -0.994626 -0.101932
vn -0.018087 -0.994529 -0.102882
vn -0.018336 -0.994521 -0.10292
vn -0.010434 -0.993424 -0.114014
vn -0.010433 -0.993424 -0.114015
vn -0.004792 -0.995018 -0.099578
vn -0.000966 -0.993482 -0.113982
vn 0.00914 -0.993461 -0.11381
vn -0.000842 -0.995038 -0.099493
vn 0.008439 -0.994429 -0.105071
vn 0.007574 -0.994781 -0.101751
vn 0.018045 -0.993324 -0.113942
vn 0.023912 -0.993297 -0.11309
vn 0.014486 -0.995703 -0.091461
vn 0.020672 -0.994995 -0.097767
vn 0.026739 -0.993645 -0.109338
vn 0.026736 -0.993645 -0.109339
vn 0.035577 -0.994181 -0.101675
vn 0.031425 -0.995076 -0.094003
vn 0.045677 -0.99327 -0.106431
vn 0.052023 -0.993243 -0.103741
vn 0.043517 -0.993893 -0.101401
vn 0.045044 -0.994939 -0.089823
vn 0.051955 -0.993845 -0.097837
vn 0.051992 -0.993846 -0.097815
vn 0.061774 -0.993873 -0.091655
vn 0.055088 -0.994791 -0.085767
vn 0.056223 -0.994927 -0.083418
vn 0.070452 -0.993267 -0.091964
vn 0.070452 -0.993267 -0.091965
vn 0.066946 -0.994848 -0.076132
vn 0.074629 -0.99386 -0.081691
vn 0.078454 -0.993872 -0.077868
vn -0.0 1.0 0.0
vn 0.0 1.0 -0.0
vn 0.0 1.0 -0.0
vn 0.0 1.0 0.0
vn 0.0 1.0 0.0
vn 0.0 1.0 0.0
vn 0.0 1.0 0.0
vn 0.0 1.0 0.0
vn 0.0 1.0 0.0
vn -0.0 1.0 0.0
vn 0.0 1.0 0.0
vn -0.0 1.0 0.0
vn 0.0 1.0 0.0
vn 0.0 1.0 0.0
vn 0.0 1.0 -0.0
vn 0.0 1.0 0.0
vn 0.0 1.0 -0.0
vn 0.0 1.0 0.0
vn 0.0 1.0 0.0
vn 0.0 1.0 0.0
vn 0.0 1.0 0.0
vn 0.0 1.0 0.0
vn 0.0 1.0 -0.0
vn 0.0 1.0 0.0
vn -0.0 1.0 -0.0
vn -0.0 1.0 -0.0
vn 0.0 1.0 0.0
vn 0.0 1.0 0.0
vn 0.0 1.0 0.0
vn 0.0 1.0 0.0
vn 0.0 1.0 0.0
vn 0.0 1.0 0.0
vn 0.0 1.0 0.0
vn 0.0 1.0 0.0
vn 0.0 1.0 0.0
vn 0.0 1.0 -0.0
vn 0.0 1.0 0.0
vn -0.0 1.0 0.0
vn 0.0 1.0 0.0
vn 0.0 1.0 0.0
vn 0.0 1.0 0.0
vn 0.0 1.0 0.0
vn 0.0 1.0 0.0
vn 0.0 1.0 0.0
vn 0.0 1.0 0.0
vn 0.0 1.0 0.0
vn 0.0 1.0 0.0
vn 0.0 1.0 0.0
vn 0.0 1.0 0.0
vn -0.0 1.0 0.0
vn -0.0 1.0 0.0
vn -0.0 1.0 0.0
vn 0.0 1.0 0.0
vn 0.0 1.0 0.0
vn -0.0 1.0 0.0
vn 0.0 1.0 0.0
vn -0.0 1.0 0.0
vn 0.0 1.0 0.0
vn -0.0 1.0 0.0
vn 0.0 1.0 0.0
vn 0.0 1.0 0.0
vn 0.0 1.0 -0.0
vn 0.0 1.0 0.0
vn 0.0 1.0 -0.0
vn 0.0 1.0 0.0
vn 0.0 1.0 -0.0
vn 0.0 1.0 0.0
vn 0.0 1.0 -0.0
vn 0.0 1.0 0.0
vn 0.0 1.0 0.0
vn 0.0 1.0 0.0
vn 0.0 1.0 0.0
vn 0.0 1.0 0.0
vn 0.0 1.0 0.0
vn 0.0 1.0 0.0
vn 0.0 1.0 0.0
vn 0.0 1.0 0.0
vn 0.0 1.0 0.0
vn 0.0 1.0 0.0
vn 0.0 1.0 0.0
vn 0.0 1.0 0.0
vn 0.0 1.0 0.0
vn -0.0 1.0 0.0
vn 0.0 1.0 0.0
vn 0.0 1.0 0.0
vn 0.0 1.0 0.0
vn 0.0 1.0 0.0
vn 0.0 1.0 -0.0
vn 0.0 1.0 0.0
vn 0.0 1.0 0.0
vn 0.0 1.0 0.0
vn 0.0 1.0 0.0
vn 0.0 1.0 0.0
vn 0.0 1.0 0.0
vn 0.0 1.0 0.0
vn 0.0 1.0 0.0
vn 0.0 1.0 0.0
vn 0.0 1.0 0.0
vn 0.0 1.0 0.0
vn 0.0 1.0 0.0
vn 0.0 1.0 0.0
vn 0.0 1.0 0.0
vn 0.0 1.0 0.0
vn 0.0 1.0 0.0
vn 0.0 1.0 0.0
vn 0.0 1.0 0.0
vn 0.0 1.0 0.0
vn 0.0 1.0 0.0
vn 0.0 1.0 0.0
vn 0.0 1.0 -0.0
vn -0.0 1.0 0.0
vn 0.0 1.0 0.0
vn -0.0 1.0 0.0
vn -0.0 1.0 0.0
vn 0.0 1.0 0.0
vn -0.0 1.0 0.0
vn 0.0 1.0 0.0
vn -0.0 1.0 0.0
vn 0.0 1.0 0.0
vn -0.0 1.0 0.0
vn 0.0 1.0 0.0
vn -0.0 1.0 0.0
vn 0.0 1.0 0.0
vn 0.0 1.0 0.0
vn -0.0 1.0 0.0
vn 0.0 1.0 0.0
vn -0.0 1.0 0.0
vn 0.0 1.0 0.0
vn -0.0 1.0 0.0
vn 0.0 1.0 0.0
vn 0.0 1.0 0.0
vn 0.0 1.0 0.0
vn 0.0 1.0 -0.0
vn 0.0 1.0 0.0
vn 0.0 1.0 -0.0
vn -0.0 1.0 0.0
vn 0.0 1.0 -0.0
vn -0.0 1.0 0.0
vn 0.0 1.0 -0.0
vn -0.0 1.0 0.0
vn 0.806133 0.0 -0.591735
vn 0.806133 0.0 -0.591735
vn 0.889335 0.0 -0.457256
vn 0.889335 0.0 -0.457256
vn 0.950298 0.0 -0.311342
vn 0.950298 0.0 -0.311342
vn 0.987496 0.0 -0.157642
vn 0.987496 0.0 -0.157642
vn 1.0 0.0 0.0
vn 1.0 -0.0 0.0
vn 0.987496 0.0 0.157642
vn 0.987496 -0.0 0.157642
vn 0.950298 0.0 0.311342
vn 0.950298 -0.0 0.311342
vn 0.889335 0.0 0.457255
vn 0.889335 -0.0 0.457255
vn 0.806133 0.0 0.591734
vn 0.806133 -0.0 0.591734
vn 0.591736 0.0 0.806132
vn 0.591736 -0.0 0.806132
vn 0.457256 0.0 0.889335
vn 0.457256 -0.0 0.889335
vn 0.311341 0.0 0.950298
vn 0.311341 -0.0 0.950298
vn 0.157641 0.0 0.987496
vn 0.157641 -0.0 0.987496
vn -0.0 0.0 1.0
vn 0.0 0.0 1.0
vn -0.157641 0.0 0.987496
vn -0.157641 0.0 0.987496
vn -0.311341 0.0 0.950298
vn -0.311341 0.0 0.950298
vn -0.457256 0.0 0.889335
vn -0.457256 0.0 0.889335
vn -0.591734 0.0 0.806133
vn -0.591734 0.0 0.806133
vn -0.806133 0.0 0.591735
vn -0.806133 0.0 0.591735
vn -0.889335 0.0 0.457256
vn -0.889335 0.0 0.457256
vn -0.950298 0.0 0.311342
vn -0.950298 0.0 0.311342
vn -0.987496 0.0 0.157642
vn -0.987496 0.0 0.157642
vn -1.0 0.0 0.0
vn -1.0 0.0 0.0
vn -0.987496 0.0 -0.157641
vn -0.987496 0.0 -0.157641
vn -0.950298 0.0 -0.311342
vn -0.950298 0.0 -0.311342
vn -0.889336 0.0 -0.457255
vn -0.889336 0.0 -0.457255
vn -0.806133 0.0 -0.591735
vn -0.806133 0.0 -0.591735
vn 0.0 1.0 0.0
vn 0.0 1.0 0.0
vn 0.0 1.0 -0.0
vn 0.0 1.0 0.0
vn 0.0 1.0 -0.0
vn 0.0 1.0 0.0
vn 0.0 1.0 0.0
vn 0.0 1.0 0.0
vn 0.0 1.0 0.0
vn 0.0 1.0 0.0
vn -0.0 1.0 0.0
vn 0.0 1.0 0.0
vn 0.0 1.0 -0.0
vn 0.0 1.0 0.0
vn 0.0 1.0 0.0
vn 0.0 1.0 0.0
vn 0.0 1.0 0.0
vn 0.0 1.0 0.0
vn 0.0 1.0 0.0
vn 0.0 1.0 0.0
vn 0.0 1.0 0.0
vn 0.0 1.0 0.0
vn -0.0 1.0 0.0
vn 0.0 1.0 0.0
vn -0.0 1.0 0.0
vn 0.0 1.0 0.0
vn 0.0 1.0 0.0
vn 0.0 1.0 0.0
vn 0.0 1.0 0.0
vn 0.0 1.0 0.0
vn 0.0 1.0 0.0
vn 0.0 1.0 0.0
vn 0.0 1.0 0.0
vn 0.0 1.0 0.0
vn 0.0 1.0 0.0
vn 0.0 1.0 0.0
vn 0.0 1.0 0.0
vn -0.0 1.0 0.0
vn -0.0 1.0 -0.0
vn -0.0 1.0 -0.0
vn 0.0 1.0 0.0
vn 0.0 1.0 0.0
vn 0.0 1.0 0.0
vn 0.0 1.0 0.0
vn 0.0 1.0 0.0
vn 0.0 1.0 0.0
vn 0.0 1.0 0.0
vn 0.0 1.0 0.0
vn -0.0 1.0 0.0
vn -0.0 1.0 0.0
vn 0.0 1.0 0.0
vn 0.0 1.0 0.0
vn -0.0 1.0 0.0
vn 0.0 1.0 0.0
vn 0.0 1.0 0.0
vn 0.0 1.0 0.0
vn 0.0 1.0 0.0
vn 0.0 1.0 0.0
vn 0.0 1.0 0.0
vn 0.0 1.0 0.0
vn 0.0 1.0 -0.0
vn 0.0 1.0 0.0
vn 0.0 1.0 0.0
vn 0.0 1.0 -0.0
vn 0.0 1.0 0.0
vn 0.0 1.0 0.0
vn 0.0 1.0 0.0
vn 0.0 1.0 0.0
vn 0.0 1.0 0.0
vn 0.0 1.0 -0.0
vn 0.0 1.0 0.0
vn 0.0 1.0 0.0
vn 0.0 1.0 0.0
vn 0.0 1.0 0.0
vn 0.0 1.0 0.0
vn 0.0 1.0 0.0
vn 0.0 1.0 0.0
vn 0.0 1.0 -0.0
vn 0.0 1.0 0.0
vn 0.0 1.0 -0.0
vn 0.0 1.0 0.0
vn 0.0 1.0 0.0
vn 0.0 1.0 0.0
vn 0.0 1.0 0.0
vn 0.0 1.0 0.0
vn 0.0 1.0 -0.0
vn 0.0 1.0 -0.0
vn 0.0 1.0 -0.0
vn 0.0 1.0 -0.0
vn 0.0 1.0 -0.0
vn 0.0 1.0 -0.0
vn 0.0 1.0 -0.0
vn 0.0 1.0 0.0
vn 0.0 1.0 0.0
vn 0.0 1.0 0.0
vn 0.0 1.0 0.0
vn 0.0 1.0 0.0
vn 0.0 1.0 0.0
vn -0.0 -1.0 0.0
vn 0.0 -1.0 0.0
vn 0.0 -1.0 0.0
vn -0.0 -1.0 0.0
vn 0.0 -1.0 -0.0
vn -0.0 -1.0 0.0
vn 0.0 -1.0 0.0
vn 0.0 -1.0 -0.0
vn 0.0 -1.0 0.0
vn 0.0 -1.0 -0.0
vn 0.0 -1.0 0.0
vn 0.0 -1.0 -0.0
vn 0.0 -1.0 0.0
vn 0.0 -1.0 0.0
vn 0.0 -1.0 0.0
vn 0.0 -1.0 0.0
vn 0.0 -1.0 0.0
vn 0.0 -1.0 0.0
vn 0.0 -1.0 0.0
vn 0.0 -1.0 0.0
vn 0.0 -1.0 0.0
vn 0.0 -1.0 0.0
vn -0.0 -1.0 0.0
vn 0.0 -1.0 0.0
vn 0.0 -1.0 0.0
vn -0.0 -1.0 0.0
vn 0.0 -1.0 -0.0
vn -0.0 -1.0 0.0
vn 0.0 -1.0 0.0
vn 0.0 -1.0 -0.0
vn 0.0 -1.0 0.0
vn 0.0 -1.0 -0.0
vn 0.0 -1.0 0.0
vn 0.0 -1.0 -0.0
vn 0.0 -1.0 0.0
vn 0.0 -1.0 0.0
vn 0.0 -1.0 0.0
vn 0.0 -1.0 0.0
vn 0.0 -1.0 0.0
vn 0.0 -1.0 0.0
vn 0.0 -1.0 0.0
vn 0.0 -1.0 0.0
vn 0.0 -1.0 0.0
vn 0.0 -1.0 0.0
vn -0.0 -1.0 0.0
vn 0.0 -1.0 0.0
vn -0.0 -1.0 0.0
vn 0.0 -1.0 0.0
vn 0.0 -1.0 0.0
vn 0.0 -1.0 -0.0
vn 0.0 -1.0 0.0
vn 0.0 -1.0 -0.0
vn 0.0 -1.0 0.0
vn 0.0 -1.0 -0.0
vn 0.0 -1.0 0.0
vn 0.0 -1.0 0.0
vn 0.0 -1.0 0.0
vn 0.0 -1.0 0.0
vn 0.0 -1.0 0.0
vn 0.0 -1.0 0.0
vn 0.0 -1.0 0.0
vn 0.0 -1.0 0.0
vn 0.0 -1.0 0.0
vn 0.0 -1.0 0.0
vn -0.0 -1.0 0.0
vn 0.0 -1.0 0.0
vn -0.0 -1.0 0.0
vn 0.0 -1.0 0.0
vn 0.0 -1.0 0.0
vn -0.0 -1.0 0.0
vn 0.0 -1.0 -0.0
vn -0.0 -1.0 0.0
vn -0.591735 0.0 -0.806133
vn -0.591735 0.0 -0.806133
vn -0.457256 0.0 -0.889335
vn -0.457256 0.0 -0.889335
vn -0.311341 0.0 -0.950298
vn -0.311341 0.0 -0.950298
vn -0.157642 0.0 -0.987496
vn -0.157642 0.0 -0.987496
vn -0.0 0.0 -1.0
vn 0.0 0.0 -1.0
vn 0.157641 0.0 -0.987496
vn 0.157641 0.0 -0.987496
vn 0.311341 0.0 -0.950298
vn 0.311341 0.0 -0.950298
vn 0.457256 0.0 -0.889335
vn 0.457256 0.0 -0.889335
vn 0.591735 0.0 -0.806133
vn 0.591735 0.0 -0.806133
vn 0.707106 -0.0 0.707108
vn 0.707106 -0.0 0.707108
vn -0.707106 -0.0 -0.707108
vn -0.707106 -0.0 -0.707108
vn 0.707106 0.0 -0.707108
vn 0.707106 0.0 -0.707108
vn -0.707106 0.0 0.707108
vn -0.707106 0.0 0.707108
vn -0.707106 0.0 -0.707108
vn -0.707106 0.0 -0.707108
vn 0.707106 0.0 0.707108
vn 0.707106 0.0 0.707108
vn -0.707106 0.0 0.707108
vn -0.707106 0.0 0.707108
vn 0.707114 0.0 -0.7071
vn 0.707114 0.0 -0.7071
vn 0.794292 0.0 -0.607536
vn 0.794292 0.0 -0.607536
vn 0.970862 0.0 -0.239639
vn 0.970862 0.0 -0.239639
vn 0.98576 0.0 0.168158
vn 0.98576 -0.0 0.168158
vn 0.836508 0.0 0.547954
vn 0.836508 -0.0 0.547954
vn -0.547958 0.0 -0.836506
vn -0.547958 0.0 -0.836506
vn -0.168156 0.0 -0.98576
vn -0.168156 0.0 -0.98576
vn 0.239636 0.0 -0.970863
vn 0.239636 0.0 -0.970863
vn 0.607536 0.0 -0.794292
vn 0.607536 0.0 -0.794292
vn -0.836508 0.0 0.547954
vn -0.836508 0.0 0.547954
vn -0.98576 0.0 0.168158
vn -0.98576 0.0 0.168158
vn -0.970862 0.0 -0.239639
vn -0.970862 0.0 -0.239639
vn -0.794292 0.0 -0.607536
vn -0.794292 0.0 -0.607536
vn -0.607536 0.0 -0.794292
vn -0.607536 0.0 -0.794292
vn -0.239636 0.0 -0.970863
vn -0.239636 0.0 -0.970863
vn 0.168156 0.0 -0.98576
vn 0.168156 0.0 -0.98576
vn 0.547958 0.0 -0.836506
vn 0.547958 0.0 -0.836506
vn 0.836508 0.0 -0.547954
vn 0.836508 0.0 -0.547954
vn 0.98576 0.0 -0.168158
vn 0.98576 0.0 -0.168158
vn 0.970861 0.0 0.239643
vn 0.970861 -0.0 0.239643
vn 0.794292 0.0 0.607536
vn 0.794292 -0.0 0.607536
vn 0.607524 0.0 0.794301
vn 0.607524 -0.0 0.794301
vn 0.239653 0.0 0.970859
vn 0.239653 -0.0 0.970859
vn -0.168156 0.0 0.98576
vn -0.168156 0.0 0.98576
vn -0.547958 0.0 0.836506
vn -0.547958 0.0 0.836506
vn 0.0 -1.0 0.0
vn -0.0 -1.0 0.0
vn 0.0 -1.0 0.0
vn -0.0 -1.0 0.0
vn 0.0 -1.0 0.0
vn -0.0 -1.0 0.0
vn 0.0 -1.0 0.0
vn -0.0 -1.0 0.0
vn 0.0 -1.0 0.0
vn 0.0 -1.0 -0.0
vn 0.0 -1.0 0.0
vn 0.0 -1.0 -0.0
vn 0.0 -1.0 0.0
vn 0.0 -1.0 -0.0
vn 0.0 -1.0 0.0
vn 0.0 -1.0 -0.0
vn 0.0 -1.0 0.0
vn 0.0 -1.0 -0.0
vn 0.0 -1.0 0.0
vn 0.0 -1.0 -0.0
vn 0.0 -1.0 0.0
vn 0.0 -1.0 -0.0
vn 0.0 -1.0 0.0
vn 0.0 -1.0 -0.0
vn 0.0 -1.0 0.0
vn 0.0 -1.0 0.0
vn 0.0 -1.0 0.0
vn 0.0 -1.0 0.0
vn 0.0 -1.0 0.0
vn 0.0 -1.0 0.0
vn 0.0 -1.0 0.0
vn 0.0 -1.0 0.0
vn 0.0 -1.0 0.0
vn 0.0 -1.0 0.0
vn 0.0 -1.0 0.0
vn 0.0 -1.0 0.0
vn 0.0 -1.0 0.0
vn 0.0 -1.0 0.0
vn 0.0 -1.0 0.0
vn 0.0 -1.0 0.0
vn 0.0 -1.0 0.0
vn 0.0 -1.0 0.0
vn 0.0 -1.0 0.0
vn 0.0 -1.0 0.0
vn 0.0 -1.0 0.0
vn 0.0 -1.0 0.0
vn 0.0 -1.0 0.0
vn 0.0 -1.0 0.0
vn 0.0 -1.0 0.0
vn 0.0 -1.0 0.0
vn 0.0 -1.0 0.0
vn 0.0 -1.0 0.0
vn 0.0 -1.0 0.0
vn 0.0 -1.0 0.0
vn 0.0 -1.0 0.0
vn 0.0 -1.0 0.0
vn 0.0 -1.0 0.0
vn 0.0 -1.0 0.0
vn -0.0 -1.0 0.0
vn 0.0 -1.0 0.0
vn 0.0 -1.0 0.0
vn -0.0 -1.0 0.0
vn 0.0 -1.0 0.0
vn -0.0 -1.0 0.0
vn 0.0 -1.0 0.0
vn -0.0 -1.0 0.0
vn 0.0 -1.0 0.0
vn -0.0 -1.0 0.0
f 2241//1 2223//1 2232//1 
f 2246//2 2225//2 2170//2 
f 1944//3 2246//3 2170//3 
f 2096//4 1944//4 2170//4 
f 2067//5 1944//5 2096//5 
f 1944//6 2067//6 2020//6 
f 2010//7 1944//7 2020//7 
f 1949//8 1944//8 2010//8 
f 2244//9 2098//9 2141//9 
f 2014//10 1937//10 1948//10 
f 2012//11 2014//11 1948//11 
f 2244//12 2014//12 2012//12 
f 2057//13 2244//13 2012//13 
f 2098//14 2244//14 2057//14 
f 2217//15 2223//15 2241//15 
f 2244//16 2141//16 2217//16 
f 2241//17 2244//17 2217//17 
f 2266//18 2244//18 2241//18 
f 2339//19 2266//19 2241//19 
f 2310//20 2266//20 2339//20 
f 2442//21 2310//21 2339//21 
f 2351//22 2310//22 2442//22 
f 2409//23 2351//23 2442//23 
f 2502//24 2616//24 2507//24 
f 2519//25 2616//25 2502//25 
f 2445//26 2519//26 2502//26 
f 2442//27 2519//27 2445//27 
f 2441//28 2442//28 2445//28 
f 2409//29 2442//29 2441//29 
f 2699//30 2821//30 2746//30 
f 2821//31 2699//31 2675//31 
f 2630//32 2821//32 2675//32 
f 2694//33 2821//33 2630//33 
f 2618//34 2694//34 2630//34 
f 2616//35 2694//35 2618//35 
f 2596//36 2616//36 2618//36 
f 2507//37 2616//37 2596//37 
f 3283//38 3108//38 3012//38 
f 2904//39 3283//39 3012//39 
f 3025//40 3283//40 2904//40 
f 2826//41 3025//41 2904//41 
f 2821//42 3025//42 2826//42 
f 2802//43 2821//43 2826//43 
f 2746//44 2821//44 2802//44 
f 3411//45 3402//45 3436//45 
f 3444//46 3411//46 3436//46 
f 3436//47 3402//47 3321//47 
f 3302//48 3436//48 3321//48 
f 3371//49 3436//49 3302//49 
f 3287//50 3371//50 3302//50 
f 3283//51 3371//51 3287//51 
f 3185//52 3283//52 3287//52 
f 3108//53 3283//53 3185//53 
f 3562//54 3574//54 3571//54 
f 3570//55 3562//55 3571//55 
f 3508//56 3562//56 3570//56 
f 3562//57 3508//57 3503//57 
f 3467//58 3562//58 3503//58 
f 3461//59 3562//59 3467//59 
f 3461//60 3444//60 3436//60 
f 3497//61 3461//61 3436//61 
f 3562//62 3461//62 3497//62 
f 3686//63 3690//63 3681//63 
f 3630//64 3686//64 3681//64 
f 3625//65 3686//65 3630//65 
f 3625//66 3574//66 3562//66 
f 3631//67 3625//67 3562//67 
f 3686//68 3625//68 3631//68 
f 4051//69 4022//69 4019//69 
f 4043//70 4032//70 4049//70 
f 4043//71 4001//71 4002//71 
f 4023//72 4043//72 4002//72 
f 4032//73 4043//73 4023//73 
f 4051//74 4019//74 3959//74 
f 3940//75 4051//75 3959//75 
f 3916//76 4051//76 3940//76 
f 4051//77 3916//77 3901//77 
f 3875//78 4051//78 3901//78 
f 3861//79 4051//79 3875//79 
f 4051//80 3861//80 3840//80 
f 3835//81 4051//81 3840//81 
f 3839//82 4051//82 3835//82 
f 3768//83 3839//83 3835//83 
f 3686//84 3839//84 3768//84 
f 3699//85 3686//85 3768//85 
f 3690//86 3686//86 3699//86 
f 4047//87 3703//87 3698//87 
f 3787//88 4047//88 3698//88 
f 3812//89 4047//89 3787//89 
f 4047//90 3812//90 3842//90 
f 3847//91 4047//91 3842//91 
f 3877//92 4047//92 3847//92 
f 4047//93 3877//93 3891//93 
f 3920//94 4047//94 3891//94 
f 3922//95 4047//95 3920//95 
f 4047//96 3922//96 3962//96 
f 3966//97 4047//97 3962//97 
f 4017//98 4047//98 3966//98 
f 4049//99 4031//99 4025//99 
f 4021//100 4049//100 4025//100 
f 4042//101 4049//101 4021//101 
f 3999//102 4042//102 4021//102 
f 4000//103 4042//103 3999//103 
f 3703//104 3629//104 3683//104 
f 3684//105 3703//105 3683//105 
f 3698//106 3703//106 3684//106 
f 3576//107 3468//107 3502//107 
f 3513//108 3576//108 3502//108 
f 3557//109 3576//109 3513//109 
f 3576//110 3557//110 3572//110 
f 3573//111 3576//111 3572//111 
f 3703//112 3576//112 3573//112 
f 3626//113 3703//113 3573//113 
f 3629//114 3703//114 3626//114 
f 3456//115 3324//115 3392//115 
f 3456//116 3392//116 3412//116 
f 3455//117 3456//117 3412//117 
f 3576//118 3456//118 3455//118 
f 3458//119 3576//119 3455//119 
f 3468//120 3576//120 3458//120 
f 3293//121 3010//121 3106//121 
f 3293//122 3106//122 3186//122 
f 3288//123 3293//123 3186//123 
f 3456//124 3293//124 3288//124 
f 3300//125 3456//125 3288//125 
f 3324//126 3456//126 3300//126 
f 2629//127 2828//127 2622//127 
f 2828//128 2629//128 2672//128 
f 2697//129 2828//129 2672//129 
f 2747//130 2828//130 2697//130 
f 2828//131 2747//131 2792//131 
f 2827//132 2828//132 2792//132 
f 3293//133 2828//133 2827//133 
f 2906//134 3293//134 2827//134 
f 3010//135 3293//135 2906//135 
f 2486//136 2446//136 2453//136 
f 2622//137 2549//137 2597//137 
f 2619//138 2622//138 2597//138 
f 2629//139 2622//139 2619//139 
f 2622//140 2446//140 2486//140 
f 2516//141 2622//141 2486//141 
f 2549//142 2622//142 2516//142 
f 2245//143 2260//143 2283//143 
f 2446//144 2245//144 2283//144 
f 2342//145 2446//145 2283//145 
f 2356//146 2446//146 2342//146 
f 2446//147 2356//147 2402//147 
f 2444//148 2446//148 2402//148 
f 2453//149 2446//149 2444//149 
f 2243//150 2260//150 2245//150 
f 1943//151 2243//151 2245//151 
f 1953//152 2243//152 1943//152 
f 2242//153 2233//153 2225//153 
f 2246//154 2242//154 2225//154 
f 2340//155 2242//155 2246//155 
f 2447//156 2340//156 2246//156 
f 2443//157 2340//157 2447//157 
f 2520//158 2443//158 2447//158 
f 2623//159 2520//159 2447//159 
f 2617//160 2520//160 2623//160 
f 2693//161 2617//161 2623//161 
f 2829//162 2693//162 2623//162 
f 2822//163 2693//163 2829//163 
f 3026//164 2822//164 2829//164 
f 3294//165 3026//165 2829//165 
f 3284//166 3026//166 3294//166 
f 3372//167 3284//167 3294//167 
f 3457//168 3372//168 3294//168 
f 3437//169 3372//169 3457//169 
f 3498//170 3437//170 3457//170 
f 3575//171 3498//171 3457//171 
f 3563//172 3498//172 3575//172 
f 3632//173 3563//173 3575//173 
f 3702//174 3632//174 3575//174 
f 3685//175 3632//175 3702//175 
f 4047//176 4017//176 4031//176 
f 4049//177 4047//177 4031//177 
f 3702//178 4047//178 4049//178 
f 3838//179 3685//179 3702//179 
f 4049//180 3838//180 3702//180 
f 4051//181 3838//181 4049//181 
f 4032//182 4051//182 4049//182 
f 4022//183 4051//183 4032//183 
f 1789//184 1953//184 1943//184 
f 1646//185 1789//185 1943//185 
f 1650//186 1789//186 1646//186 
f 1626//187 1650//187 1646//187 
f 1479//188 1443//188 1449//188 
f 1443//189 1479//189 1523//189 
f 1551//190 1443//190 1523//190 
f 1646//191 1443//191 1551//191 
f 1595//192 1646//192 1551//192 
f 1626//193 1646//193 1595//193 
f 1334//194 1271//194 1314//194 
f 1271//195 1334//195 1389//195 
f 1390//196 1271//196 1389//196 
f 1443//197 1271//197 1390//197 
f 1438//198 1443//198 1390//198 
f 1449//199 1443//199 1438//199 
f 1062//200 1146//200 1175//200 
f 1206//201 1062//201 1175//201 
f 1062//202 1206//202 1231//202 
f 1259//203 1062//203 1231//203 
f 1271//204 1062//204 1259//204 
f 1278//205 1271//205 1259//205 
f 1314//206 1271//206 1278//206 
f 597//207 828//207 873//207 
f 1015//208 597//208 873//208 
f 1062//209 597//209 1015//209 
f 1067//210 1062//210 1015//210 
f 1146//211 1062//211 1067//211 
f 468//212 509//212 432//212 
f 458//213 468//213 432//213 
f 432//214 509//214 583//214 
f 591//215 432//215 583//215 
f 597//216 432//216 591//216 
f 601//217 597//217 591//217 
f 828//218 597//218 601//218 
f 315//219 349//219 395//219 
f 401//220 315//220 395//220 
f 432//221 315//221 401//221 
f 448//222 432//222 401//222 
f 458//223 432//223 448//223 
f 254//224 192//224 207//224 
f 192//225 254//225 274//225 
f 319//226 192//226 274//226 
f 315//227 192//227 319//227 
f 322//228 315//228 319//228 
f 349//229 315//229 322//229 
f 7//230 14//230 4//230 
f 7//231 38//231 37//231 
f 15//232 7//232 37//232 
f 14//233 7//233 15//233 
f 33//234 34//234 2//234 
f 14//235 33//235 2//235 
f 2//236 34//236 102//236 
f 103//237 2//237 102//237 
f 113//238 2//238 103//238 
f 2//239 113//239 114//239 
f 125//240 2//240 114//240 
f 128//241 2//241 125//241 
f 2//242 128//242 161//242 
f 167//243 2//243 161//243 
f 192//244 2//244 167//244 
f 196//245 192//245 167//245 
f 207//246 192//246 196//246 
f 5//247 197//247 165//247 
f 164//248 5//248 165//248 
f 5//249 164//249 135//249 
f 129//250 5//250 135//250 
f 120//251 5//251 129//251 
f 5//252 120//252 117//252 
f 107//253 5//253 117//253 
f 106//254 5//254 107//254 
f 5//255 106//255 75//255 
f 72//256 5//256 75//256 
f 29//257 5//257 72//257 
f 4//258 17//258 25//258 
f 27//259 4//259 25//259 
f 8//260 4//260 27//260 
f 40//261 8//261 27//261 
f 39//262 8//262 40//262 
f 193//263 320//263 262//263 
f 259//264 193//264 262//264 
f 210//265 193//265 259//265 
f 197//266 5//266 190//266 
f 193//267 197//267 190//267 
f 206//268 197//268 193//268 
f 210//269 206//269 193//269 
f 317//270 436//270 428//270 
f 421//271 317//271 428//271 
f 317//272 421//272 388//272 
f 378//273 317//273 388//273 
f 333//274 317//274 378//274 
f 320//275 193//275 312//275 
f 317//276 320//276 312//276 
f 323//277 320//277 317//277 
f 333//278 323//278 317//278 
f 436//279 317//279 430//279 
f 434//280 436//280 430//280 
f 480//281 436//281 434//281 
f 499//282 480//282 434//282 
f 599//283 784//283 712//283 
f 607//284 599//284 712//284 
f 594//285 599//285 607//285 
f 584//286 594//286 607//286 
f 434//287 594//287 584//287 
f 561//288 434//288 584//288 
f 499//289 434//289 561//289 
f 1064//290 1203//290 1147//290 
f 1064//291 1147//291 1107//291 
f 1069//292 1064//292 1107//292 
f 1059//293 1064//293 1069//293 
f 985//294 1059//294 1069//294 
f 599//295 1059//295 985//295 
f 888//296 599//296 985//296 
f 784//297 599//297 888//297 
f 1387//298 1377//298 1273//298 
f 1439//299 1387//299 1273//299 
f 1273//300 1377//300 1303//300 
f 1279//301 1273//301 1303//301 
f 1267//302 1273//302 1279//302 
f 1263//303 1267//303 1279//303 
f 1064//304 1267//304 1263//304 
f 1218//305 1064//305 1263//305 
f 1203//306 1064//306 1218//306 
f 1652//307 1634//307 1648//307 
f 1579//308 1536//308 1445//308 
f 1634//309 1579//309 1445//309 
f 1605//310 1579//310 1634//310 
f 1652//311 1605//311 1634//311 
f 1445//312 1536//312 1492//312 
f 1447//313 1445//313 1492//313 
f 1439//314 1445//314 1447//314 
f 1433//315 1439//315 1447//315 
f 1387//316 1439//316 1433//316 
f 1668//317 1648//317 1661//317 
f 1652//318 1648//318 1668//318 
f 1721//319 1652//319 1668//319 
f 1799//320 1652//320 1721//320 
f 1652//321 1799//321 1831//321 
f 1878//322 1652//322 1831//322 
f 1937//323 1652//323 1878//323 
f 1886//324 1937//324 1878//324 
f 1948//325 1937//325 1886//325 
f 1647//326 1944//326 1949//326 
f 1885//327 1647//327 1949//327 
f 1647//328 1885//328 1841//328 
f 1797//329 1647//329 1841//329 
f 1750//330 1647//330 1797//330 
f 1669//331 1662//331 1649//331 
f 1675//332 1669//332 1649//332 
f 4//333 14//333 2//333 
f 191//334 4//334 2//334 
f 194//335 4//335 191//335 
f 5//336 29//336 17//336 
f 4//337 5//337 17//337 
f 189//338 5//338 4//338 
f 194//339 189//339 4//339 
f 435//340 314//340 433//340 
f 314//341 435//341 431//341 
f 316//342 314//342 431//342 
f 191//343 314//343 316//343 
f 313//344 191//344 316//344 
f 194//345 191//345 313//345 
f 1065//346 598//346 1063//346 
f 598//347 1065//347 1060//347 
f 600//348 598//348 1060//348 
f 433//349 598//349 600//349 
f 595//350 433//350 600//350 
f 435//351 433//351 595//351 
f 1446//352 1272//352 1444//352 
f 1272//353 1446//353 1440//353 
f 1274//354 1272//354 1440//354 
f 1063//355 1272//355 1274//355 
f 1268//356 1063//356 1274//356 
f 1065//357 1063//357 1268//357 
f 1647//358 1750//358 1675//358 
f 1649//359 1647//359 1675//359 
f 1444//360 1647//360 1649//360 
f 1635//361 1444//361 1649//361 
f 1446//362 1444//362 1635//362 
f 338//363 289//363 290//363 
f 336//364 289//364 338//364 
f 412//365 336//365 338//365 
f 410//366 336//366 412//366 
f 514//367 410//367 412//367 
f 513//368 410//368 514//368 
f 812//369 513//369 514//369 
f 811//370 513//370 812//370 
f 1167//371 811//371 812//371 
f 1166//372 811//372 1167//372 
f 1326//373 1166//373 1167//373 
f 1325//374 1166//374 1326//374 
f 1504//375 1325//375 1326//375 
f 1503//376 1325//376 1504//376 
f 1930//377 1503//377 1504//377 
f 1929//378 1503//378 1930//378 
f 2383//379 1929//379 1930//379 
f 2382//380 1929//380 2383//380 
f 2567//381 2382//381 2383//381 
f 2566//382 2382//382 2567//382 
f 2723//383 2566//383 2567//383 
f 2722//384 2566//384 2723//384 
f 3079//385 2722//385 2723//385 
f 3078//386 2722//386 3079//386 
f 3378//387 3078//387 3079//387 
f 3377//388 3078//388 3378//388 
f 3484//389 3377//389 3378//389 
f 3482//390 3377//390 3484//390 
f 3555//391 3482//391 3484//391 
f 3553//392 3482//392 3555//392 
f 3600//393 3553//393 3555//393 
f 3599//394 3553//394 3600//394 
f 1275//395 1343//395 1342//395 
f 1276//396 1343//396 1275//396 
f 1238//397 1276//397 1275//397 
f 1239//398 1276//398 1238//398 
f 1244//399 1239//399 1238//399 
f 1245//400 1239//400 1244//400 
f 1294//401 1245//401 1244//401 
f 1295//402 1245//402 1294//402 
f 1361//403 1295//403 1294//403 
f 1362//404 1295//404 1361//404 
f 1475//405 1362//405 1361//405 
f 1476//406 1362//406 1475//406 
f 1573//407 1476//407 1475//407 
f 1574//408 1476//408 1573//408 
f 2229//409 1574//409 1573//409 
f 2230//410 1574//410 2229//410 
f 2348//411 2230//411 2229//411 
f 2349//412 2230//412 2348//412 
f 2476//413 2349//413 2348//413 
f 2477//414 2349//414 2476//414 
f 2557//415 2477//415 2476//415 
f 2558//416 2477//416 2557//416 
f 1276//417 1346//417 1343//417 
f 1282//418 1346//418 1276//418 
f 1239//419 1282//419 1276//419 
f 1243//420 1282//420 1239//420 
f 1245//421 1243//421 1239//421 
f 1255//422 1243//422 1245//422 
f 1295//423 1255//423 1245//423 
f 1296//424 1255//424 1295//424 
f 1362//425 1296//425 1295//425 
f 1365//426 1296//426 1362//426 
f 1476//427 1365//427 1362//427 
f 1477//428 1365//428 1476//428 
f 1574//429 1477//429 1476//429 
f 1575//430 1477//430 1574//430 
f 2230//431 1575//431 1574//431 
f 2228//432 1575//432 2230//432 
f 2349//433 2228//433 2230//433 
f 2347//434 2228//434 2349//434 
f 2477//435 2347//435 2349//435 
f 2473//436 2347//436 2477//436 
f 2558//437 2473//437 2477//437 
f 2556//438 2473//438 2558//438 
f 2276//439 2262//439 2290//439 
f 2306//440 2276//440 2290//440 
f 2272//441 2276//441 2306//441 
f 2293//442 2272//442 2306//442 
f 2256//443 2272//443 2293//443 
f 2263//444 2256//444 2293//444 
f 2060//445 2256//445 2263//445 
f 2087//446 2060//446 2263//446 
f 1657//447 2060//447 2087//447 
f 1633//448 1657//448 2087//448 
f 1625//449 1657//449 1633//449 
f 1597//450 1625//450 1633//450 
f 1657//451 1625//451 1624//451 
f 1656//452 1657//452 1624//452 
f 2060//453 1657//453 1656//453 
f 2059//454 2060//454 1656//454 
f 2256//455 2060//455 2059//455 
f 2255//456 2256//456 2059//456 
f 2272//457 2256//457 2255//457 
f 2271//458 2272//458 2255//458 
f 2276//459 2272//459 2271//459 
f 2275//460 2276//460 2271//460 
f 2262//461 2276//461 2275//461 
f 2261//462 2262//462 2275//462 
f 2387//463 1946//463 1951//463 
f 2386//464 2387//464 1951//464 
f 2571//465 2387//465 2386//465 
f 2570//466 2571//466 2386//466 
f 2727//467 2571//467 2570//467 
f 2726//468 2727//468 2570//468 
f 3083//469 2727//469 2726//469 
f 3082//470 3083//470 2726//470 
f 3382//471 3083//471 3082//471 
f 3381//472 3382//472 3082//472 
f 3481//473 3382//473 3381//473 
f 3479//474 3481//474 3381//474 
f 3552//475 3481//475 3479//475 
f 3550//476 3552//476 3479//476 
f 3598//477 3552//477 3550//477 
f 3597//478 3598//478 3550//478 
f 3551//479 3598//479 3597//479 
f 3549//480 3551//480 3597//480 
f 3480//481 3551//481 3549//481 
f 3478//482 3480//482 3549//482 
f 3380//483 3480//483 3478//483 
f 3379//484 3380//484 3478//484 
f 3081//485 3380//485 3379//485 
f 3080//486 3081//486 3379//486 
f 2725//487 3081//487 3080//487 
f 2724//488 2725//488 3080//488 
f 2569//489 2725//489 2724//489 
f 2568//490 2569//490 2724//490 
f 2385//491 2569//491 2568//491 
f 2384//492 2385//492 2568//492 
f 1955//493 2385//493 2384//493 
f 1936//494 1955//494 2384//494 
f 1506//495 1955//495 1936//495 
f 1505//496 1506//496 1936//496 
f 1327//497 1506//497 1505//497 
f 1329//498 1327//498 1505//498 
f 1169//499 1327//499 1329//499 
f 1168//500 1169//500 1329//500 
f 814//501 1169//501 1168//501 
f 813//502 814//502 1168//502 
f 511//503 814//503 813//503 
f 515//504 511//504 813//504 
f 414//505 511//505 515//505 
f 408//506 414//506 515//506 
f 340//507 414//507 408//507 
f 334//508 340//508 408//508 
f 291//509 340//509 334//509 
f 288//510 291//510 334//510 
f 341//511 291//511 288//511 
f 335//512 341//512 288//512 
f 415//513 341//513 335//513 
f 409//514 415//514 335//514 
f 512//515 415//515 409//515 
f 516//516 512//516 409//516 
f 816//517 512//517 516//517 
f 815//518 816//518 516//518 
f 1171//519 816//519 815//519 
f 1170//520 1171//520 815//520 
f 1328//521 1171//521 1170//521 
f 1330//522 1328//522 1170//522 
f 1508//523 1328//523 1330//523 
f 1507//524 1508//524 1330//524 
f 1946//525 1508//525 1507//525 
f 1951//526 1946//526 1507//526 
f 3902//527 3897//527 3694//527 
f 3929//528 3902//528 3694//528 
f 3925//529 3902//529 3929//529 
f 3694//530 3897//530 3883//530 
f 3851//531 3694//531 3883//531 
f 3771//532 3694//532 3851//532 
f 3694//533 3771//533 3759//533 
f 3735//534 3694//534 3759//534 
f 3726//535 3694//535 3735//535 
f 1952//536 2331//536 1954//536 
f 2331//537 1952//537 2299//537 
f 2332//538 2331//538 2299//538 
f 2398//539 2331//539 2332//539 
f 2492//540 2398//540 2332//540 
f 2503//541 2398//541 2492//541 
f 2505//542 2503//542 2492//542 
f 2584//543 2503//543 2505//543 
f 2671//544 2584//544 2505//544 
f 2681//545 2584//545 2671//545 
f 2687//546 2681//546 2671//546 
f 2750//547 2681//547 2687//547 
f 2959//548 2750//548 2687//548 
f 2974//549 2750//549 2959//549 
f 3007//550 2974//550 2959//550 
f 3148//551 2974//551 3007//551 
f 3326//552 3148//552 3007//552 
f 3329//553 3148//553 3326//553 
f 3348//554 3329//554 3326//554 
f 3425//555 3329//555 3348//555 
f 3475//556 3425//556 3348//556 
f 3474//557 3425//557 3475//557 
f 3490//558 3474//558 3475//558 
f 3534//559 3474//559 3490//559 
f 3608//560 3534//560 3490//560 
f 3602//561 3534//561 3608//561 
f 3622//562 3602//562 3608//562 
f 3636//563 3602//563 3622//563 
f 3766//564 3636//564 3622//564 
f 3694//565 3636//565 3766//565 
f 3833//566 3694//566 3766//566 
f 3929//567 3694//567 3833//567 
f 4005//568 3929//568 3833//568 
f 3991//569 3929//569 4005//569 
f 2214//570 2220//570 2215//570 
f 2208//571 2214//571 2215//571 
f 2204//572 2214//572 2208//572 
f 2206//573 2204//573 2208//573 
f 2214//574 2204//574 2194//574 
f 2200//575 2214//575 2194//575 
f 2220//576 2214//576 2200//576 
f 2232//577 2220//577 2200//577 
f 2226//578 2220//578 2232//578 
f 2336//579 2200//579 2196//579 
f 2188//580 2336//580 2196//580 
f 2183//581 2336//581 2188//581 
f 3700//582 3743//582 4051//582 
f 3839//583 3700//583 4051//583 
f 3643//584 3700//584 3839//584 
f 3686//585 3643//585 3839//585 
f 3607//586 3643//586 3686//586 
f 3631//587 3607//587 3686//587 
f 3543//588 3607//588 3631//588 
f 3562//589 3543//589 3631//589 
f 3486//590 3543//590 3562//590 
f 3497//591 3486//591 3562//591 
f 3432//592 3486//592 3497//592 
f 3436//593 3432//593 3497//593 
f 3344//594 3432//594 3436//594 
f 3371//595 3344//595 3436//595 
f 3215//596 3344//596 3371//596 
f 3283//597 3215//597 3371//597 
f 3008//598 3215//598 3283//598 
f 3025//599 3008//599 3283//599 
f 2762//600 3008//600 3025//600 
f 2821//601 2762//601 3025//601 
f 2690//602 2762//602 2821//602 
f 2694//603 2690//603 2821//603 
f 2609//604 2690//604 2694//604 
f 2616//605 2609//605 2694//605 
f 2511//606 2609//606 2616//606 
f 2519//607 2511//607 2616//607 
f 2415//608 2511//608 2519//608 
f 2442//609 2415//609 2519//609 
f 2336//610 2415//610 2442//610 
f 2339//611 2336//611 2442//611 
f 2200//612 2336//612 2339//612 
f 2241//613 2200//613 2339//613 
f 2232//614 2200//614 2241//614 
f 1932//615 1887//615 1935//615 
f 1884//616 1887//616 1932//616 
f 1896//617 1904//617 1938//617 
f 1939//618 1896//618 1938//618 
f 1945//619 1896//619 1939//619 
f 1891//620 1896//620 1945//620 
f 1941//621 1891//621 1945//621 
f 1887//622 1891//622 1941//622 
f 1950//623 1887//623 1941//623 
f 1935//624 1887//624 1950//624 
f 467//625 504//625 466//625 
f 1399//626 1437//626 1467//626 
f 1473//627 1399//627 1467//627 
f 1448//628 1399//628 1473//628 
f 1448//629 1473//629 1542//629 
f 1566//630 1448//630 1542//630 
f 1590//631 1448//631 1566//631 
f 1281//632 1220//632 1254//632 
f 1220//633 1281//633 1317//633 
f 1357//634 1220//634 1317//634 
f 1277//635 1220//635 1357//635 
f 1384//636 1277//636 1357//636 
f 1399//637 1277//637 1384//637 
f 1396//638 1399//638 1384//638 
f 1437//639 1399//639 1396//639 
f 945//640 1022//640 1159//640 
f 1176//641 945//641 1159//641 
f 1066//642 945//642 1176//642 
f 1217//643 1066//643 1176//643 
f 1220//644 1066//644 1217//644 
f 1228//645 1220//645 1217//645 
f 1254//646 1220//646 1228//646 
f 564//647 705//647 843//647 
f 602//648 564//648 843//648 
f 934//649 602//649 843//649 
f 945//650 602//650 934//650 
f 954//651 945//651 934//651 
f 1022//652 945//652 954//652 
f 417//653 416//653 418//653 
f 449//654 417//654 418//654 
f 460//655 417//655 449//655 
f 417//656 460//656 533//656 
f 538//657 417//657 533//657 
f 437//658 417//658 538//658 
f 560//659 437//659 538//659 
f 564//660 437//660 560//660 
f 622//661 564//661 560//661 
f 705//662 564//662 622//662 
f 286//663 281//663 306//663 
f 286//664 306//664 355//664 
f 376//665 286//665 355//665 
f 405//666 286//666 376//666 
f 405//667 416//667 417//667 
f 318//668 405//668 417//668 
f 286//669 405//669 318//669 
f 181//670 180//670 187//670 
f 237//671 181//671 187//671 
f 195//672 181//672 237//672 
f 251//673 195//673 237//673 
f 286//674 195//674 251//674 
f 280//675 286//675 251//675 
f 281//676 286//676 280//676 
f 78//677 100//677 101//677 
f 88//678 78//678 101//678 
f 8//679 41//679 38//679 
f 7//680 8//680 38//680 
f 4//681 8//681 7//681 
f 8//682 64//682 65//682 
f 45//683 8//683 65//683 
f 41//684 8//684 45//684 
f 64//685 8//685 39//685 
f 42//686 64//686 39//686 
f 64//687 42//687 46//687 
f 66//688 64//688 46//688 
f 24//689 64//689 66//689 
f 24//690 66//690 67//690 
f 16//691 24//691 67//691 
f 20//692 24//692 16//692 
f 13//693 20//693 16//693 
f 9//694 20//694 13//694 
f 11//695 9//695 13//695 
f 12//696 9//696 11//696 
f 10//697 12//697 11//697 
f 19//698 12//698 10//698 
f 28//699 19//699 10//699 
f 78//700 19//700 28//700 
f 84//701 78//701 28//701 
f 100//702 78//702 84//702 
f 131//703 101//703 115//703 
f 130//704 131//704 115//704 
f 6//705 131//705 130//705 
f 159//706 6//706 130//706 
f 181//707 6//707 159//707 
f 168//708 181//708 159//708 
f 180//709 181//709 168//709 
f 131//710 157//710 126//710 
f 112//711 131//711 126//711 
f 101//712 131//712 112//712 
f 111//713 101//713 112//713 
f 88//714 101//714 111//714 
f 247//715 269//715 236//715 
f 214//716 247//716 236//716 
f 188//717 247//717 214//717 
f 208//718 188//718 214//718 
f 131//719 188//719 208//719 
f 166//720 131//720 208//720 
f 157//721 131//721 166//721 
f 358//722 407//722 393//722 
f 429//723 467//723 466//723 
f 451//724 429//724 466//724 
f 358//725 429//725 451//725 
f 447//726 358//726 451//726 
f 407//727 358//727 447//727 
f 358//728 393//728 374//728 
f 356//729 358//729 374//729 
f 311//730 358//730 356//730 
f 342//731 311//731 356//731 
f 247//732 311//732 342//732 
f 307//733 247//733 342//733 
f 269//734 247//734 307//734 
f 742//735 810//735 735//735 
f 707//736 742//736 735//736 
f 593//737 742//737 707//737 
f 588//738 593//738 707//738 
f 467//739 593//739 588//739 
f 536//740 467//740 588//740 
f 504//741 467//741 536//741 
f 1058//742 1145//742 1144//742 
f 988//743 1058//743 1144//743 
f 742//744 1058//744 988//744 
f 952//745 742//745 988//745 
f 810//746 742//746 952//746 
f 1253//747 1221//747 1145//747 
f 1266//748 1253//748 1145//748 
f 1145//749 1221//749 1158//749 
f 1151//750 1145//750 1158//750 
f 1144//751 1145//751 1151//751 
f 1498//752 1497//752 1471//752 
f 1441//753 1498//753 1471//753 
f 1401//754 1383//754 1318//754 
f 1441//755 1401//755 1318//755 
f 1458//756 1401//756 1441//756 
f 1471//757 1458//757 1441//757 
f 1318//758 1383//758 1360//758 
f 1316//759 1318//759 1360//759 
f 1266//760 1318//760 1316//760 
f 1308//761 1266//761 1316//761 
f 1253//762 1266//762 1308//762 
f 1667//763 1638//763 1660//763 
f 1967//764 1832//764 1881//764 
f 1832//765 1967//765 1614//765 
f 1565//766 1832//766 1614//766 
f 1798//767 1832//767 1565//767 
f 1541//768 1798//768 1565//768 
f 1722//769 1798//769 1541//769 
f 1497//770 1722//770 1541//770 
f 1667//771 1722//771 1497//771 
f 1498//772 1667//772 1497//772 
f 1638//773 1667//773 1498//773 
f 4009//774 3880//774 4004//774 
f 4039//775 3900//775 4026//775 
f 3900//776 3881//776 3917//776 
f 4045//777 3841//777 3881//777 
f 3900//778 4045//778 3881//778 
f 4041//779 4045//779 3900//779 
f 4039//780 4041//780 3900//780 
f 3900//781 3917//781 3923//781 
f 3941//782 3900//782 3923//782 
f 3921//783 3900//783 3941//783 
f 3996//784 3921//784 3941//784 
f 3942//785 3921//785 3996//785 
f 4042//786 4043//786 4049//786 
f 4042//787 3993//787 3998//787 
f 4001//788 4042//788 3998//788 
f 4043//789 4042//789 4001//789 
f 4042//790 4000//790 3978//790 
f 3974//791 4042//791 3978//791 
f 3993//792 4042//792 3974//792 
f 3978//793 4000//793 3997//793 
f 3992//794 3978//794 3997//794 
f 3978//795 3992//795 3973//795 
f 3977//796 3978//796 3973//796 
f 4028//797 3978//797 3977//797 
f 4024//798 4028//798 3977//798 
f 4040//799 4028//799 4024//799 
f 4038//800 4040//800 4024//800 
f 4034//801 4040//801 4038//801 
f 4036//802 4034//802 4038//802 
f 4033//803 4034//803 4036//803 
f 4035//804 4033//804 4036//804 
f 3996//805 4033//805 4035//805 
f 4007//806 3996//806 4035//806 
f 3942//807 3996//807 4007//807 
f 3841//808 4045//808 4048//808 
f 4050//809 3841//809 4048//809 
f 3809//810 3841//810 4050//810 
f 4044//811 3809//811 4050//811 
f 3779//812 3809//812 4044//812 
f 4037//813 3779//813 4044//813 
f 3766//814 4030//814 4011//814 
f 4010//815 3766//815 4011//815 
f 3833//816 3766//816 4010//816 
f 4005//817 3833//817 4010//817 
f 1967//818 1881//818 1884//818 
f 1932//819 1967//819 1884//819 
f 2011//820 1967//820 1932//820 
f 2273//821 1967//821 2011//821 
f 2058//822 2273//822 2011//822 
f 2321//823 2273//823 2058//823 
f 2097//824 2321//824 2058//824 
f 2142//825 2321//825 2097//825 
f 2392//826 2142//826 2221//826 
f 2224//827 2392//827 2221//827 
f 2338//828 2392//828 2224//828 
f 2231//829 2338//829 2224//829 
f 2538//830 2582//830 2583//830 
f 2582//831 2538//831 2528//831 
f 2489//832 2582//832 2528//832 
f 2515//833 2582//833 2489//833 
f 2515//834 2489//834 2456//834 
f 2427//835 2515//835 2456//835 
f 2392//836 2515//836 2427//836 
f 2397//837 2392//837 2427//837 
f 2142//838 2392//838 2397//838 
f 2361//839 2142//839 2397//839 
f 2321//840 2142//840 2361//840 
f 2613//841 2583//841 2582//841 
f 2691//842 2613//842 2582//842 
f 2639//843 2613//843 2691//843 
f 2749//844 2639//844 2691//844 
f 2683//845 2639//845 2749//845 
f 3143//846 2938//846 2757//846 
f 3020//847 3143//847 2757//847 
f 2751//848 3020//848 2757//848 
f 2749//849 3020//849 2751//849 
f 2737//850 2749//850 2751//850 
f 2683//851 2749//851 2737//851 
f 3358//852 3328//852 3426//852 
f 3424//853 3358//853 3426//853 
f 3426//854 3328//854 3192//854 
f 3169//855 3426//855 3192//855 
f 3354//856 3426//856 3169//856 
f 3158//857 3354//857 3169//857 
f 3143//858 3354//858 3158//858 
f 2971//859 3143//859 3158//859 
f 2938//860 3143//860 2971//860 
f 3536//861 3533//861 3516//861 
f 3473//862 3536//862 3516//862 
f 3496//863 3536//863 3473//863 
f 3442//864 3496//864 3473//864 
f 3426//865 3496//865 3442//865 
f 3428//866 3426//866 3442//866 
f 3424//867 3426//867 3428//867 
f 3654//868 3624//868 3647//868 
f 3676//869 3654//869 3647//869 
f 3624//870 3654//870 3641//870 
f 3601//871 3624//871 3641//871 
f 3536//872 3624//872 3601//872 
f 3541//873 3536//873 3601//873 
f 3533//874 3536//874 3541//874 
f 3900//875 3896//875 3880//875 
f 4009//876 3900//876 3880//876 
f 4026//877 3900//877 4009//877 
f 3880//878 3896//878 3845//878 
f 3810//879 3880//879 3845//879 
f 3705//880 3880//880 3810//880 
f 3705//881 3676//881 3647//881 
f 3834//882 3705//882 3647//882 
f 3880//883 3705//883 3834//883 
f 3779//884 4037//884 4030//884 
f 3766//885 3779//885 4030//885 
f 3704//886 3779//886 3766//886 
f 3697//887 3704//887 3766//887 
f 3608//888 3577//888 3583//888 
f 3609//889 3608//889 3583//889 
f 3622//890 3608//890 3609//890 
f 3635//891 3622//891 3609//891 
f 3766//892 3622//892 3635//892 
f 3652//893 3766//893 3635//893 
f 3697//894 3766//894 3652//894 
f 3490//895 3475//895 3476//895 
f 3517//896 3490//896 3476//896 
f 3608//897 3490//897 3517//897 
f 3531//898 3608//898 3517//898 
f 3577//899 3608//899 3531//899 
f 3475//900 3443//900 3471//900 
f 3472//901 3475//901 3471//901 
f 3476//902 3475//902 3472//902 
f 3326//903 3191//903 3319//903 
f 3327//904 3326//904 3319//904 
f 3348//905 3326//905 3327//905 
f 3356//906 3348//906 3327//906 
f 3475//907 3348//907 3356//907 
f 3415//908 3475//908 3356//908 
f 3443//909 3475//909 3415//909 
f 2959//910 2805//910 2937//910 
f 2960//911 2959//911 2937//911 
f 3007//912 2959//912 2960//912 
f 3004//913 3007//913 2960//913 
f 3326//914 3007//914 3004//914 
f 3168//915 3326//915 3004//915 
f 3191//916 3326//916 3168//916 
f 2505//917 2492//917 2494//917 
f 2537//918 2505//918 2494//918 
f 2671//919 2505//919 2537//919 
f 2560//920 2671//920 2537//920 
f 2633//921 2671//921 2560//921 
f 2671//922 2633//922 2640//922 
f 2673//923 2671//923 2640//923 
f 2687//924 2671//924 2673//924 
f 2701//925 2687//925 2673//925 
f 2959//926 2687//926 2701//926 
f 2736//927 2959//927 2701//927 
f 2805//928 2959//928 2736//928 
f 1590//929 1566//929 1585//929 
f 1620//930 1590//930 1585//930 
f 1651//931 1590//931 1620//931 
f 1947//932 1651//932 1620//932 
f 1952//933 1651//933 1947//933 
f 2249//934 1952//934 1947//934 
f 2299//935 1952//935 2249//935 
f 2301//936 2299//936 2249//936 
f 2332//937 2299//937 2301//937 
f 2320//938 2332//938 2301//938 
f 2492//939 2332//939 2320//939 
f 2492//940 2320//940 2328//940 
f 2390//941 2492//941 2328//941 
f 2424//942 2492//942 2390//942 
f 2492//943 2424//943 2452//943 
f 2487//944 2492//944 2452//944 
f 2494//945 2492//945 2487//945 
f 1513//946 1514//946 1653//946 
f 1954//947 1513//947 1653//947 
f 1940//948 1513//948 1954//948 
f 1461//949 1514//949 1513//949 
f 1337//950 1461//950 1513//950 
f 1339//951 1461//951 1337//951 
f 1288//952 1339//952 1337//952 
f 1179//953 1288//953 1337//953 
f 1181//954 1288//954 1179//954 
f 1090//955 1181//955 1179//955 
f 819//956 1090//956 1179//956 
f 823//957 1090//957 819//957 
f 641//958 823//958 819//958 
f 505//959 641//959 819//959 
f 507//960 641//960 505//960 
f 459//961 507//961 505//961 
f 394//962 459//962 505//962 
f 396//963 459//963 394//963 
f 346//964 396//964 394//964 
f 273//965 346//965 394//965 
f 282//966 346//966 273//966 
f 242//967 282//967 273//967 
f 186//968 242//968 273//968 
f 203//969 242//969 186//969 
f 176//970 203//970 186//970 
f 185//971 176//971 186//971 
f 199//972 176//972 185//972 
f 239//973 199//973 185//973 
f 263//974 239//974 185//974 
f 270//975 239//975 263//975 
f 343//976 270//976 263//976 
f 384//977 343//977 263//977 
f 387//978 343//978 384//978 
f 455//979 387//979 384//979 
f 490//980 455//980 384//980 
f 494//981 455//981 490//981 
f 630//982 494//982 490//982 
f 777//983 630//983 490//983 
f 782//984 630//984 777//984 
f 1085//985 782//985 777//985 
f 1148//986 1085//986 777//986 
f 1150//987 1085//987 1148//987 
f 1283//988 1150//988 1148//988 
f 1313//989 1283//989 1148//989 
f 1315//990 1283//990 1313//990 
f 1456//991 1315//991 1313//991 
f 1488//992 1456//992 1313//992 
f 1489//993 1456//993 1488//993 
f 1643//994 1489//994 1488//994 
f 1704//995 1643//995 1488//995 
f 1705//996 1643//996 1704//996 
f 244//997 246//997 241//997 
f 174//998 244//998 241//998 
f 175//999 244//999 174//999 
f 345//1000 246//1000 244//1000 
f 351//1001 345//1001 244//1001 
f 353//1002 345//1002 351//1002 
f 456//1003 353//1003 351//1003 
f 462//1004 456//1004 351//1004 
f 464//1005 456//1005 462//1005 
f 633//1006 464//1006 462//1006 
f 672//1007 633//1007 462//1007 
f 675//1008 633//1008 672//1008 
f 1086//1009 675//1009 672//1009 
f 1129//1010 1086//1010 672//1010 
f 1133//1011 1086//1011 1129//1011 
f 1284//1012 1133//1012 1129//1012 
f 1290//1013 1284//1013 1129//1013 
f 1293//1014 1284//1014 1290//1014 
f 1454//1015 1293//1015 1290//1015 
f 1481//1016 1454//1016 1290//1016 
f 1483//1017 1454//1017 1481//1017 
f 1642//1018 1483//1018 1481//1018 
f 1708//1019 1642//1019 1481//1019 
f 1706//1020 1642//1020 1708//1020 
f 2180//1021 2184//1021 2186//1021 
f 2151//1022 2180//1022 2186//1022 
f 2150//1023 2180//1023 2151//1023 
f 2149//1024 2150//1024 2151//1024 
f 2137//1025 2149//1025 2151//1025 
f 2135//1026 2149//1026 2137//1026 
f 1736//1027 1735//1027 1757//1027 
f 1759//1028 1736//1028 1757//1028 
f 1736//1029 1709//1029 1707//1029 
f 1734//1030 1736//1030 1707//1030 
f 1735//1031 1736//1031 1734//1031 
f 1759//1032 1757//1032 2135//1032 
f 2137//1033 1759//1033 2135//1033 
f 1711//1034 1706//1034 1708//1034 
f 1741//1035 1711//1035 1708//1035 
f 1740//1036 1711//1036 1741//1036 
f 1743//1037 1740//1037 1741//1037 
f 1758//1038 1743//1038 1741//1038 
f 1756//1039 1743//1039 1758//1039 
f 2157//1040 2156//1040 2134//1040 
f 2136//1041 2157//1041 2134//1041 
f 2157//1042 2185//1042 2183//1042 
f 2159//1043 2157//1043 2183//1043 
f 2156//1044 2157//1044 2159//1044 
f 2136//1045 2134//1045 1756//1045 
f 1758//1046 2136//1046 1756//1046 
f 2418//1047 2183//1047 2185//1047 
f 2336//1048 2183//1048 2418//1048 
f 2418//1049 2611//1049 2511//1049 
f 2415//1050 2418//1050 2511//1050 
f 2336//1051 2418//1051 2415//1051 
f 2611//1052 2768//1052 2690//1052 
f 2609//1053 2611//1053 2690//1053 
f 2511//1054 2611//1054 2609//1054 
f 2768//1055 3226//1055 3008//1055 
f 2762//1056 2768//1056 3008//1056 
f 2690//1057 2768//1057 2762//1057 
f 3226//1058 3434//1058 3344//1058 
f 3215//1059 3226//1059 3344//1059 
f 3008//1060 3226//1060 3215//1060 
f 3434//1061 3545//1061 3486//1061 
f 3432//1062 3434//1062 3486//1062 
f 3344//1063 3434//1063 3432//1063 
f 3545//1064 3651//1064 3607//1064 
f 3543//1065 3545//1065 3607//1065 
f 3486//1066 3545//1066 3543//1066 
f 3650//1067 3642//1067 3701//1067 
f 3743//1068 3650//1068 3701//1068 
f 3744//1069 3650//1069 3743//1069 
f 3700//1070 3744//1070 3743//1070 
f 3651//1071 3744//1071 3700//1071 
f 3643//1072 3651//1072 3700//1072 
f 3607//1073 3651//1073 3643//1073 
f 3606//1074 3642//1074 3650//1074 
f 3544//1075 3606//1075 3650//1075 
f 3542//1076 3606//1076 3544//1076 
f 3487//1077 3542//1077 3544//1077 
f 3435//1078 3487//1078 3544//1078 
f 3433//1079 3487//1079 3435//1079 
f 3345//1080 3433//1080 3435//1080 
f 3227//1081 3345//1081 3435//1081 
f 3216//1082 3345//1082 3227//1082 
f 3009//1083 3216//1083 3227//1083 
f 2769//1084 3009//1084 3227//1084 
f 2763//1085 3009//1085 2769//1085 
f 2689//1086 2763//1086 2769//1086 
f 2612//1087 2689//1087 2769//1087 
f 2610//1088 2689//1088 2612//1088 
f 2512//1089 2610//1089 2612//1089 
f 2419//1090 2512//1090 2612//1090 
f 2416//1091 2512//1091 2419//1091 
f 2337//1092 2416//1092 2419//1092 
f 2186//1093 2337//1093 2419//1093 
f 2184//1094 2337//1094 2186//1094 
f 1482//1095 1484//1095 1641//1095 
f 1707//1096 1482//1096 1641//1096 
f 1709//1097 1482//1097 1707//1097 
f 1455//1098 1484//1098 1482//1098 
f 1291//1099 1455//1099 1482//1099 
f 1292//1100 1455//1100 1291//1100 
f 1285//1101 1292//1101 1291//1101 
f 1130//1102 1285//1102 1291//1102 
f 1134//1103 1285//1103 1130//1103 
f 1087//1104 1134//1104 1130//1104 
f 673//1105 1087//1105 1130//1105 
f 676//1106 1087//1106 673//1106 
f 634//1107 676//1107 673//1107 
f 463//1108 634//1108 673//1108 
f 465//1109 634//1109 463//1109 
f 457//1110 465//1110 463//1110 
f 350//1111 457//1111 463//1111 
f 352//1112 457//1112 350//1112 
f 344//1113 352//1113 350//1113 
f 243//1114 344//1114 350//1114 
f 245//1115 344//1115 243//1115 
f 240//1116 245//1116 243//1116 
f 175//1117 240//1117 243//1117 
f 174//1118 240//1118 175//1118 
f 3716//1119 3717//1119 3712//1119 
f 3711//1120 3716//1120 3712//1120 
f 3716//1121 3725//1121 3726//1121 
f 3718//1122 3716//1122 3726//1122 
f 3717//1123 3716//1123 3718//1123 
f 3719//1124 3724//1124 3723//1124 
f 3714//1125 3719//1125 3723//1125 
f 3715//1126 3719//1126 3714//1126 
f 3713//1127 3715//1127 3714//1127 
f 3709//1128 3713//1128 3714//1128 
f 3710//1129 3713//1129 3709//1129 
f 3711//1130 3712//1130 3710//1130 
f 3709//1131 3711//1131 3710//1131 
f 2154//1132 2155//1132 2133//1132 
f 2132//1133 2154//1133 2133//1133 
f 2154//1134 2181//1134 2182//1134 
f 2158//1135 2154//1135 2182//1135 
f 2155//1136 2154//1136 2158//1136 
f 2132//1137 2133//1137 1755//1137 
f 1754//1138 2132//1138 1755//1138 
f 1710//1139 1705//1139 1704//1139 
f 1738//1140 1710//1140 1704//1140 
f 1739//1141 1710//1141 1738//1141 
f 1742//1142 1739//1142 1738//1142 
f 1754//1143 1742//1143 1738//1143 
f 1755//1144 1742//1144 1754//1144 
f 2414//1145 2413//1145 2334//1145 
f 2182//1146 2414//1146 2334//1146 
f 2181//1147 2414//1147 2182//1147 
f 2510//1148 2413//1148 2414//1148 
f 2606//1149 2510//1149 2414//1149 
f 2604//1150 2510//1150 2606//1150 
f 2688//1151 2604//1151 2606//1151 
f 2761//1152 2688//1152 2606//1152 
f 2758//1153 2688//1153 2761//1153 
f 2995//1154 2758//1154 2761//1154 
f 3193//1155 2995//1155 2761//1155 
f 3182//1156 2995//1156 3193//1156 
f 3339//1157 3182//1157 3193//1157 
f 3430//1158 3339//1158 3193//1158 
f 3429//1159 3339//1159 3430//1159 
f 3477//1160 3429//1160 3430//1160 
f 3540//1161 3477//1161 3430//1161 
f 3535//1162 3477//1162 3540//1162 
f 3603//1163 3535//1163 3540//1163 
f 3645//1164 3603//1164 3540//1164 
f 3638//1165 3603//1165 3645//1165 
f 3695//1166 3638//1166 3645//1166 
f 3723//1167 3695//1167 3645//1167 
f 3724//1168 3695//1168 3723//1168 
f 3644//1169 3636//1169 3694//1169 
f 3726//1170 3644//1170 3694//1170 
f 3725//1171 3644//1171 3726//1171 
f 3602//1172 3636//1172 3644//1172 
f 3539//1173 3602//1173 3644//1173 
f 3534//1174 3602//1174 3539//1174 
f 3474//1175 3534//1175 3539//1175 
f 3427//1176 3474//1176 3539//1176 
f 3425//1177 3474//1177 3427//1177 
f 3329//1178 3425//1178 3427//1178 
f 3166//1179 3329//1179 3427//1179 
f 3148//1180 3329//1180 3166//1180 
f 2974//1181 3148//1181 3166//1181 
f 2752//1182 2974//1182 3166//1182 
f 2750//1183 2974//1183 2752//1183 
f 2681//1184 2750//1184 2752//1184 
f 2586//1185 2681//1185 2752//1185 
f 2584//1186 2681//1186 2586//1186 
f 2503//1187 2584//1187 2586//1187 
f 2400//1188 2503//1188 2586//1188 
f 2398//1189 2503//1189 2400//1189 
f 2331//1190 2398//1190 2400//1190 
f 1940//1191 2331//1191 2400//1191 
f 1954//1192 2331//1192 1940//1192 
f 1690//1193 1697//1193 1720//1193 
f 1719//1194 1690//1194 1720//1194 
f 1757//1195 2108//1195 2135//1195 
f 1837//1196 1786//1196 1803//1196 
f 1786//1197 2065//1197 1757//1197 
f 2065//1198 1883//1198 1903//1198 
f 1989//1199 2065//1199 1903//1199 
f 2048//1200 2065//1200 1989//1200 
f 1757//1201 2065//1201 2086//1201 
f 2105//1202 1757//1202 2086//1202 
f 2108//1203 1757//1203 2105//1203 
f 2065//1204 1786//1204 1837//1204 
f 1843//1205 2065//1205 1837//1205 
f 1883//1206 2065//1206 1843//1206 
f 2195//1207 2201//1207 2175//1207 
f 2176//1208 2195//1208 2175//1208 
f 2200//1209 2194//1209 2173//1209 
f 2174//1210 2200//1210 2173//1210 
f 2134//1211 1785//1211 1756//1211 
f 2064//1212 2107//1212 2091//1212 
f 2107//1213 1835//1213 2134//1213 
f 1835//1214 2016//1214 1996//1214 
f 1918//1215 1835//1215 1996//1215 
f 1850//1216 1835//1216 1918//1216 
f 2134//1217 1835//1217 1809//1217 
f 1788//1218 2134//1218 1809//1218 
f 1785//1219 2134//1219 1788//1219 
f 1835//1220 2107//1220 2064//1220 
f 2054//1221 1835//1221 2064//1221 
f 2016//1222 1835//1222 2054//1222 
f 1696//1223 1689//1223 1718//1223 
f 1717//1224 1696//1224 1718//1224 
f 3771//1225 3851//1225 3853//1225 
f 3789//1226 3771//1226 3853//1226 
f 3850//1227 3770//1227 3788//1227 
f 3852//1228 3850//1228 3788//1228 
f 3712//1229 3720//1229 3710//1229 
f 3731//1230 3721//1230 3727//1230 
f 3721//1231 3730//1231 3712//1231 
f 3730//1232 3736//1232 3738//1232 
f 3737//1233 3730//1233 3738//1233 
f 3733//1234 3730//1234 3737//1234 
f 3712//1235 3730//1235 3728//1235 
f 3722//1236 3712//1236 3728//1236 
f 3720//1237 3712//1237 3722//1237 
f 3730//1238 3721//1238 3731//1238 
f 3732//1239 3730//1239 3731//1239 
f 3736//1240 3730//1240 3732//1240 
f 1695//1241 1691//1241 1716//1241 
f 1715//1242 1695//1242 1716//1242 
f 2199//1243 2193//1243 2171//1243 
f 2172//1244 2199//1244 2171//1244 
f 2133//1245 1784//1245 1755//1245 
f 2063//1246 2106//1246 2092//1246 
f 2106//1247 1836//1247 2133//1247 
f 1836//1248 2015//1248 1979//1248 
f 1908//1249 1836//1249 1979//1249 
f 1849//1250 1836//1250 1908//1250 
f 2133//1251 1836//1251 1808//1251 
f 1787//1252 2133//1252 1808//1252 
f 1784//1253 2133//1253 1787//1253 
f 1836//1254 2106//1254 2063//1254 
f 2053//1255 1836//1255 2063//1255 
f 2015//1256 1836//1256 2053//1256 
f 2541//1257 2527//1257 2550//1257 
f 2527//1258 2541//1258 2536//1258 
f 2498//1259 2527//1259 2536//1259 
f 2499//1260 2527//1260 2498//1260 
f 2490//1261 2499//1261 2498//1261 
f 2491//1262 2490//1262 2498//1262 
f 2467//1263 2490//1263 2491//1263 
f 2449//1264 2467//1264 2395//1264 
f 2406//1265 2449//1265 2395//1265 
f 2296//1266 2294//1266 2307//1266 
f 2352//1267 2296//1267 2307//1267 
f 2395//1268 2296//1268 2352//1268 
f 2393//1269 2395//1269 2352//1269 
f 2406//1270 2395//1270 2393//1270 
f 1922//1271 1923//1271 1975//1271 
f 2013//1272 1922//1272 1975//1272 
f 2296//1273 1922//1273 2013//1273 
f 2274//1274 2296//1274 2013//1274 
f 2294//1275 2296//1275 2274//1275 
f 1617//1276 1923//1276 1922//1276 
f 1588//1277 1617//1277 1922//1277 
f 1591//1278 1617//1278 1588//1278 
f 1588//1279 1500//1279 1519//1279 
f 1580//1280 1588//1280 1519//1280 
f 1591//1281 1588//1281 1580//1281 
f 1500//1282 1420//1282 1493//1282 
f 1501//1283 1500//1283 1493//1283 
f 1519//1284 1500//1284 1501//1284 
f 1421//1285 1417//1285 1499//1285 
f 1472//1286 1421//1286 1499//1286 
f 1587//1287 1543//1287 1540//1287 
f 1537//1288 1587//1288 1540//1288 
f 1499//1289 1587//1289 1537//1289 
f 1502//1290 1499//1290 1537//1290 
f 1472//1291 1499//1291 1502//1291 
f 1586//1292 1589//1292 1584//1292 
f 1567//1293 1586//1293 1584//1293 
f 1822//1294 1920//1294 1919//1294 
f 1586//1295 1920//1295 1822//1295 
f 1604//1296 1586//1296 1822//1296 
f 1589//1297 1586//1297 1604//1297 
f 2258//1298 1919//1298 1920//1298 
f 2298//1299 2258//1299 1920//1299 
f 2295//1300 2258//1300 2298//1300 
f 2298//1301 2350//1301 2335//1301 
f 2323//1302 2298//1302 2335//1302 
f 2295//1303 2298//1303 2323//1303 
f 2396//1304 2353//1304 2297//1304 
f 2426//1305 2412//1305 2396//1305 
f 2468//1306 2426//1306 2396//1306 
f 2396//1307 2412//1307 2403//1307 
f 2394//1308 2396//1308 2403//1308 
f 2353//1309 2396//1309 2394//1309 
f 1586//1310 1567//1310 1543//1310 
f 1587//1311 1586//1311 1543//1311 
f 1920//1312 1586//1312 1587//1312 
f 1921//1313 1920//1313 1587//1313 
f 2298//1314 1920//1314 1921//1314 
f 2297//1315 2298//1315 1921//1315 
f 2350//1316 2298//1316 2297//1316 
f 2353//1317 2350//1317 2297//1317 
f 2467//1318 2491//1318 2483//1318 
f 2468//1319 2467//1319 2483//1319 
f 2395//1320 2467//1320 2468//1320 
f 2396//1321 2395//1321 2468//1321 
f 2296//1322 2395//1322 2396//1322 
f 2297//1323 2296//1323 2396//1323 
f 1922//1324 2296//1324 2297//1324 
f 1921//1325 1922//1325 2297//1325 
f 1588//1326 1922//1326 1921//1326 
f 1587//1327 1588//1327 1921//1327 
f 1500//1328 1588//1328 1587//1328 
f 1499//1329 1500//1329 1587//1329 
f 1420//1330 1500//1330 1499//1330 
f 1417//1331 1420//1331 1499//1331 
f 1407//1332 1420//1332 1417//1332 
f 1403//1333 1407//1333 1417//1333 
f 1397//1334 1407//1334 1403//1334 
f 1398//1335 1397//1335 1403//1335 
f 1391//1336 1397//1336 1398//1336 
f 1356//1337 1391//1337 1398//1337 
f 1348//1338 1391//1338 1356//1338 
f 303//1339 229//1339 230//1339 
f 153//1340 230//1340 229//1340 
f 3944//1341 3983//1341 3982//1341 
f 3950//1342 3980//1342 3979//1342 
f 3953//1343 3978//1343 4028//1343 
f 81//1344 67//1344 68//1344 
f 4014//1345 3989//1345 3988//1345 
f 3934//1346 4014//1346 3988//1346 
f 4018//1347 4014//1347 3934//1347 
f 3932//1348 3963//1348 4003//1348 
f 3948//1349 3930//1349 3928//1349 
f 3814//1350 3786//1350 3837//1350 
f 3846//1351 3814//1351 3837//1351 
f 3915//1352 3926//1352 3928//1352 
f 3930//1353 3915//1353 3928//1353 
f 3879//1354 3915//1354 3930//1354 
f 3814//1355 3879//1355 3930//1355 
f 3876//1356 3879//1356 3814//1356 
f 3846//1357 3876//1357 3814//1357 
f 3814//1358 3658//1358 3687//1358 
f 3734//1359 3814//1359 3687//1359 
f 3786//1360 3814//1360 3734//1360 
f 3621//1361 3585//1361 3580//1361 
f 3660//1362 3585//1362 3621//1362 
f 3658//1363 3633//1363 3653//1363 
f 3682//1364 3658//1364 3653//1364 
f 3687//1365 3658//1365 3682//1365 
f 3532//1366 3519//1366 3515//1366 
f 3585//1367 3519//1367 3532//1367 
f 3560//1368 3585//1368 3532//1368 
f 3580//1369 3585//1369 3560//1369 
f 3446//1370 3431//1370 3441//1370 
f 3463//1371 3446//1371 3441//1371 
f 3519//1372 3446//1372 3463//1372 
f 3506//1373 3519//1373 3463//1373 
f 3515//1374 3519//1374 3506//1374 
f 3407//1375 3431//1375 3446//1375 
f 3361//1376 3407//1376 3446//1376 
f 3353//1377 3407//1377 3361//1377 
f 3361//1378 3196//1378 3295//1378 
f 3316//1379 3361//1379 3295//1379 
f 3353//1380 3361//1380 3316//1380 
f 3196//1381 3016//1381 3176//1381 
f 3189//1382 3196//1382 3176//1382 
f 3295//1383 3196//1383 3189//1383 
f 2738//1384 2696//1384 2735//1384 
f 2781//1385 2738//1385 2735//1385 
f 2941//1386 2738//1386 2781//1386 
f 2900//1387 2941//1387 2781//1387 
f 2934//1388 2941//1388 2900//1388 
f 2692//1389 2696//1389 2738//1389 
f 2641//1390 2692//1390 2738//1390 
f 2636//1391 2692//1391 2641//1391 
f 2634//1392 2636//1392 2641//1392 
f 2543//1393 2634//1393 2641//1393 
f 2540//1394 2634//1394 2543//1394 
f 2540//1395 2550//1395 2563//1395 
f 2628//1396 2540//1396 2563//1396 
f 2634//1397 2540//1397 2628//1397 
f 2491//1398 2543//1398 2483//1398 
f 2543//1399 2491//1399 2498//1399 
f 2536//1400 2543//1400 2498//1400 
f 2540//1401 2543//1401 2536//1401 
f 2541//1402 2540//1402 2536//1402 
f 2550//1403 2540//1403 2541//1403 
f 2430//1404 2412//1404 2426//1404 
f 2468//1405 2430//1405 2426//1405 
f 2545//1406 2430//1406 2468//1406 
f 2432//1407 2394//1407 2403//1407 
f 2329//1408 2323//1408 2335//1408 
f 2350//1409 2329//1409 2335//1409 
f 2353//1410 2394//1410 2432//1410 
f 2425//1411 2353//1411 2432//1411 
f 2350//1412 2353//1412 2425//1412 
f 2258//1413 1956//1413 1919//1413 
f 2329//1414 1956//1414 2258//1414 
f 2295//1415 2329//1415 2258//1415 
f 2323//1416 2329//1416 2295//1416 
f 1558//1417 1584//1417 1589//1417 
f 1558//1418 1589//1418 1604//1418 
f 1822//1419 1558//1419 1604//1419 
f 1956//1420 1558//1420 1822//1420 
f 1919//1421 1956//1421 1822//1421 
f 1543//1422 1567//1422 1560//1422 
f 1465//1423 1543//1423 1560//1423 
f 1540//1424 1543//1424 1465//1424 
f 1468//1425 1421//1425 1472//1425 
f 1502//1426 1468//1426 1472//1426 
f 1537//1427 1468//1427 1502//1427 
f 1417//1428 1421//1428 1468//1428 
f 1353//1429 1417//1429 1468//1429 
f 1403//1430 1417//1430 1353//1430 
f 1355//1431 1348//1431 1356//1431 
f 1398//1432 1355//1432 1356//1432 
f 1157//1433 1161//1433 1204//1433 
f 1214//1434 1157//1434 1204//1434 
f 1251//1435 1157//1435 1214//1435 
f 1256//1436 1251//1436 1214//1436 
f 1264//1437 1251//1437 1256//1437 
f 1123//1438 1161//1438 1157//1438 
f 951//1439 1123//1439 1157//1439 
f 1012//1440 1123//1440 951//1440 
f 951//1441 882//1441 890//1441 
f 957//1442 951//1442 890//1442 
f 1012//1443 951//1443 957//1443 
f 715//1444 882//1444 701//1444 
f 703//1445 715//1445 701//1445 
f 701//1446 531//1446 566//1446 
f 689//1447 701//1447 566//1447 
f 703//1448 701//1448 689//1448 
f 445//1449 454//1449 481//1449 
f 487//1450 445//1450 481//1450 
f 531//1451 445//1451 487//1451 
f 540//1452 531//1452 487//1452 
f 566//1453 531//1453 540//1453 
f 372//1454 383//1454 389//1454 
f 445//1455 372//1455 389//1455 
f 424//1456 445//1456 389//1456 
f 454//1457 445//1457 424//1457 
f 372//1458 303//1458 330//1458 
f 377//1459 372//1459 330//1459 
f 383//1460 372//1460 377//1460 
f 303//1461 264//1461 279//1461 
f 308//1462 303//1462 279//1462 
f 330//1463 303//1463 308//1463 
f 264//1464 232//1464 252//1464 
f 155//1465 163//1465 169//1465 
f 182//1466 155//1466 169//1466 
f 232//1467 155//1467 182//1467 
f 213//1468 232//1468 182//1468 
f 252//1469 232//1469 213//1469 
f 155//1470 119//1470 122//1470 
f 136//1471 155//1471 122//1471 
f 163//1472 155//1472 136//1472 
f 108//1473 109//1473 119//1473 
f 155//1474 108//1474 119//1474 
f 99//1475 108//1475 155//1475 
f 97//1476 99//1476 155//1476 
f 87//1477 99//1477 97//1477 
f 74//1478 87//1478 97//1478 
f 95//1479 23//1479 30//1479 
f 48//1480 93//1480 50//1480 
f 93//1481 48//1481 36//1481 
f 32//1482 93//1482 36//1482 
f 95//1483 93//1483 32//1483 
f 31//1484 95//1484 32//1484 
f 23//1485 95//1485 31//1485 
f 70//1486 50//1486 93//1486 
f 92//1487 70//1487 93//1487 
f 69//1488 70//1488 92//1488 
f 90//1489 69//1489 92//1489 
f 55//1490 69//1490 90//1490 
f 54//1491 55//1491 90//1491 
f 86//1492 54//1492 90//1492 
f 53//1493 54//1493 86//1493 
f 16//1494 67//1494 81//1494 
f 79//1495 11//1495 13//1495 
f 28//1496 10//1496 77//1496 
f 84//1497 28//1497 77//1497 
f 77//1498 139//1498 137//1498 
f 100//1499 77//1499 137//1499 
f 84//1500 77//1500 100//1500 
f 137//1501 168//1501 159//1501 
f 130//1502 137//1502 159//1502 
f 100//1503 137//1503 130//1503 
f 115//1504 100//1504 130//1504 
f 101//1505 100//1505 115//1505 
f 139//1506 216//1506 237//1506 
f 187//1507 139//1507 237//1507 
f 137//1508 139//1508 187//1508 
f 180//1509 137//1509 187//1509 
f 168//1510 137//1510 180//1510 
f 293//1511 306//1511 281//1511 
f 280//1512 293//1512 281//1512 
f 216//1513 293//1513 280//1513 
f 251//1514 216//1514 280//1514 
f 237//1515 216//1515 251//1515 
f 355//1516 306//1516 293//1516 
f 362//1517 355//1517 293//1517 
f 376//1518 355//1518 362//1518 
f 362//1519 418//1519 416//1519 
f 405//1520 362//1520 416//1520 
f 376//1521 362//1521 405//1521 
f 622//1522 560//1522 524//1522 
f 696//1523 622//1523 524//1523 
f 533//1524 460//1524 439//1524 
f 524//1525 533//1525 439//1525 
f 538//1526 533//1526 524//1526 
f 560//1527 538//1527 524//1527 
f 947//1528 954//1528 934//1528 
f 843//1529 947//1529 934//1529 
f 696//1530 947//1530 843//1530 
f 705//1531 696//1531 843//1531 
f 622//1532 696//1532 705//1532 
f 947//1533 1153//1533 1159//1533 
f 1022//1534 947//1534 1159//1534 
f 954//1535 947//1535 1022//1535 
f 1247//1536 1254//1536 1228//1536 
f 1217//1537 1247//1537 1228//1537 
f 1153//1538 1247//1538 1217//1538 
f 1176//1539 1153//1539 1217//1539 
f 1159//1540 1153//1540 1176//1540 
f 1351//1541 1317//1541 1281//1541 
f 1465//1542 1437//1542 1396//1542 
f 1384//1543 1465//1543 1396//1543 
f 1351//1544 1465//1544 1384//1544 
f 1357//1545 1351//1545 1384//1545 
f 1317//1546 1351//1546 1357//1546 
f 1558//1547 1585//1547 1566//1547 
f 1542//1548 1558//1548 1566//1548 
f 1463//1549 1558//1549 1542//1549 
f 1473//1550 1463//1550 1542//1550 
f 1467//1551 1463//1551 1473//1551 
f 1620//1552 1585//1552 1558//1552 
f 1956//1553 1620//1553 1558//1553 
f 1947//1554 1620//1554 1956//1554 
f 2329//1555 2328//1555 2320//1555 
f 2301//1556 2329//1556 2320//1556 
f 1956//1557 2329//1557 2301//1557 
f 2249//1558 1956//1558 2301//1558 
f 1947//1559 1956//1559 2249//1559 
f 2329//1560 2350//1560 2425//1560 
f 2390//1561 2329//1561 2425//1561 
f 2328//1562 2329//1562 2390//1562 
f 2494//1563 2547//1563 2537//1563 
f 2432//1564 2547//1564 2494//1564 
f 2432//1565 2494//1565 2487//1565 
f 2452//1566 2432//1566 2487//1566 
f 2425//1567 2432//1567 2452//1567 
f 2424//1568 2425//1568 2452//1568 
f 2390//1569 2425//1569 2424//1569 
f 2633//1570 2645//1570 2640//1570 
f 2547//1571 2645//1571 2633//1571 
f 2560//1572 2547//1572 2633//1572 
f 2537//1573 2547//1573 2560//1573 
f 2645//1574 2742//1574 2701//1574 
f 2673//1575 2645//1575 2701//1575 
f 2640//1576 2645//1576 2673//1576 
f 2945//1577 2960//1577 2937//1577 
f 2805//1578 2945//1578 2937//1578 
f 2742//1579 2945//1579 2805//1579 
f 2736//1580 2742//1580 2805//1580 
f 2701//1581 2742//1581 2736//1581 
f 2945//1582 3201//1582 3168//1582 
f 3004//1583 2945//1583 3168//1583 
f 2960//1584 2945//1584 3004//1584 
f 3368//1585 3356//1585 3327//1585 
f 3319//1586 3368//1586 3327//1586 
f 3201//1587 3368//1587 3319//1587 
f 3191//1588 3201//1588 3319//1588 
f 3168//1589 3201//1589 3191//1589 
f 3415//1590 3356//1590 3368//1590 
f 3453//1591 3415//1591 3368//1591 
f 3443//1592 3415//1592 3453//1592 
f 3529//1593 3517//1593 3476//1593 
f 3472//1594 3529//1594 3476//1594 
f 3471//1595 3529//1595 3472//1595 
f 3529//1596 3595//1596 3577//1596 
f 3531//1597 3529//1597 3577//1597 
f 3517//1598 3529//1598 3531//1598 
f 3595//1599 3635//1599 3609//1599 
f 3583//1600 3595//1600 3609//1600 
f 3577//1601 3595//1601 3583//1601 
f 3674//1602 3830//1602 3704//1602 
f 3697//1603 3674//1603 3704//1603 
f 3652//1604 3674//1604 3697//1604 
f 3832//1605 3841//1605 3809//1605 
f 3779//1606 3832//1606 3809//1606 
f 3881//1607 3841//1607 3832//1607 
f 3923//1608 3881//1608 3832//1608 
f 3917//1609 3881//1609 3923//1609 
f 3832//1610 3779//1610 3704//1610 
f 3830//1611 3832//1611 3704//1611 
f 3923//1612 3832//1612 3830//1612 
f 3954//1613 3923//1613 3830//1613 
f 3954//1614 4040//1614 4034//1614 
f 4033//1615 3954//1615 4034//1615 
f 3954//1616 4033//1616 3996//1616 
f 3941//1617 3954//1617 3996//1617 
f 3923//1618 3954//1618 3941//1618 
f 3829//1619 3673//1619 3671//1619 
f 3827//1620 3829//1620 3671//1620 
f 3953//1621 3829//1621 3827//1621 
f 3950//1622 3953//1622 3827//1622 
f 3978//1623 3953//1623 3950//1623 
f 3979//1624 3978//1624 3950//1624 
f 3830//1625 3674//1625 3673//1625 
f 3829//1626 3830//1626 3673//1626 
f 3954//1627 3830//1627 3829//1627 
f 3953//1628 3954//1628 3829//1628 
f 4040//1629 3954//1629 3953//1629 
f 4028//1630 4040//1630 3953//1630 
f 3527//1631 3593//1631 3595//1631 
f 3529//1632 3527//1632 3595//1632 
f 3453//1633 3527//1633 3529//1633 
f 3471//1634 3453//1634 3529//1634 
f 3443//1635 3453//1635 3471//1635 
f 1468//1636 1537//1636 1540//1636 
f 1465//1637 1468//1637 1540//1637 
f 1353//1638 1468//1638 1465//1638 
f 1351//1639 1353//1639 1465//1639 
f 1247//1640 1353//1640 1351//1640 
f 1281//1641 1247//1641 1351//1641 
f 1254//1642 1247//1642 1281//1642 
f 1463//1643 1467//1643 1437//1643 
f 1465//1644 1463//1644 1437//1644 
f 1558//1645 1463//1645 1465//1645 
f 1560//1646 1558//1646 1465//1646 
f 1584//1647 1558//1647 1560//1647 
f 1567//1648 1584//1648 1560//1648 
f 79//1649 13//1649 16//1649 
f 81//1650 79//1650 16//1650 
f 140//1651 79//1651 81//1651 
f 142//1652 140//1652 81//1652 
f 217//1653 140//1653 142//1653 
f 219//1654 217//1654 142//1654 
f 295//1655 217//1655 219//1655 
f 77//1656 10//1656 11//1656 
f 79//1657 77//1657 11//1657 
f 139//1658 77//1658 79//1658 
f 140//1659 139//1659 79//1659 
f 216//1660 139//1660 140//1660 
f 217//1661 216//1661 140//1661 
f 293//1662 216//1662 217//1662 
f 295//1663 293//1663 217//1663 
f 362//1664 293//1664 295//1664 
f 364//1665 362//1665 295//1665 
f 418//1666 362//1666 364//1666 
f 439//1667 418//1667 364//1667 
f 449//1668 418//1668 439//1668 
f 460//1669 449//1669 439//1669 
f 232//1670 264//1670 303//1670 
f 230//1671 232//1671 303//1671 
f 155//1672 232//1672 230//1672 
f 153//1673 155//1673 230//1673 
f 97//1674 155//1674 153//1674 
f 701//1675 882//1675 951//1675 
f 700//1676 701//1676 951//1676 
f 531//1677 701//1677 700//1677 
f 529//1678 531//1678 700//1678 
f 445//1679 531//1679 529//1679 
f 444//1680 445//1680 529//1680 
f 372//1681 445//1681 444//1681 
f 370//1682 372//1682 444//1682 
f 303//1683 372//1683 370//1683 
f 301//1684 303//1684 370//1684 
f 229//1685 303//1685 301//1685 
f 367//1686 298//1686 301//1686 
f 370//1687 367//1687 301//1687 
f 442//1688 367//1688 370//1688 
f 444//1689 442//1689 370//1689 
f 527//1690 442//1690 444//1690 
f 529//1691 527//1691 444//1691 
f 698//1692 527//1692 529//1692 
f 700//1693 698//1693 529//1693 
f 949//1694 698//1694 700//1694 
f 951//1695 949//1695 700//1695 
f 1155//1696 949//1696 951//1696 
f 1157//1697 1155//1697 951//1697 
f 1249//1698 1155//1698 1157//1698 
f 1251//1699 1249//1699 1157//1699 
f 1355//1700 1249//1700 1251//1700 
f 1264//1701 1355//1701 1251//1701 
f 1348//1702 1355//1702 1264//1702 
f 150//1703 151//1703 227//1703 
f 225//1704 150//1704 227//1704 
f 148//1705 150//1705 225//1705 
f 223//1706 148//1706 225//1706 
f 146//1707 148//1707 223//1707 
f 93//1708 95//1708 151//1708 
f 150//1709 93//1709 151//1709 
f 92//1710 93//1710 150//1710 
f 148//1711 92//1711 150//1711 
f 90//1712 92//1712 148//1712 
f 146//1713 90//1713 148//1713 
f 86//1714 90//1714 146//1714 
f 83//1715 52//1715 53//1715 
f 86//1716 83//1716 53//1716 
f 144//1717 83//1717 86//1717 
f 146//1718 144//1718 86//1718 
f 221//1719 144//1719 146//1719 
f 223//1720 221//1720 146//1720 
f 298//1721 221//1721 223//1721 
f 225//1722 298//1722 223//1722 
f 301//1723 298//1723 225//1723 
f 227//1724 301//1724 225//1724 
f 229//1725 301//1725 227//1725 
f 151//1726 229//1726 227//1726 
f 153//1727 229//1727 151//1727 
f 95//1728 153//1728 151//1728 
f 97//1729 153//1729 95//1729 
f 30//1730 97//1730 95//1730 
f 74//1731 97//1731 30//1731 
f 81//1732 68//1732 52//1732 
f 83//1733 81//1733 52//1733 
f 142//1734 81//1734 83//1734 
f 144//1735 142//1735 83//1735 
f 219//1736 142//1736 144//1736 
f 221//1737 219//1737 144//1737 
f 295//1738 219//1738 221//1738 
f 298//1739 295//1739 221//1739 
f 364//1740 295//1740 298//1740 
f 367//1741 364//1741 298//1741 
f 439//1742 364//1742 367//1742 
f 442//1743 439//1743 367//1743 
f 524//1744 439//1744 442//1744 
f 527//1745 524//1745 442//1745 
f 696//1746 524//1746 527//1746 
f 698//1747 696//1747 527//1747 
f 947//1748 696//1748 698//1748 
f 949//1749 947//1749 698//1749 
f 1153//1750 947//1750 949//1750 
f 1155//1751 1153//1751 949//1751 
f 1247//1752 1153//1752 1155//1752 
f 1249//1753 1247//1753 1155//1753 
f 1353//1754 1247//1754 1249//1754 
f 1355//1755 1353//1755 1249//1755 
f 1403//1756 1353//1756 1355//1756 
f 1398//1757 1403//1757 1355//1757 
f 3660//1758 3621//1758 3633//1758 
f 3658//1759 3660//1759 3633//1759 
f 3816//1760 3660//1760 3658//1760 
f 3814//1761 3816//1761 3658//1761 
f 3932//1762 3816//1762 3814//1762 
f 3930//1763 3932//1763 3814//1763 
f 3963//1764 3932//1764 3930//1764 
f 3948//1765 3963//1765 3930//1765 
f 3934//1766 3988//1766 3987//1766 
f 3936//1767 3934//1767 3987//1767 
f 3818//1768 3934//1768 3936//1768 
f 3819//1769 3818//1769 3936//1769 
f 3661//1770 3818//1770 3819//1770 
f 3663//1771 3661//1771 3819//1771 
f 3587//1772 3661//1772 3663//1772 
f 2941//1773 2934//1773 3001//1773 
f 3016//1774 2941//1774 3001//1774 
f 3197//1775 2941//1775 3016//1775 
f 3196//1776 3197//1776 3016//1776 
f 3363//1777 3197//1777 3196//1777 
f 3361//1778 3363//1778 3196//1778 
f 3448//1779 3363//1779 3361//1779 
f 3446//1780 3448//1780 3361//1780 
f 3521//1781 3448//1781 3446//1781 
f 3519//1782 3521//1782 3446//1782 
f 3587//1783 3521//1783 3519//1783 
f 3585//1784 3587//1784 3519//1784 
f 3661//1785 3587//1785 3585//1785 
f 3660//1786 3661//1786 3585//1786 
f 3818//1787 3661//1787 3660//1787 
f 3816//1788 3818//1788 3660//1788 
f 3934//1789 3818//1789 3816//1789 
f 3932//1790 3934//1790 3816//1790 
f 4018//1791 3934//1791 3932//1791 
f 4003//1792 4018//1792 3932//1792 
f 4029//1793 4018//1793 4003//1793 
f 3938//1794 3984//1794 3983//1794 
f 3944//1795 3938//1795 3983//1795 
f 3821//1796 3938//1796 3944//1796 
f 3823//1797 3821//1797 3944//1797 
f 3665//1798 3821//1798 3823//1798 
f 3667//1799 3665//1799 3823//1799 
f 3590//1800 3665//1800 3667//1800 
f 3674//1801 3652//1801 3635//1801 
f 3595//1802 3674//1802 3635//1802 
f 3673//1803 3674//1803 3595//1803 
f 3593//1804 3673//1804 3595//1804 
f 3671//1805 3673//1805 3593//1805 
f 3669//1806 3671//1806 3593//1806 
f 3827//1807 3671//1807 3669//1807 
f 3825//1808 3827//1808 3669//1808 
f 3950//1809 3827//1809 3825//1809 
f 3946//1810 3950//1810 3825//1810 
f 3980//1811 3950//1811 3946//1811 
f 3981//1812 3980//1812 3946//1812 
f 2545//1813 2468//1813 2483//1813 
f 2543//1814 2545//1814 2483//1814 
f 2643//1815 2545//1815 2543//1815 
f 2641//1816 2643//1816 2543//1816 
f 2740//1817 2643//1817 2641//1817 
f 2738//1818 2740//1818 2641//1818 
f 2943//1819 2740//1819 2738//1819 
f 2941//1820 2943//1820 2738//1820 
f 3199//1821 2943//1821 2941//1821 
f 3197//1822 3199//1822 2941//1822 
f 3366//1823 3199//1823 3197//1823 
f 3363//1824 3366//1824 3197//1824 
f 3451//1825 3366//1825 3363//1825 
f 3448//1826 3451//1826 3363//1826 
f 3524//1827 3451//1827 3448//1827 
f 3521//1828 3524//1828 3448//1828 
f 3590//1829 3524//1829 3521//1829 
f 3587//1830 3590//1830 3521//1830 
f 3665//1831 3590//1831 3587//1831 
f 3663//1832 3665//1832 3587//1832 
f 3821//1833 3665//1833 3663//1833 
f 3819//1834 3821//1834 3663//1834 
f 3938//1835 3821//1835 3819//1835 
f 3936//1836 3938//1836 3819//1836 
f 3984//1837 3938//1837 3936//1837 
f 3987//1838 3984//1838 3936//1838 
f 2432//1839 2403//1839 2412//1839 
f 2430//1840 2432//1840 2412//1840 
f 2547//1841 2432//1841 2430//1841 
f 2545//1842 2547//1842 2430//1842 
f 2645//1843 2547//1843 2545//1843 
f 2643//1844 2645//1844 2545//1844 
f 2742//1845 2645//1845 2643//1845 
f 2740//1846 2742//1846 2643//1846 
f 2945//1847 2742//1847 2740//1847 
f 2943//1848 2945//1848 2740//1848 
f 3201//1849 2945//1849 2943//1849 
f 3199//1850 3201//1850 2943//1850 
f 3368//1851 3201//1851 3199//1851 
f 3366//1852 3368//1852 3199//1852 
f 3453//1853 3368//1853 3366//1853 
f 3451//1854 3453//1854 3366//1854 
f 3527//1855 3453//1855 3451//1855 
f 3524//1856 3527//1856 3451//1856 
f 3593//1857 3527//1857 3524//1857 
f 3590//1858 3593//1858 3524//1858 
f 3669//1859 3593//1859 3590//1859 
f 3667//1860 3669//1860 3590//1860 
f 3825//1861 3669//1861 3667//1861 
f 3823//1862 3825//1862 3667//1862 
f 3946//1863 3825//1863 3823//1863 
f 3944//1864 3946//1864 3823//1864 
f 3981//1865 3946//1865 3944//1865 
f 3982//1866 3981//1866 3944//1866 
f 66//1867 68//1867 67//1867 
f 66//1868 50//1868 70//1868 
f 66//1869 70//1869 69//1869 
f 55//1870 66//1870 69//1870 
f 54//1871 66//1871 55//1871 
f 66//1872 54//1872 53//1872 
f 52//1873 66//1873 53//1873 
f 68//1874 66//1874 52//1874 
f 66//1875 51//1875 71//1875 
f 48//1876 66//1876 71//1876 
f 50//1877 66//1877 48//1877 
f 3979//1878 3974//1878 3978//1878 
f 3974//1879 3979//1879 3980//1879 
f 3981//1880 3974//1880 3980//1880 
f 3982//1881 3974//1881 3981//1881 
f 3974//1882 3982//1882 3983//1882 
f 3984//1883 3974//1883 3983//1883 
f 3987//1884 3974//1884 3984//1884 
f 3989//1885 3975//1885 3990//1885 
f 3974//1886 3989//1886 3990//1886 
f 3988//1887 3989//1887 3974//1887 
f 3987//1888 3988//1888 3974//1888 
f 40//1889 42//1889 39//1889 
f 44//1890 51//1890 66//1890 
f 46//1891 44//1891 66//1891 
f 40//1892 44//1892 46//1892 
f 42//1893 40//1893 46//1893 
f 3990//1894 3993//1894 3974//1894 
f 3998//1895 3993//1895 3990//1895 
f 4001//1896 3998//1896 3990//1896 
f 3994//1897 4001//1897 3990//1897 
f 4002//1898 4001//1898 3994//1898 
f 689//1899 607//1899 712//1899 
f 1264//1900 1347//1900 1348//1900 
f 36//1901 48//1901 71//1901 
f 51//1902 36//1902 71//1902 
f 44//1903 36//1903 51//1903 
f 1303//1904 1347//1904 1264//1904 
f 1123//1905 985//1905 1069//1905 
f 1107//1906 1123//1906 1069//1906 
f 1161//1907 1123//1907 1107//1907 
f 1147//1908 1161//1908 1107//1908 
f 1204//1909 1161//1909 1147//1909 
f 1203//1910 1204//1910 1147//1910 
f 1214//1911 1204//1911 1203//1911 
f 1218//1912 1214//1912 1203//1912 
f 1256//1913 1214//1913 1218//1913 
f 1263//1914 1256//1914 1218//1914 
f 1264//1915 1256//1915 1263//1915 
f 1279//1916 1264//1916 1263//1916 
f 1303//1917 1264//1917 1279//1917 
f 985//1918 1123//1918 1012//1918 
f 957//1919 985//1919 1012//1919 
f 888//1920 985//1920 957//1920 
f 888//1921 957//1921 890//1921 
f 882//1922 888//1922 890//1922 
f 784//1923 888//1923 882//1923 
f 715//1924 784//1924 882//1924 
f 712//1925 784//1925 715//1925 
f 703//1926 712//1926 715//1926 
f 689//1927 712//1927 703//1927 
f 584//1928 607//1928 689//1928 
f 566//1929 584//1929 689//1929 
f 561//1930 584//1930 566//1930 
f 540//1931 561//1931 566//1931 
f 499//1932 561//1932 540//1932 
f 487//1933 499//1933 540//1933 
f 480//1934 499//1934 487//1934 
f 481//1935 480//1935 487//1935 
f 436//1936 480//1936 481//1936 
f 454//1937 436//1937 481//1937 
f 428//1938 436//1938 454//1938 
f 421//1939 428//1939 454//1939 
f 424//1940 421//1940 454//1940 
f 388//1941 421//1941 424//1941 
f 389//1942 388//1942 424//1942 
f 378//1943 388//1943 389//1943 
f 378//1944 389//1944 383//1944 
f 377//1945 378//1945 383//1945 
f 333//1946 378//1946 377//1946 
f 330//1947 333//1947 377//1947 
f 323//1948 333//1948 330//1948 
f 320//1949 323//1949 330//1949 
f 308//1950 320//1950 330//1950 
f 262//1951 320//1951 308//1951 
f 262//1952 308//1952 279//1952 
f 264//1953 262//1953 279//1953 
f 259//1954 262//1954 264//1954 
f 252//1955 259//1955 264//1955 
f 210//1956 259//1956 252//1956 
f 213//1957 210//1957 252//1957 
f 109//1958 106//1958 107//1958 
f 117//1959 109//1959 107//1959 
f 119//1960 109//1960 117//1960 
f 120//1961 119//1961 117//1961 
f 122//1962 119//1962 120//1962 
f 129//1963 122//1963 120//1963 
f 136//1964 122//1964 129//1964 
f 135//1965 136//1965 129//1965 
f 163//1966 136//1966 135//1966 
f 164//1967 163//1967 135//1967 
f 169//1968 163//1968 164//1968 
f 165//1969 169//1969 164//1969 
f 182//1970 169//1970 165//1970 
f 197//1971 182//1971 165//1971 
f 213//1972 182//1972 197//1972 
f 206//1973 213//1973 197//1973 
f 210//1974 213//1974 206//1974 
f 106//1975 109//1975 108//1975 
f 99//1976 106//1976 108//1976 
f 75//1977 106//1977 99//1977 
f 87//1978 75//1978 99//1978 
f 72//1979 75//1979 87//1979 
f 74//1980 72//1980 87//1980 
f 29//1981 72//1981 74//1981 
f 36//1982 44//1982 40//1982 
f 27//1983 36//1983 40//1983 
f 32//1984 36//1984 27//1984 
f 25//1985 32//1985 27//1985 
f 31//1986 32//1986 25//1986 
f 17//1987 31//1987 25//1987 
f 23//1988 31//1988 17//1988 
f 29//1989 23//1989 17//1989 
f 30//1990 23//1990 29//1990 
f 74//1991 30//1991 29//1991 
f 1377//1992 1347//1992 1303//1992 
f 2507//1993 2596//1993 2553//1993 
f 2552//1994 2507//1994 2553//1994 
f 2527//1995 2499//1995 2502//1995 
f 2507//1996 2527//1996 2502//1996 
f 2550//1997 2527//1997 2507//1997 
f 2552//1998 2550//1998 2507//1998 
f 2502//1999 2499//1999 2490//1999 
f 2467//2000 2502//2000 2490//2000 
f 2445//2001 2502//2001 2467//2001 
f 2449//2002 2445//2002 2467//2002 
f 2441//2003 2445//2003 2449//2003 
f 2409//2004 2441//2004 2449//2004 
f 2409//2005 2449//2005 2406//2005 
f 2393//2006 2409//2006 2406//2006 
f 2351//2007 2409//2007 2393//2007 
f 2352//2008 2351//2008 2393//2008 
f 2310//2009 2351//2009 2352//2009 
f 2310//2010 2352//2010 2307//2010 
f 2294//2011 2310//2011 2307//2011 
f 2266//2012 2310//2012 2294//2012 
f 2274//2013 2266//2013 2294//2013 
f 2244//2014 2266//2014 2274//2014 
f 2013//2015 2244//2015 2274//2015 
f 2014//2016 2244//2016 2013//2016 
f 1937//2017 2014//2017 2013//2017 
f 1937//2018 2013//2018 1975//2018 
f 1923//2019 1937//2019 1975//2019 
f 1652//2020 1937//2020 1923//2020 
f 1617//2021 1652//2021 1923//2021 
f 1605//2022 1652//2022 1617//2022 
f 1579//2023 1605//2023 1617//2023 
f 1579//2024 1617//2024 1591//2024 
f 1580//2025 1579//2025 1591//2025 
f 1536//2026 1579//2026 1580//2026 
f 1519//2027 1536//2027 1580//2027 
f 1492//2028 1536//2028 1519//2028 
f 1492//2029 1519//2029 1501//2029 
f 1493//2030 1492//2030 1501//2030 
f 1447//2031 1492//2031 1493//2031 
f 1420//2032 1447//2032 1493//2032 
f 1433//2033 1447//2033 1420//2033 
f 1407//2034 1433//2034 1420//2034 
f 1387//2035 1433//2035 1407//2035 
f 1387//2036 1407//2036 1397//2036 
f 1391//2037 1387//2037 1397//2037 
f 1377//2038 1387//2038 1391//2038 
f 1348//2039 1377//2039 1391//2039 
f 1347//2040 1377//2040 1348//2040 
f 3681//2041 3687//2041 3682//2041 
f 3948//2042 3940//2042 3959//2042 
f 3994//2043 4023//2043 4002//2043 
f 3975//2044 3989//2044 4014//2044 
f 3990//2045 3975//2045 4014//2045 
f 3963//2046 3948//2046 3959//2046 
f 4019//2047 3963//2047 3959//2047 
f 4003//2048 3963//2048 4019//2048 
f 4022//2049 4003//2049 4019//2049 
f 4029//2050 4003//2050 4022//2050 
f 4032//2051 4029//2051 4022//2051 
f 4018//2052 4029//2052 4032//2052 
f 4023//2053 4018//2053 4032//2053 
f 4014//2054 4018//2054 4023//2054 
f 3994//2055 4014//2055 4023//2055 
f 3990//2056 4014//2056 3994//2056 
f 3940//2057 3948//2057 3928//2057 
f 3926//2058 3940//2058 3928//2058 
f 3916//2059 3940//2059 3926//2059 
f 3915//2060 3916//2060 3926//2060 
f 3901//2061 3916//2061 3915//2061 
f 3879//2062 3901//2062 3915//2062 
f 3875//2063 3901//2063 3879//2063 
f 3876//2064 3875//2064 3879//2064 
f 3861//2065 3875//2065 3876//2065 
f 3846//2066 3861//2066 3876//2066 
f 3840//2067 3861//2067 3846//2067 
f 3837//2068 3840//2068 3846//2068 
f 3835//2069 3840//2069 3837//2069 
f 3786//2070 3835//2070 3837//2070 
f 3768//2071 3835//2071 3786//2071 
f 3734//2072 3768//2072 3786//2072 
f 3699//2073 3768//2073 3734//2073 
f 3687//2074 3699//2074 3734//2074 
f 3690//2075 3699//2075 3687//2075 
f 3681//2076 3690//2076 3687//2076 
f 3681//2077 3682//2077 3653//2077 
f 3633//2078 3681//2078 3653//2078 
f 3630//2079 3681//2079 3633//2079 
f 3621//2080 3630//2080 3633//2080 
f 3625//2081 3630//2081 3621//2081 
f 3580//2082 3625//2082 3621//2082 
f 3574//2083 3625//2083 3580//2083 
f 3560//2084 3574//2084 3580//2084 
f 3571//2085 3574//2085 3560//2085 
f 3570//2086 3571//2086 3560//2086 
f 3532//2087 3570//2087 3560//2087 
f 3508//2088 3570//2088 3532//2088 
f 3515//2089 3508//2089 3532//2089 
f 3506//2090 3508//2090 3515//2090 
f 3463//2091 3444//2091 3461//2091 
f 3467//2092 3463//2092 3461//2092 
f 3506//2093 3463//2093 3467//2093 
f 3503//2094 3506//2094 3467//2094 
f 3508//2095 3506//2095 3503//2095 
f 3444//2096 3463//2096 3441//2096 
f 3431//2097 3444//2097 3441//2097 
f 3411//2098 3444//2098 3431//2098 
f 3407//2099 3411//2099 3431//2099 
f 3402//2100 3411//2100 3407//2100 
f 3353//2101 3402//2101 3407//2101 
f 3321//2102 3402//2102 3353//2102 
f 3316//2103 3321//2103 3353//2103 
f 3302//2104 3321//2104 3316//2104 
f 3295//2105 3302//2105 3316//2105 
f 3287//2106 3302//2106 3295//2106 
f 3185//2107 3287//2107 3295//2107 
f 3185//2108 3295//2108 3189//2108 
f 3176//2109 3185//2109 3189//2109 
f 3108//2110 3185//2110 3176//2110 
f 3016//2111 3108//2111 3176//2111 
f 3012//2112 3108//2112 3016//2112 
f 3012//2113 3016//2113 3001//2113 
f 2934//2114 3012//2114 3001//2114 
f 2904//2115 3012//2115 2934//2115 
f 2900//2116 2904//2116 2934//2116 
f 2826//2117 2904//2117 2900//2117 
f 2781//2118 2826//2118 2900//2118 
f 2802//2119 2826//2119 2781//2119 
f 2746//2120 2802//2120 2781//2120 
f 2735//2121 2746//2121 2781//2121 
f 2699//2122 2746//2122 2735//2122 
f 2699//2123 2735//2123 2696//2123 
f 2692//2124 2699//2124 2696//2124 
f 2675//2125 2699//2125 2692//2125 
f 2636//2126 2675//2126 2692//2126 
f 2630//2127 2675//2127 2636//2127 
f 2596//2128 2628//2128 2563//2128 
f 2630//2129 2636//2129 2634//2129 
f 2628//2130 2630//2130 2634//2130 
f 2618//2131 2630//2131 2628//2131 
f 2596//2132 2618//2132 2628//2132 
f 2563//2133 2550//2133 2552//2133 
f 2553//2134 2563//2134 2552//2134 
f 2596//2135 2563//2135 2553//2135 
f 3973//2136 3976//2136 3969//2136 
f 3972//2137 3977//2137 3973//2137 
f 3971//2138 3972//2138 3973//2138 
f 3986//2139 3976//2139 3973//2139 
f 3985//2140 3986//2140 3973//2140 
f 3968//2141 3986//2141 3985//2141 
f 3973//2142 3969//2142 3967//2142 
f 3970//2143 3973//2143 3967//2143 
f 3971//2144 3973//2144 3970//2144 
f 65//2145 64//2145 63//2145 
f 62//2146 65//2146 63//2146 
f 61//2147 65//2147 62//2147 
f 65//2148 61//2148 60//2148 
f 59//2149 65//2149 60//2149 
f 58//2150 65//2150 59//2150 
f 47//2151 56//2151 49//2151 
f 65//2152 47//2152 49//2152 
f 57//2153 47//2153 65//2153 
f 58//2154 57//2154 65//2154 
f 695//2155 525//2155 523//2155 
f 2330//2156 2273//2156 2321//2156 
f 2433//2157 2456//2157 2489//2157 
f 3949//2158 3977//2158 3972//2158 
f 3945//2159 3971//2159 3970//2159 
f 3937//2160 3969//2160 3976//2160 
f 2739//2161 2778//2161 2734//2161 
f 89//2162 58//2162 59//2162 
f 85//2163 60//2163 61//2163 
f 80//2164 24//2164 20//2164 
f 76//2165 9//2165 12//2165 
f 1352//2166 1316//2166 1360//2166 
f 1464//2167 1497//2167 1559//2167 
f 1559//2168 1497//2168 1541//2168 
f 1565//2169 1559//2169 1541//2169 
f 1614//2170 1559//2170 1565//2170 
f 1464//2171 1401//2171 1458//2171 
f 1471//2172 1464//2172 1458//2172 
f 1497//2173 1464//2173 1471//2173 
f 1308//2174 1316//2174 1352//2174 
f 1246//2175 1308//2175 1352//2175 
f 1253//2176 1308//2176 1246//2176 
f 1221//2177 1253//2177 1246//2177 
f 1152//2178 1221//2178 1246//2178 
f 1158//2179 1221//2179 1152//2179 
f 946//2180 952//2180 988//2180 
f 1144//2181 946//2181 988//2181 
f 1152//2182 946//2182 1144//2182 
f 1151//2183 1152//2183 1144//2183 
f 1158//2184 1152//2184 1151//2184 
f 810//2185 952//2185 946//2185 
f 695//2186 810//2186 946//2186 
f 735//2187 810//2187 695//2187 
f 523//2188 504//2188 536//2188 
f 588//2189 523//2189 536//2189 
f 695//2190 523//2190 588//2190 
f 707//2191 695//2191 588//2191 
f 735//2192 695//2192 707//2192 
f 438//2193 447//2193 451//2193 
f 466//2194 438//2194 451//2194 
f 393//2195 361//2195 374//2195 
f 356//2196 374//2196 361//2196 
f 292//2197 356//2197 361//2197 
f 342//2198 356//2198 292//2198 
f 215//2199 214//2199 236//2199 
f 269//2200 215//2200 236//2200 
f 292//2201 215//2201 269//2201 
f 307//2202 292//2202 269//2202 
f 342//2203 292//2203 307//2203 
f 166//2204 138//2204 157//2204 
f 215//2205 138//2205 166//2205 
f 208//2206 215//2206 166//2206 
f 214//2207 215//2207 208//2207 
f 76//2208 88//2208 111//2208 
f 112//2209 76//2209 111//2209 
f 138//2210 76//2210 112//2210 
f 126//2211 138//2211 112//2211 
f 157//2212 138//2212 126//2212 
f 76//2213 12//2213 19//2213 
f 78//2214 76//2214 19//2214 
f 88//2215 76//2215 78//2215 
f 82//2216 62//2216 63//2216 
f 64//2217 82//2217 63//2217 
f 94//2218 21//2218 22//2218 
f 26//2219 94//2219 22//2219 
f 47//2220 94//2220 26//2220 
f 96//2221 98//2221 73//2221 
f 35//2222 96//2222 73//2222 
f 18//2223 96//2223 35//2223 
f 104//2224 98//2224 96//2224 
f 154//2225 104//2225 96//2225 
f 105//2226 104//2226 154//2226 
f 156//2227 162//2227 160//2227 
f 132//2228 156//2228 160//2228 
f 127//2229 156//2229 132//2229 
f 156//2230 127//2230 118//2230 
f 116//2231 156//2231 118//2231 
f 110//2232 156//2232 116//2232 
f 156//2233 233//2233 238//2233 
f 179//2234 156//2234 238//2234 
f 162//2235 156//2235 179//2235 
f 233//2236 257//2236 253//2236 
f 250//2237 233//2237 253//2237 
f 238//2238 233//2238 250//2238 
f 283//2239 304//2239 305//2239 
f 231//2240 304//2240 283//2240 
f 357//2241 373//2241 375//2241 
f 304//2242 373//2242 357//2242 
f 321//2243 304//2243 357//2243 
f 305//2244 304//2244 321//2244 
f 406//2245 446//2245 450//2245 
f 373//2246 446//2246 406//2246 
f 402//2247 373//2247 406//2247 
f 375//2248 373//2248 402//2248 
f 446//2249 532//2249 473//2249 
f 461//2250 446//2250 473//2250 
f 450//2251 446//2251 461//2251 
f 532//2252 572//2252 542//2252 
f 534//2253 532//2253 542//2253 
f 473//2254 532//2254 534//2254 
f 699//2255 623//2255 585//2255 
f 528//2256 699//2256 585//2256 
f 950//2257 955//2257 876//2257 
f 861//2258 950//2258 876//2258 
f 699//2259 950//2259 861//2259 
f 706//2260 699//2260 861//2260 
f 623//2261 699//2261 706//2261 
f 950//2262 1156//2262 1149//2262 
f 1049//2263 950//2263 1149//2263 
f 955//2264 950//2264 1049//2264 
f 1250//2265 1208//2265 1156//2265 
f 1156//2266 1208//2266 1186//2266 
f 1160//2267 1156//2267 1186//2267 
f 1149//2268 1156//2268 1160//2268 
f 1354//2269 1345//2269 1336//2269 
f 1335//2270 1354//2270 1336//2270 
f 1248//2271 1354//2271 1335//2271 
f 1250//2272 1260//2272 1252//2272 
f 1241//2273 1250//2273 1252//2273 
f 1208//2274 1250//2274 1241//2274 
f 1442//2275 1470//2275 1474//2275 
f 1392//2276 1359//2276 1358//2276 
f 1470//2277 1392//2277 1358//2277 
f 1400//2278 1392//2278 1470//2278 
f 1442//2279 1400//2279 1470//2279 
f 1563//2280 1564//2280 1554//2280 
f 1525//2281 1563//2281 1554//2281 
f 1470//2282 1563//2282 1525//2282 
f 1494//2283 1470//2283 1525//2283 
f 1474//2284 1470//2284 1494//2284 
f 1968//2285 2234//2285 1974//2285 
f 1790//2286 1968//2286 1974//2286 
f 1629//2287 1968//2287 1790//2287 
f 2324//2288 2322//2288 2305//2288 
f 2259//2289 2324//2289 2305//2289 
f 2401//2290 2428//2290 2423//2290 
f 2325//2291 2428//2291 2401//2291 
f 2325//2292 2401//2292 2375//2292 
f 2368//2293 2325//2293 2375//2293 
f 2324//2294 2325//2294 2368//2294 
f 2341//2295 2324//2295 2368//2295 
f 2322//2296 2324//2296 2341//2296 
f 2484//2297 2542//2297 2539//2297 
f 2428//2298 2542//2298 2484//2298 
f 2478//2299 2428//2299 2484//2299 
f 2423//2300 2428//2300 2478//2300 
f 2542//2301 2555//2301 2551//2301 
f 2548//2302 2542//2302 2551//2302 
f 2539//2303 2542//2303 2548//2303 
f 2627//2304 2544//2304 2642//2304 
f 2739//2305 2734//2305 2695//2305 
f 2678//2306 2739//2306 2695//2306 
f 2642//2307 2739//2307 2678//2307 
f 2637//2308 2642//2308 2678//2308 
f 2627//2309 2642//2309 2637//2309 
f 2876//2310 2778//2310 2739//2310 
f 2942//2311 2876//2311 2739//2311 
f 2932//2312 2876//2312 2942//2312 
f 3198//2313 3208//2313 3194//2313 
f 3181//2314 3198//2314 3194//2314 
f 2942//2315 3198//2315 3181//2315 
f 3000//2316 2942//2316 3181//2316 
f 2932//2317 2942//2317 3000//2317 
f 3404//2318 3355//2318 3360//2318 
f 3445//2319 3404//2319 3360//2319 
f 3410//2320 3404//2320 3445//2320 
f 3518//2321 3507//2321 3501//2321 
f 3464//2322 3518//2322 3501//2322 
f 3445//2323 3518//2323 3464//2323 
f 3438//2324 3445//2324 3464//2324 
f 3410//2325 3445//2325 3438//2325 
f 3584//2326 3610//2326 3581//2326 
f 3561//2327 3584//2327 3581//2327 
f 3518//2328 3584//2328 3561//2328 
f 3514//2329 3518//2329 3561//2329 
f 3507//2330 3518//2330 3514//2330 
f 3584//2331 3659//2331 3634//2331 
f 3623//2332 3584//2332 3634//2332 
f 3610//2333 3584//2333 3623//2333 
f 3813//2334 3836//2334 3790//2334 
f 3769//2335 3813//2335 3790//2335 
f 3813//2336 3769//2336 3708//2336 
f 3678//2337 3813//2337 3708//2337 
f 3657//2338 3813//2338 3678//2338 
f 3646//2339 3657//2339 3678//2339 
f 3878//2340 3919//2340 3918//2340 
f 3813//2341 3927//2341 3924//2341 
f 3919//2342 3813//2342 3924//2342 
f 3813//2343 3919//2343 3878//2343 
f 3870//2344 3813//2344 3878//2344 
f 3836//2345 3813//2345 3870//2345 
f 3931//2346 4012//2346 4020//2346 
f 4027//2347 3931//2347 4020//2347 
f 4016//2348 3931//2348 4027//2348 
f 4008//2349 3933//2349 3986//2349 
f 4024//2350 3977//2350 3949//2350 
f 3952//2351 4036//2351 4038//2351 
f 3955//2352 4007//2352 4035//2352 
f 3831//2353 3810//2353 3845//2353 
f 3896//2354 3831//2354 3845//2354 
f 3831//2355 3896//2355 3900//2355 
f 3921//2356 3831//2356 3900//2356 
f 3955//2357 3831//2357 3921//2357 
f 3942//2358 3955//2358 3921//2358 
f 4007//2359 3955//2359 3942//2359 
f 3675//2360 3641//2360 3654//2360 
f 3676//2361 3675//2361 3654//2361 
f 3831//2362 3675//2362 3676//2362 
f 3705//2363 3831//2363 3676//2363 
f 3810//2364 3831//2364 3705//2364 
f 3601//2365 3641//2365 3675//2365 
f 3596//2366 3601//2366 3675//2366 
f 3541//2367 3601//2367 3596//2367 
f 3530//2368 3541//2368 3596//2368 
f 3533//2369 3541//2369 3530//2369 
f 3516//2370 3533//2370 3530//2370 
f 3454//2371 3516//2371 3530//2371 
f 3473//2372 3516//2372 3454//2372 
f 3454//2373 3369//2373 3358//2373 
f 3424//2374 3454//2374 3358//2374 
f 3454//2375 3424//2375 3428//2375 
f 3442//2376 3454//2376 3428//2376 
f 3473//2377 3454//2377 3442//2377 
f 2971//2378 3158//2378 3202//2378 
f 2946//2379 2971//2379 3202//2379 
f 2938//2380 2971//2380 2946//2380 
f 3202//2381 3158//2381 3169//2381 
f 3192//2382 3202//2382 3169//2382 
f 3369//2383 3202//2383 3192//2383 
f 3328//2384 3369//2384 3192//2384 
f 3358//2385 3369//2385 3328//2385 
f 2757//2386 2938//2386 2946//2386 
f 2743//2387 2757//2387 2946//2387 
f 2751//2388 2757//2388 2743//2388 
f 2583//2389 2644//2389 2546//2389 
f 2646//2390 2613//2390 2639//2390 
f 2683//2391 2646//2391 2639//2391 
f 2743//2392 2646//2392 2683//2392 
f 2737//2393 2743//2393 2683//2393 
f 2751//2394 2743//2394 2737//2394 
f 2546//2395 2489//2395 2528//2395 
f 2538//2396 2546//2396 2528//2396 
f 2583//2397 2546//2397 2538//2397 
f 2330//2398 2321//2398 2361//2398 
f 2397//2399 2330//2399 2361//2399 
f 2433//2400 2330//2400 2397//2400 
f 2427//2401 2433//2401 2397//2401 
f 2456//2402 2433//2402 2427//2402 
f 3949//2403 3972//2403 3971//2403 
f 3945//2404 3949//2404 3971//2404 
f 3826//2405 3949//2405 3945//2405 
f 3824//2406 3826//2406 3945//2406 
f 3670//2407 3826//2407 3824//2407 
f 3668//2408 3670//2408 3824//2408 
f 3592//2409 3670//2409 3668//2409 
f 3591//2410 3592//2410 3668//2410 
f 3526//2411 3592//2411 3591//2411 
f 3525//2412 3526//2412 3591//2412 
f 3452//2413 3526//2413 3525//2413 
f 3955//2414 4035//2414 4036//2414 
f 3952//2415 3955//2415 4036//2415 
f 3831//2416 3955//2416 3952//2416 
f 3828//2417 3831//2417 3952//2417 
f 3675//2418 3831//2418 3828//2418 
f 3672//2419 3675//2419 3828//2419 
f 3596//2420 3675//2420 3672//2420 
f 3594//2421 3596//2421 3672//2421 
f 3530//2422 3596//2422 3594//2422 
f 3528//2423 3530//2423 3594//2423 
f 3454//2424 3530//2424 3528//2424 
f 2644//2425 2583//2425 2613//2425 
f 2646//2426 2644//2426 2613//2426 
f 2741//2427 2644//2427 2646//2427 
f 2743//2428 2741//2428 2646//2428 
f 2944//2429 2741//2429 2743//2429 
f 2946//2430 2944//2430 2743//2430 
f 3200//2431 2944//2431 2946//2431 
f 3202//2432 3200//2432 2946//2432 
f 3367//2433 3200//2433 3202//2433 
f 3369//2434 3367//2434 3202//2434 
f 3452//2435 3367//2435 3369//2435 
f 3454//2436 3452//2436 3369//2436 
f 3526//2437 3452//2437 3454//2437 
f 3528//2438 3526//2438 3454//2438 
f 3592//2439 3526//2439 3528//2439 
f 3594//2440 3592//2440 3528//2440 
f 3670//2441 3592//2441 3594//2441 
f 3672//2442 3670//2442 3594//2442 
f 3826//2443 3670//2443 3672//2443 
f 3828//2444 3826//2444 3672//2444 
f 3949//2445 3826//2445 3828//2445 
f 3952//2446 3949//2446 3828//2446 
f 4024//2447 3949//2447 3952//2447 
f 4038//2448 4024//2448 3952//2448 
f 2433//2449 2489//2449 2546//2449 
f 2431//2450 2433//2450 2546//2450 
f 2330//2451 2433//2451 2431//2451 
f 2327//2452 2330//2452 2431//2452 
f 1971//2453 2330//2453 2327//2453 
f 1973//2454 1967//2454 2273//2454 
f 2330//2455 1973//2455 2273//2455 
f 1972//2456 1973//2456 2330//2456 
f 1971//2457 1972//2457 2330//2457 
f 1352//2458 1360//2458 1383//2458 
f 1401//2459 1352//2459 1383//2459 
f 1466//2460 1352//2460 1401//2460 
f 1464//2461 1466//2461 1401//2461 
f 1561//2462 1466//2462 1464//2462 
f 1559//2463 1561//2463 1464//2463 
f 697//2464 526//2464 525//2464 
f 695//2465 697//2465 525//2465 
f 948//2466 697//2466 695//2466 
f 946//2467 948//2467 695//2467 
f 1154//2468 948//2468 946//2468 
f 1152//2469 1154//2469 946//2469 
f 1248//2470 1154//2470 1152//2470 
f 1246//2471 1248//2471 1152//2471 
f 1354//2472 1248//2472 1246//2472 
f 1352//2473 1354//2473 1246//2473 
f 1469//2474 1354//2474 1352//2474 
f 1466//2475 1469//2475 1352//2475 
f 1562//2476 1469//2476 1466//2476 
f 1561//2477 1562//2477 1466//2477 
f 440//2478 526//2478 441//2478 
f 525//2479 526//2479 440//2479 
f 438//2480 525//2480 440//2480 
f 523//2481 525//2481 438//2481 
f 466//2482 523//2482 438//2482 
f 504//2483 523//2483 466//2483 
f 85//2484 61//2484 62//2484 
f 82//2485 85//2485 62//2485 
f 145//2486 85//2486 82//2486 
f 143//2487 145//2487 82//2487 
f 222//2488 145//2488 143//2488 
f 220//2489 222//2489 143//2489 
f 297//2490 222//2490 220//2490 
f 296//2491 297//2491 220//2491 
f 366//2492 297//2492 296//2492 
f 365//2493 366//2493 296//2493 
f 82//2494 64//2494 24//2494 
f 80//2495 82//2495 24//2495 
f 143//2496 82//2496 80//2496 
f 141//2497 143//2497 80//2497 
f 220//2498 143//2498 141//2498 
f 218//2499 220//2499 141//2499 
f 296//2500 220//2500 218//2500 
f 294//2501 296//2501 218//2501 
f 365//2502 296//2502 294//2502 
f 363//2503 365//2503 294//2503 
f 80//2504 20//2504 9//2504 
f 76//2505 80//2505 9//2505 
f 141//2506 80//2506 76//2506 
f 138//2507 141//2507 76//2507 
f 218//2508 141//2508 138//2508 
f 215//2509 218//2509 138//2509 
f 294//2510 218//2510 215//2510 
f 292//2511 294//2511 215//2511 
f 363//2512 294//2512 292//2512 
f 361//2513 363//2513 292//2513 
f 407//2514 363//2514 361//2514 
f 393//2515 407//2515 361//2515 
f 1358//2516 1359//2516 1345//2516 
f 1354//2517 1358//2517 1345//2517 
f 1470//2518 1358//2518 1354//2518 
f 1469//2519 1470//2519 1354//2519 
f 1563//2520 1470//2520 1469//2520 
f 1562//2521 1563//2521 1469//2521 
f 1971//2522 1563//2522 1562//2522 
f 1561//2523 1971//2523 1562//2523 
f 1972//2524 1971//2524 1561//2524 
f 1559//2525 1972//2525 1561//2525 
f 1973//2526 1972//2526 1559//2526 
f 1614//2527 1973//2527 1559//2527 
f 1967//2528 1973//2528 1614//2528 
f 231//2529 283//2529 257//2529 
f 233//2530 231//2530 257//2530 
f 154//2531 231//2531 233//2531 
f 156//2532 154//2532 233//2532 
f 105//2533 154//2533 156//2533 
f 110//2534 105//2534 156//2534 
f 96//2535 18//2535 21//2535 
f 94//2536 96//2536 21//2536 
f 154//2537 96//2537 94//2537 
f 152//2538 154//2538 94//2538 
f 231//2539 154//2539 152//2539 
f 228//2540 231//2540 152//2540 
f 304//2541 231//2541 228//2541 
f 302//2542 304//2542 228//2542 
f 373//2543 304//2543 302//2543 
f 371//2544 373//2544 302//2544 
f 446//2545 373//2545 371//2545 
f 443//2546 446//2546 371//2546 
f 532//2547 446//2547 443//2547 
f 528//2548 532//2548 443//2548 
f 572//2549 532//2549 528//2549 
f 585//2550 572//2550 528//2550 
f 94//2551 47//2551 57//2551 
f 91//2552 94//2552 57//2552 
f 152//2553 94//2553 91//2553 
f 149//2554 152//2554 91//2554 
f 228//2555 152//2555 149//2555 
f 226//2556 228//2556 149//2556 
f 302//2557 228//2557 226//2557 
f 300//2558 302//2558 226//2558 
f 371//2559 302//2559 300//2559 
f 369//2560 371//2560 300//2560 
f 443//2561 371//2561 369//2561 
f 89//2562 59//2562 60//2562 
f 85//2563 89//2563 60//2563 
f 147//2564 89//2564 85//2564 
f 145//2565 147//2565 85//2565 
f 224//2566 147//2566 145//2566 
f 222//2567 224//2567 145//2567 
f 299//2568 224//2568 222//2568 
f 297//2569 299//2569 222//2569 
f 368//2570 299//2570 297//2570 
f 366//2571 368//2571 297//2571 
f 441//2572 368//2572 366//2572 
f 365//2573 441//2573 366//2573 
f 440//2574 441//2574 365//2574 
f 363//2575 440//2575 365//2575 
f 438//2576 440//2576 363//2576 
f 407//2577 438//2577 363//2577 
f 447//2578 438//2578 407//2578 
f 91//2579 57//2579 58//2579 
f 89//2580 91//2580 58//2580 
f 149//2581 91//2581 89//2581 
f 147//2582 149//2582 89//2582 
f 226//2583 149//2583 147//2583 
f 224//2584 226//2584 147//2584 
f 300//2585 226//2585 224//2585 
f 299//2586 300//2586 224//2586 
f 369//2587 300//2587 299//2587 
f 368//2588 369//2588 299//2588 
f 443//2589 369//2589 368//2589 
f 441//2590 443//2590 368//2590 
f 528//2591 443//2591 441//2591 
f 526//2592 528//2592 441//2592 
f 699//2593 528//2593 526//2593 
f 697//2594 699//2594 526//2594 
f 950//2595 699//2595 697//2595 
f 948//2596 950//2596 697//2596 
f 1156//2597 950//2597 948//2597 
f 1154//2598 1156//2598 948//2598 
f 1250//2599 1156//2599 1154//2599 
f 1248//2600 1250//2600 1154//2600 
f 1260//2601 1250//2601 1248//2601 
f 1335//2602 1260//2602 1248//2602 
f 3657//2603 3646//2603 3634//2603 
f 3659//2604 3657//2604 3634//2604 
f 3813//2605 3657//2605 3659//2605 
f 3815//2606 3813//2606 3659//2606 
f 3927//2607 3813//2607 3815//2607 
f 3931//2608 3927//2608 3815//2608 
f 3943//2609 3927//2609 3931//2609 
f 4016//2610 3943//2610 3931//2610 
f 3445//2611 3360//2611 3362//2611 
f 3447//2612 3445//2612 3362//2612 
f 3518//2613 3445//2613 3447//2613 
f 3520//2614 3518//2614 3447//2614 
f 3584//2615 3518//2615 3520//2615 
f 3586//2616 3584//2616 3520//2616 
f 3659//2617 3584//2617 3586//2617 
f 3662//2618 3659//2618 3586//2618 
f 3815//2619 3659//2619 3662//2619 
f 3817//2620 3815//2620 3662//2620 
f 3931//2621 3815//2621 3817//2621 
f 3933//2622 3931//2622 3817//2622 
f 4012//2623 3931//2623 3933//2623 
f 4008//2624 4012//2624 3933//2624 
f 3939//2625 3967//2625 3969//2625 
f 3937//2626 3939//2626 3969//2626 
f 3822//2627 3939//2627 3937//2627 
f 3820//2628 3822//2628 3937//2628 
f 3666//2629 3822//2629 3820//2629 
f 3664//2630 3666//2630 3820//2630 
f 3589//2631 3666//2631 3664//2631 
f 3588//2632 3589//2632 3664//2632 
f 3523//2633 3589//2633 3588//2633 
f 3522//2634 3523//2634 3588//2634 
f 3450//2635 3523//2635 3522//2635 
f 3449//2636 3450//2636 3522//2636 
f 3365//2637 3450//2637 3449//2637 
f 3364//2638 3365//2638 3449//2638 
f 3198//2639 3365//2639 3364//2639 
f 3308//2640 3198//2640 3364//2640 
f 3208//2641 3198//2641 3308//2641 
f 3360//2642 3355//2642 3318//2642 
f 3308//2643 3360//2643 3318//2643 
f 3362//2644 3360//2644 3308//2644 
f 3364//2645 3362//2645 3308//2645 
f 3447//2646 3362//2646 3364//2646 
f 3449//2647 3447//2647 3364//2647 
f 3520//2648 3447//2648 3449//2648 
f 3522//2649 3520//2649 3449//2649 
f 3586//2650 3520//2650 3522//2650 
f 3588//2651 3586//2651 3522//2651 
f 3662//2652 3586//2652 3588//2652 
f 3664//2653 3662//2653 3588//2653 
f 3817//2654 3662//2654 3664//2654 
f 3820//2655 3817//2655 3664//2655 
f 3933//2656 3817//2656 3820//2656 
f 3937//2657 3933//2657 3820//2657 
f 3986//2658 3933//2658 3937//2658 
f 3976//2659 3986//2659 3937//2659 
f 2544//2660 2627//2660 2555//2660 
f 2542//2661 2544//2661 2555//2661 
f 2429//2662 2544//2662 2542//2662 
f 2428//2663 2429//2663 2542//2663 
f 2326//2664 2429//2664 2428//2664 
f 2325//2665 2326//2665 2428//2665 
f 1970//2666 2326//2666 2325//2666 
f 1969//2667 1970//2667 2325//2667 
f 2324//2668 1969//2668 2325//2668 
f 1968//2669 1969//2669 2324//2669 
f 2259//2670 1968//2670 2324//2670 
f 2234//2671 1968//2671 2259//2671 
f 1968//2672 1629//2672 1596//2672 
f 1564//2673 1968//2673 1596//2673 
f 1969//2674 1968//2674 1564//2674 
f 1563//2675 1969//2675 1564//2675 
f 1970//2676 1969//2676 1563//2676 
f 1971//2677 1970//2677 1563//2677 
f 2326//2678 1970//2678 1971//2678 
f 2327//2679 2326//2679 1971//2679 
f 2429//2680 2326//2680 2327//2680 
f 2431//2681 2429//2681 2327//2681 
f 2544//2682 2429//2682 2431//2682 
f 2546//2683 2544//2683 2431//2683 
f 2642//2684 2544//2684 2546//2684 
f 2644//2685 2642//2685 2546//2685 
f 2739//2686 2642//2686 2644//2686 
f 2741//2687 2739//2687 2644//2687 
f 2942//2688 2739//2688 2741//2688 
f 2944//2689 2942//2689 2741//2689 
f 3198//2690 2942//2690 2944//2690 
f 3200//2691 3198//2691 2944//2691 
f 3365//2692 3198//2692 3200//2692 
f 3367//2693 3365//2693 3200//2693 
f 3450//2694 3365//2694 3367//2694 
f 3452//2695 3450//2695 3367//2695 
f 3523//2696 3450//2696 3452//2696 
f 3525//2697 3523//2697 3452//2697 
f 3589//2698 3523//2698 3525//2698 
f 3591//2699 3589//2699 3525//2699 
f 3666//2700 3589//2700 3591//2700 
f 3668//2701 3666//2701 3591//2701 
f 3822//2702 3666//2702 3668//2702 
f 3824//2703 3822//2703 3668//2703 
f 3939//2704 3822//2704 3824//2704 
f 3945//2705 3939//2705 3824//2705 
f 3967//2706 3939//2706 3945//2706 
f 3970//2707 3967//2707 3945//2707 
f 2549//2708 2554//2708 2597//2708 
f 15//2709 37//2709 43//2709 
f 49//2710 15//2710 43//2710 
f 56//2711 15//2711 49//2711 
f 26//2712 56//2712 47//2712 
f 15//2713 56//2713 26//2713 
f 22//2714 15//2714 26//2714 
f 14//2715 15//2715 22//2715 
f 14//2716 22//2716 21//2716 
f 18//2717 14//2717 21//2717 
f 33//2718 14//2718 18//2718 
f 35//2719 33//2719 18//2719 
f 34//2720 33//2720 35//2720 
f 73//2721 34//2721 35//2721 
f 102//2722 34//2722 73//2722 
f 102//2723 73//2723 98//2723 
f 104//2724 102//2724 98//2724 
f 103//2725 102//2725 104//2725 
f 103//2726 104//2726 105//2726 
f 110//2727 103//2727 105//2727 
f 113//2728 103//2728 110//2728 
f 116//2729 113//2729 110//2729 
f 114//2730 113//2730 116//2730 
f 118//2731 114//2731 116//2731 
f 125//2732 114//2732 118//2732 
f 127//2733 125//2733 118//2733 
f 128//2734 125//2734 127//2734 
f 132//2735 128//2735 127//2735 
f 161//2736 128//2736 132//2736 
f 207//2737 196//2737 250//2737 
f 254//2738 207//2738 250//2738 
f 161//2739 132//2739 160//2739 
f 162//2740 161//2740 160//2740 
f 167//2741 161//2741 162//2741 
f 179//2742 167//2742 162//2742 
f 196//2743 167//2743 179//2743 
f 238//2744 196//2744 179//2744 
f 250//2745 196//2745 238//2745 
f 254//2746 250//2746 253//2746 
f 257//2747 254//2747 253//2747 
f 274//2748 254//2748 257//2748 
f 274//2749 257//2749 283//2749 
f 305//2750 274//2750 283//2750 
f 319//2751 274//2751 305//2751 
f 321//2752 319//2752 305//2752 
f 322//2753 319//2753 321//2753 
f 349//2754 322//2754 321//2754 
f 349//2755 321//2755 357//2755 
f 375//2756 349//2756 357//2756 
f 395//2757 349//2757 375//2757 
f 402//2758 395//2758 375//2758 
f 401//2759 395//2759 402//2759 
f 406//2760 401//2760 402//2760 
f 448//2761 401//2761 406//2761 
f 450//2762 448//2762 406//2762 
f 458//2763 448//2763 450//2763 
f 461//2764 458//2764 450//2764 
f 468//2765 458//2765 461//2765 
f 473//2766 468//2766 461//2766 
f 509//2767 468//2767 473//2767 
f 534//2768 509//2768 473//2768 
f 509//2769 534//2769 542//2769 
f 572//2770 509//2770 542//2770 
f 583//2771 509//2771 572//2771 
f 585//2772 583//2772 572//2772 
f 591//2773 583//2773 585//2773 
f 601//2774 591//2774 585//2774 
f 601//2775 585//2775 623//2775 
f 706//2776 601//2776 623//2776 
f 828//2777 601//2777 706//2777 
f 861//2778 828//2778 706//2778 
f 873//2779 828//2779 861//2779 
f 873//2780 861//2780 876//2780 
f 955//2781 873//2781 876//2781 
f 1015//2782 873//2782 955//2782 
f 1049//2783 1015//2783 955//2783 
f 1067//2784 1015//2784 1049//2784 
f 1146//2785 1067//2785 1049//2785 
f 1149//2786 1146//2786 1049//2786 
f 1175//2787 1146//2787 1149//2787 
f 1175//2788 1149//2788 1160//2788 
f 1186//2789 1175//2789 1160//2789 
f 1206//2790 1175//2790 1186//2790 
f 1208//2791 1206//2791 1186//2791 
f 1231//2792 1206//2792 1208//2792 
f 1241//2793 1231//2793 1208//2793 
f 1259//2794 1231//2794 1241//2794 
f 1252//2795 1259//2795 1241//2795 
f 1260//2796 1259//2796 1252//2796 
f 1335//2797 1336//2797 1334//2797 
f 1314//2798 1335//2798 1334//2798 
f 1260//2799 1335//2799 1314//2799 
f 1278//2800 1260//2800 1314//2800 
f 1259//2801 1260//2801 1278//2801 
f 1334//2802 1336//2802 1345//2802 
f 1359//2803 1334//2803 1345//2803 
f 1389//2804 1334//2804 1359//2804 
f 1392//2805 1389//2805 1359//2805 
f 1390//2806 1389//2806 1392//2806 
f 1400//2807 1390//2807 1392//2807 
f 1438//2808 1390//2808 1400//2808 
f 1442//2809 1438//2809 1400//2809 
f 1449//2810 1438//2810 1442//2810 
f 1474//2811 1449//2811 1442//2811 
f 1479//2812 1449//2812 1474//2812 
f 1494//2813 1479//2813 1474//2813 
f 1523//2814 1479//2814 1494//2814 
f 1525//2815 1523//2815 1494//2815 
f 1551//2816 1523//2816 1525//2816 
f 1551//2817 1525//2817 1554//2817 
f 1564//2818 1551//2818 1554//2818 
f 1595//2819 1551//2819 1564//2819 
f 1596//2820 1595//2820 1564//2820 
f 1626//2821 1595//2821 1596//2821 
f 1629//2822 1626//2822 1596//2822 
f 1650//2823 1626//2823 1629//2823 
f 1790//2824 1650//2824 1629//2824 
f 1789//2825 1650//2825 1790//2825 
f 1953//2826 1789//2826 1790//2826 
f 1953//2827 1790//2827 1974//2827 
f 2234//2828 1953//2828 1974//2828 
f 2243//2829 1953//2829 2234//2829 
f 2259//2830 2243//2830 2234//2830 
f 2260//2831 2243//2831 2259//2831 
f 2283//2832 2260//2832 2259//2832 
f 2305//2833 2283//2833 2259//2833 
f 2342//2834 2283//2834 2305//2834 
f 2342//2835 2305//2835 2322//2835 
f 2341//2836 2342//2836 2322//2836 
f 2356//2837 2342//2837 2341//2837 
f 2356//2838 2341//2838 2368//2838 
f 2375//2839 2356//2839 2368//2839 
f 2402//2840 2356//2840 2375//2840 
f 2401//2841 2402//2841 2375//2841 
f 2444//2842 2402//2842 2401//2842 
f 2423//2843 2444//2843 2401//2843 
f 2453//2844 2444//2844 2423//2844 
f 2486//2845 2453//2845 2423//2845 
f 2551//2846 2554//2846 2549//2846 
f 2486//2847 2423//2847 2478//2847 
f 2484//2848 2486//2848 2478//2848 
f 2516//2849 2486//2849 2484//2849 
f 2539//2850 2516//2850 2484//2850 
f 2549//2851 2516//2851 2539//2851 
f 2548//2852 2549//2852 2539//2852 
f 2551//2853 2549//2853 2548//2853 
f 3999//2854 3997//2854 4000//2854 
f 3995//2855 3985//2855 3973//2855 
f 3992//2856 3995//2856 3973//2856 
f 3999//2857 3995//2857 3992//2857 
f 3997//2858 3999//2858 3992//2858 
f 49//2859 45//2859 65//2859 
f 41//2860 45//2860 49//2860 
f 38//2861 41//2861 49//2861 
f 43//2862 38//2862 49//2862 
f 37//2863 38//2863 43//2863 
f 4008//2864 3986//2864 3968//2864 
f 3985//2865 4008//2865 3968//2865 
f 3995//2866 4008//2866 3985//2866 
f 2555//2867 2627//2867 2597//2867 
f 2554//2868 2555//2868 2597//2868 
f 2551//2869 2555//2869 2554//2869 
f 2778//2870 2906//2870 2827//2870 
f 2792//2871 2778//2871 2827//2871 
f 2734//2872 2778//2872 2792//2872 
f 2747//2873 2734//2873 2792//2873 
f 2695//2874 2734//2874 2747//2874 
f 2697//2875 2695//2875 2747//2875 
f 2678//2876 2695//2876 2697//2876 
f 2672//2877 2678//2877 2697//2877 
f 2637//2878 2678//2878 2672//2878 
f 2629//2879 2637//2879 2672//2879 
f 2627//2880 2637//2880 2629//2880 
f 2619//2881 2627//2881 2629//2881 
f 2597//2882 2627//2882 2619//2882 
f 2906//2883 2778//2883 2876//2883 
f 2932//2884 2906//2884 2876//2884 
f 3010//2885 2906//2885 2932//2885 
f 3000//2886 3010//2886 2932//2886 
f 3106//2887 3010//2887 3000//2887 
f 3181//2888 3106//2888 3000//2888 
f 3186//2889 3106//2889 3181//2889 
f 3308//2890 3324//2890 3300//2890 
f 3288//2891 3308//2891 3300//2891 
f 3208//2892 3308//2892 3288//2892 
f 3186//2893 3208//2893 3288//2893 
f 3194//2894 3208//2894 3186//2894 
f 3181//2895 3194//2895 3186//2895 
f 3324//2896 3308//2896 3318//2896 
f 3355//2897 3324//2897 3318//2897 
f 3392//2898 3324//2898 3355//2898 
f 3404//2899 3392//2899 3355//2899 
f 3412//2900 3392//2900 3404//2900 
f 3410//2901 3412//2901 3404//2901 
f 3455//2902 3412//2902 3410//2902 
f 3438//2903 3455//2903 3410//2903 
f 3458//2904 3455//2904 3438//2904 
f 3468//2905 3458//2905 3438//2905 
f 3464//2906 3468//2906 3438//2906 
f 3502//2907 3468//2907 3464//2907 
f 3501//2908 3502//2908 3464//2908 
f 3513//2909 3502//2909 3501//2909 
f 3513//2910 3501//2910 3507//2910 
f 3514//2911 3513//2911 3507//2911 
f 3557//2912 3513//2912 3514//2912 
f 3561//2913 3557//2913 3514//2913 
f 3572//2914 3557//2914 3561//2914 
f 3573//2915 3572//2915 3561//2915 
f 3581//2916 3573//2916 3561//2916 
f 3626//2917 3573//2917 3581//2917 
f 3626//2918 3581//2918 3610//2918 
f 3623//2919 3626//2919 3610//2919 
f 3629//2920 3626//2920 3623//2920 
f 3634//2921 3629//2921 3623//2921 
f 3683//2922 3629//2922 3634//2922 
f 3683//2923 3634//2923 3646//2923 
f 3678//2924 3683//2924 3646//2924 
f 3684//2925 3683//2925 3678//2925 
f 3698//2926 3684//2926 3678//2926 
f 3708//2927 3698//2927 3678//2927 
f 3787//2928 3698//2928 3708//2928 
f 3769//2929 3787//2929 3708//2929 
f 3812//2930 3787//2930 3769//2930 
f 3790//2931 3812//2931 3769//2931 
f 3842//2932 3812//2932 3790//2932 
f 3836//2933 3842//2933 3790//2933 
f 3847//2934 3842//2934 3836//2934 
f 3870//2935 3847//2935 3836//2935 
f 3877//2936 3847//2936 3870//2936 
f 3878//2937 3877//2937 3870//2937 
f 3891//2938 3877//2938 3878//2938 
f 3918//2939 3891//2939 3878//2939 
f 3920//2940 3891//2940 3918//2940 
f 3922//2941 3924//2941 3962//2941 
f 3922//2942 3920//2942 3918//2942 
f 3919//2943 3922//2943 3918//2943 
f 3924//2944 3922//2944 3919//2944 
f 3962//2945 3924//2945 3927//2945 
f 3943//2946 3962//2946 3927//2946 
f 3966//2947 3962//2947 3943//2947 
f 4017//2948 3966//2948 3943//2948 
f 4008//2949 3995//2949 3999//2949 
f 4021//2950 4008//2950 3999//2950 
f 4012//2951 4008//2951 4021//2951 
f 4025//2952 4012//2952 4021//2952 
f 4020//2953 4012//2953 4025//2953 
f 4031//2954 4020//2954 4025//2954 
f 4027//2955 4020//2955 4031//2955 
f 4017//2956 4027//2956 4031//2956 
f 4016//2957 4027//2957 4017//2957 
f 3943//2958 4016//2958 4017//2958 
f 3873//2959 3872//2959 3807//2959 
f 3808//2960 3873//2960 3807//2960 
f 3865//2961 3862//2961 3800//2961 
f 3802//2962 3865//2962 3800//2962 
f 3866//2963 3865//2963 3802//2963 
f 3805//2964 3866//2964 3802//2964 
f 3868//2965 3866//2965 3805//2965 
f 3806//2966 3868//2966 3805//2966 
f 3872//2967 3868//2967 3806//2967 
f 3807//2968 3872//2968 3806//2968 
f 3799//2969 3862//2969 3796//2969 
f 3800//2970 3862//2970 3799//2970 
f 3796//2971 3862//2971 3860//2971 
f 3857//2972 3796//2972 3860//2972 
f 3795//2973 3796//2973 3857//2973 
f 3855//2974 3795//2974 3857//2974 
f 3793//2975 3795//2975 3855//2975 
f 3788//2976 3793//2976 3855//2976 
f 3854//2977 3788//2977 3855//2977 
f 3852//2978 3788//2978 3854//2978 
f 3853//2979 3791//2979 3789//2979 
f 3803//2980 3801//2980 3864//2980 
f 3867//2981 3803//2981 3864//2981 
f 3804//2982 3803//2982 3867//2982 
f 3792//2983 3791//2983 3853//2983 
f 3856//2984 3792//2984 3853//2984 
f 3794//2985 3792//2985 3856//2985 
f 3858//2986 3794//2986 3856//2986 
f 3797//2987 3794//2987 3858//2987 
f 3859//2988 3797//2988 3858//2988 
f 3798//2989 3797//2989 3859//2989 
f 3863//2990 3798//2990 3859//2990 
f 3801//2991 3798//2991 3863//2991 
f 3864//2992 3801//2992 3863//2992 
f 3871//2993 3873//2993 3808//2993 
f 3804//2994 3871//2994 3808//2994 
f 3869//2995 3871//2995 3804//2995 
f 3867//2996 3869//2996 3804//2996 
f 3991//2997 4005//2997 4010//2997 
f 3951//2998 3991//2998 4010//2998 
f 3929//2999 3991//2999 3951//2999 
f 3925//3000 3929//3000 3951//3000 
f 3905//3001 3925//3001 3951//3001 
f 3902//3002 3925//3002 3905//3002 
f 3897//3003 3902//3003 3905//3003 
f 3897//3004 3905//3004 3888//3004 
f 3883//3005 3897//3005 3888//3005 
f 3853//3006 3883//3006 3888//3006 
f 3851//3007 3883//3007 3853//3007 
f 4010//3008 3958//3008 3951//3008 
f 3888//3009 3856//3009 3853//3009 
f 3886//3010 3859//3010 3858//3010 
f 3910//3011 3958//3011 3965//3011 
f 3863//3012 3859//3012 3886//3012 
f 3886//3013 3890//3013 3863//3013 
f 3910//3014 3890//3014 3886//3014 
f 3907//3015 3910//3015 3886//3015 
f 3958//3016 3910//3016 3907//3016 
f 3905//3017 3958//3017 3907//3017 
f 3951//3018 3958//3018 3905//3018 
f 3895//3019 3873//3019 3871//3019 
f 3893//3020 3895//3020 3871//3020 
f 3899//3021 3895//3021 3893//3021 
f 3914//3022 3899//3022 3893//3022 
f 3912//3023 3899//3023 3914//3023 
f 4015//3024 3912//3024 3914//3024 
f 3961//3025 3912//3025 4015//3025 
f 3893//3026 3871//3026 3869//3026 
f 3867//3027 3893//3027 3869//3027 
f 3864//3028 3893//3028 3867//3028 
f 4030//3029 4037//3029 3965//3029 
f 3958//3030 4030//3030 3965//3030 
f 4011//3031 4030//3031 3958//3031 
f 4010//3032 4011//3032 3958//3032 
f 4015//3033 4037//3033 4044//3033 
f 4050//3034 4015//3034 4044//3034 
f 3961//3035 4015//3035 4050//3035 
f 3886//3036 3858//3036 3856//3036 
f 3888//3037 3886//3037 3856//3037 
f 3907//3038 3886//3038 3888//3038 
f 3905//3039 3907//3039 3888//3039 
f 3965//3040 4037//3040 4015//3040 
f 3914//3041 3965//3041 4015//3041 
f 3910//3042 3965//3042 3914//3042 
f 3893//3043 3910//3043 3914//3043 
f 3890//3044 3910//3044 3893//3044 
f 3864//3045 3890//3045 3893//3045 
f 3863//3046 3890//3046 3864//3046 
f 3894//3047 3872//3047 3873//3047 
f 3895//3048 3894//3048 3873//3048 
f 3898//3049 3894//3049 3895//3049 
f 3899//3050 3898//3050 3895//3050 
f 3911//3051 3898//3051 3899//3051 
f 3912//3052 3911//3052 3899//3052 
f 3960//3053 3911//3053 3912//3053 
f 3961//3054 3960//3054 3912//3054 
f 4006//3055 3960//3055 3961//3055 
f 4050//3056 4006//3056 3961//3056 
f 4048//3057 4006//3057 4050//3057 
f 4048//3058 4013//3058 4006//3058 
f 3894//3059 3868//3059 3872//3059 
f 3892//3060 3865//3060 3866//3060 
f 3960//3061 4006//3061 4013//3061 
f 3909//3062 4013//3062 3964//3062 
f 3906//3063 3957//3063 3947//3063 
f 3862//3064 3865//3064 3892//3064 
f 3892//3065 3889//3065 3862//3065 
f 3909//3066 3889//3066 3892//3066 
f 3913//3067 3909//3067 3892//3067 
f 4013//3068 3909//3068 3913//3068 
f 3911//3069 4013//3069 3913//3069 
f 3960//3070 4013//3070 3911//3070 
f 3887//3071 3852//3071 3854//3071 
f 3885//3072 3887//3072 3854//3072 
f 3906//3073 3887//3073 3885//3073 
f 3904//3074 3887//3074 3906//3074 
f 3947//3075 3904//3075 3906//3075 
f 3885//3076 3854//3076 3855//3076 
f 3857//3077 3885//3077 3855//3077 
f 3860//3078 3885//3078 3857//3078 
f 4041//3079 4039//3079 3964//3079 
f 4013//3080 4041//3080 3964//3080 
f 4045//3081 4041//3081 4013//3081 
f 4048//3082 4045//3082 4013//3082 
f 3957//3083 4039//3083 4026//3083 
f 4009//3084 3957//3084 4026//3084 
f 3947//3085 3957//3085 4009//3085 
f 3892//3086 3866//3086 3868//3086 
f 3894//3087 3892//3087 3868//3087 
f 3913//3088 3892//3088 3894//3088 
f 3898//3089 3913//3089 3894//3089 
f 3911//3090 3913//3090 3898//3090 
f 3964//3091 4039//3091 3957//3091 
f 3906//3092 3964//3092 3957//3092 
f 3909//3093 3964//3093 3906//3093 
f 3885//3094 3909//3094 3906//3094 
f 3889//3095 3909//3095 3885//3095 
f 3860//3096 3889//3096 3885//3096 
f 3862//3097 3889//3097 3860//3097 
f 3852//3098 3882//3098 3850//3098 
f 3884//3099 3882//3099 3852//3099 
f 4004//3100 3947//3100 4009//3100 
f 3884//3101 3852//3101 3887//3101 
f 3903//3102 3884//3102 3887//3102 
f 3904//3103 3903//3103 3887//3103 
f 3908//3104 3903//3104 3904//3104 
f 3947//3105 3908//3105 3904//3105 
f 3935//3106 3908//3106 3947//3106 
f 3956//3107 3935//3107 3947//3107 
f 4004//3108 3956//3108 3947//3108 
f 3759//3109 3771//3109 3789//3109 
f 3775//3110 3759//3110 3789//3110 
f 3735//3111 3759//3111 3775//3111 
f 3767//3112 3735//3112 3775//3112 
f 3726//3113 3735//3113 3767//3113 
f 3745//3114 3726//3114 3767//3114 
f 3718//3115 3726//3115 3745//3115 
f 3717//3116 3718//3116 3745//3116 
f 3721//3117 3717//3117 3745//3117 
f 3712//3118 3717//3118 3721//3118 
f 3747//3119 3732//3119 3731//3119 
f 3727//3120 3747//3120 3731//3120 
f 3736//3121 3754//3121 3738//3121 
f 3781//3122 3761//3122 3778//3122 
f 3778//3123 3791//3123 3792//3123 
f 3775//3124 3789//3124 3791//3124 
f 3778//3125 3775//3125 3791//3125 
f 3767//3126 3775//3126 3778//3126 
f 3761//3127 3767//3127 3778//3127 
f 3745//3128 3767//3128 3761//3128 
f 3740//3129 3745//3129 3761//3129 
f 3781//3130 3801//3130 3783//3130 
f 3749//3131 3732//3131 3747//3131 
f 3763//3132 3749//3132 3747//3132 
f 3765//3133 3749//3133 3763//3133 
f 3804//3134 3808//3134 3785//3134 
f 3783//3135 3804//3135 3785//3135 
f 3803//3136 3804//3136 3783//3136 
f 3801//3137 3803//3137 3783//3137 
f 3778//3138 3792//3138 3794//3138 
f 3797//3139 3778//3139 3794//3139 
f 3781//3140 3778//3140 3797//3140 
f 3798//3141 3781//3141 3797//3141 
f 3801//3142 3781//3142 3798//3142 
f 3765//3143 3773//3143 3756//3143 
f 3754//3144 3765//3144 3756//3144 
f 3749//3145 3765//3145 3754//3145 
f 3736//3146 3749//3146 3754//3146 
f 3732//3147 3749//3147 3736//3147 
f 3727//3148 3721//3148 3745//3148 
f 3740//3149 3727//3149 3745//3149 
f 3747//3150 3727//3150 3740//3150 
f 3761//3151 3747//3151 3740//3151 
f 3763//3152 3747//3152 3761//3152 
f 3781//3153 3763//3153 3761//3153 
f 3765//3154 3763//3154 3781//3154 
f 3783//3155 3765//3155 3781//3155 
f 3773//3156 3765//3156 3783//3156 
f 3785//3157 3773//3157 3783//3157 
f 3785//3158 3808//3158 3807//3158 
f 3784//3159 3785//3159 3807//3159 
f 3773//3160 3785//3160 3784//3160 
f 3772//3161 3773//3161 3784//3161 
f 3756//3162 3773//3162 3772//3162 
f 3755//3163 3756//3163 3772//3163 
f 3754//3164 3756//3164 3755//3164 
f 3737//3165 3754//3165 3755//3165 
f 3738//3166 3754//3166 3737//3166 
f 3729//3167 3760//3167 3758//3167 
f 3762//3168 3739//3168 3746//3168 
f 3733//3169 3746//3169 3730//3169 
f 3728//3170 3730//3170 3746//3170 
f 3739//3171 3728//3171 3746//3171 
f 3722//3172 3728//3172 3739//3172 
f 3780//3173 3764//3173 3782//3173 
f 3782//3174 3806//3174 3805//3174 
f 3784//3175 3807//3175 3806//3175 
f 3782//3176 3784//3176 3806//3176 
f 3772//3177 3784//3177 3782//3177 
f 3764//3178 3772//3178 3782//3178 
f 3755//3179 3772//3179 3764//3179 
f 3748//3180 3755//3180 3764//3180 
f 3793//3181 3777//3181 3795//3181 
f 3776//3182 3774//3182 3777//3182 
f 3793//3183 3776//3183 3777//3183 
f 3788//3184 3776//3184 3793//3184 
f 3782//3185 3805//3185 3802//3185 
f 3800//3186 3782//3186 3802//3186 
f 3780//3187 3782//3187 3800//3187 
f 3799//3188 3780//3188 3800//3188 
f 3777//3189 3780//3189 3799//3189 
f 3796//3190 3777//3190 3799//3190 
f 3795//3191 3777//3191 3796//3191 
f 3739//3192 3762//3192 3760//3192 
f 3729//3193 3739//3193 3760//3193 
f 3722//3194 3739//3194 3729//3194 
f 3720//3195 3722//3195 3729//3195 
f 3733//3196 3737//3196 3755//3196 
f 3748//3197 3733//3197 3755//3197 
f 3746//3198 3733//3198 3748//3198 
f 3764//3199 3746//3199 3748//3199 
f 3762//3200 3746//3200 3764//3200 
f 3780//3201 3762//3201 3764//3201 
f 3760//3202 3762//3202 3780//3202 
f 3777//3203 3760//3203 3780//3203 
f 3758//3204 3760//3204 3777//3204 
f 3774//3205 3758//3205 3777//3205 
f 3719//3206 3757//3206 3724//3206 
f 3758//3207 3774//3207 3757//3207 
f 3719//3208 3758//3208 3757//3208 
f 3729//3209 3758//3209 3719//3209 
f 3715//3210 3729//3210 3719//3210 
f 3713//3211 3729//3211 3715//3211 
f 3720//3212 3729//3212 3713//3212 
f 3710//3213 3720//3213 3713//3213 
f 3757//3214 3774//3214 3776//3214 
f 3788//3215 3757//3215 3776//3215 
f 3770//3216 3757//3216 3788//3216 
f 1938//3217 1904//3217 1905//3217 
f 1991//3218 1938//3218 1905//3218 
f 1990//3219 1938//3219 1991//3219 
f 1844//3220 1818//3220 1833//3220 
f 1864//3221 1844//3221 1833//3221 
f 1857//3222 1844//3222 1864//3222 
f 1876//3223 1857//3223 1864//3223 
f 1872//3224 1857//3224 1876//3224 
f 1880//3225 1872//3225 1876//3225 
f 1904//3226 1872//3226 1880//3226 
f 1905//3227 1904//3227 1880//3227 
f 1816//3228 1818//3228 1778//3228 
f 1833//3229 1818//3229 1816//3229 
f 1778//3230 1818//3230 1795//3230 
f 1776//3231 1778//3231 1795//3231 
f 1773//3232 1778//3232 1776//3232 
f 1770//3233 1773//3233 1776//3233 
f 1760//3234 1773//3234 1770//3234 
f 1716//3235 1760//3235 1770//3235 
f 1726//3236 1716//3236 1770//3236 
f 1715//3237 1716//3237 1726//3237 
f 2171//3238 2163//3238 2172//3238 
f 2125//3239 2163//3239 2171//3239 
f 2127//3240 2125//3240 2171//3240 
f 2116//3241 2125//3241 2127//3241 
f 2118//3242 2116//3242 2127//3242 
f 2100//3243 2116//3243 2118//3243 
f 2109//3244 2100//3244 2118//3244 
f 2076//3245 2100//3245 2109//3245 
f 2076//3246 2109//3246 2074//3246 
f 2055//3247 2076//3247 2074//3247 
f 2061//3248 2055//3248 2074//3248 
f 2036//3249 2055//3249 2061//3249 
f 2034//3250 2036//3250 2061//3250 
f 2024//3251 2036//3251 2034//3251 
f 2018//3252 1990//3252 1991//3252 
f 2024//3253 2018//3253 1991//3253 
f 2022//3254 2018//3254 2024//3254 
f 2034//3255 2022//3255 2024//3255 
f 2227//3256 2231//3256 2224//3256 
f 2210//3257 2227//3257 2224//3257 
f 2219//3258 2227//3258 2210//3258 
f 2216//3259 2219//3259 2210//3259 
f 2190//3260 2216//3260 2210//3260 
f 2209//3261 2216//3261 2190//3261 
f 2205//3262 2209//3262 2190//3262 
f 2205//3263 2190//3263 2177//3263 
f 2203//3264 2205//3264 2177//3264 
f 2171//3265 2203//3265 2177//3265 
f 2193//3266 2203//3266 2171//3266 
f 2224//3267 2168//3267 2210//3267 
f 2177//3268 2127//3268 2171//3268 
f 2139//3269 2109//3269 2118//3269 
f 2088//3270 2168//3270 2093//3270 
f 2074//3271 2109//3271 2139//3271 
f 2139//3272 2083//3272 2074//3272 
f 2088//3273 2083//3273 2139//3273 
f 2145//3274 2088//3274 2139//3274 
f 2168//3275 2088//3275 2145//3275 
f 2190//3276 2168//3276 2145//3276 
f 2210//3277 2168//3277 2190//3277 
f 1997//3278 1990//3278 2018//3278 
f 2042//3279 1997//3279 2018//3279 
f 2000//3280 1997//3280 2042//3280 
f 2045//3281 2000//3281 2042//3281 
f 2004//3282 2000//3282 2045//3282 
f 2049//3283 2004//3283 2045//3283 
f 2007//3284 2004//3284 2049//3284 
f 2042//3285 2018//3285 2022//3285 
f 2034//3286 2042//3286 2022//3286 
f 2061//3287 2042//3287 2034//3287 
f 2142//3288 2097//3288 2093//3288 
f 2168//3289 2142//3289 2093//3289 
f 2221//3290 2142//3290 2168//3290 
f 2224//3291 2221//3291 2168//3291 
f 2049//3292 2097//3292 2058//3292 
f 2011//3293 2049//3293 2058//3293 
f 2007//3294 2049//3294 2011//3294 
f 2139//3295 2118//3295 2127//3295 
f 2177//3296 2139//3296 2127//3296 
f 2145//3297 2139//3297 2177//3297 
f 2190//3298 2145//3298 2177//3298 
f 2093//3299 2097//3299 2049//3299 
f 2045//3300 2093//3300 2049//3300 
f 2088//3301 2093//3301 2045//3301 
f 2042//3302 2088//3302 2045//3302 
f 2083//3303 2088//3303 2042//3303 
f 2061//3304 2083//3304 2042//3304 
f 2074//3305 2083//3305 2061//3305 
f 1932//3306 2007//3306 2011//3306 
f 1939//3307 1938//3307 1990//3307 
f 1997//3308 1939//3308 1990//3308 
f 1945//3309 1939//3309 1997//3309 
f 2000//3310 1945//3310 1997//3310 
f 1941//3311 1945//3311 2000//3311 
f 2004//3312 1941//3312 2000//3312 
f 1950//3313 1941//3313 2004//3313 
f 2007//3314 1950//3314 2004//3314 
f 1935//3315 1950//3315 2007//3315 
f 1932//3316 1935//3316 2007//3316 
f 1884//3317 1846//3317 1887//3317 
f 1896//3318 1872//3318 1904//3318 
f 1854//3319 1844//3319 1857//3319 
f 1804//3320 1846//3320 1800//3320 
f 1746//3321 1723//3321 1679//3321 
f 1818//3322 1844//3322 1854//3322 
f 1854//3323 1810//3323 1818//3323 
f 1804//3324 1810//3324 1854//3324 
f 1851//3325 1804//3325 1854//3325 
f 1846//3326 1804//3326 1851//3326 
f 1891//3327 1846//3327 1851//3327 
f 1887//3328 1846//3328 1891//3328 
f 1713//3329 1715//3329 1726//3329 
f 1751//3330 1713//3330 1726//3330 
f 1746//3331 1713//3331 1751//3331 
f 1698//3332 1713//3332 1746//3332 
f 1679//3333 1698//3333 1746//3333 
f 1751//3334 1726//3334 1770//3334 
f 1776//3335 1751//3335 1770//3335 
f 1795//3336 1751//3336 1776//3336 
f 1832//3337 1798//3337 1800//3337 
f 1846//3338 1832//3338 1800//3338 
f 1881//3339 1832//3339 1846//3339 
f 1884//3340 1881//3340 1846//3340 
f 1723//3341 1798//3341 1722//3341 
f 1667//3342 1723//3342 1722//3342 
f 1679//3343 1723//3343 1667//3343 
f 1854//3344 1857//3344 1872//3344 
f 1896//3345 1854//3345 1872//3345 
f 1851//3346 1854//3346 1896//3346 
f 1891//3347 1851//3347 1896//3347 
f 1800//3348 1798//3348 1723//3348 
f 1746//3349 1800//3349 1723//3349 
f 1804//3350 1800//3350 1746//3350 
f 1751//3351 1804//3351 1746//3351 
f 1810//3352 1804//3352 1751//3352 
f 1795//3353 1810//3353 1751//3353 
f 1818//3354 1810//3354 1795//3354 
f 1715//3355 1693//3355 1695//3355 
f 1687//3356 1693//3356 1715//3356 
f 1660//3357 1679//3357 1667//3357 
f 1687//3358 1715//3358 1713//3358 
f 1684//3359 1687//3359 1713//3359 
f 1698//3360 1684//3360 1713//3360 
f 1678//3361 1684//3361 1698//3361 
f 1679//3362 1678//3362 1698//3362 
f 1674//3363 1678//3363 1679//3363 
f 1671//3364 1674//3364 1679//3364 
f 1660//3365 1671//3365 1679//3365 
f 2197//3366 2199//3366 2172//3366 
f 2160//3367 2197//3367 2172//3367 
f 2187//3368 2197//3368 2160//3368 
f 2152//3369 2187//3369 2160//3369 
f 2182//3370 2187//3370 2152//3370 
f 2143//3371 2182//3371 2152//3371 
f 2158//3372 2182//3372 2143//3372 
f 2155//3373 2158//3373 2143//3373 
f 2106//3374 2155//3374 2143//3374 
f 2133//3375 2155//3375 2106//3375 
f 2069//3376 2053//3376 2063//3376 
f 2092//3377 2069//3377 2063//3377 
f 2015//3378 1978//3378 1979//3378 
f 2081//3379 2113//3379 2123//3379 
f 2123//3380 2163//3380 2125//3380 
f 2160//3381 2172//3381 2163//3381 
f 2123//3382 2160//3382 2163//3382 
f 2152//3383 2160//3383 2123//3383 
f 2113//3384 2152//3384 2123//3384 
f 2143//3385 2152//3385 2113//3385 
f 2103//3386 2143//3386 2113//3386 
f 2081//3387 2055//3387 2039//3387 
f 2028//3388 2053//3388 2069//3388 
f 2072//3389 2028//3389 2069//3389 
f 2032//3390 2028//3390 2072//3390 
f 2024//3391 1991//3391 1976//3391 
f 2039//3392 2024//3392 1976//3392 
f 2036//3393 2024//3393 2039//3393 
f 2055//3394 2036//3394 2039//3394 
f 2123//3395 2125//3395 2116//3395 
f 2100//3396 2123//3396 2116//3396 
f 2081//3397 2123//3397 2100//3397 
f 2076//3398 2081//3398 2100//3398 
f 2055//3399 2081//3399 2076//3399 
f 2032//3400 1992//3400 1977//3400 
f 1978//3401 2032//3401 1977//3401 
f 2028//3402 2032//3402 1978//3402 
f 2015//3403 2028//3403 1978//3403 
f 2053//3404 2028//3404 2015//3404 
f 2092//3405 2106//3405 2143//3405 
f 2103//3406 2092//3406 2143//3406 
f 2069//3407 2092//3407 2103//3407 
f 2113//3408 2069//3408 2103//3408 
f 2072//3409 2069//3409 2113//3409 
f 2081//3410 2072//3410 2113//3410 
f 2032//3411 2072//3411 2081//3411 
f 2039//3412 2032//3412 2081//3412 
f 1992//3413 2032//3413 2039//3413 
f 1976//3414 1992//3414 2039//3414 
f 1976//3415 1991//3415 1905//3415 
f 1906//3416 1976//3416 1905//3416 
f 1992//3417 1976//3417 1906//3417 
f 1907//3418 1992//3418 1906//3418 
f 1977//3419 1992//3419 1907//3419 
f 1899//3420 1977//3420 1907//3420 
f 1978//3421 1977//3421 1899//3421 
f 1908//3422 1978//3422 1899//3422 
f 1979//3423 1978//3423 1908//3423 
f 1764//3424 1781//3424 1744//3424 
f 1824//3425 1793//3425 1829//3425 
f 1849//3426 1829//3426 1836//3426 
f 1808//3427 1836//3427 1829//3427 
f 1793//3428 1808//3428 1829//3428 
f 1787//3429 1808//3429 1793//3429 
f 1814//3430 1868//3430 1860//3430 
f 1860//3431 1880//3431 1876//3431 
f 1906//3432 1905//3432 1880//3432 
f 1860//3433 1906//3433 1880//3433 
f 1907//3434 1906//3434 1860//3434 
f 1868//3435 1907//3435 1860//3435 
f 1899//3436 1907//3436 1868//3436 
f 1870//3437 1899//3437 1868//3437 
f 1760//3438 1768//3438 1773//3438 
f 1728//3439 1731//3439 1768//3439 
f 1760//3440 1728//3440 1768//3440 
f 1716//3441 1728//3441 1760//3441 
f 1860//3442 1876//3442 1864//3442 
f 1833//3443 1860//3443 1864//3443 
f 1814//3444 1860//3444 1833//3444 
f 1816//3445 1814//3445 1833//3445 
f 1768//3446 1814//3446 1816//3446 
f 1778//3447 1768//3447 1816//3447 
f 1773//3448 1768//3448 1778//3448 
f 1793//3449 1824//3449 1781//3449 
f 1764//3450 1793//3450 1781//3450 
f 1787//3451 1793//3451 1764//3451 
f 1784//3452 1787//3452 1764//3452 
f 1849//3453 1908//3453 1899//3453 
f 1870//3454 1849//3454 1899//3454 
f 1829//3455 1849//3455 1870//3455 
f 1868//3456 1829//3456 1870//3456 
f 1824//3457 1829//3457 1868//3457 
f 1814//3458 1824//3458 1868//3458 
f 1781//3459 1824//3459 1814//3459 
f 1768//3460 1781//3460 1814//3460 
f 1744//3461 1781//3461 1768//3461 
f 1731//3462 1744//3462 1768//3462 
f 1710//3463 1702//3463 1705//3463 
f 1744//3464 1731//3464 1702//3464 
f 1710//3465 1744//3465 1702//3465 
f 1764//3466 1744//3466 1710//3466 
f 1739//3467 1764//3467 1710//3467 
f 1742//3468 1764//3468 1739//3468 
f 1784//3469 1764//3469 1742//3469 
f 1755//3470 1784//3470 1742//3470 
f 1702//3471 1731//3471 1728//3471 
f 1716//3472 1702//3472 1728//3472 
f 1691//3473 1702//3473 1716//3473 
f 1980//3474 1909//3474 1910//3474 
f 1981//3475 1980//3475 1910//3475 
f 1912//3476 1983//3476 1982//3476 
f 1911//3477 1912//3477 1982//3477 
f 2110//3478 2077//3478 2101//3478 
f 2119//3479 2110//3479 2101//3479 
f 2117//3480 2119//3480 2101//3480 
f 2128//3481 2119//3481 2117//3481 
f 2126//3482 2128//3482 2117//3482 
f 2173//3483 2128//3483 2126//3483 
f 2164//3484 2173//3484 2126//3484 
f 2174//3485 2173//3485 2164//3485 
f 2077//3486 2110//3486 2075//3486 
f 2056//3487 2077//3487 2075//3487 
f 2062//3488 2056//3488 2075//3488 
f 2037//3489 2056//3489 2062//3489 
f 2035//3490 2037//3490 2062//3490 
f 2025//3491 2037//3491 2035//3491 
f 2017//3492 1980//3492 1981//3492 
f 2025//3493 2017//3493 1981//3493 
f 2023//3494 2017//3494 2025//3494 
f 2035//3495 2023//3495 2025//3495 
f 1879//3496 1910//3496 1909//3496 
f 1873//3497 1879//3497 1909//3497 
f 1877//3498 1879//3498 1873//3498 
f 1861//3499 1877//3499 1873//3499 
f 1865//3500 1877//3500 1861//3500 
f 1845//3501 1865//3501 1861//3501 
f 1834//3502 1865//3502 1845//3502 
f 1819//3503 1834//3503 1845//3503 
f 1817//3504 1834//3504 1819//3504 
f 1796//3505 1817//3505 1819//3505 
f 1779//3506 1817//3506 1796//3506 
f 1777//3507 1779//3507 1796//3507 
f 1772//3508 1779//3508 1777//3508 
f 1771//3509 1772//3509 1777//3509 
f 1761//3510 1772//3510 1771//3510 
f 1718//3511 1761//3511 1771//3511 
f 1727//3512 1718//3512 1771//3512 
f 1717//3513 1718//3513 1727//3513 
f 2019//3514 1982//3514 1983//3514 
f 2026//3515 2019//3515 1983//3515 
f 2021//3516 2019//3516 2026//3516 
f 2038//3517 2021//3517 2026//3517 
f 2033//3518 2021//3518 2038//3518 
f 2052//3519 2033//3519 2038//3519 
f 2066//3520 2033//3520 2052//3520 
f 2078//3521 2066//3521 2052//3521 
f 2079//3522 2066//3522 2078//3522 
f 2099//3523 2079//3523 2078//3523 
f 2114//3524 2079//3524 2099//3524 
f 2115//3525 2114//3525 2099//3525 
f 2120//3526 2114//3526 2115//3526 
f 2121//3527 2120//3527 2115//3527 
f 2130//3528 2120//3528 2121//3528 
f 2175//3529 2130//3529 2121//3529 
f 2166//3530 2175//3530 2121//3530 
f 2176//3531 2175//3531 2166//3531 
f 1720//3532 1730//3532 1719//3532 
f 1766//3533 1730//3533 1720//3533 
f 1765//3534 1766//3534 1720//3534 
f 1775//3535 1766//3535 1765//3535 
f 1774//3536 1775//3536 1765//3536 
f 1794//3537 1775//3537 1774//3537 
f 1794//3538 1774//3538 1783//3538 
f 1821//3539 1794//3539 1783//3539 
f 1820//3540 1794//3540 1821//3540 
f 1842//3541 1820//3541 1821//3541 
f 1838//3542 1842//3542 1821//3542 
f 1862//3543 1842//3543 1838//3543 
f 1863//3544 1862//3544 1838//3544 
f 1874//3545 1862//3545 1863//3545 
f 1882//3546 1912//3546 1911//3546 
f 1874//3547 1882//3547 1911//3547 
f 1875//3548 1882//3548 1874//3548 
f 1863//3549 1875//3549 1874//3549 
f 2176//3550 2198//3550 2195//3550 
f 2202//3551 2198//3551 2176//3551 
f 2233//3552 2212//3552 2225//3552 
f 2202//3553 2176//3553 2179//3553 
f 2207//3554 2202//3554 2179//3554 
f 2192//3555 2207//3555 2179//3555 
f 2213//3556 2207//3556 2192//3556 
f 2212//3557 2213//3557 2192//3557 
f 2218//3558 2213//3558 2212//3558 
f 2222//3559 2218//3559 2212//3559 
f 2233//3560 2222//3560 2212//3560 
f 2046//3561 2089//3561 2043//3561 
f 1998//3562 2046//3562 2043//3562 
f 2001//3563 2046//3563 1998//3563 
f 2026//3564 1983//3564 1998//3564 
f 2043//3565 2026//3565 1998//3565 
f 2038//3566 2026//3566 2043//3566 
f 2052//3567 2038//3567 2043//3567 
f 2099//3568 2138//3568 2115//3568 
f 2084//3569 2138//3569 2099//3569 
f 2078//3570 2084//3570 2099//3570 
f 2146//3571 2179//3571 2138//3571 
f 2050//3572 2003//3572 2008//3572 
f 2009//3573 2050//3573 2008//3573 
f 2010//3574 2050//3574 2009//3574 
f 2050//3575 2010//3575 2020//3575 
f 2067//3576 2050//3576 2020//3576 
f 2094//3577 2050//3577 2067//3577 
f 2096//3578 2094//3578 2067//3578 
f 2167//3579 2094//3579 2096//3579 
f 2170//3580 2167//3580 2096//3580 
f 2225//3581 2167//3581 2170//3581 
f 2166//3582 2179//3582 2176//3582 
f 2138//3583 2179//3583 2166//3583 
f 2121//3584 2138//3584 2166//3584 
f 2115//3585 2138//3585 2121//3585 
f 2089//3586 2146//3586 2138//3586 
f 2084//3587 2089//3587 2138//3587 
f 2043//3588 2089//3588 2084//3588 
f 2078//3589 2043//3589 2084//3589 
f 2052//3590 2043//3590 2078//3590 
f 2192//3591 2146//3591 2212//3591 
f 2179//3592 2146//3592 2192//3592 
f 2167//3593 2225//3593 2212//3593 
f 2146//3594 2167//3594 2212//3594 
f 2094//3595 2167//3595 2146//3595 
f 2089//3596 2094//3596 2146//3596 
f 2050//3597 2094//3597 2089//3597 
f 2046//3598 2050//3598 2089//3598 
f 2003//3599 2050//3599 2046//3599 
f 2001//3600 2003//3600 2046//3600 
f 1949//3601 1890//3601 1885//3601 
f 1998//3602 1983//3602 1912//3602 
f 1897//3603 1998//3603 1912//3603 
f 2001//3604 1998//3604 1897//3604 
f 1894//3605 2001//3605 1897//3605 
f 2003//3606 2001//3606 1894//3606 
f 1892//3607 2003//3607 1894//3607 
f 2008//3608 2003//3608 1892//3608 
f 1890//3609 2008//3609 1892//3609 
f 2009//3610 2008//3610 1890//3610 
f 1949//3611 2009//3611 1890//3611 
f 2010//3612 2009//3612 1949//3612 
f 1855//3613 1894//3613 1897//3613 
f 1747//3614 1805//3614 1752//3614 
f 1712//3615 1747//3615 1752//3615 
f 1765//3616 1720//3616 1712//3616 
f 1752//3617 1765//3617 1712//3617 
f 1774//3618 1765//3618 1752//3618 
f 1783//3619 1774//3619 1752//3619 
f 1838//3620 1855//3620 1863//3620 
f 1811//3621 1855//3621 1838//3621 
f 1821//3622 1811//3622 1838//3622 
f 1847//3623 1885//3623 1890//3623 
f 1724//3624 1700//3624 1681//3624 
f 1669//3625 1724//3625 1681//3625 
f 1724//3626 1669//3626 1675//3626 
f 1750//3627 1724//3627 1675//3627 
f 1801//3628 1724//3628 1750//3628 
f 1797//3629 1801//3629 1750//3629 
f 1847//3630 1801//3630 1797//3630 
f 1841//3631 1847//3631 1797//3631 
f 1885//3632 1847//3632 1841//3632 
f 1882//3633 1897//3633 1912//3633 
f 1855//3634 1897//3634 1882//3634 
f 1875//3635 1855//3635 1882//3635 
f 1863//3636 1855//3636 1875//3636 
f 1852//3637 1892//3637 1894//3637 
f 1855//3638 1852//3638 1894//3638 
f 1805//3639 1852//3639 1855//3639 
f 1811//3640 1805//3640 1855//3640 
f 1752//3641 1805//3641 1811//3641 
f 1821//3642 1752//3642 1811//3642 
f 1783//3643 1752//3643 1821//3643 
f 1847//3644 1890//3644 1892//3644 
f 1852//3645 1847//3645 1892//3645 
f 1801//3646 1847//3646 1852//3646 
f 1805//3647 1801//3647 1852//3647 
f 1724//3648 1801//3648 1805//3648 
f 1747//3649 1724//3649 1805//3649 
f 1700//3650 1724//3650 1747//3650 
f 1712//3651 1700//3651 1747//3651 
f 1666//3652 1662//3652 1669//3652 
f 1681//3653 1666//3653 1669//3653 
f 1672//3654 1666//3654 1681//3654 
f 1676//3655 1672//3655 1681//3655 
f 1700//3656 1676//3656 1681//3656 
f 1682//3657 1676//3657 1700//3657 
f 1685//3658 1682//3658 1700//3658 
f 1685//3659 1700//3659 1712//3659 
f 1686//3660 1685//3660 1712//3660 
f 1720//3661 1686//3661 1712//3661 
f 1697//3662 1686//3662 1720//3662 
f 2180//3663 2189//3663 2184//3663 
f 2148//3664 2162//3664 2189//3664 
f 2180//3665 2148//3665 2189//3665 
f 2131//3666 2148//3666 2180//3666 
f 2150//3667 2131//3667 2180//3667 
f 2149//3668 2131//3668 2150//3668 
f 2108//3669 2131//3669 2149//3669 
f 2135//3670 2108//3670 2149//3670 
f 2189//3671 2162//3671 2165//3671 
f 2175//3672 2189//3672 2165//3672 
f 2201//3673 2189//3673 2175//3673 
f 2131//3674 2111//3674 2148//3674 
f 2122//3675 2165//3675 2162//3675 
f 2071//3676 2102//3676 2068//3676 
f 2048//3677 2068//3677 2065//3677 
f 2086//3678 2065//3678 2068//3678 
f 2102//3679 2086//3679 2068//3679 
f 2105//3680 2086//3680 2102//3680 
f 2080//3681 2030//3681 2041//3681 
f 2122//3682 2080//3682 2079//3682 
f 2114//3683 2122//3683 2079//3683 
f 1984//3684 1982//3684 2019//3684 
f 2041//3685 1984//3685 2019//3685 
f 1994//3686 1984//3686 2041//3686 
f 2030//3687 1994//3687 2041//3687 
f 1986//3688 1994//3688 2030//3688 
f 2027//3689 1986//3689 2030//3689 
f 1988//3690 1986//3690 2027//3690 
f 2130//3691 2175//3691 2165//3691 
f 2122//3692 2130//3692 2165//3692 
f 2120//3693 2130//3693 2122//3693 
f 2114//3694 2120//3694 2122//3694 
f 2041//3695 2019//3695 2021//3695 
f 2033//3696 2041//3696 2021//3696 
f 2080//3697 2041//3697 2033//3697 
f 2066//3698 2080//3698 2033//3698 
f 2079//3699 2080//3699 2066//3699 
f 2102//3700 2071//3700 2111//3700 
f 2131//3701 2102//3701 2111//3701 
f 2105//3702 2102//3702 2131//3702 
f 2108//3703 2105//3703 2131//3703 
f 2048//3704 1989//3704 1988//3704 
f 2027//3705 2048//3705 1988//3705 
f 2068//3706 2048//3706 2027//3706 
f 2030//3707 2068//3707 2027//3707 
f 2071//3708 2068//3708 2030//3708 
f 2080//3709 2071//3709 2030//3709 
f 2111//3710 2071//3710 2080//3710 
f 2122//3711 2111//3711 2080//3711 
f 2148//3712 2111//3712 2122//3712 
f 2162//3713 2148//3713 2122//3713 
f 1988//3714 1989//3714 1903//3714 
f 1917//3715 1988//3715 1903//3715 
f 1986//3716 1988//3716 1917//3716 
f 1902//3717 1986//3717 1917//3717 
f 1994//3718 1986//3718 1902//3718 
f 1914//3719 1994//3719 1902//3719 
f 1984//3720 1994//3720 1914//3720 
f 1900//3721 1984//3721 1914//3721 
f 1982//3722 1984//3722 1900//3722 
f 1911//3723 1982//3723 1900//3723 
f 1828//3724 1843//3724 1837//3724 
f 1803//3725 1828//3725 1837//3725 
f 1883//3726 1917//3726 1903//3726 
f 1813//3727 1780//3727 1767//3727 
f 1767//3728 1730//3728 1766//3728 
f 1813//3729 1842//3729 1859//3729 
f 1869//3730 1843//3730 1828//3730 
f 1823//3731 1869//3731 1828//3731 
f 1866//3732 1869//3732 1823//3732 
f 1733//3733 1719//3733 1730//3733 
f 1767//3734 1733//3734 1730//3734 
f 1737//3735 1733//3735 1767//3735 
f 1780//3736 1737//3736 1767//3736 
f 1749//3737 1737//3737 1780//3737 
f 1791//3738 1749//3738 1780//3738 
f 1762//3739 1749//3739 1791//3739 
f 1874//3740 1911//3740 1900//3740 
f 1859//3741 1874//3741 1900//3741 
f 1862//3742 1874//3742 1859//3742 
f 1842//3743 1862//3743 1859//3743 
f 1767//3744 1766//3744 1775//3744 
f 1794//3745 1767//3745 1775//3745 
f 1813//3746 1767//3746 1794//3746 
f 1820//3747 1813//3747 1794//3747 
f 1842//3748 1813//3748 1820//3748 
f 1866//3749 1914//3749 1902//3749 
f 1917//3750 1866//3750 1902//3750 
f 1869//3751 1866//3751 1917//3751 
f 1883//3752 1869//3752 1917//3752 
f 1843//3753 1869//3753 1883//3753 
f 1803//3754 1786//3754 1762//3754 
f 1791//3755 1803//3755 1762//3755 
f 1828//3756 1803//3756 1791//3756 
f 1780//3757 1828//3757 1791//3757 
f 1823//3758 1828//3758 1780//3758 
f 1813//3759 1823//3759 1780//3759 
f 1866//3760 1823//3760 1813//3760 
f 1859//3761 1866//3761 1813//3761 
f 1914//3762 1866//3762 1859//3762 
f 1900//3763 1914//3763 1859//3763 
f 1694//3764 1690//3764 1719//3764 
f 1733//3765 1694//3765 1719//3765 
f 1703//3766 1694//3766 1733//3766 
f 1737//3767 1703//3767 1733//3767 
f 1707//3768 1703//3768 1737//3768 
f 1749//3769 1707//3769 1737//3769 
f 1762//3770 1786//3770 1757//3770 
f 1735//3771 1762//3771 1757//3771 
f 1749//3772 1762//3772 1735//3772 
f 1734//3773 1749//3773 1735//3773 
f 1707//3774 1749//3774 1734//3774 
f 1717//3775 1692//3775 1696//3775 
f 1688//3776 1692//3776 1717//3776 
f 1661//3777 1680//3777 1668//3777 
f 1688//3778 1717//3778 1714//3778 
f 1683//3779 1688//3779 1714//3779 
f 1699//3780 1683//3780 1714//3780 
f 1677//3781 1683//3781 1699//3781 
f 1680//3782 1677//3782 1699//3782 
f 1673//3783 1677//3783 1680//3783 
f 1670//3784 1673//3784 1680//3784 
f 1661//3785 1670//3785 1680//3785 
f 1853//3786 1806//3786 1856//3786 
f 1898//3787 1853//3787 1856//3787 
f 1895//3788 1853//3788 1898//3788 
f 1873//3789 1909//3789 1898//3789 
f 1856//3790 1873//3790 1898//3790 
f 1861//3791 1873//3791 1856//3791 
f 1845//3792 1861//3792 1856//3792 
f 1796//3793 1753//3793 1777//3793 
f 1812//3794 1753//3794 1796//3794 
f 1819//3795 1812//3795 1796//3795 
f 1748//3796 1714//3796 1753//3796 
f 1848//3797 1893//3797 1889//3797 
f 1888//3798 1848//3798 1889//3798 
f 1886//3799 1848//3799 1888//3799 
f 1848//3800 1886//3800 1878//3800 
f 1831//3801 1848//3801 1878//3801 
f 1802//3802 1848//3802 1831//3802 
f 1799//3803 1802//3803 1831//3803 
f 1725//3804 1802//3804 1799//3804 
f 1721//3805 1725//3805 1799//3805 
f 1668//3806 1725//3806 1721//3806 
f 1727//3807 1714//3807 1717//3807 
f 1753//3808 1714//3808 1727//3808 
f 1771//3809 1753//3809 1727//3809 
f 1777//3810 1753//3810 1771//3810 
f 1806//3811 1748//3811 1753//3811 
f 1812//3812 1806//3812 1753//3812 
f 1856//3813 1806//3813 1812//3813 
f 1819//3814 1856//3814 1812//3814 
f 1845//3815 1856//3815 1819//3815 
f 1699//3816 1748//3816 1680//3816 
f 1714//3817 1748//3817 1699//3817 
f 1725//3818 1668//3818 1680//3818 
f 1748//3819 1725//3819 1680//3819 
f 1802//3820 1725//3820 1748//3820 
f 1806//3821 1802//3821 1748//3821 
f 1848//3822 1802//3822 1806//3822 
f 1853//3823 1848//3823 1806//3823 
f 1893//3824 1848//3824 1853//3824 
f 1895//3825 1893//3825 1853//3825 
f 1948//3826 2006//3826 2012//3826 
f 1898//3827 1909//3827 1980//3827 
f 1999//3828 1898//3828 1980//3828 
f 1895//3829 1898//3829 1999//3829 
f 2002//3830 1895//3830 1999//3830 
f 1893//3831 1895//3831 2002//3831 
f 2005//3832 1893//3832 2002//3832 
f 1889//3833 1893//3833 2005//3833 
f 2006//3834 1889//3834 2005//3834 
f 1888//3835 1889//3835 2006//3835 
f 1948//3836 1888//3836 2006//3836 
f 1886//3837 1888//3837 1948//3837 
f 2044//3838 2002//3838 1999//3838 
f 2147//3839 2090//3839 2140//3839 
f 2178//3840 2147//3840 2140//3840 
f 2128//3841 2173//3841 2178//3841 
f 2140//3842 2128//3842 2178//3842 
f 2119//3843 2128//3843 2140//3843 
f 2110//3844 2119//3844 2140//3844 
f 2062//3845 2044//3845 2035//3845 
f 2085//3846 2044//3846 2062//3846 
f 2075//3847 2085//3847 2062//3847 
f 2051//3848 2012//3848 2006//3848 
f 2169//3849 2191//3849 2211//3849 
f 2223//3850 2169//3850 2211//3850 
f 2169//3851 2223//3851 2217//3851 
f 2141//3852 2169//3852 2217//3852 
f 2095//3853 2169//3853 2141//3853 
f 2098//3854 2095//3854 2141//3854 
f 2051//3855 2095//3855 2098//3855 
f 2057//3856 2051//3856 2098//3856 
f 2012//3857 2051//3857 2057//3857 
f 2017//3858 1999//3858 1980//3858 
f 2044//3859 1999//3859 2017//3859 
f 2023//3860 2044//3860 2017//3860 
f 2035//3861 2044//3861 2023//3861 
f 2047//3862 2005//3862 2002//3862 
f 2044//3863 2047//3863 2002//3863 
f 2090//3864 2047//3864 2044//3864 
f 2085//3865 2090//3865 2044//3865 
f 2140//3866 2090//3866 2085//3866 
f 2075//3867 2140//3867 2085//3867 
f 2110//3868 2140//3868 2075//3868 
f 2051//3869 2006//3869 2005//3869 
f 2047//3870 2051//3870 2005//3870 
f 2095//3871 2051//3871 2047//3871 
f 2090//3872 2095//3872 2047//3872 
f 2169//3873 2095//3873 2090//3873 
f 2147//3874 2169//3874 2090//3874 
f 2191//3875 2169//3875 2147//3875 
f 2178//3876 2191//3876 2147//3876 
f 2226//3877 2232//3877 2223//3877 
f 2211//3878 2226//3878 2223//3878 
f 2220//3879 2226//3879 2211//3879 
f 2215//3880 2220//3880 2211//3880 
f 2191//3881 2215//3881 2211//3881 
f 2208//3882 2215//3882 2191//3882 
f 2206//3883 2208//3883 2191//3883 
f 2206//3884 2191//3884 2178//3884 
f 2204//3885 2206//3885 2178//3885 
f 2173//3886 2204//3886 2178//3886 
f 2194//3887 2204//3887 2173//3887 
f 1711//3888 1701//3888 1706//3888 
f 1745//3889 1732//3889 1701//3889 
f 1711//3890 1745//3890 1701//3890 
f 1763//3891 1745//3891 1711//3891 
f 1740//3892 1763//3892 1711//3892 
f 1743//3893 1763//3893 1740//3893 
f 1785//3894 1763//3894 1743//3894 
f 1756//3895 1785//3895 1743//3895 
f 1701//3896 1732//3896 1729//3896 
f 1718//3897 1701//3897 1729//3897 
f 1689//3898 1701//3898 1718//3898 
f 1763//3899 1782//3899 1745//3899 
f 1769//3900 1729//3900 1732//3900 
f 1825//3901 1792//3901 1830//3901 
f 1850//3902 1830//3902 1835//3902 
f 1809//3903 1835//3903 1830//3903 
f 1792//3904 1809//3904 1830//3904 
f 1788//3905 1809//3905 1792//3905 
f 1815//3906 1867//3906 1858//3906 
f 1769//3907 1815//3907 1817//3907 
f 1779//3908 1769//3908 1817//3908 
f 1913//3909 1910//3909 1879//3909 
f 1858//3910 1913//3910 1879//3910 
f 1901//3911 1913//3911 1858//3911 
f 1867//3912 1901//3912 1858//3912 
f 1915//3913 1901//3913 1867//3913 
f 1871//3914 1915//3914 1867//3914 
f 1916//3915 1915//3915 1871//3915 
f 1761//3916 1718//3916 1729//3916 
f 1769//3917 1761//3917 1729//3917 
f 1772//3918 1761//3918 1769//3918 
f 1779//3919 1772//3919 1769//3919 
f 1858//3920 1879//3920 1877//3920 
f 1865//3921 1858//3921 1877//3921 
f 1815//3922 1858//3922 1865//3922 
f 1834//3923 1815//3923 1865//3923 
f 1817//3924 1815//3924 1834//3924 
f 1792//3925 1825//3925 1782//3925 
f 1763//3926 1792//3926 1782//3926 
f 1788//3927 1792//3927 1763//3927 
f 1785//3928 1788//3928 1763//3928 
f 1850//3929 1918//3929 1916//3929 
f 1871//3930 1850//3930 1916//3930 
f 1830//3931 1850//3931 1871//3931 
f 1867//3932 1830//3932 1871//3932 
f 1825//3933 1830//3933 1867//3933 
f 1815//3934 1825//3934 1867//3934 
f 1782//3935 1825//3935 1815//3935 
f 1769//3936 1782//3936 1815//3936 
f 1745//3937 1782//3937 1769//3937 
f 1732//3938 1745//3938 1769//3938 
f 1916//3939 1918//3939 1996//3939 
f 1987//3940 1916//3940 1996//3940 
f 1915//3941 1916//3941 1987//3941 
f 1995//3942 1915//3942 1987//3942 
f 1901//3943 1915//3943 1995//3943 
f 1985//3944 1901//3944 1995//3944 
f 1913//3945 1901//3945 1985//3945 
f 1993//3946 1913//3946 1985//3946 
f 1910//3947 1913//3947 1993//3947 
f 1981//3948 1910//3948 1993//3948 
f 2070//3949 2054//3949 2064//3949 
f 2091//3950 2070//3950 2064//3950 
f 2016//3951 1987//3951 1996//3951 
f 2082//3952 2112//3952 2124//3952 
f 2124//3953 2164//3953 2126//3953 
f 2082//3954 2056//3954 2040//3954 
f 2029//3955 2054//3955 2070//3955 
f 2073//3956 2029//3956 2070//3956 
f 2031//3957 2029//3957 2073//3957 
f 2161//3958 2174//3958 2164//3958 
f 2124//3959 2161//3959 2164//3959 
f 2153//3960 2161//3960 2124//3960 
f 2112//3961 2153//3961 2124//3961 
f 2144//3962 2153//3962 2112//3962 
f 2104//3963 2144//3963 2112//3963 
f 2129//3964 2144//3964 2104//3964 
f 2025//3965 1981//3965 1993//3965 
f 2040//3966 2025//3966 1993//3966 
f 2037//3967 2025//3967 2040//3967 
f 2056//3968 2037//3968 2040//3968 
f 2124//3969 2126//3969 2117//3969 
f 2101//3970 2124//3970 2117//3970 
f 2082//3971 2124//3971 2101//3971 
f 2077//3972 2082//3972 2101//3972 
f 2056//3973 2082//3973 2077//3973 
f 2031//3974 1985//3974 1995//3974 
f 1987//3975 2031//3975 1995//3975 
f 2029//3976 2031//3976 1987//3976 
f 2016//3977 2029//3977 1987//3977 
f 2054//3978 2029//3978 2016//3978 
f 2091//3979 2107//3979 2129//3979 
f 2104//3980 2091//3980 2129//3980 
f 2070//3981 2091//3981 2104//3981 
f 2112//3982 2070//3982 2104//3982 
f 2073//3983 2070//3983 2112//3983 
f 2082//3984 2073//3984 2112//3984 
f 2031//3985 2073//3985 2082//3985 
f 2040//3986 2031//3986 2082//3986 
f 1985//3987 2031//3987 2040//3987 
f 1993//3988 1985//3988 2040//3988 
f 2196//3989 2200//3989 2174//3989 
f 2161//3990 2196//3990 2174//3990 
f 2188//3991 2196//3991 2161//3991 
f 2153//3992 2188//3992 2161//3992 
f 2183//3993 2188//3993 2153//3993 
f 2144//3994 2183//3994 2153//3994 
f 2129//3995 2107//3995 2134//3995 
f 2156//3996 2129//3996 2134//3996 
f 2144//3997 2129//3997 2156//3997 
f 2159//3998 2144//3998 2156//3998 
f 2183//3999 2144//3999 2159//3999 
f 2189//4000 2337//4000 2184//4000 
f 2195//4001 2198//4001 2202//4001 
f 2337//4002 2195//4002 2202//4002 
f 2201//4003 2195//4003 2337//4003 
f 2189//4004 2201//4004 2337//4004 
f 2337//4005 2202//4005 2207//4005 
f 2213//4006 2337//4006 2207//4006 
f 2218//4007 2337//4007 2213//4007 
f 2218//4008 2222//4008 2233//4008 
f 2242//4009 2218//4009 2233//4009 
f 2337//4010 2218//4010 2242//4010 
f 2340//4011 2337//4011 2242//4011 
f 2416//4012 2337//4012 2340//4012 
f 2443//4013 2416//4013 2340//4013 
f 2512//4014 2416//4014 2443//4014 
f 2520//4015 2512//4015 2443//4015 
f 2610//4016 2512//4016 2520//4016 
f 2617//4017 2610//4017 2520//4017 
f 2689//4018 2610//4018 2617//4018 
f 2693//4019 2689//4019 2617//4019 
f 2763//4020 2689//4020 2693//4020 
f 2822//4021 2763//4021 2693//4021 
f 3009//4022 2763//4022 2822//4022 
f 3026//4023 3009//4023 2822//4023 
f 3216//4024 3009//4024 3026//4024 
f 3284//4025 3216//4025 3026//4025 
f 3345//4026 3216//4026 3284//4026 
f 3372//4027 3345//4027 3284//4027 
f 3433//4028 3345//4028 3372//4028 
f 3437//4029 3433//4029 3372//4029 
f 3487//4030 3433//4030 3437//4030 
f 3498//4031 3487//4031 3437//4031 
f 3542//4032 3487//4032 3498//4032 
f 3563//4033 3542//4033 3498//4033 
f 3606//4034 3542//4034 3563//4034 
f 3632//4035 3606//4035 3563//4035 
f 3642//4036 3606//4036 3632//4036 
f 3685//4037 3642//4037 3632//4037 
f 3701//4038 3642//4038 3685//4038 
f 3838//4039 3701//4039 3685//4039 
f 3743//4040 3701//4040 3838//4040 
f 4051//4041 3743//4041 3838//4041 
f 1274//4042 1292//4042 1285//4042 
f 1672//4043 1662//4043 1666//4043 
f 1641//4044 1635//4044 1649//4044 
f 1662//4045 1641//4045 1649//4045 
f 1686//4046 1682//4046 1685//4046 
f 1641//4047 1662//4047 1672//4047 
f 1676//4048 1641//4048 1672//4048 
f 1682//4049 1641//4049 1676//4049 
f 1641//4050 1682//4050 1686//4050 
f 1697//4051 1641//4051 1686//4051 
f 1690//4052 1641//4052 1697//4052 
f 1641//4053 1690//4053 1694//4053 
f 1703//4054 1641//4054 1694//4054 
f 1707//4055 1641//4055 1703//4055 
f 1688//4056 1696//4056 1692//4056 
f 1642//4057 1706//4057 1701//4057 
f 1689//4058 1642//4058 1701//4058 
f 1696//4059 1642//4059 1689//4059 
f 1642//4060 1696//4060 1688//4060 
f 1683//4061 1642//4061 1688//4061 
f 1677//4062 1642//4062 1683//4062 
f 1642//4063 1677//4063 1673//4063 
f 1670//4064 1642//4064 1673//4064 
f 1661//4065 1642//4065 1670//4065 
f 1642//4066 1661//4066 1648//4066 
f 1634//4067 1642//4067 1648//4067 
f 1483//4068 1642//4068 1634//4068 
f 1445//4069 1483//4069 1634//4069 
f 1454//4070 1483//4070 1445//4070 
f 1439//4071 1454//4071 1445//4071 
f 1293//4072 1454//4072 1439//4072 
f 1273//4073 1293//4073 1439//4073 
f 1284//4074 1293//4074 1273//4074 
f 1267//4075 1284//4075 1273//4075 
f 1133//4076 1284//4076 1267//4076 
f 1064//4077 1133//4077 1267//4077 
f 1086//4078 1133//4078 1064//4078 
f 1059//4079 1086//4079 1064//4079 
f 675//4080 1086//4080 1059//4080 
f 599//4081 675//4081 1059//4081 
f 633//4082 675//4082 599//4082 
f 594//4083 633//4083 599//4083 
f 464//4084 633//4084 594//4084 
f 434//4085 464//4085 594//4085 
f 456//4086 464//4086 434//4086 
f 430//4087 456//4087 434//4087 
f 353//4088 456//4088 430//4088 
f 317//4089 353//4089 430//4089 
f 345//4090 353//4090 317//4090 
f 312//4091 345//4091 317//4091 
f 246//4092 345//4092 312//4092 
f 193//4093 246//4093 312//4093 
f 241//4094 246//4094 193//4094 
f 241//4095 193//4095 190//4095 
f 5//4096 241//4096 190//4096 
f 174//4097 241//4097 5//4097 
f 189//4098 174//4098 5//4098 
f 240//4099 174//4099 189//4099 
f 194//4100 240//4100 189//4100 
f 245//4101 240//4101 194//4101 
f 313//4102 245//4102 194//4102 
f 344//4103 245//4103 313//4103 
f 316//4104 344//4104 313//4104 
f 352//4105 344//4105 316//4105 
f 431//4106 352//4106 316//4106 
f 457//4107 352//4107 431//4107 
f 435//4108 457//4108 431//4108 
f 465//4109 457//4109 435//4109 
f 595//4110 465//4110 435//4110 
f 634//4111 465//4111 595//4111 
f 600//4112 634//4112 595//4112 
f 676//4113 634//4113 600//4113 
f 1060//4114 676//4114 600//4114 
f 1087//4115 676//4115 1060//4115 
f 1065//4116 1087//4116 1060//4116 
f 1134//4117 1087//4117 1065//4117 
f 1285//4118 1134//4118 1065//4118 
f 1268//4119 1285//4119 1065//4119 
f 1274//4120 1285//4120 1268//4120 
f 1455//4121 1292//4121 1274//4121 
f 1440//4122 1455//4122 1274//4122 
f 1446//4123 1455//4123 1440//4123 
f 1446//4124 1635//4124 1641//4124 
f 1484//4125 1446//4125 1641//4125 
f 1455//4126 1446//4126 1484//4126 
f 2209//4127 2205//4127 2334//4127 
f 2219//4128 2209//4128 2334//4128 
f 2216//4129 2209//4129 2219//4129 
f 2334//4130 2205//4130 2203//4130 
f 2193//4131 2334//4131 2203//4131 
f 2199//4132 2334//4132 2193//4132 
f 2334//4133 2199//4133 2197//4133 
f 2187//4134 2334//4134 2197//4134 
f 2182//4135 2334//4135 2187//4135 
f 3757//4136 3695//4136 3724//4136 
f 3850//4137 3882//4137 3884//4137 
f 3695//4138 3850//4138 3884//4138 
f 3770//4139 3850//4139 3695//4139 
f 3757//4140 3770//4140 3695//4140 
f 3695//4141 3884//4141 3903//4141 
f 3908//4142 3695//4142 3903//4142 
f 3935//4143 3695//4143 3908//4143 
f 3935//4144 3956//4144 4004//4144 
f 3880//4145 3935//4145 4004//4145 
f 3695//4146 3935//4146 3880//4146 
f 3834//4147 3695//4147 3880//4147 
f 3638//4148 3695//4148 3834//4148 
f 3647//4149 3638//4149 3834//4149 
f 3603//4150 3638//4150 3647//4150 
f 3624//4151 3603//4151 3647//4151 
f 3535//4152 3603//4152 3624//4152 
f 3536//4153 3535//4153 3624//4153 
f 3477//4154 3535//4154 3536//4154 
f 3496//4155 3477//4155 3536//4155 
f 3429//4156 3477//4156 3496//4156 
f 3426//4157 3429//4157 3496//4157 
f 3339//4158 3429//4158 3426//4158 
f 3354//4159 3339//4159 3426//4159 
f 3182//4160 3339//4160 3354//4160 
f 3143//4161 3182//4161 3354//4161 
f 2995//4162 3182//4162 3143//4162 
f 3020//4163 2995//4163 3143//4163 
f 2758//4164 2995//4164 3020//4164 
f 2749//4165 2758//4165 3020//4165 
f 2688//4166 2758//4166 2749//4166 
f 2691//4167 2688//4167 2749//4167 
f 2604//4168 2688//4168 2691//4168 
f 2582//4169 2604//4169 2691//4169 
f 2510//4170 2604//4170 2582//4170 
f 2515//4171 2510//4171 2582//4171 
f 2413//4172 2510//4172 2515//4172 
f 2392//4173 2413//4173 2515//4173 
f 2334//4174 2413//4174 2392//4174 
f 2338//4175 2334//4175 2392//4175 
f 2219//4176 2334//4176 2338//4176 
f 2231//4177 2219//4177 2338//4177 
f 2227//4178 2219//4178 2231//4178 
f 1643//4179 1705//4179 1702//4179 
f 1691//4180 1643//4180 1702//4180 
f 1695//4181 1643//4181 1691//4181 
f 1687//4182 1684//4182 1643//4182 
f 1695//4183 1687//4183 1643//4183 
f 1693//4184 1687//4184 1695//4184 
f 1643//4185 1684//4185 1678//4185 
f 1674//4186 1643//4186 1678//4186 
f 1671//4187 1643//4187 1674//4187 
f 1653//4188 1952//4188 1954//4188 
f 1643//4189 1671//4189 1660//4189 
f 1638//4190 1643//4190 1660//4190 
f 1489//4191 1643//4191 1638//4191 
f 1498//4192 1489//4192 1638//4192 
f 1456//4193 1489//4193 1498//4193 
f 1441//4194 1456//4194 1498//4194 
f 1315//4195 1456//4195 1441//4195 
f 1318//4196 1315//4196 1441//4196 
f 1283//4197 1315//4197 1318//4197 
f 1266//4198 1283//4198 1318//4198 
f 1150//4199 1283//4199 1266//4199 
f 1145//4200 1150//4200 1266//4200 
f 1085//4201 1150//4201 1145//4201 
f 1058//4202 1085//4202 1145//4202 
f 782//4203 1085//4203 1058//4203 
f 742//4204 782//4204 1058//4204 
f 630//4205 782//4205 742//4205 
f 593//4206 630//4206 742//4206 
f 494//4207 630//4207 593//4207 
f 467//4208 494//4208 593//4208 
f 455//4209 494//4209 467//4209 
f 429//4210 455//4210 467//4210 
f 387//4211 455//4211 429//4211 
f 358//4212 387//4212 429//4212 
f 343//4213 387//4213 358//4213 
f 311//4214 343//4214 358//4214 
f 270//4215 343//4215 311//4215 
f 247//4216 270//4216 311//4216 
f 239//4217 270//4217 247//4217 
f 188//4218 239//4218 247//4218 
f 199//4219 239//4219 188//4219 
f 131//4220 199//4220 188//4220 
f 176//4221 199//4221 131//4221 
f 6//4222 176//4222 131//4222 
f 203//4223 176//4223 6//4223 
f 181//4224 203//4224 6//4224 
f 242//4225 203//4225 181//4225 
f 195//4226 242//4226 181//4226 
f 282//4227 242//4227 195//4227 
f 286//4228 282//4228 195//4228 
f 346//4229 282//4229 286//4229 
f 318//4230 346//4230 286//4230 
f 396//4231 346//4231 318//4231 
f 417//4232 396//4232 318//4232 
f 459//4233 396//4233 417//4233 
f 437//4234 459//4234 417//4234 
f 507//4235 459//4235 437//4235 
f 564//4236 507//4236 437//4236 
f 641//4237 507//4237 564//4237 
f 602//4238 641//4238 564//4238 
f 823//4239 641//4239 602//4239 
f 945//4240 823//4240 602//4240 
f 1090//4241 823//4241 945//4241 
f 1066//4242 1090//4242 945//4242 
f 1181//4243 1090//4243 1066//4243 
f 1220//4244 1181//4244 1066//4244 
f 1288//4245 1181//4245 1220//4245 
f 1277//4246 1288//4246 1220//4246 
f 1339//4247 1288//4247 1277//4247 
f 1399//4248 1339//4248 1277//4248 
f 1461//4249 1339//4249 1399//4249 
f 1448//4250 1461//4250 1399//4250 
f 1514//4251 1461//4251 1448//4251 
f 1590//4252 1514//4252 1448//4252 
f 1653//4253 1514//4253 1590//4253 
f 1651//4254 1653//4254 1590//4254 
f 1952//4255 1653//4255 1651//4255 
f 2154//4256 1936//4256 2384//4256 
f 3716//4257 3597//4257 3550//4257 
f 2154//4258 2132//4258 1329//4258 
f 1505//4259 2154//4259 1329//4259 
f 1936//4260 2154//4260 1505//4260 
f 3597//4261 3716//4261 3711//4261 
f 3709//4262 3597//4262 3711//4262 
f 3549//4263 3597//4263 3709//4263 
f 3714//4264 3549//4264 3709//4264 
f 3478//4265 3549//4265 3714//4265 
f 3723//4266 3478//4266 3714//4266 
f 2414//4267 2181//4267 2154//4267 
f 2384//4268 2414//4268 2154//4268 
f 2606//4269 2414//4269 2384//4269 
f 2568//4270 2606//4270 2384//4270 
f 2761//4271 2606//4271 2568//4271 
f 2724//4272 2761//4272 2568//4272 
f 3193//4273 2761//4273 2724//4273 
f 3080//4274 3193//4274 2724//4274 
f 3430//4275 3193//4275 3080//4275 
f 3379//4276 3430//4276 3080//4276 
f 3540//4277 3430//4277 3379//4277 
f 3478//4278 3540//4278 3379//4278 
f 3645//4279 3540//4279 3478//4279 
f 3723//4280 3645//4280 3478//4280 
f 1329//4281 2132//4281 1754//4281 
f 1738//4282 1329//4282 1754//4282 
f 1704//4283 1329//4283 1738//4283 
f 1329//4284 1704//4284 1488//4284 
f 1313//4285 1329//4285 1488//4285 
f 1168//4286 1329//4286 1313//4286 
f 1148//4287 1168//4287 1313//4287 
f 813//4288 1168//4288 1148//4288 
f 777//4289 813//4289 1148//4289 
f 515//4290 813//4290 777//4290 
f 490//4291 515//4291 777//4291 
f 408//4292 515//4292 490//4292 
f 384//4293 408//4293 490//4293 
f 334//4294 408//4294 384//4294 
f 263//4295 334//4295 384//4295 
f 288//4296 334//4296 263//4296 
f 185//4297 288//4297 263//4297 
f 335//4298 288//4298 185//4298 
f 335//4299 185//4299 186//4299 
f 273//4300 335//4300 186//4300 
f 409//4301 335//4301 273//4301 
f 394//4302 409//4302 273//4302 
f 516//4303 409//4303 394//4303 
f 505//4304 516//4304 394//4304 
f 815//4305 516//4305 505//4305 
f 819//4306 815//4306 505//4306 
f 1170//4307 815//4307 819//4307 
f 1179//4308 1170//4308 819//4308 
f 1330//4309 1170//4309 1179//4309 
f 1337//4310 1330//4310 1179//4310 
f 1507//4311 1330//4311 1337//4311 
f 1513//4312 1507//4312 1337//4312 
f 1951//4313 1507//4313 1513//4313 
f 1940//4314 1951//4314 1513//4314 
f 2386//4315 1951//4315 1940//4315 
f 2400//4316 2386//4316 1940//4316 
f 2570//4317 2386//4317 2400//4317 
f 2586//4318 2570//4318 2400//4318 
f 2726//4319 2570//4319 2586//4319 
f 2752//4320 2726//4320 2586//4320 
f 3082//4321 2726//4321 2752//4321 
f 3166//4322 3082//4322 2752//4322 
f 3381//4323 3082//4323 3166//4323 
f 3427//4324 3381//4324 3166//4324 
f 3479//4325 3381//4325 3427//4325 
f 3539//4326 3479//4326 3427//4326 
f 3550//4327 3479//4327 3539//4327 
f 3644//4328 3550//4328 3539//4328 
f 3716//4329 3550//4329 3644//4329 
f 3725//4330 3716//4330 3644//4330 
f 1327//4331 1328//4331 1508//4331 
f 2387//4332 2569//4332 2385//4332 
f 1946//4333 2387//4333 2385//4333 
f 1506//4334 1327//4334 1508//4334 
f 2727//4335 3081//4335 2725//4335 
f 1508//4336 1946//4336 2385//4336 
f 1955//4337 1508//4337 2385//4337 
f 1506//4338 1508//4338 1955//4338 
f 2725//4339 2569//4339 2387//4339 
f 2571//4340 2725//4340 2387//4340 
f 2727//4341 2725//4341 2571//4341 
f 1171//4342 1328//4342 1327//4342 
f 1169//4343 1171//4343 1327//4343 
f 814//4344 1171//4344 1169//4344 
f 3380//4345 3081//4345 2727//4345 
f 3083//4346 3380//4346 2727//4346 
f 3382//4347 3380//4347 3083//4347 
f 814//4348 511//4348 512//4348 
f 816//4349 814//4349 512//4349 
f 1171//4350 814//4350 816//4350 
f 3480//4351 3380//4351 3598//4351 
f 3551//4352 3480//4352 3598//4352 
f 3380//4353 3382//4353 3481//4353 
f 3552//4354 3380//4354 3481//4354 
f 3598//4355 3380//4355 3552//4355 
f 512//4356 511//4356 414//4356 
f 340//4357 512//4357 414//4357 
f 415//4358 512//4358 340//4358 
f 291//4359 415//4359 340//4359 
f 341//4360 415//4360 291//4360 
f 2157//4361 1929//4361 2382//4361 
f 1736//4362 1960//4362 1509//4362 
f 2157//4363 2136//4363 1325//4363 
f 1503//4364 2157//4364 1325//4364 
f 1929//4365 2157//4365 1503//4365 
f 1960//4366 1736//4366 1759//4366 
f 2137//4367 1960//4367 1759//4367 
f 2388//4368 1960//4368 2137//4368 
f 2151//4369 2388//4369 2137//4369 
f 2572//4370 2388//4370 2151//4370 
f 2186//4371 2572//4371 2151//4371 
f 1325//4372 2136//4372 1758//4372 
f 1741//4373 1325//4373 1758//4373 
f 1708//4374 1325//4374 1741//4374 
f 2418//4375 2185//4375 2157//4375 
f 2382//4376 2418//4376 2157//4376 
f 2611//4377 2418//4377 2382//4377 
f 2566//4378 2611//4378 2382//4378 
f 2768//4379 2611//4379 2566//4379 
f 2722//4380 2768//4380 2566//4380 
f 3226//4381 2768//4381 2722//4381 
f 3078//4382 3226//4382 2722//4382 
f 3434//4383 3226//4383 3078//4383 
f 3377//4384 3434//4384 3078//4384 
f 3545//4385 3434//4385 3377//4385 
f 3482//4386 3545//4386 3377//4386 
f 3651//4387 3545//4387 3482//4387 
f 3553//4388 3651//4388 3482//4388 
f 3744//4389 3651//4389 3553//4389 
f 3599//4390 3744//4390 3553//4390 
f 3650//4391 3744//4391 3599//4391 
f 3554//4392 3650//4392 3599//4392 
f 3544//4393 3650//4393 3554//4393 
f 3483//4394 3544//4394 3554//4394 
f 3435//4395 3544//4395 3483//4395 
f 3383//4396 3435//4396 3483//4396 
f 3227//4397 3435//4397 3383//4397 
f 3084//4398 3227//4398 3383//4398 
f 2769//4399 3227//4399 3084//4399 
f 2728//4400 2769//4400 3084//4400 
f 2612//4401 2769//4401 2728//4401 
f 2572//4402 2612//4402 2728//4402 
f 2419//4403 2612//4403 2572//4403 
f 2186//4404 2419//4404 2572//4404 
f 1482//4405 1709//4405 1736//4405 
f 1509//4406 1482//4406 1736//4406 
f 1291//4407 1482//4407 1509//4407 
f 1331//4408 1291//4408 1509//4408 
f 1130//4409 1291//4409 1331//4409 
f 1172//4410 1130//4410 1331//4410 
f 673//4411 1130//4411 1172//4411 
f 817//4412 673//4412 1172//4412 
f 463//4413 673//4413 817//4413 
f 517//4414 463//4414 817//4414 
f 350//4415 463//4415 517//4415 
f 411//4416 350//4416 517//4416 
f 243//4417 350//4417 411//4417 
f 337//4418 243//4418 411//4418 
f 175//4419 243//4419 337//4419 
f 289//4420 175//4420 337//4420 
f 244//4421 175//4421 289//4421 
f 336//4422 244//4422 289//4422 
f 351//4423 244//4423 336//4423 
f 410//4424 351//4424 336//4424 
f 462//4425 351//4425 410//4425 
f 513//4426 462//4426 410//4426 
f 672//4427 462//4427 513//4427 
f 811//4428 672//4428 513//4428 
f 1129//4429 672//4429 811//4429 
f 1166//4430 1129//4430 811//4430 
f 1290//4431 1129//4431 1166//4431 
f 1325//4432 1290//4432 1166//4432 
f 1481//4433 1290//4433 1325//4433 
f 1708//4434 1481//4434 1325//4434 
f 1624//4435 2235//4435 2261//4435 
f 2275//4436 1624//4436 2261//4436 
f 2059//4437 1656//4437 1624//4437 
f 2275//4438 2059//4438 1624//4438 
f 2255//4439 2059//4439 2275//4439 
f 2271//4440 2255//4440 2275//4440 
f 1615//4441 1627//4441 1839//4441 
f 2235//4442 1615//4442 1839//4442 
f 1612//4443 1615//4443 2235//4443 
f 1624//4444 1612//4444 2235//4444 
f 2236//4445 2262//4445 2261//4445 
f 2235//4446 2236//4446 2261//4446 
f 1840//4447 2236//4447 2235//4447 
f 1839//4448 1840//4448 2235//4448 
f 1628//4449 1840//4449 1839//4449 
f 1627//4450 1628//4450 1839//4450 
f 1616//4451 1628//4451 1627//4451 
f 1615//4452 1616//4452 1627//4452 
f 1613//4453 1616//4453 1615//4453 
f 1612//4454 1613//4454 1615//4454 
f 1625//4455 1613//4455 1612//4455 
f 1624//4456 1625//4456 1612//4456 
f 1613//4457 1625//4457 1597//4457 
f 1581//4458 1613//4458 1597//4458 
f 1616//4459 1613//4459 1581//4459 
f 1593//4460 1616//4460 1581//4460 
f 1628//4461 1616//4461 1593//4461 
f 1623//4462 1628//4462 1593//4462 
f 1840//4463 1628//4463 1623//4463 
f 1807//4464 1840//4464 1623//4464 
f 2236//4465 1840//4465 1807//4465 
f 2252//4466 2236//4466 1807//4466 
f 2262//4467 2236//4467 2252//4467 
f 2290//4468 2262//4468 2252//4468 
f 2293//4469 2306//4469 2638//4469 
f 2605//4470 2293//4470 2638//4470 
f 2263//4471 2293//4471 2605//4471 
f 2306//4472 2290//4472 2615//4472 
f 2649//4473 2306//4473 2615//4473 
f 2638//4474 2306//4474 2649//4474 
f 2290//4475 2252//4475 2473//4475 
f 2556//4476 2290//4476 2473//4476 
f 2615//4477 2290//4477 2556//4477 
f 2263//4478 2605//4478 2531//4478 
f 2420//4479 2263//4479 2531//4479 
f 2087//4480 2263//4480 2420//4480 
f 2252//4481 1807//4481 2228//4481 
f 2347//4482 2252//4482 2228//4482 
f 2473//4483 2252//4483 2347//4483 
f 1597//4484 1282//4484 1581//4484 
f 2087//4485 2420//4485 2311//4485 
f 1665//4486 2087//4486 2311//4486 
f 1633//4487 2087//4487 1665//4487 
f 1807//4488 1623//4488 1477//4488 
f 1575//4489 1807//4489 1477//4489 
f 2228//4490 1807//4490 1575//4490 
f 1581//4491 1282//4491 1243//4491 
f 1255//4492 1581//4492 1243//4492 
f 1593//4493 1581//4493 1255//4493 
f 1296//4494 1593//4494 1255//4494 
f 1623//4495 1593//4495 1296//4495 
f 1365//4496 1623//4496 1296//4496 
f 1477//4497 1623//4497 1365//4497 
f 1633//4498 1665//4498 1546//4498 
f 1412//4499 1633//4499 1546//4499 
f 1597//4500 1633//4500 1412//4500 
f 1346//4501 1597//4501 1412//4501 
f 1282//4502 1597//4502 1346//4502 
f 2621//4503 2556//4503 2558//4503 
f 2615//4504 2556//4504 2621//4504 
f 2653//4505 2615//4505 2621//4505 
f 2649//4506 2615//4506 2653//4506 
f 2648//4507 2649//4507 2653//4507 
f 2638//4508 2649//4508 2648//4508 
f 2608//4509 2638//4509 2648//4509 
f 2605//4510 2638//4510 2608//4510 
f 2535//4511 2605//4511 2608//4511 
f 2531//4512 2605//4512 2535//4512 
f 2422//4513 2531//4513 2535//4513 
f 2420//4514 2531//4514 2422//4514 
f 2313//4515 2420//4515 2422//4515 
f 2311//4516 2420//4516 2313//4516 
f 1664//4517 2311//4517 2313//4517 
f 1665//4518 2311//4518 1664//4518 
f 1545//4519 1665//4519 1664//4519 
f 1546//4520 1665//4520 1545//4520 
f 1409//4521 1546//4521 1545//4521 
f 1412//4522 1546//4522 1409//4522 
f 1343//4523 1412//4523 1409//4523 
f 1346//4524 1412//4524 1343//4524 
f 2620//4525 2558//4525 2557//4525 
f 2621//4526 2558//4526 2620//4526 
f 2652//4527 2621//4527 2620//4527 
f 2653//4528 2621//4528 2652//4528 
f 2647//4529 2653//4529 2652//4529 
f 2648//4530 2653//4530 2647//4530 
f 2607//4531 2648//4531 2647//4531 
f 2608//4532 2648//4532 2607//4532 
f 2534//4533 2608//4533 2607//4533 
f 2535//4534 2608//4534 2534//4534 
f 2421//4535 2535//4535 2534//4535 
f 2422//4536 2535//4536 2421//4536 
f 2312//4537 2422//4537 2421//4537 
f 2313//4538 2422//4538 2312//4538 
f 1663//4539 2313//4539 2312//4539 
f 1664//4540 2313//4540 1663//4540 
f 1544//4541 1664//4541 1663//4541 
f 1545//4542 1664//4542 1544//4542 
f 1408//4543 1545//4543 1544//4543 
f 1409//4544 1545//4544 1408//4544 
f 1342//4545 1409//4545 1408//4545 
f 1343//4546 1409//4546 1342//4546 
f 2557//4547 2476//4547 3085//4547 
f 3384//4548 2557//4548 3085//4548 
f 2620//4549 2557//4549 3384//4549 
f 1342//4550 1408//4550 812//4550 
f 514//4551 1342//4551 812//4551 
f 1275//4552 1342//4552 514//4552 
f 2348//4553 2229//4553 2389//4553 
f 2573//4554 2348//4554 2389//4554 
f 2476//4555 2348//4555 2573//4555 
f 2729//4556 2476//4556 2573//4556 
f 3085//4557 2476//4557 2729//4557 
f 2620//4558 3384//4558 3485//4558 
f 3556//4559 2620//4559 3485//4559 
f 2652//4560 2620//4560 3556//4560 
f 3600//4561 2652//4561 3556//4561 
f 2647//4562 2652//4562 3600//4562 
f 3555//4563 2647//4563 3600//4563 
f 2607//4564 2647//4564 3555//4564 
f 1275//4565 514//4565 412//4565 
f 338//4566 1275//4566 412//4566 
f 1238//4567 1275//4567 338//4567 
f 290//4568 1238//4568 338//4568 
f 1244//4569 1238//4569 290//4569 
f 339//4570 1244//4570 290//4570 
f 1294//4571 1244//4571 339//4571 
f 1544//4572 1663//4572 1504//4572 
f 1326//4573 1544//4573 1504//4573 
f 1408//4574 1544//4574 1326//4574 
f 1167//4575 1408//4575 1326//4575 
f 812//4576 1408//4576 1167//4576 
f 1573//4577 1475//4577 1332//4577 
f 1510//4578 1573//4578 1332//4578 
f 2229//4579 1573//4579 1510//4579 
f 1961//4580 2229//4580 1510//4580 
f 2389//4581 2229//4581 1961//4581 
f 1294//4582 339//4582 413//4582 
f 518//4583 1294//4583 413//4583 
f 1361//4584 1294//4584 518//4584 
f 818//4585 1361//4585 518//4585 
f 1475//4586 1361//4586 818//4586 
f 1173//4587 1475//4587 818//4587 
f 1332//4588 1475//4588 1173//4588 
f 2312//4589 2421//4589 2567//4589 
f 2383//4590 2312//4590 2567//4590 
f 1663//4591 2312//4591 2383//4591 
f 1930//4592 1663//4592 2383//4592 
f 1504//4593 1663//4593 1930//4593 
f 2607//4594 3555//4594 3484//4594 
f 3378//4595 2607//4595 3484//4595 
f 2534//4596 2607//4596 3378//4596 
f 3079//4597 2534//4597 3378//4597 
f 2421//4598 2534//4598 3079//4598 
f 2723//4599 2421//4599 3079//4599 
f 2567//4600 2421//4600 2723//4600 
f 3556//4601 3599//4601 3600//4601 
f 3554//4602 3599//4602 3556//4602 
f 3485//4603 3554//4603 3556//4603 
f 3483//4604 3554//4604 3485//4604 
f 3384//4605 3483//4605 3485//4605 
f 3383//4606 3483//4606 3384//4606 
f 3085//4607 3383//4607 3384//4607 
f 3084//4608 3383//4608 3085//4608 
f 2729//4609 3084//4609 3085//4609 
f 2728//4610 3084//4610 2729//4610 
f 2573//4611 2728//4611 2729//4611 
f 2572//4612 2728//4612 2573//4612 
f 2389//4613 2572//4613 2573//4613 
f 2388//4614 2572//4614 2389//4614 
f 1961//4615 2388//4615 2389//4615 
f 1960//4616 2388//4616 1961//4616 
f 1510//4617 1960//4617 1961//4617 
f 1509//4618 1960//4618 1510//4618 
f 1332//4619 1509//4619 1510//4619 
f 1331//4620 1509//4620 1332//4620 
f 1173//4621 1331//4621 1332//4621 
f 1172//4622 1331//4622 1173//4622 
f 818//4623 1172//4623 1173//4623 
f 817//4624 1172//4624 818//4624 
f 518//4625 817//4625 818//4625 
f 517//4626 817//4626 518//4626 
f 413//4627 517//4627 518//4627 
f 411//4628 517//4628 413//4628 
f 339//4629 411//4629 413//4629 
f 337//4630 411//4630 339//4630 
f 290//4631 337//4631 339//4631 
f 289//4632 337//4632 290//4632 
f 1647//4633 1271//4633 1443//4633 
f 1646//4634 1647//4634 1443//4634 
f 1944//4635 1647//4635 1646//4635 
f 1943//4636 1944//4636 1646//4636 
f 2246//4637 1944//4637 1943//4637 
f 2245//4638 2246//4638 1943//4638 
f 2447//4639 2246//4639 2245//4639 
f 1271//4640 1647//4640 1444//4640 
f 1272//4641 1271//4641 1444//4641 
f 1063//4642 1271//4642 1272//4642 
f 433//4643 314//4643 432//4643 
f 597//4644 433//4644 432//4644 
f 2623//4645 2447//4645 2245//4645 
f 2446//4646 2623//4646 2245//4646 
f 2622//4647 2623//4647 2446//4647 
f 1271//4648 1063//4648 598//4648 
f 433//4649 1271//4649 598//4649 
f 1062//4650 1271//4650 433//4650 
f 597//4651 1062//4651 433//4651 
f 2623//4652 2622//4652 2828//4652 
f 3293//4653 2623//4653 2828//4653 
f 3456//4654 2623//4654 3293//4654 
f 2623//4655 4047//4655 3702//4655 
f 3575//4656 2623//4656 3702//4656 
f 432//4657 314//4657 191//4657 
f 2//4658 432//4658 191//4658 
f 315//4659 432//4659 2//4659 
f 192//4660 315//4660 2//4660 
f 2623//4661 3456//4661 3576//4661 
f 3703//4662 2623//4662 3576//4662 
f 4047//4663 2623//4663 3703//4663 
f 2623//4664 3575//4664 3457//4664 
f 3294//4665 2623//4665 3457//4665 
f 2829//4666 2623//4666 3294//4666 
f 2888//4667 2912//4667 2913//4667 
f 3038//4668 3094//4668 3096//4668 
f 3039//4669 3038//4669 3096//4669 
f 2976//4670 3038//4670 3039//4670 
f 2977//4671 2976//4671 3039//4671 
f 2910//4672 2976//4672 2977//4672 
f 2912//4673 2910//4673 2977//4673 
f 2886//4674 2910//4674 2912//4674 
f 2888//4675 2886//4675 2912//4675 
f 2887//4676 2886//4676 2888//4676 
f 2889//4677 2887//4677 2888//4677 
f 2911//4678 2887//4678 2889//4678 
f 2914//4679 2911//4679 2889//4679 
f 775//4680 802//4680 800//4680 
f 773//4681 775//4681 800//4681 
f 774//4682 775//4682 773//4682 
f 772//4683 774//4683 773//4683 
f 801//4684 774//4684 772//4684 
f 799//4685 801//4685 772//4685 
f 855//4686 801//4686 799//4686 
f 856//4687 803//4687 801//4687 
f 855//4688 856//4688 801//4688 
f 911//4689 856//4689 855//4689 
f 910//4690 911//4690 855//4690 
f 977//4691 911//4691 910//4691 
f 974//4692 977//4692 910//4692 
f 3043//4693 3101//4693 3103//4693 
f 2891//4694 2917//4694 2916//4694 
f 3042//4695 3099//4695 3101//4695 
f 3043//4696 3042//4696 3101//4696 
f 2980//4697 3042//4697 3043//4697 
f 2981//4698 2980//4698 3043//4698 
f 2915//4699 2980//4699 2981//4699 
f 2918//4700 2915//4700 2981//4700 
f 2890//4701 2915//4701 2918//4701 
f 2892//4702 2890//4702 2918//4702 
f 2891//4703 2890//4703 2892//4703 
f 2893//4704 2891//4704 2892//4704 
f 2917//4705 2891//4705 2893//4705 
f 2919//4706 2917//4706 2893//4706 
f 1002//4707 976//4707 978//4707 
f 857//4708 800//4708 802//4708 
f 858//4709 857//4709 802//4709 
f 912//4710 857//4710 858//4710 
f 913//4711 912//4711 858//4711 
f 975//4712 912//4712 913//4712 
f 976//4713 975//4713 913//4713 
f 1000//4714 975//4714 976//4714 
f 1002//4715 1000//4715 976//4715 
f 999//4716 1000//4716 1002//4716 
f 1001//4717 999//4717 1002//4717 
f 974//4718 999//4718 1001//4718 
f 977//4719 974//4719 1001//4719 
f 3119//4720 3096//4720 3094//4720 
f 3117//4721 3119//4721 3094//4721 
f 3120//4722 3119//4722 3117//4722 
f 3118//4723 3120//4723 3117//4723 
f 3097//4724 3120//4724 3118//4724 
f 3095//4725 3097//4725 3118//4725 
f 3040//4726 3097//4726 3095//4726 
f 3041//4727 3098//4727 3097//4727 
f 3040//4728 3041//4728 3097//4728 
f 2979//4729 3041//4729 3040//4729 
f 2978//4730 2979//4730 3040//4730 
f 2914//4731 2979//4731 2978//4731 
f 2911//4732 2914//4732 2978//4732 
f 2846//4733 2838//4733 2844//4733 
f 2850//4734 2846//4734 2844//4734 
f 2853//4735 2846//4735 2850//4735 
f 3188//4736 3183//4736 3172//4736 
f 3183//4737 3188//4737 3204//4737 
f 3218//4738 3183//4738 3204//4738 
f 3222//4739 3183//4739 3218//4739 
f 3239//4740 3222//4740 3218//4740 
f 3223//4741 3222//4741 3239//4741 
f 3243//4742 3223//4742 3239//4742 
f 3270//4743 3243//4743 3239//4743 
f 3273//4744 3243//4744 3270//4744 
f 3273//4745 3259//4745 3254//4745 
f 3251//4746 3273//4746 3254//4746 
f 3243//4747 3273//4747 3251//4747 
f 3259//4748 3273//4748 3282//4748 
f 3279//4749 3259//4749 3282//4749 
f 3265//4750 3259//4750 3279//4750 
f 3275//4751 3265//4751 3279//4751 
f 3231//4752 3205//4752 3187//4752 
f 3224//4753 3231//4753 3187//4753 
f 3245//4754 3231//4754 3224//4754 
f 3230//4755 3245//4755 3224//4755 
f 3274//4756 3245//4756 3230//4756 
f 3241//4757 3274//4757 3230//4757 
f 3275//4758 3274//4758 3241//4758 
f 3250//4759 3275//4759 3241//4759 
f 3265//4760 3275//4760 3250//4760 
f 3112//4761 3069//4761 3077//4761 
f 3105//4762 3112//4762 3077//4762 
f 3115//4763 3112//4763 3105//4763 
f 3128//4764 3115//4764 3105//4764 
f 3147//4765 3115//4765 3128//4765 
f 3140//4766 3147//4766 3128//4766 
f 3177//4767 3147//4767 3140//4767 
f 3150//4768 3177//4768 3140//4768 
f 3205//4769 3177//4769 3150//4769 
f 3179//4770 3205//4770 3150//4770 
f 3187//4771 3205//4771 3179//4771 
f 2972//4772 2957//4772 2966//4772 
f 2973//4773 2972//4773 2966//4773 
f 3015//4774 2972//4774 2973//4774 
f 3024//4775 3015//4775 2973//4775 
f 3027//4776 3015//4776 3024//4776 
f 3028//4777 3027//4777 3024//4777 
f 3067//4778 3027//4778 3028//4778 
f 3060//4779 3067//4779 3028//4779 
f 3069//4780 3067//4780 3060//4780 
f 3066//4781 3069//4781 3060//4781 
f 3077//4782 3069//4782 3066//4782 
f 2957//4783 2972//4783 2939//4783 
f 2931//4784 2957//4784 2939//4784 
f 2923//4785 2957//4785 2931//4785 
f 2922//4786 2923//4786 2931//4786 
f 2907//4787 2923//4787 2922//4787 
f 2885//4788 2907//4788 2922//4788 
f 2846//4789 2853//4789 2858//4789 
f 2865//4790 2846//4790 2858//4790 
f 2880//4791 2846//4791 2865//4791 
f 2885//4792 2880//4792 2865//4792 
f 2881//4793 2880//4793 2885//4793 
f 2922//4794 2881//4794 2885//4794 
f 3051//4795 3036//4795 3037//4795 
f 2855//4796 2863//4796 2848//4796 
f 3070//4797 3051//4797 3037//4797 
f 3058//4798 3070//4798 3037//4798 
f 3089//4799 3070//4799 3058//4799 
f 3089//4800 3058//4800 3086//4800 
f 3091//4801 3089//4801 3086//4801 
f 3126//4802 3089//4802 3091//4802 
f 3116//4803 3126//4803 3091//4803 
f 3129//4804 3126//4804 3116//4804 
f 3138//4805 3129//4805 3116//4805 
f 3171//4806 3129//4806 3138//4806 
f 3149//4807 3171//4807 3138//4807 
f 3151//4808 3171//4808 3149//4808 
f 2863//4809 2855//4809 2869//4809 
f 2877//4810 2863//4810 2869//4810 
f 2897//4811 2863//4811 2877//4811 
f 2901//4812 2897//4812 2877//4812 
f 2898//4813 2897//4813 2901//4813 
f 2935//4814 2898//4814 2901//4814 
f 2935//4815 2901//4815 2921//4815 
f 2940//4816 2935//4816 2921//4816 
f 2948//4817 2935//4817 2940//4817 
f 2956//4818 2948//4818 2940//4818 
f 3003//4819 2948//4819 2956//4819 
f 2975//4820 3003//4820 2956//4820 
f 3002//4821 3003//4821 2975//4821 
f 3002//4822 3036//4822 3051//4822 
f 3021//4823 3002//4823 3051//4823 
f 3003//4824 3002//4824 3021//4824 
f 3165//4825 3152//4825 3170//4825 
f 3180//4826 3165//4826 3170//4826 
f 3213//4827 3165//4827 3180//4827 
f 3281//4828 3278//4828 3268//4828 
f 3258//4829 3281//4829 3268//4829 
f 3203//4830 3260//4830 3240//4830 
f 3221//4831 3203//4831 3240//4831 
f 3190//4832 3203//4832 3221//4832 
f 3260//4833 3203//4833 3232//4833 
f 3237//4834 3260//4834 3232//4834 
f 3276//4835 3260//4835 3237//4835 
f 3242//4836 3276//4836 3237//4836 
f 3278//4837 3276//4837 3242//4837 
f 3255//4838 3278//4838 3242//4838 
f 3268//4839 3278//4839 3255//4839 
f 3258//4840 3253//4840 3271//4840 
f 3280//4841 3258//4841 3271//4841 
f 3281//4842 3258//4842 3280//4842 
f 3213//4843 3180//4843 3214//4843 
f 3225//4844 3213//4844 3214//4844 
f 3217//4845 3213//4845 3225//4845 
f 3267//4846 3217//4846 3225//4846 
f 3238//4847 3217//4847 3267//4847 
f 3271//4848 3238//4848 3267//4848 
f 3244//4849 3238//4849 3271//4849 
f 3253//4850 3244//4850 3271//4850 
f 3151//4851 3190//4851 3221//4851 
f 3184//4852 3151//4852 3221//4852 
f 3171//4853 3151//4853 3184//4853 
f 1084//4854 1076//4854 1078//4854 
f 752//4855 753//4855 739//4855 
f 1027//4856 1021//4856 1028//4856 
f 1043//4857 1027//4857 1028//4857 
f 979//4858 930//4858 938//4858 
f 980//4859 979//4859 938//4859 
f 982//4860 979//4860 980//4860 
f 986//4861 982//4861 980//4861 
f 1011//4862 982//4862 986//4862 
f 1005//4863 1011//4863 986//4863 
f 1020//4864 1011//4864 1005//4864 
f 1029//4865 1020//4865 1005//4865 
f 1052//4866 1020//4866 1029//4866 
f 1032//4867 1052//4867 1029//4867 
f 1047//4868 1052//4868 1032//4868 
f 839//4869 846//4869 837//4869 
f 874//4870 846//4870 839//4870 
f 753//4871 752//4871 764//4871 
f 776//4872 753//4872 764//4872 
f 787//4873 753//4873 776//4873 
f 791//4874 787//4874 776//4874 
f 788//4875 787//4875 791//4875 
f 821//4876 788//4876 791//4876 
f 808//4877 788//4877 821//4877 
f 837//4878 808//4878 821//4878 
f 833//4879 837//4879 821//4879 
f 839//4880 837//4880 833//4880 
f 874//4881 839//4881 870//4881 
f 877//4882 874//4882 870//4882 
f 902//4883 874//4883 877//4883 
f 924//4884 902//4884 877//4884 
f 930//4885 902//4885 924//4885 
f 925//4886 930//4886 924//4886 
f 938//4887 930//4887 925//4887 
f 1075//4888 1088//4888 1073//4888 
f 1061//4889 1075//4889 1073//4889 
f 1054//4890 1075//4890 1061//4890 
f 1034//4891 1054//4891 1061//4891 
f 1043//4892 1054//4892 1034//4892 
f 1030//4893 1043//4893 1034//4893 
f 1027//4894 1043//4894 1030//4894 
f 1119//4895 1084//4895 1078//4895 
f 1097//4896 1119//4896 1078//4896 
f 1126//4897 1119//4897 1097//4897 
f 1088//4898 1075//4898 1095//4898 
f 1109//4899 1088//4899 1095//4899 
f 1098//4900 1088//4900 1109//4900 
f 1111//4901 1098//4901 1109//4901 
f 1100//4902 1098//4902 1111//4902 
f 1131//4903 1100//4903 1111//4903 
f 1113//4904 1100//4904 1131//4904 
f 1132//4905 1113//4905 1131//4905 
f 1125//4906 1113//4906 1132//4906 
f 1135//4907 1125//4907 1132//4907 
f 1121//4908 1125//4908 1135//4908 
f 1136//4909 1121//4909 1135//4909 
f 1108//4910 1121//4910 1136//4910 
f 1126//4911 1108//4911 1136//4911 
f 1102//4912 1108//4912 1126//4912 
f 1097//4913 1102//4913 1126//4913 
f 1047//4914 1076//4914 1084//4914 
f 1071//4915 1047//4915 1084//4915 
f 1052//4916 1047//4916 1071//4916 
f 916//4917 905//4917 915//4917 
f 1045//4918 1044//4918 1039//4918 
f 1046//4919 994//4919 1014//4919 
f 1031//4920 1046//4920 1014//4920 
f 1040//4921 1046//4921 1031//4921 
f 953//4922 916//4922 915//4922 
f 936//4923 953//4923 915//4923 
f 964//4924 953//4924 936//4924 
f 964//4925 936//4925 963//4925 
f 968//4926 964//4926 963//4926 
f 1003//4927 964//4927 968//4927 
f 994//4928 1003//4928 968//4928 
f 1004//4929 1003//4929 994//4929 
f 1046//4930 1004//4930 994//4930 
f 737//4931 721//4931 733//4931 
f 751//4932 737//4932 733//4932 
f 746//4933 737//4933 751//4933 
f 756//4934 746//4934 751//4934 
f 779//4935 746//4935 756//4935 
f 783//4936 779//4936 756//4936 
f 780//4937 779//4937 783//4937 
f 822//4938 780//4938 783//4938 
f 822//4939 783//4939 807//4939 
f 827//4940 822//4940 807//4940 
f 825//4941 822//4941 827//4941 
f 834//4942 825//4942 827//4942 
f 871//4943 825//4943 834//4943 
f 850//4944 871//4944 834//4944 
f 872//4945 871//4945 850//4945 
f 872//4946 905//4946 916//4946 
f 880//4947 872//4947 916//4947 
f 871//4948 872//4948 880//4948 
f 1044//4949 1045//4949 1050//4949 
f 1053//4950 1044//4950 1050//4950 
f 1074//4951 1044//4951 1053//4951 
f 1138//4952 1128//4952 1124//4952 
f 1120//4953 1138//4953 1124//4953 
f 1068//4954 1114//4954 1092//4954 
f 1079//4955 1068//4955 1092//4955 
f 1057//4956 1068//4956 1079//4956 
f 1114//4957 1068//4957 1091//4957 
f 1093//4958 1114//4958 1091//4958 
f 1127//4959 1114//4959 1093//4959 
f 1096//4960 1127//4960 1093//4960 
f 1128//4961 1127//4961 1096//4961 
f 1118//4962 1128//4962 1096//4962 
f 1124//4963 1128//4963 1118//4963 
f 1120//4964 1112//4964 1122//4964 
f 1137//4965 1120//4965 1122//4965 
f 1138//4966 1120//4966 1137//4966 
f 1074//4967 1053//4967 1072//4967 
f 1081//4968 1074//4968 1072//4968 
f 1077//4969 1074//4969 1081//4969 
f 1117//4970 1077//4970 1081//4970 
f 1094//4971 1077//4971 1117//4971 
f 1122//4972 1094//4972 1117//4972 
f 1099//4973 1094//4973 1122//4973 
f 1112//4974 1099//4974 1122//4974 
f 1040//4975 1057//4975 1079//4975 
f 1051//4976 1040//4976 1079//4976 
f 1046//4977 1040//4977 1051//4977 
f 3335//4978 3233//4978 3234//4978 
f 3421//4979 3335//4979 3234//4979 
f 3420//4980 3335//4980 3421//4980 
f 3469//4981 3420//4981 3421//4981 
f 3510//4982 3469//4982 3421//4982 
f 3509//4983 3469//4983 3510//4983 
f 3568//4984 3509//4984 3510//4984 
f 3619//4985 3568//4985 3510//4985 
f 3617//4986 3568//4986 3619//4986 
f 3679//4987 3617//4987 3619//4987 
f 3752//4988 3679//4988 3619//4988 
f 3750//4989 3679//4989 3752//4989 
f 3848//4990 3750//4990 3752//4990 
f 4047//4991 3848//4991 3752//4991 
f 4046//4992 3848//4992 4047//4992 
f 3849//4993 4046//4993 4047//4993 
f 3753//4994 3849//4994 4047//4994 
f 3751//4995 3849//4995 3753//4995 
f 3680//4996 3751//4996 3753//4996 
f 3620//4997 3680//4997 3753//4997 
f 3618//4998 3680//4998 3620//4998 
f 3569//4999 3618//4999 3620//4999 
f 3512//5000 3569//5000 3620//5000 
f 3511//5001 3569//5001 3512//5001 
f 3470//5002 3511//5002 3512//5002 
f 3423//5003 3470//5003 3512//5003 
f 3422//5004 3470//5004 3423//5004 
f 3336//5005 3422//5005 3423//5005 
f 3236//5006 3336//5006 3423//5006 
f 3235//5007 3336//5007 3236//5007 
f 3055//5008 3235//5008 3236//5008 
f 2873//5009 3055//5009 3236//5009 
f 2872//5010 3055//5010 2873//5010 
f 2733//5011 2872//5011 2873//5011 
f 2669//5012 2733//5012 2873//5012 
f 2668//5013 2733//5013 2669//5013 
f 2601//5014 2668//5014 2669//5014 
f 2524//5015 2601//5015 2669//5015 
f 2523//5016 2601//5016 2524//5016 
f 2460//5017 2523//5017 2524//5017 
f 2367//5018 2460//5018 2524//5018 
f 2366//5019 2460//5019 2367//5019 
f 2289//5020 2366//5020 2367//5020 
f 1966//5021 2289//5021 2367//5021 
f 1965//5022 2289//5022 1966//5022 
f 1599//5023 1965//5023 1966//5023 
f 1529//5024 1599//5024 1966//5024 
f 1528//5025 1599//5025 1529//5025 
f 1427//5026 1528//5026 1529//5026 
f 1374//5027 1427//5027 1529//5027 
f 1373//5028 1427//5028 1374//5028 
f 1300//5029 1373//5029 1374//5029 
f 1225//5030 1300//5030 1374//5030 
f 1224//5031 1300//5031 1225//5031 
f 1163//5032 1224//5032 1225//5032 
f 1019//5033 1163//5033 1225//5033 
f 1018//5034 1163//5034 1019//5034 
f 845//5035 1018//5035 1019//5035 
f 662//5036 845//5036 1019//5036 
f 661//5037 845//5037 662//5037 
f 854//5038 797//5038 798//5038 
f 997//5039 972//5039 971//5039 
f 995//5040 997//5040 971//5040 
f 998//5041 997//5041 995//5041 
f 996//5042 998//5042 995//5042 
f 973//5043 998//5043 996//5043 
f 970//5044 973//5044 996//5044 
f 909//5045 973//5045 970//5045 
f 908//5046 909//5046 970//5046 
f 854//5047 909//5047 908//5047 
f 853//5048 854//5048 908//5048 
f 797//5049 854//5049 853//5049 
f 795//5050 797//5050 853//5050 
f 771//5051 797//5051 795//5051 
f 769//5052 771//5052 795//5052 
f 770//5053 771//5053 769//5053 
f 768//5054 770//5054 769//5054 
f 796//5055 770//5055 768//5055 
f 794//5056 796//5056 768//5056 
f 852//5057 796//5057 794//5057 
f 851//5058 852//5058 794//5058 
f 907//5059 852//5059 851//5059 
f 906//5060 907//5060 851//5060 
f 971//5061 907//5061 906//5061 
f 969//5062 971//5062 906//5062 
f 995//5063 971//5063 969//5063 
f 2712//5064 2574//5064 2632//5064 
f 3491//5065 3313//5065 3286//5065 
f 2745//5066 2764//5066 2771//5066 
f 2931//5067 3019//5067 2836//5067 
f 2922//5068 2931//5068 2836//5068 
f 2684//5069 2779//5069 2632//5069 
f 2684//5070 2745//5070 2771//5070 
f 2775//5071 2684//5071 2771//5071 
f 2779//5072 2684//5072 2775//5072 
f 2632//5073 2779//5073 2808//5073 
f 2824//5074 2632//5074 2808//5074 
f 2712//5075 2632//5075 2824//5075 
f 2832//5076 2712//5076 2824//5076 
f 2838//5077 2712//5077 2832//5077 
f 2712//5078 2838//5078 2846//5078 
f 2880//5079 2712//5079 2846//5079 
f 2881//5080 2712//5080 2880//5080 
f 2881//5081 2922//5081 2836//5081 
f 2715//5082 2881//5082 2836//5082 
f 2712//5083 2881//5083 2715//5083 
f 3023//5084 2972//5084 3015//5084 
f 3023//5085 3019//5085 2931//5085 
f 2939//5086 3023//5086 2931//5086 
f 2972//5087 3023//5087 2939//5087 
f 3023//5088 3015//5088 3027//5088 
f 3067//5089 3023//5089 3027//5089 
f 3069//5090 3023//5090 3067//5090 
f 3115//5091 3147//5091 3174//5091 
f 3023//5092 3115//5092 3174//5092 
f 3112//5093 3115//5093 3023//5093 
f 3069//5094 3112//5094 3023//5094 
f 3312//5095 3245//5095 3274//5095 
f 3174//5096 3147//5096 3177//5096 
f 3205//5097 3174//5097 3177//5097 
f 3312//5098 3174//5098 3205//5098 
f 3231//5099 3312//5099 3205//5099 
f 3245//5100 3312//5100 3231//5100 
f 3325//5101 3273//5101 3270//5101 
f 3312//5102 3274//5102 3275//5102 
f 3279//5103 3312//5103 3275//5103 
f 3325//5104 3312//5104 3279//5104 
f 3282//5105 3325//5105 3279//5105 
f 3273//5106 3325//5106 3282//5106 
f 3325//5107 3270//5107 3239//5107 
f 3218//5108 3325//5108 3239//5108 
f 3204//5109 3325//5109 3218//5109 
f 3325//5110 3204//5110 3188//5110 
f 3175//5111 3325//5111 3188//5111 
f 3131//5112 3325//5112 3175//5112 
f 2961//5113 3130//5113 3090//5113 
f 3075//5114 2961//5114 3090//5114 
f 3053//5115 2961//5115 3075//5115 
f 2961//5116 3053//5116 3022//5116 
f 3006//5117 2961//5117 3022//5117 
f 2955//5118 2961//5118 3006//5118 
f 2961//5119 2955//5119 2947//5119 
f 2899//5120 2961//5120 2947//5120 
f 2831//5121 2961//5121 2899//5121 
f 2895//5122 2831//5122 2899//5122 
f 2864//5123 2831//5123 2895//5123 
f 2745//5124 2806//5124 2774//5124 
f 2831//5125 2864//5125 2845//5125 
f 2833//5126 2831//5126 2845//5126 
f 2745//5127 2831//5127 2833//5127 
f 2811//5128 2745//5128 2833//5128 
f 2806//5129 2745//5129 2811//5129 
f 2745//5130 2774//5130 2773//5130 
f 2767//5131 2745//5131 2773//5131 
f 2764//5132 2745//5132 2767//5132 
f 1050//5133 1045//5133 1083//5133 
f 1101//5134 1050//5134 1083//5134 
f 1053//5135 1050//5135 1101//5135 
f 779//5136 743//5136 746//5136 
f 879//5137 822//5137 825//5137 
f 879//5138 743//5138 779//5138 
f 780//5139 879//5139 779//5139 
f 822//5140 879//5140 780//5140 
f 879//5141 825//5141 871//5141 
f 880//5142 879//5142 871//5142 
f 1056//5143 879//5143 880//5143 
f 1056//5144 880//5144 916//5144 
f 953//5145 1056//5145 916//5145 
f 1110//5146 1056//5146 953//5146 
f 964//5147 1110//5147 953//5147 
f 1110//5148 964//5148 1003//5148 
f 1004//5149 1110//5149 1003//5149 
f 1046//5150 1110//5150 1004//5150 
f 1216//5151 1051//5151 1079//5151 
f 1092//5152 1216//5152 1079//5152 
f 1114//5153 1216//5153 1092//5153 
f 1216//5154 1114//5154 1127//5154 
f 1128//5155 1216//5155 1127//5155 
f 1180//5156 1216//5156 1128//5156 
f 1180//5157 1128//5157 1138//5157 
f 1137//5158 1180//5158 1138//5158 
f 1122//5159 1180//5159 1137//5159 
f 1180//5160 1122//5160 1117//5160 
f 1081//5161 1180//5161 1117//5161 
f 1101//5162 1180//5162 1081//5162 
f 1072//5163 1101//5163 1081//5163 
f 1053//5164 1101//5164 1072//5164 
f 743//5165 720//5165 721//5165 
f 737//5166 743//5166 721//5166 
f 746//5167 743//5167 737//5167 
f 3394//5168 3171//5168 3184//5168 
f 2863//5169 2816//5169 2848//5169 
f 2927//5170 2816//5170 2863//5170 
f 2897//5171 2927//5171 2863//5171 
f 2898//5172 2927//5172 2897//5172 
f 2927//5173 2898//5173 2935//5173 
f 2948//5174 2927//5174 2935//5174 
f 3052//5175 2927//5175 2948//5175 
f 3052//5176 2948//5176 3003//5176 
f 3021//5177 3052//5177 3003//5177 
f 3051//5178 3052//5178 3021//5178 
f 3052//5179 3051//5179 3070//5179 
f 3089//5180 3052//5180 3070//5180 
f 3126//5181 3052//5181 3089//5181 
f 3129//5182 3171//5182 3394//5182 
f 3394//5183 3184//5183 3221//5183 
f 3240//5184 3394//5184 3221//5184 
f 3260//5185 3394//5185 3240//5185 
f 3278//5186 3281//5186 3311//5186 
f 3394//5187 3278//5187 3311//5187 
f 3276//5188 3278//5188 3394//5188 
f 3260//5189 3276//5189 3394//5189 
f 3311//5190 3281//5190 3280//5190 
f 3271//5191 3311//5191 3280//5191 
f 3267//5192 3311//5192 3271//5192 
f 3311//5193 3267//5193 3225//5193 
f 3214//5194 3311//5194 3225//5194 
f 3173//5195 3311//5195 3214//5195 
f 3180//5196 3173//5196 3214//5196 
f 3170//5197 3173//5197 3180//5197 
f 3488//5198 3491//5198 3286//5198 
f 3141//5199 3488//5199 3286//5199 
f 3439//5200 3488//5200 3141//5200 
f 3396//5201 3439//5201 3141//5201 
f 3052//5202 3396//5202 3141//5202 
f 3394//5203 3396//5203 3052//5203 
f 3126//5204 3394//5204 3052//5204 
f 3129//5205 3394//5205 3126//5205 
f 3401//5206 3389//5206 3648//5206 
f 3677//5207 3401//5207 3648//5207 
f 3408//5208 3401//5208 3677//5208 
f 3313//5209 3491//5209 3537//5209 
f 3578//5210 3313//5210 3537//5210 
f 3350//5211 3313//5211 3578//5211 
f 3582//5212 3350//5212 3578//5212 
f 3389//5213 3350//5213 3582//5213 
f 3627//5214 3389//5214 3582//5214 
f 3648//5215 3389//5215 3627//5215 
f 3403//5216 3649//5216 3390//5216 
f 3408//5217 3677//5217 3688//5217 
f 3696//5218 3408//5218 3688//5218 
f 3409//5219 3408//5219 3696//5219 
f 3693//5220 3409//5220 3696//5220 
f 3403//5221 3409//5221 3693//5221 
f 3689//5222 3403//5222 3693//5222 
f 3649//5223 3403//5223 3689//5223 
f 3390//5224 3649//5224 3637//5224 
f 3628//5225 3390//5225 3637//5225 
f 3359//5226 3390//5226 3628//5226 
f 3579//5227 3359//5227 3628//5227 
f 3320//5228 3359//5228 3579//5228 
f 3320//5229 3579//5229 3548//5229 
f 3538//5230 3320//5230 3548//5230 
f 3297//5231 3320//5231 3538//5231 
f 3489//5232 3297//5232 3538//5232 
f 3178//5233 3297//5233 3489//5233 
f 3325//5234 3131//5234 3130//5234 
f 2961//5235 3325//5235 3130//5235 
f 3397//5236 3325//5236 2961//5236 
f 3072//5237 3397//5237 2961//5237 
f 3440//5238 3397//5238 3072//5238 
f 3178//5239 3440//5239 3072//5239 
f 3462//5240 3440//5240 3178//5240 
f 3489//5241 3462//5241 3178//5241 
f 2374//5242 2462//5242 2451//5242 
f 2417//5243 2374//5243 2451//5243 
f 2317//5244 2374//5244 2417//5244 
f 2574//5245 2712//5245 2661//5245 
f 2590//5246 2574//5246 2661//5246 
f 2506//5247 2574//5247 2590//5247 
f 2577//5248 2506//5248 2590//5248 
f 2462//5249 2506//5249 2577//5249 
f 2509//5250 2462//5250 2577//5250 
f 2451//5251 2462//5251 2509//5251 
f 1658//5252 1607//5252 1592//5252 
f 2317//5253 2417//5253 2355//5253 
f 2282//5254 2317//5254 2355//5254 
f 2254//5255 2317//5255 2282//5255 
f 2257//5256 2254//5256 2282//5256 
f 1658//5257 2254//5257 2257//5257 
f 1962//5258 1658//5258 2257//5258 
f 1607//5259 1658//5259 1962//5259 
f 1592//5260 1607//5260 1556//5260 
f 1539//5261 1592//5261 1556//5261 
f 1522//5262 1592//5262 1539//5262 
f 1435//5263 1522//5263 1539//5263 
f 1457//5264 1522//5264 1435//5264 
f 1457//5265 1435//5265 1402//5265 
f 1382//5266 1457//5266 1402//5266 
f 1394//5267 1457//5267 1382//5267 
f 1310//5268 1394//5268 1382//5268 
f 1341//5269 1394//5269 1310//5269 
f 1110//5270 1046//5270 1051//5270 
f 1216//5271 1110//5271 1051//5271 
f 1185//5272 1110//5272 1216//5272 
f 1280//5273 1185//5273 1216//5273 
f 1233//5274 1185//5274 1280//5274 
f 1341//5275 1233//5275 1280//5275 
f 1257//5276 1233//5276 1341//5276 
f 1310//5277 1257//5277 1341//5277 
f 1116//5278 1101//5278 1083//5278 
f 1180//5279 1101//5279 1116//5279 
f 1180//5280 1116//5280 1187//5280 
f 1205//5281 1180//5281 1187//5281 
f 1216//5282 1180//5282 1205//5282 
f 1341//5283 1369//5283 1394//5283 
f 1216//5284 1205//5284 1219//5284 
f 1286//5285 1216//5285 1219//5285 
f 1280//5286 1216//5286 1286//5286 
f 1287//5287 1280//5287 1286//5287 
f 1341//5288 1280//5288 1287//5288 
f 1344//5289 1341//5289 1287//5289 
f 1369//5290 1341//5290 1344//5290 
f 1394//5291 1369//5291 1395//5291 
f 1462//5292 1394//5292 1395//5292 
f 1457//5293 1394//5293 1462//5293 
f 1478//5294 1457//5294 1462//5294 
f 1522//5295 1457//5295 1478//5295 
f 1524//5296 1522//5296 1478//5296 
f 1592//5297 1522//5297 1524//5297 
f 1555//5298 1592//5298 1524//5298 
f 1592//5299 1555//5299 1594//5299 
f 1659//5300 1592//5300 1594//5300 
f 1658//5301 1592//5301 1659//5301 
f 1826//5302 1658//5302 1659//5302 
f 2254//5303 1658//5303 1826//5303 
f 2253//5304 2254//5304 1826//5304 
f 2317//5305 2254//5305 2253//5305 
f 2292//5306 2317//5306 2253//5306 
f 2317//5307 2292//5307 2314//5307 
f 2373//5308 2317//5308 2314//5308 
f 2374//5309 2317//5309 2373//5309 
f 2399//5310 2374//5310 2373//5310 
f 2462//5311 2374//5311 2399//5311 
f 2461//5312 2462//5312 2399//5312 
f 2506//5313 2462//5313 2461//5313 
f 2496//5314 2506//5314 2461//5314 
f 2506//5315 2496//5315 2504//5315 
f 2564//5316 2506//5316 2504//5316 
f 2574//5317 2506//5317 2564//5317 
f 2591//5318 2574//5318 2564//5318 
f 2632//5319 2574//5319 2591//5319 
f 2632//5320 2591//5320 2631//5320 
f 2677//5321 2632//5321 2631//5321 
f 2684//5322 2632//5322 2677//5322 
f 2684//5323 2677//5323 2682//5323 
f 2721//5324 2684//5324 2682//5324 
f 2745//5325 2684//5325 2721//5325 
f 2756//5326 2745//5326 2721//5326 
f 2831//5327 2745//5327 2756//5327 
f 3072//5328 3109//5328 3178//5328 
f 2831//5329 2756//5329 2813//5329 
f 2929//5330 2831//5330 2813//5330 
f 2961//5331 2831//5331 2929//5331 
f 2933//5332 2961//5332 2929//5332 
f 3072//5333 2961//5333 2933//5333 
f 3056//5334 3072//5334 2933//5334 
f 3109//5335 3072//5335 3056//5335 
f 3178//5336 3109//5336 3145//5336 
f 3285//5337 3178//5337 3145//5337 
f 3297//5338 3178//5338 3285//5338 
f 3296//5339 3297//5339 3285//5339 
f 3320//5340 3297//5340 3296//5340 
f 3309//5341 3320//5341 3296//5341 
f 3359//5342 3320//5342 3309//5342 
f 3332//5343 3359//5343 3309//5343 
f 3359//5344 3332//5344 3346//5344 
f 3387//5345 3359//5345 3346//5345 
f 3390//5346 3359//5346 3387//5346 
f 3388//5347 3390//5347 3387//5347 
f 3403//5348 3390//5348 3388//5348 
f 3393//5349 3403//5349 3388//5349 
f 3409//5350 3403//5350 3393//5350 
f 3398//5351 3409//5351 3393//5351 
f 3409//5352 3398//5352 3400//5352 
f 3399//5353 3409//5353 3400//5353 
f 3408//5354 3409//5354 3399//5354 
f 3395//5355 3408//5355 3399//5355 
f 3401//5356 3408//5356 3395//5356 
f 3391//5357 3401//5357 3395//5357 
f 3389//5358 3401//5358 3391//5358 
f 3374//5359 3389//5359 3391//5359 
f 3389//5360 3374//5360 3373//5360 
f 3334//5361 3389//5361 3373//5361 
f 3350//5362 3389//5362 3334//5362 
f 3317//5363 3350//5363 3334//5363 
f 3313//5364 3350//5364 3317//5364 
f 3313//5365 3317//5365 3303//5365 
f 3269//5366 3313//5366 3303//5366 
f 3286//5367 3313//5367 3269//5367 
f 3286//5368 3269//5368 3266//5368 
f 3127//5369 3286//5369 3266//5369 
f 3141//5370 3286//5370 3127//5370 
f 3073//5371 3141//5371 3127//5371 
f 3052//5372 3141//5372 3073//5372 
f 2896//5373 2786//5373 2816//5373 
f 2927//5374 2896//5374 2816//5374 
f 2909//5375 2896//5375 2927//5375 
f 3052//5376 2909//5376 2927//5376 
f 3029//5377 2909//5377 3052//5377 
f 3073//5378 3029//5378 3052//5378 
f 3627//5379 3691//5379 3648//5379 
f 2509//5380 2455//5380 2451//5380 
f 849//5381 661//5381 671//5381 
f 691//5382 720//5382 743//5382 
f 868//5383 691//5383 743//5383 
f 671//5384 691//5384 868//5384 
f 868//5385 743//5385 879//5385 
f 1056//5386 868//5386 879//5386 
f 1042//5387 868//5387 1056//5387 
f 1110//5388 1042//5388 1056//5388 
f 1178//5389 1042//5389 1110//5389 
f 1178//5390 1110//5390 1185//5390 
f 1233//5391 1178//5391 1185//5391 
f 1230//5392 1178//5392 1233//5392 
f 1257//5393 1230//5393 1233//5393 
f 1307//5394 1230//5394 1257//5394 
f 1307//5395 1257//5395 1310//5395 
f 1382//5396 1307//5396 1310//5396 
f 1379//5397 1307//5397 1382//5397 
f 1402//5398 1379//5398 1382//5398 
f 1432//5399 1379//5399 1402//5399 
f 1432//5400 1402//5400 1435//5400 
f 1539//5401 1432//5401 1435//5401 
f 1535//5402 1432//5402 1539//5402 
f 1556//5403 1535//5403 1539//5403 
f 1603//5404 1535//5404 1556//5404 
f 1607//5405 1603//5405 1556//5405 
f 1962//5406 1603//5406 1607//5406 
f 1962//5407 2257//5407 2285//5407 
f 1963//5408 1962//5408 2285//5408 
f 1603//5409 1962//5409 1963//5409 
f 2285//5410 2257//5410 2282//5410 
f 2355//5411 2285//5411 2282//5411 
f 2358//5412 2285//5412 2355//5412 
f 2455//5413 2358//5413 2355//5413 
f 2417//5414 2455//5414 2355//5414 
f 2451//5415 2455//5415 2417//5415 
f 2509//5416 2577//5416 2593//5416 
f 2514//5417 2509//5417 2593//5417 
f 2455//5418 2509//5418 2514//5418 
f 2593//5419 2577//5419 2590//5419 
f 2661//5420 2593//5420 2590//5420 
f 2663//5421 2593//5421 2661//5421 
f 2712//5422 2663//5422 2661//5422 
f 2720//5423 2663//5423 2712//5423 
f 2720//5424 2712//5424 2715//5424 
f 2836//5425 2720//5425 2715//5425 
f 2852//5426 2720//5426 2836//5426 
f 3019//5427 2852//5427 2836//5427 
f 3032//5428 2852//5428 3019//5428 
f 3023//5429 3032//5429 3019//5429 
f 3207//5430 3032//5430 3023//5430 
f 3207//5431 3023//5431 3174//5431 
f 3312//5432 3207//5432 3174//5432 
f 3323//5433 3207//5433 3312//5433 
f 3325//5434 3323//5434 3312//5434 
f 3406//5435 3323//5435 3325//5435 
f 3406//5436 3325//5436 3397//5436 
f 3440//5437 3406//5437 3397//5437 
f 3460//5438 3406//5438 3440//5438 
f 3462//5439 3460//5439 3440//5439 
f 3500//5440 3460//5440 3462//5440 
f 3500//5441 3462//5441 3489//5441 
f 3538//5442 3500//5442 3489//5442 
f 3547//5443 3500//5443 3538//5443 
f 3548//5444 3547//5444 3538//5444 
f 3605//5445 3547//5445 3548//5445 
f 3605//5446 3548//5446 3579//5446 
f 3628//5447 3605//5447 3579//5447 
f 3640//5448 3605//5448 3628//5448 
f 3637//5449 3640//5449 3628//5449 
f 3692//5450 3640//5450 3637//5450 
f 3649//5451 3692//5451 3637//5451 
f 3689//5452 3692//5452 3649//5452 
f 3689//5453 3693//5453 3811//5453 
f 3742//5454 3689//5454 3811//5454 
f 3692//5455 3689//5455 3742//5455 
f 3811//5456 3693//5456 3696//5456 
f 3688//5457 3811//5457 3696//5457 
f 3741//5458 3811//5458 3688//5458 
f 3691//5459 3741//5459 3688//5459 
f 3677//5460 3691//5460 3688//5460 
f 3648//5461 3691//5461 3677//5461 
f 3627//5462 3582//5462 3604//5462 
f 3639//5463 3627//5463 3604//5463 
f 3691//5464 3627//5464 3639//5464 
f 3604//5465 3582//5465 3578//5465 
f 3537//5466 3604//5466 3578//5466 
f 3546//5467 3604//5467 3537//5467 
f 3491//5468 3546//5468 3537//5468 
f 3499//5469 3546//5469 3491//5469 
f 3499//5470 3491//5470 3488//5470 
f 3439//5471 3499//5471 3488//5471 
f 3459//5472 3499//5472 3439//5472 
f 3396//5473 3459//5473 3439//5473 
f 3405//5474 3459//5474 3396//5474 
f 3394//5475 3405//5475 3396//5475 
f 3322//5476 3405//5476 3394//5476 
f 3322//5477 3394//5477 3311//5477 
f 3173//5478 3322//5478 3311//5478 
f 3206//5479 3322//5479 3173//5479 
f 849//5480 671//5480 868//5480 
f 1042//5481 849//5481 868//5481 
f 1024//5482 849//5482 1042//5482 
f 1178//5483 1024//5483 1042//5483 
f 1165//5484 1024//5484 1178//5484 
f 1230//5485 1165//5485 1178//5485 
f 1227//5486 1165//5486 1230//5486 
f 1307//5487 1227//5487 1230//5487 
f 1302//5488 1227//5488 1307//5488 
f 1379//5489 1302//5489 1307//5489 
f 1376//5490 1302//5490 1379//5490 
f 1432//5491 1376//5491 1379//5491 
f 1429//5492 1376//5492 1432//5492 
f 1535//5493 1429//5493 1432//5493 
f 1533//5494 1429//5494 1535//5494 
f 1603//5495 1533//5495 1535//5495 
f 1601//5496 1533//5496 1603//5496 
f 1963//5497 1601//5497 1603//5497 
f 1964//5498 1601//5498 1963//5498 
f 2285//5499 1964//5499 1963//5499 
f 2287//5500 1964//5500 2285//5500 
f 2358//5501 2287//5501 2285//5501 
f 2360//5502 2287//5502 2358//5502 
f 2455//5503 2360//5503 2358//5503 
f 2458//5504 2360//5504 2455//5504 
f 2514//5505 2458//5505 2455//5505 
f 2518//5506 2458//5506 2514//5506 
f 2593//5507 2518//5507 2514//5507 
f 2599//5508 2518//5508 2593//5508 
f 2663//5509 2599//5509 2593//5509 
f 2665//5510 2599//5510 2663//5510 
f 2720//5511 2665//5511 2663//5511 
f 2731//5512 2665//5512 2720//5512 
f 2852//5513 2731//5513 2720//5513 
f 2867//5514 2731//5514 2852//5514 
f 3032//5515 2867//5515 2852//5515 
f 3048//5516 2867//5516 3032//5516 
f 3207//5517 3048//5517 3032//5517 
f 3229//5518 3048//5518 3207//5518 
f 3323//5519 3229//5519 3207//5519 
f 3331//5520 3229//5520 3323//5520 
f 3406//5521 3331//5521 3323//5521 
f 3414//5522 3331//5522 3406//5522 
f 3460//5523 3414//5523 3406//5523 
f 3466//5524 3414//5524 3460//5524 
f 3500//5525 3466//5525 3460//5525 
f 3505//5526 3466//5526 3500//5526 
f 3547//5527 3505//5527 3500//5527 
f 3559//5528 3505//5528 3547//5528 
f 3605//5529 3559//5529 3547//5529 
f 3616//5530 3559//5530 3605//5530 
f 3640//5531 3616//5531 3605//5531 
f 3656//5532 3616//5532 3640//5532 
f 3692//5533 3656//5533 3640//5533 
f 3707//5534 3656//5534 3692//5534 
f 3742//5535 3707//5535 3692//5535 
f 3844//5536 3707//5536 3742//5536 
f 3811//5537 3844//5537 3742//5537 
f 3874//5538 3844//5538 3811//5538 
f 3741//5539 3874//5539 3811//5539 
f 3843//5540 3874//5540 3741//5540 
f 3691//5541 3843//5541 3741//5541 
f 3706//5542 3843//5542 3691//5542 
f 3639//5543 3706//5543 3691//5543 
f 3655//5544 3706//5544 3639//5544 
f 3604//5545 3655//5545 3639//5545 
f 3615//5546 3655//5546 3604//5546 
f 3546//5547 3615//5547 3604//5547 
f 3558//5548 3615//5548 3546//5548 
f 3499//5549 3558//5549 3546//5549 
f 3504//5550 3558//5550 3499//5550 
f 3459//5551 3504//5551 3499//5551 
f 3465//5552 3504//5552 3459//5552 
f 3405//5553 3465//5553 3459//5553 
f 3413//5554 3465//5554 3405//5554 
f 3322//5555 3413//5555 3405//5555 
f 3330//5556 3413//5556 3322//5556 
f 3206//5557 3330//5557 3322//5557 
f 3228//5558 3330//5558 3206//5558 
f 845//5559 661//5559 849//5559 
f 1024//5560 845//5560 849//5560 
f 1018//5561 845//5561 1024//5561 
f 1165//5562 1018//5562 1024//5562 
f 1163//5563 1018//5563 1165//5563 
f 1227//5564 1163//5564 1165//5564 
f 1224//5565 1163//5565 1227//5565 
f 1302//5566 1224//5566 1227//5566 
f 1300//5567 1224//5567 1302//5567 
f 1376//5568 1300//5568 1302//5568 
f 1373//5569 1300//5569 1376//5569 
f 1429//5570 1373//5570 1376//5570 
f 1427//5571 1373//5571 1429//5571 
f 1533//5572 1427//5572 1429//5572 
f 1528//5573 1427//5573 1533//5573 
f 1601//5574 1528//5574 1533//5574 
f 1599//5575 1528//5575 1601//5575 
f 1964//5576 1599//5576 1601//5576 
f 1965//5577 1599//5577 1964//5577 
f 2287//5578 1965//5578 1964//5578 
f 2289//5579 1965//5579 2287//5579 
f 2360//5580 2289//5580 2287//5580 
f 2366//5581 2289//5581 2360//5581 
f 2458//5582 2366//5582 2360//5582 
f 2460//5583 2366//5583 2458//5583 
f 2518//5584 2460//5584 2458//5584 
f 2523//5585 2460//5585 2518//5585 
f 2599//5586 2523//5586 2518//5586 
f 2601//5587 2523//5587 2599//5587 
f 2665//5588 2601//5588 2599//5588 
f 2668//5589 2601//5589 2665//5589 
f 2731//5590 2668//5590 2665//5590 
f 2733//5591 2668//5591 2731//5591 
f 2867//5592 2733//5592 2731//5592 
f 2872//5593 2733//5593 2867//5593 
f 3048//5594 2872//5594 2867//5594 
f 3055//5595 2872//5595 3048//5595 
f 3229//5596 3055//5596 3048//5596 
f 3235//5597 3055//5597 3229//5597 
f 3331//5598 3235//5598 3229//5598 
f 3336//5599 3235//5599 3331//5599 
f 3414//5600 3336//5600 3331//5600 
f 3422//5601 3336//5601 3414//5601 
f 3466//5602 3422//5602 3414//5602 
f 3470//5603 3422//5603 3466//5603 
f 3505//5604 3470//5604 3466//5604 
f 3511//5605 3470//5605 3505//5605 
f 3559//5606 3511//5606 3505//5606 
f 3569//5607 3511//5607 3559//5607 
f 3616//5608 3569//5608 3559//5608 
f 3618//5609 3569//5609 3616//5609 
f 3656//5610 3618//5610 3616//5610 
f 3680//5611 3618//5611 3656//5611 
f 3707//5612 3680//5612 3656//5612 
f 3751//5613 3680//5613 3707//5613 
f 3844//5614 3751//5614 3707//5614 
f 3849//5615 3751//5615 3844//5615 
f 3874//5616 3849//5616 3844//5616 
f 4046//5617 3849//5617 3874//5617 
f 3843//5618 4046//5618 3874//5618 
f 3848//5619 4046//5619 3843//5619 
f 3706//5620 3848//5620 3843//5620 
f 3750//5621 3848//5621 3706//5621 
f 3655//5622 3750//5622 3706//5622 
f 3679//5623 3750//5623 3655//5623 
f 3615//5624 3679//5624 3655//5624 
f 3617//5625 3679//5625 3615//5625 
f 3558//5626 3617//5626 3615//5626 
f 3568//5627 3617//5627 3558//5627 
f 3504//5628 3568//5628 3558//5628 
f 3509//5629 3568//5629 3504//5629 
f 3465//5630 3509//5630 3504//5630 
f 3469//5631 3509//5631 3465//5631 
f 3413//5632 3469//5632 3465//5632 
f 3420//5633 3469//5633 3413//5633 
f 3330//5634 3420//5634 3413//5634 
f 3335//5635 3420//5635 3330//5635 
f 3228//5636 3335//5636 3330//5636 
f 3233//5637 3335//5637 3228//5637 
f 608//5638 609//5638 606//5638 
f 605//5639 608//5639 606//5639 
f 898//5640 921//5640 923//5640 
f 896//5641 921//5641 898//5641 
f 897//5642 896//5642 898//5642 
f 895//5643 896//5643 897//5643 
f 922//5644 895//5644 897//5644 
f 920//5645 895//5645 922//5645 
f 933//5646 866//5646 1140//5646 
f 1139//5647 933//5647 1140//5647 
f 781//5648 621//5648 618//5648 
f 866//5649 781//5649 618//5649 
f 869//5650 781//5650 866//5650 
f 933//5651 869//5651 866//5651 
f 618//5652 621//5652 596//5652 
f 565//5653 618//5653 596//5653 
f 553//5654 618//5654 565//5654 
f 553//5655 565//5655 556//5655 
f 530//5656 553//5656 556//5656 
f 508//5657 553//5657 530//5657 
f 506//5658 521//5658 522//5658 
f 508//5659 506//5659 522//5659 
f 519//5660 506//5660 508//5660 
f 530//5661 519//5661 508//5661 
f 522//5662 521//5662 535//5662 
f 557//5663 522//5663 535//5663 
f 580//5664 522//5664 557//5664 
f 587//5665 748//5665 758//5665 
f 580//5666 587//5666 758//5666 
f 581//5667 587//5667 580//5667 
f 557//5668 581//5668 580//5668 
f 758//5669 748//5669 763//5669 
f 886//5670 758//5670 763//5670 
f 987//5671 758//5671 886//5671 
f 1080//5672 1197//5672 1196//5672 
f 987//5673 1080//5673 1196//5673 
f 989//5674 1080//5674 987//5674 
f 886//5675 989//5675 987//5675 
f 1196//5676 1197//5676 1198//5676 
f 1261//5677 1196//5677 1198//5677 
f 1304//5678 1196//5678 1261//5678 
f 1350//5679 1414//5679 1413//5679 
f 1304//5680 1350//5680 1413//5680 
f 1305//5681 1350//5681 1304//5681 
f 1261//5682 1305//5682 1304//5682 
f 1413//5683 1414//5683 1425//5683 
f 1548//5684 1413//5684 1425//5684 
f 1568//5685 1413//5685 1548//5685 
f 1568//5686 1548//5686 1569//5686 
f 1632//5687 1568//5687 1569//5687 
f 2251//5688 1568//5688 1632//5688 
f 2264//5689 2371//5689 2379//5689 
f 2251//5690 2264//5690 2379//5690 
f 2250//5691 2264//5691 2251//5691 
f 1632//5692 2250//5692 2251//5692 
f 2379//5693 2371//5693 2378//5693 
f 2482//5694 2379//5694 2378//5694 
f 2533//5695 2379//5695 2482//5695 
f 2562//5696 2654//5696 2656//5696 
f 2533//5697 2562//5697 2656//5697 
f 2532//5698 2562//5698 2533//5698 
f 2482//5699 2532//5699 2533//5699 
f 2656//5700 2654//5700 2655//5700 
f 2718//5701 2656//5701 2655//5701 
f 2760//5702 2656//5702 2718//5702 
f 2759//5703 2760//5703 2718//5703 
f 1212//5704 1240//5704 1143//5704 
f 1142//5705 1212//5705 1143//5705 
f 1298//5706 1370//5706 1368//5706 
f 1240//5707 1298//5707 1368//5707 
f 1242//5708 1298//5708 1240//5708 
f 1212//5709 1242//5709 1240//5709 
f 1517//5710 1578//5710 1644//5710 
f 1368//5711 1370//5711 1386//5711 
f 1491//5712 1368//5712 1386//5712 
f 1517//5713 1368//5713 1491//5713 
f 1518//5714 1517//5714 1491//5714 
f 1578//5715 1517//5715 1518//5715 
f 1959//5716 2309//5716 2316//5716 
f 1644//5717 1959//5717 2316//5717 
f 1645//5718 1959//5718 1644//5718 
f 1578//5719 1645//5719 1644//5719 
f 2316//5720 2309//5720 2315//5720 
f 2408//5721 2316//5721 2315//5721 
f 2466//5722 2316//5722 2408//5722 
f 2501//5723 2587//5723 2588//5723 
f 2466//5724 2501//5724 2588//5724 
f 2465//5725 2501//5725 2466//5725 
f 2408//5726 2465//5726 2466//5726 
f 2700//5727 2755//5727 2879//5727 
f 2588//5728 2587//5728 2603//5728 
f 2680//5729 2588//5729 2603//5729 
f 2700//5730 2588//5730 2680//5730 
f 2698//5731 2700//5731 2680//5731 
f 2755//5732 2700//5732 2698//5732 
f 2925//5733 3093//5733 3107//5733 
f 2879//5734 2925//5734 3107//5734 
f 2878//5735 2925//5735 2879//5735 
f 2755//5736 2878//5736 2879//5736 
f 3107//5737 3093//5737 3104//5737 
f 3257//5738 3107//5738 3104//5738 
f 3299//5739 3107//5739 3257//5739 
f 3307//5740 3338//5740 3340//5740 
f 3299//5741 3307//5741 3340//5741 
f 3298//5742 3307//5742 3299//5742 
f 3257//5743 3298//5743 3299//5743 
f 3340//5744 3338//5744 3342//5744 
f 3351//5745 3340//5745 3342//5745 
f 3349//5746 3340//5746 3351//5746 
f 3349//5747 3351//5747 3347//5747 
f 3341//5748 3349//5748 3347//5748 
f 3315//5749 3349//5749 3341//5749 
f 3306//5750 3256//5750 3220//5750 
f 3315//5751 3306//5751 3220//5751 
f 3314//5752 3306//5752 3315//5752 
f 3341//5753 3314//5753 3315//5753 
f 3220//5754 3256//5754 3219//5754 
f 3092//5755 3220//5755 3219//5755 
f 3014//5756 3220//5756 3092//5756 
f 2924//5757 2753//5757 2754//5757 
f 3014//5758 2924//5758 2754//5758 
f 3011//5759 2924//5759 3014//5759 
f 3092//5760 3011//5760 3014//5760 
f 3153//5761 3144//5761 3152//5761 
f 3246//5762 3238//5762 3244//5762 
f 3247//5763 3255//5763 3242//5763 
f 2921//5764 2951//5764 2940//5764 
f 2856//5765 2951//5765 2921//5765 
f 2901//5766 2856//5766 2921//5766 
f 2877//5767 2856//5767 2901//5767 
f 3058//5768 2951//5768 3063//5768 
f 2951//5769 3058//5769 3037//5769 
f 3036//5770 2951//5770 3037//5770 
f 3002//5771 2951//5771 3036//5771 
f 2951//5772 3002//5772 2975//5772 
f 2956//5773 2951//5773 2975//5773 
f 2940//5774 2951//5774 2956//5774 
f 3138//5775 3116//5775 3063//5775 
f 3154//5776 3138//5776 3063//5776 
f 3063//5777 3116//5777 3091//5777 
f 3086//5778 3063//5778 3091//5778 
f 3058//5779 3063//5779 3086//5779 
f 3247//5780 3242//5780 3237//5780 
f 3232//5781 3247//5781 3237//5781 
f 3154//5782 3247//5782 3232//5782 
f 3203//5783 3154//5783 3232//5783 
f 3190//5784 3154//5784 3203//5784 
f 3154//5785 3190//5785 3151//5785 
f 3149//5786 3154//5786 3151//5786 
f 3138//5787 3154//5787 3149//5787 
f 3246//5788 3244//5788 3253//5788 
f 3258//5789 3246//5789 3253//5789 
f 3247//5790 3246//5790 3258//5790 
f 3268//5791 3247//5791 3258//5791 
f 3255//5792 3247//5792 3268//5792 
f 3153//5793 3152//5793 3165//5793 
f 3213//5794 3153//5794 3165//5794 
f 3246//5795 3153//5795 3213//5795 
f 3217//5796 3246//5796 3213//5796 
f 3238//5797 3246//5797 3217//5797 
f 3071//5798 3062//5798 3059//5798 
f 3062//5799 3071//5799 3088//5799 
f 3110//5800 3062//5800 3088//5800 
f 3153//5801 3062//5801 3110//5801 
f 3139//5802 3153//5802 3110//5802 
f 3144//5803 3153//5803 3139//5803 
f 2950//5804 2984//5804 2986//5804 
f 3030//5805 2950//5805 2986//5805 
f 3062//5806 2950//5806 3030//5806 
f 3046//5807 3062//5807 3030//5807 
f 3059//5808 3062//5808 3046//5808 
f 2854//5809 2862//5809 2875//5809 
f 2894//5810 2854//5810 2875//5810 
f 2854//5811 2894//5811 2920//5811 
f 2928//5812 2854//5812 2920//5812 
f 2950//5813 2854//5813 2928//5813 
f 2958//5814 2950//5814 2928//5814 
f 2984//5815 2950//5815 2958//5815 
f 2793//5816 2807//5816 2810//5816 
f 2793//5817 2810//5817 2830//5817 
f 2834//5818 2793//5818 2830//5818 
f 2854//5819 2793//5819 2834//5819 
f 2861//5820 2854//5820 2834//5820 
f 2862//5821 2854//5821 2861//5821 
f 2788//5822 2783//5822 2794//5822 
f 2799//5823 2788//5823 2794//5823 
f 2794//5824 2783//5824 2777//5824 
f 2787//5825 2794//5825 2777//5825 
f 2793//5826 2794//5826 2787//5826 
f 2800//5827 2793//5827 2787//5827 
f 2807//5828 2793//5828 2800//5828 
f 2856//5829 2877//5829 2869//5829 
f 2855//5830 2856//5830 2869//5830 
f 2847//5831 2856//5831 2855//5831 
f 2856//5832 2847//5832 2820//5832 
f 2819//5833 2856//5833 2820//5833 
f 2794//5834 2856//5834 2819//5834 
f 2804//5835 2794//5835 2819//5835 
f 2799//5836 2794//5836 2804//5836 
f 648//5837 657//5837 655//5837 
f 647//5838 642//5838 656//5838 
f 732//5839 709//5839 738//5839 
f 734//5840 751//5840 733//5840 
f 827//5841 832//5841 834//5841 
f 832//5842 827//5842 807//5842 
f 783//5843 832//5843 807//5843 
f 734//5844 832//5844 783//5844 
f 756//5845 734//5845 783//5845 
f 751//5846 734//5846 756//5846 
f 943//5847 915//5847 905//5847 
f 872//5848 943//5848 905//5848 
f 832//5849 943//5849 872//5849 
f 850//5850 832//5850 872//5850 
f 834//5851 832//5851 850//5851 
f 1038//5852 1031//5852 1014//5852 
f 994//5853 1038//5853 1014//5853 
f 1038//5854 994//5854 968//5854 
f 963//5855 1038//5855 968//5855 
f 943//5856 1038//5856 963//5856 
f 936//5857 943//5857 963//5857 
f 915//5858 943//5858 936//5858 
f 1106//5859 1093//5859 1091//5859 
f 1106//5860 1091//5860 1068//5860 
f 1057//5861 1106//5861 1068//5861 
f 1038//5862 1106//5862 1057//5862 
f 1040//5863 1038//5863 1057//5863 
f 1031//5864 1038//5864 1040//5864 
f 1112//5865 1120//5865 1105//5865 
f 1099//5866 1112//5866 1105//5866 
f 1105//5867 1120//5867 1124//5867 
f 1118//5868 1105//5868 1124//5868 
f 1106//5869 1105//5869 1118//5869 
f 1096//5870 1106//5870 1118//5870 
f 1093//5871 1106//5871 1096//5871 
f 1037//5872 1039//5872 1044//5872 
f 1037//5873 1044//5873 1074//5873 
f 1077//5874 1037//5874 1074//5874 
f 1105//5875 1037//5875 1077//5875 
f 1094//5876 1105//5876 1077//5876 
f 1099//5877 1105//5877 1094//5877 
f 1037//5878 1010//5878 1026//5878 
f 1039//5879 1037//5879 1026//5879 
f 966//5880 942//5880 956//5880 
f 1037//5881 942//5881 966//5881 
f 990//5882 1037//5882 966//5882 
f 1010//5883 1037//5883 990//5883 
f 942//5884 864//5884 891//5884 
f 942//5885 891//5885 914//5885 
f 939//5886 942//5886 914//5886 
f 956//5887 942//5887 939//5887 
f 831//5888 806//5888 820//5888 
f 835//5889 831//5889 820//5889 
f 942//5890 831//5890 835//5890 
f 863//5891 942//5891 835//5891 
f 864//5892 942//5892 863//5892 
f 732//5893 738//5893 741//5893 
f 757//5894 732//5894 741//5894 
f 831//5895 732//5895 757//5895 
f 778//5896 831//5896 757//5896 
f 806//5897 831//5897 778//5897 
f 647//5898 656//5898 663//5898 
f 666//5899 647//5899 663//5899 
f 732//5900 647//5900 666//5900 
f 694//5901 732//5901 666//5901 
f 709//5902 732//5902 694//5902 
f 648//5903 655//5903 644//5903 
f 636//5904 648//5904 644//5904 
f 647//5905 648//5905 636//5905 
f 628//5906 647//5906 636//5906 
f 642//5907 647//5907 628//5907 
f 734//5908 733//5908 723//5908 
f 683//5909 734//5909 723//5909 
f 648//5910 734//5910 683//5910 
f 681//5911 648//5911 683//5911 
f 657//5912 648//5912 681//5912 
f 2796//5913 2817//5913 2801//5913 
f 2818//5914 2817//5914 2796//5914 
f 2859//5915 2853//5915 2850//5915 
f 2844//5916 2859//5916 2850//5916 
f 2796//5917 2859//5917 2844//5917 
f 2840//5918 2796//5918 2844//5918 
f 2818//5919 2796//5919 2840//5919 
f 2923//5920 2953//5920 2957//5920 
f 2859//5921 2885//5921 2865//5921 
f 2858//5922 2859//5922 2865//5922 
f 2853//5923 2859//5923 2858//5923 
f 2859//5924 2953//5924 2923//5924 
f 2907//5925 2859//5925 2923//5925 
f 2885//5926 2859//5926 2907//5926 
f 2953//5927 3024//5927 2973//5927 
f 2966//5928 2953//5928 2973//5928 
f 2957//5929 2953//5929 2966//5929 
f 3140//5930 3157//5930 3150//5930 
f 3105//5931 3077//5931 3065//5931 
f 3157//5932 3105//5932 3065//5932 
f 3128//5933 3105//5933 3157//5933 
f 3140//5934 3128//5934 3157//5934 
f 3065//5935 3077//5935 3066//5935 
f 3060//5936 3065//5936 3066//5936 
f 2953//5937 3065//5937 3060//5937 
f 3028//5938 2953//5938 3060//5938 
f 3024//5939 2953//5939 3028//5939 
f 3249//5940 3250//5940 3241//5940 
f 3230//5941 3249//5941 3241//5941 
f 3249//5942 3230//5942 3224//5942 
f 3187//5943 3249//5943 3224//5943 
f 3157//5944 3249//5944 3187//5944 
f 3179//5945 3157//5945 3187//5945 
f 3150//5946 3157//5946 3179//5946 
f 3248//5947 3251//5947 3254//5947 
f 3259//5948 3248//5948 3254//5948 
f 3249//5949 3248//5949 3259//5949 
f 3265//5950 3249//5950 3259//5950 
f 3250//5951 3249//5951 3265//5951 
f 3156//5952 3159//5952 3167//5952 
f 3172//5953 3156//5953 3167//5953 
f 3183//5954 3156//5954 3172//5954 
f 3156//5955 3183//5955 3222//5955 
f 3223//5956 3156//5956 3222//5956 
f 3248//5957 3156//5957 3223//5957 
f 3243//5958 3248//5958 3223//5958 
f 3251//5959 3248//5959 3243//5959 
f 3064//5960 3087//5960 3111//5960 
f 3125//5961 3064//5961 3111//5961 
f 3156//5962 3064//5962 3125//5962 
f 3155//5963 3156//5963 3125//5963 
f 3159//5964 3156//5964 3155//5964 
f 2952//5965 2954//5965 3005//5965 
f 3013//5966 2952//5966 3005//5966 
f 2952//5967 3013//5967 3050//5967 
f 3057//5968 2952//5968 3050//5968 
f 3064//5969 2952//5969 3057//5969 
f 3061//5970 3064//5970 3057//5970 
f 3087//5971 3064//5971 3061//5971 
f 2857//5972 2843//5972 2860//5972 
f 2874//5973 2857//5973 2860//5973 
f 2882//5974 2857//5974 2874//5974 
f 2857//5975 2882//5975 2905//5975 
f 2930//5976 2857//5976 2905//5976 
f 2952//5977 2857//5977 2930//5977 
f 2949//5978 2952//5978 2930//5978 
f 2954//5979 2952//5979 2949//5979 
f 2795//5980 2812//5980 2814//5980 
f 2857//5981 2795//5981 2814//5981 
f 2837//5982 2857//5982 2814//5982 
f 2843//5983 2857//5983 2837//5983 
f 2795//5984 2780//5984 2790//5984 
f 2803//5985 2795//5985 2790//5985 
f 2812//5986 2795//5986 2803//5986 
f 2796//5987 2801//5987 2791//5987 
f 2784//5988 2796//5988 2791//5988 
f 2795//5989 2796//5989 2784//5989 
f 2782//5990 2795//5990 2784//5990 
f 2780//5991 2795//5991 2782//5991 
f 830//5992 833//5992 821//5992 
f 791//5993 830//5993 821//5993 
f 776//5994 830//5994 791//5994 
f 752//5995 744//5995 731//5995 
f 830//5996 752//5996 731//5996 
f 764//5997 752//5997 830//5997 
f 776//5998 764//5998 830//5998 
f 924//5999 941//5999 925//5999 
f 941//6000 924//6000 877//6000 
f 870//6001 941//6001 877//6001 
f 830//6002 941//6002 870//6002 
f 839//6003 830//6003 870//6003 
f 833//6004 830//6004 839//6004 
f 1029//6005 1005//6005 1036//6005 
f 1032//6006 1029//6006 1036//6006 
f 1036//6007 1005//6007 986//6007 
f 980//6008 1036//6008 986//6008 
f 941//6009 1036//6009 980//6009 
f 938//6010 941//6010 980//6010 
f 925//6011 941//6011 938//6011 
f 1097//6012 1078//6012 1036//6012 
f 1104//6013 1097//6013 1036//6013 
f 1036//6014 1078//6014 1076//6014 
f 1047//6015 1036//6015 1076//6015 
f 1032//6016 1036//6016 1047//6016 
f 1104//6017 1125//6017 1121//6017 
f 1104//6018 1121//6018 1108//6018 
f 1102//6019 1104//6019 1108//6019 
f 1097//6020 1104//6020 1102//6020 
f 1103//6021 1073//6021 1088//6021 
f 1103//6022 1088//6022 1098//6022 
f 1100//6023 1103//6023 1098//6023 
f 1104//6024 1103//6024 1100//6024 
f 1113//6025 1104//6025 1100//6025 
f 1125//6026 1104//6026 1113//6026 
f 1035//6027 981//6027 1007//6027 
f 1035//6028 1007//6028 1008//6028 
f 1021//6029 1035//6029 1008//6029 
f 1027//6030 1035//6030 1021//6030 
f 1035//6031 1027//6031 1030//6031 
f 1034//6032 1035//6032 1030//6032 
f 1103//6033 1035//6033 1034//6033 
f 1061//6034 1103//6034 1034//6034 
f 1073//6035 1103//6035 1061//6035 
f 829//6036 793//6036 836//6036 
f 841//6037 829//6037 836//6037 
f 883//6038 899//6038 940//6038 
f 829//6039 883//6039 940//6039 
f 847//6040 883//6040 829//6040 
f 841//6041 847//6041 829//6041 
f 940//6042 899//6042 931//6042 
f 937//6043 940//6043 931//6043 
f 1035//6044 940//6044 937//6044 
f 965//6045 1035//6045 937//6045 
f 981//6046 1035//6046 965//6046 
f 729//6047 736//6047 747//6047 
f 765//6048 729//6048 747//6048 
f 829//6049 729//6049 765//6049 
f 790//6050 829//6050 765//6050 
f 793//6051 829//6051 790//6051 
f 654//6052 645//6052 653//6052 
f 645//6053 654//6053 682//6053 
f 692//6054 645//6054 682//6054 
f 729//6055 645//6055 692//6055 
f 722//6056 729//6056 692//6056 
f 736//6057 729//6057 722//6057 
f 643//6058 646//6058 650//6058 
f 646//6059 643//6059 626//6059 
f 635//6060 646//6060 626//6060 
f 645//6061 646//6061 635//6061 
f 651//6062 645//6062 635//6062 
f 653//6063 645//6063 651//6063 
f 731//6064 744//6064 740//6064 
f 730//6065 731//6065 740//6065 
f 702//6066 731//6066 730//6066 
f 731//6067 702//6067 684//6067 
f 668//6068 731//6068 684//6068 
f 646//6069 731//6069 668//6069 
f 652//6070 646//6070 668//6070 
f 650//6071 646//6071 652//6071 
f 3117//6072 3094//6072 3153//6072 
f 3246//6073 3117//6073 3153//6073 
f 3118//6074 3117//6074 3246//6074 
f 3247//6075 3118//6075 3246//6075 
f 3095//6076 3118//6076 3247//6076 
f 3154//6077 3095//6077 3247//6077 
f 3040//6078 3095//6078 3154//6078 
f 3063//6079 3040//6079 3154//6079 
f 2978//6080 3040//6080 3063//6080 
f 2951//6081 2978//6081 3063//6081 
f 2911//6082 2978//6082 2951//6082 
f 2856//6083 2911//6083 2951//6083 
f 2887//6084 2911//6084 2856//6084 
f 2794//6085 2887//6085 2856//6085 
f 2886//6086 2887//6086 2794//6086 
f 2793//6087 2886//6087 2794//6087 
f 2910//6088 2886//6088 2793//6088 
f 2854//6089 2910//6089 2793//6089 
f 2976//6090 2910//6090 2854//6090 
f 2950//6091 2976//6091 2854//6091 
f 3038//6092 2976//6092 2950//6092 
f 3062//6093 3038//6093 2950//6093 
f 3094//6094 3038//6094 3062//6094 
f 3153//6095 3094//6095 3062//6095 
f 678//6096 709//6096 694//6096 
f 860//6097 864//6097 863//6097 
f 721//6098 713//6098 723//6098 
f 733//6099 721//6099 723//6099 
f 1039//6100 1033//6100 1045//6100 
f 824//6101 860//6101 863//6101 
f 835//6102 824//6102 863//6102 
f 809//6103 824//6103 835//6103 
f 959//6104 990//6104 966//6104 
f 956//6105 959//6105 966//6105 
f 944//6106 959//6106 956//6106 
f 939//6107 944//6107 956//6107 
f 889//6108 944//6108 939//6108 
f 914//6109 889//6109 939//6109 
f 891//6110 889//6110 914//6110 
f 1026//6111 1033//6111 1039//6111 
f 1025//6112 1033//6112 1026//6112 
f 1010//6113 1025//6113 1026//6113 
f 993//6114 1025//6114 1010//6114 
f 990//6115 993//6115 1010//6115 
f 991//6116 993//6116 990//6116 
f 959//6117 991//6117 990//6117 
f 891//6118 864//6118 860//6118 
f 875//6119 891//6119 860//6119 
f 889//6120 891//6120 875//6120 
f 669//6121 657//6121 681//6121 
f 683//6122 669//6122 681//6122 
f 685//6123 669//6123 683//6123 
f 723//6124 685//6124 683//6124 
f 708//6125 685//6125 723//6125 
f 713//6126 708//6126 723//6126 
f 658//6127 678//6127 694//6127 
f 666//6128 658//6128 694//6128 
f 637//6129 658//6129 666//6129 
f 663//6130 637//6130 666//6130 
f 619//6131 637//6131 663//6131 
f 656//6132 619//6132 663//6132 
f 617//6133 619//6133 656//6133 
f 625//6134 636//6134 644//6134 
f 617//6135 656//6135 642//6135 
f 628//6136 617//6136 642//6136 
f 612//6137 617//6137 628//6137 
f 636//6138 612//6138 628//6138 
f 611//6139 612//6139 636//6139 
f 625//6140 611//6140 636//6140 
f 657//6141 669//6141 629//6141 
f 625//6142 657//6142 629//6142 
f 655//6143 657//6143 625//6143 
f 644//6144 655//6144 625//6144 
f 809//6145 835//6145 820//6145 
f 806//6146 809//6146 820//6146 
f 767//6147 809//6147 806//6147 
f 778//6148 767//6148 806//6148 
f 766//6149 767//6149 778//6149 
f 757//6150 766//6150 778//6150 
f 724//6151 766//6151 757//6151 
f 741//6152 724//6152 757//6152 
f 738//6153 724//6153 741//6153 
f 738//6154 709//6154 678//6154 
f 714//6155 738//6155 678//6155 
f 724//6156 738//6156 714//6156 
f 744//6157 752//6157 739//6157 
f 725//6158 744//6158 739//6158 
f 1021//6159 1013//6159 1028//6159 
f 792//6160 840//6160 836//6160 
f 793//6161 792//6161 836//6161 
f 789//6162 792//6162 793//6162 
f 790//6163 789//6163 793//6163 
f 754//6164 789//6164 790//6164 
f 765//6165 754//6165 790//6165 
f 749//6166 754//6166 765//6166 
f 747//6167 749//6167 765//6167 
f 711//6168 749//6168 747//6168 
f 1013//6169 1021//6169 1008//6169 
f 1007//6170 1013//6170 1008//6170 
f 992//6171 1013//6171 1007//6171 
f 981//6172 992//6172 1007//6172 
f 984//6173 992//6173 981//6173 
f 983//6174 984//6174 981//6174 
f 965//6175 983//6175 981//6175 
f 932//6176 983//6176 965//6176 
f 932//6177 965//6177 937//6177 
f 931//6178 932//6178 937//6178 
f 917//6179 932//6179 931//6179 
f 899//6180 917//6180 931//6180 
f 881//6181 917//6181 899//6181 
f 883//6182 881//6182 899//6182 
f 862//6183 881//6183 883//6183 
f 847//6184 862//6184 883//6184 
f 840//6185 862//6185 847//6185 
f 841//6186 840//6186 847//6186 
f 836//6187 840//6187 841//6187 
f 674//6188 668//6188 684//6188 
f 680//6189 674//6189 684//6189 
f 702//6190 680//6190 684//6190 
f 710//6191 680//6191 702//6191 
f 730//6192 710//6192 702//6192 
f 725//6193 710//6193 730//6193 
f 740//6194 725//6194 730//6194 
f 744//6195 725//6195 740//6195 
f 613//6196 624//6196 651//6196 
f 635//6197 613//6197 651//6197 
f 614//6198 613//6198 635//6198 
f 626//6199 614//6199 635//6199 
f 615//6200 614//6200 626//6200 
f 643//6201 615//6201 626//6201 
f 616//6202 615//6202 643//6202 
f 668//6203 674//6203 649//6203 
f 640//6204 668//6204 649//6204 
f 652//6205 668//6205 640//6205 
f 616//6206 652//6206 640//6206 
f 650//6207 652//6207 616//6207 
f 643//6208 650//6208 616//6208 
f 711//6209 747//6209 736//6209 
f 722//6210 711//6210 736//6210 
f 686//6211 711//6211 722//6211 
f 692//6212 686//6212 722//6212 
f 667//6213 686//6213 692//6213 
f 682//6214 667//6214 692//6214 
f 627//6215 667//6215 682//6215 
f 654//6216 627//6216 682//6216 
f 624//6217 627//6217 654//6217 
f 653//6218 624//6218 654//6218 
f 651//6219 624//6219 653//6219 
f 2985//6220 2986//6220 2984//6220 
f 2848//6221 2841//6221 2847//6221 
f 2855//6222 2848//6222 2847//6222 
f 2849//6223 2894//6223 2875//6223 
f 2936//6224 2985//6224 2984//6224 
f 2958//6225 2936//6225 2984//6225 
f 2926//6226 2936//6226 2958//6226 
f 2926//6227 2958//6227 2928//6227 
f 2920//6228 2926//6228 2928//6228 
f 2884//6229 2926//6229 2920//6229 
f 2894//6230 2884//6230 2920//6230 
f 2883//6231 2884//6231 2894//6231 
f 2849//6232 2883//6232 2894//6232 
f 3074//6233 3110//6233 3088//6233 
f 3071//6234 3074//6234 3088//6234 
f 3068//6235 3074//6235 3071//6235 
f 3059//6236 3068//6236 3071//6236 
f 3033//6237 3068//6237 3059//6237 
f 3046//6238 3033//6238 3059//6238 
f 3030//6239 3033//6239 3046//6239 
f 3160//6240 3170//6240 3152//6240 
f 3144//6241 3160//6241 3152//6241 
f 3142//6242 3160//6242 3144//6242 
f 3139//6243 3142//6243 3144//6243 
f 3114//6244 3142//6244 3139//6244 
f 3110//6245 3114//6245 3139//6245 
f 3113//6246 3114//6246 3110//6246 
f 3074//6247 3113//6247 3110//6247 
f 3030//6248 2986//6248 2985//6248 
f 3017//6249 3030//6249 2985//6249 
f 3033//6250 3030//6250 3017//6250 
f 2815//6251 2804//6251 2819//6251 
f 2820//6252 2815//6252 2819//6252 
f 2825//6253 2815//6253 2820//6253 
f 2847//6254 2825//6254 2820//6254 
f 2839//6255 2825//6255 2847//6255 
f 2841//6256 2839//6256 2847//6256 
f 2776//6257 2783//6257 2788//6257 
f 2766//6258 2770//6258 2777//6258 
f 2783//6259 2766//6259 2777//6259 
f 2765//6260 2766//6260 2783//6260 
f 2776//6261 2765//6261 2783//6261 
f 2804//6262 2815//6262 2785//6262 
f 2776//6263 2804//6263 2785//6263 
f 2799//6264 2804//6264 2776//6264 
f 2788//6265 2799//6265 2776//6265 
f 2849//6266 2875//6266 2862//6266 
f 2861//6267 2849//6267 2862//6267 
f 2842//6268 2849//6268 2861//6268 
f 2834//6269 2842//6269 2861//6269 
f 2823//6270 2842//6270 2834//6270 
f 2830//6271 2823//6271 2834//6271 
f 2809//6272 2823//6272 2830//6272 
f 2810//6273 2809//6273 2830//6273 
f 2789//6274 2809//6274 2810//6274 
f 2807//6275 2789//6275 2810//6275 
f 2772//6276 2789//6276 2807//6276 
f 2800//6277 2772//6277 2807//6277 
f 2770//6278 2772//6278 2800//6278 
f 2787//6279 2770//6279 2800//6279 
f 2777//6280 2770//6280 2787//6280 
f 2833//6281 2843//6281 2837//6281 
f 2838//6282 2840//6282 2844//6282 
f 2840//6283 2838//6283 2832//6283 
f 2824//6284 2840//6284 2832//6284 
f 2818//6285 2840//6285 2824//6285 
f 2808//6286 2818//6286 2824//6286 
f 2817//6287 2818//6287 2808//6287 
f 2775//6288 2784//6288 2791//6288 
f 2801//6289 2775//6289 2791//6289 
f 2801//6290 2817//6290 2808//6290 
f 2779//6291 2801//6291 2808//6291 
f 2775//6292 2801//6292 2779//6292 
f 2784//6293 2775//6293 2771//6293 
f 2764//6294 2784//6294 2771//6294 
f 2782//6295 2784//6295 2764//6295 
f 2767//6296 2782//6296 2764//6296 
f 2780//6297 2782//6297 2767//6297 
f 2773//6298 2780//6298 2767//6298 
f 2811//6299 2833//6299 2837//6299 
f 2814//6300 2811//6300 2837//6300 
f 2806//6301 2811//6301 2814//6301 
f 2812//6302 2806//6302 2814//6302 
f 2774//6303 2806//6303 2812//6303 
f 2803//6304 2774//6304 2812//6304 
f 2773//6305 2774//6305 2803//6305 
f 2790//6306 2773//6306 2803//6306 
f 2780//6307 2773//6307 2790//6307 
f 2860//6308 2843//6308 2833//6308 
f 2845//6309 2860//6309 2833//6309 
f 2874//6310 2860//6310 2845//6310 
f 2864//6311 2874//6311 2845//6311 
f 2882//6312 2874//6312 2864//6312 
f 2895//6313 2882//6313 2864//6313 
f 2905//6314 2882//6314 2895//6314 
f 2899//6315 2905//6315 2895//6315 
f 2930//6316 2905//6316 2899//6316 
f 2947//6317 2930//6317 2899//6317 
f 2949//6318 2930//6318 2947//6318 
f 2954//6319 2949//6319 2947//6319 
f 2955//6320 2954//6320 2947//6320 
f 3005//6321 2954//6321 2955//6321 
f 3006//6322 3005//6322 2955//6322 
f 3013//6323 3005//6323 3006//6323 
f 3022//6324 3013//6324 3006//6324 
f 3050//6325 3013//6325 3022//6325 
f 3053//6326 3050//6326 3022//6326 
f 3057//6327 3050//6327 3053//6327 
f 3075//6328 3057//6328 3053//6328 
f 3061//6329 3057//6329 3075//6329 
f 3090//6330 3061//6330 3075//6330 
f 3087//6331 3061//6331 3090//6331 
f 3111//6332 3087//6332 3090//6332 
f 3130//6333 3111//6333 3090//6333 
f 3125//6334 3111//6334 3130//6334 
f 3131//6335 3125//6335 3130//6335 
f 3155//6336 3125//6336 3131//6336 
f 3175//6337 3155//6337 3131//6337 
f 3159//6338 3155//6338 3175//6338 
f 3175//6339 3188//6339 3172//6339 
f 3167//6340 3175//6340 3172//6340 
f 3159//6341 3175//6341 3167//6341 
f 1942//6342 1553//6342 1531//6342 
f 1583//6343 1553//6343 1942//6343 
f 1942//6344 1622//6344 1583//6344 
f 1942//6345 1655//6345 1622//6345 
f 1942//6346 1957//6346 1655//6346 
f 1942//6347 2240//6347 1957//6347 
f 1942//6348 2268//6348 2240//6348 
f 1942//6349 2304//6349 2268//6349 
f 1942//6350 2344//6350 2304//6350 
f 1942//6351 2363//6351 2344//6351 
f 1942//6352 2381//6352 2363//6352 
f 1942//6353 2411//6353 2381//6353 
f 1942//6354 2435//6354 2411//6354 
f 1942//6355 2464//6355 2435//6355 
f 1942//6356 2471//6356 2464//6356 
f 1942//6357 2475//6357 2471//6357 
f 1942//6358 2481//6358 2475//6358 
f 1942//6359 2474//6359 2481//6359 
f 1942//6360 2470//6360 2474//6360 
f 1942//6361 2463//6361 2470//6361 
f 1942//6362 2434//6362 2463//6362 
f 1942//6363 2410//6363 2434//6363 
f 1942//6364 2380//6364 2410//6364 
f 1942//6365 2362//6365 2380//6365 
f 1942//6366 2343//6366 2362//6366 
f 1942//6367 2303//6367 2343//6367 
f 1942//6368 2267//6368 2303//6368 
f 1942//6369 2239//6369 2267//6369 
f 1942//6370 1934//6370 2239//6370 
f 1942//6371 1654//6371 1934//6371 
f 1942//6372 1621//6372 1654//6372 
f 1942//6373 1582//6373 1621//6373 
f 1942//6374 1552//6374 1582//6374 
f 1942//6375 1530//6375 1552//6375 
f 1942//6376 1511//6376 1530//6376 
f 1942//6377 1486//6377 1511//6377 
f 1942//6378 1459//6378 1486//6378 
f 1942//6379 1423//6379 1459//6379 
f 1942//6380 1415//6380 1423//6380 
f 1942//6381 1410//6381 1415//6381 
f 1942//6382 1404//6382 1410//6382 
f 1942//6383 1411//6383 1404//6383 
f 1942//6384 1416//6384 1411//6384 
f 1942//6385 1424//6385 1416//6385 
f 1942//6386 1460//6386 1424//6386 
f 1942//6387 1487//6387 1460//6387 
f 1942//6388 1512//6388 1487//6388 
f 1942//6389 1531//6389 1512//6389 
f 887//6390 1235//6390 1270//6390 
f 1235//6391 887//6391 805//6391 
f 679//6392 1235//6392 805//6392 
f 1210//6393 1235//6393 679//6393 
f 639//6394 1210//6394 679//6394 
f 1200//6395 1210//6395 639//6395 
f 1200//6396 639//6396 577//6396 
f 571//6397 1200//6397 577//6397 
f 1189//6398 1200//6398 571//6398 
f 1189//6399 571//6399 550//6399 
f 545//6400 1189//6400 550//6400 
f 1183//6401 1189//6401 545//6401 
f 543//6402 1183//6402 545//6402 
f 1188//6403 1183//6403 543//6403 
f 1188//6404 543//6404 549//6404 
f 552//6405 1188//6405 549//6405 
f 1199//6406 1188//6406 552//6406 
f 1199//6407 552//6407 576//6407 
f 589//6408 1199//6408 576//6408 
f 1209//6409 1199//6409 589//6409 
f 1209//6410 589//6410 638//6410 
f 786//6411 1209//6411 638//6411 
f 1234//6412 1209//6412 786//6412 
f 804//6413 1234//6413 786//6413 
f 1269//6414 1234//6414 804//6414 
f 1269//6415 804//6415 961//6415 
f 1009//6416 1269//6416 961//6416 
f 1323//6417 1269//6417 1009//6417 
f 1323//6418 1009//6418 1141//6418 
f 1202//6419 1323//6419 1141//6419 
f 1366//6420 1323//6420 1202//6420 
f 1211//6421 1366//6421 1202//6421 
f 1405//6422 1366//6422 1211//6422 
f 1405//6423 1211//6423 1297//6423 
f 1312//6424 1405//6424 1297//6424 
f 1495//6425 1405//6425 1312//6425 
f 1495//6426 1312//6426 1385//6426 
f 1419//6427 1495//6427 1385//6427 
f 1549//6428 1495//6428 1419//6428 
f 1549//6429 1419//6429 1490//6429 
f 1571//6430 1549//6430 1490//6430 
f 1618//6431 1549//6431 1571//6431 
f 1577//6432 1618//6432 1571//6432 
f 1933//6433 1618//6433 1577//6433 
f 1933//6434 1577//6434 1931//6434 
f 2247//6435 1933//6435 1931//6435 
f 2269//6436 1933//6436 2247//6436 
f 2269//6437 2247//6437 2308//6437 
f 2376//6438 2269//6438 2308//6438 
f 2345//6439 2269//6439 2376//6439 
f 2407//6440 2345//6440 2376//6440 
f 2404//6441 2345//6441 2407//6441 
f 2404//6442 2407//6442 2500//6442 
f 2525//6443 2404//6443 2500//6443 
f 2479//6444 2404//6444 2525//6444 
f 2479//6445 2525//6445 2602//6445 
f 2650//6446 2479//6446 2602//6446 
f 2529//6447 2479//6447 2650//6447 
f 2679//6448 2529//6448 2650//6448 
f 2575//6449 2529//6449 2679//6449 
f 2753//6450 2575//6450 2679//6450 
f 2624//6451 2575//6451 2753//6451 
f 2624//6452 2753//6452 2924//6452 
f 3011//6453 2624//6453 2924//6453 
f 2657//6454 2624//6454 3011//6454 
f 2657//6455 3011//6455 3092//6455 
f 3219//6456 2657//6456 3092//6456 
f 2685//6457 2657//6457 3219//6457 
f 3256//6458 2685//6458 3219//6458 
f 2702//6459 2685//6459 3256//6459 
f 2702//6460 3256//6460 3306//6460 
f 3314//6461 2702//6461 3306//6461 
f 2710//6462 2702//6462 3314//6462 
f 2710//6463 3314//6463 3341//6463 
f 3347//6464 2710//6464 3341//6464 
f 2716//6465 2710//6465 3347//6465 
f 3351//6466 2716//6466 3347//6466 
f 2711//6467 2716//6467 3351//6467 
f 2711//6468 3351//6468 3342//6468 
f 3338//6469 2711//6469 3342//6469 
f 2703//6470 2711//6470 3338//6470 
f 2703//6471 3338//6471 3307//6471 
f 3298//6472 2703//6472 3307//6472 
f 2686//6473 2703//6473 3298//6473 
f 2686//6474 3298//6474 3257//6474 
f 3104//6475 2686//6475 3257//6475 
f 2658//6476 2686//6476 3104//6476 
f 3093//6477 2658//6477 3104//6477 
f 2625//6478 2658//6478 3093//6478 
f 2625//6479 3093//6479 2925//6479 
f 2878//6480 2625//6480 2925//6480 
f 2576//6481 2625//6481 2878//6481 
f 2576//6482 2878//6482 2755//6482 
f 2698//6483 2576//6483 2755//6483 
f 2530//6484 2576//6484 2698//6484 
f 2680//6485 2530//6485 2698//6485 
f 2480//6486 2530//6486 2680//6486 
f 2480//6487 2680//6487 2603//6487 
f 2587//6488 2480//6488 2603//6488 
f 2405//6489 2480//6489 2587//6489 
f 2405//6490 2587//6490 2501//6490 
f 2465//6491 2405//6491 2501//6491 
f 2346//6492 2405//6492 2465//6492 
f 2346//6493 2465//6493 2408//6493 
f 2315//6494 2346//6494 2408//6494 
f 2270//6495 2346//6495 2315//6495 
f 2309//6496 2270//6496 2315//6496 
f 1958//6497 2270//6497 2309//6497 
f 1958//6498 2309//6498 1959//6498 
f 1645//6499 1958//6499 1959//6499 
f 1619//6500 1958//6500 1645//6500 
f 1619//6501 1645//6501 1578//6501 
f 1518//6502 1619//6502 1578//6502 
f 1550//6503 1619//6503 1518//6503 
f 1491//6504 1550//6504 1518//6504 
f 1496//6505 1550//6505 1491//6505 
f 1496//6506 1491//6506 1386//6506 
f 1370//6507 1496//6507 1386//6507 
f 1406//6508 1496//6508 1370//6508 
f 1406//6509 1370//6509 1298//6509 
f 1242//6510 1406//6510 1298//6510 
f 1367//6511 1406//6511 1242//6511 
f 1212//6512 1367//6512 1242//6512 
f 1324//6513 1367//6513 1212//6513 
f 1142//6514 1324//6514 1212//6514 
f 1270//6515 1324//6515 1142//6515 
f 962//6516 1270//6516 1142//6516 
f 887//6517 1270//6517 962//6517 
f 1406//6518 1367//6518 1531//6518 
f 1553//6519 1406//6519 1531//6519 
f 1496//6520 1406//6520 1553//6520 
f 1583//6521 1496//6521 1553//6521 
f 1550//6522 1496//6522 1583//6522 
f 1622//6523 1550//6523 1583//6523 
f 1619//6524 1550//6524 1622//6524 
f 1655//6525 1619//6525 1622//6525 
f 1958//6526 1619//6526 1655//6526 
f 1957//6527 1958//6527 1655//6527 
f 2270//6528 1958//6528 1957//6528 
f 2240//6529 2270//6529 1957//6529 
f 2346//6530 2270//6530 2240//6530 
f 2268//6531 2346//6531 2240//6531 
f 2405//6532 2346//6532 2268//6532 
f 2304//6533 2405//6533 2268//6533 
f 2480//6534 2405//6534 2304//6534 
f 2344//6535 2480//6535 2304//6535 
f 2530//6536 2480//6536 2344//6536 
f 2363//6537 2530//6537 2344//6537 
f 2576//6538 2530//6538 2363//6538 
f 2381//6539 2576//6539 2363//6539 
f 2625//6540 2576//6540 2381//6540 
f 2411//6541 2625//6541 2381//6541 
f 2658//6542 2625//6542 2411//6542 
f 2435//6543 2658//6543 2411//6543 
f 2686//6544 2658//6544 2435//6544 
f 2464//6545 2686//6545 2435//6545 
f 2703//6546 2686//6546 2464//6546 
f 2471//6547 2703//6547 2464//6547 
f 2711//6548 2703//6548 2471//6548 
f 2475//6549 2711//6549 2471//6549 
f 2716//6550 2711//6550 2475//6550 
f 2481//6551 2716//6551 2475//6551 
f 2710//6552 2716//6552 2481//6552 
f 2474//6553 2710//6553 2481//6553 
f 2702//6554 2710//6554 2474//6554 
f 2470//6555 2702//6555 2474//6555 
f 2685//6556 2702//6556 2470//6556 
f 2463//6557 2685//6557 2470//6557 
f 2657//6558 2685//6558 2463//6558 
f 2434//6559 2657//6559 2463//6559 
f 2624//6560 2657//6560 2434//6560 
f 2410//6561 2624//6561 2434//6561 
f 2575//6562 2624//6562 2410//6562 
f 2380//6563 2575//6563 2410//6563 
f 2529//6564 2575//6564 2380//6564 
f 2362//6565 2529//6565 2380//6565 
f 2479//6566 2529//6566 2362//6566 
f 2343//6567 2479//6567 2362//6567 
f 2404//6568 2479//6568 2343//6568 
f 2303//6569 2404//6569 2343//6569 
f 2345//6570 2404//6570 2303//6570 
f 2267//6571 2345//6571 2303//6571 
f 2269//6572 2345//6572 2267//6572 
f 2239//6573 2269//6573 2267//6573 
f 1933//6574 2269//6574 2239//6574 
f 1934//6575 1933//6575 2239//6575 
f 1618//6576 1933//6576 1934//6576 
f 1654//6577 1618//6577 1934//6577 
f 1549//6578 1618//6578 1654//6578 
f 1621//6579 1549//6579 1654//6579 
f 1495//6580 1549//6580 1621//6580 
f 1582//6581 1495//6581 1621//6581 
f 1405//6582 1495//6582 1582//6582 
f 1552//6583 1405//6583 1582//6583 
f 1366//6584 1405//6584 1552//6584 
f 1530//6585 1366//6585 1552//6585 
f 1323//6586 1366//6586 1530//6586 
f 1511//6587 1323//6587 1530//6587 
f 1269//6588 1323//6588 1511//6588 
f 1486//6589 1269//6589 1511//6589 
f 1234//6590 1269//6590 1486//6590 
f 1459//6591 1234//6591 1486//6591 
f 1209//6592 1234//6592 1459//6592 
f 1423//6593 1209//6593 1459//6593 
f 1199//6594 1209//6594 1423//6594 
f 1415//6595 1199//6595 1423//6595 
f 1188//6596 1199//6596 1415//6596 
f 1410//6597 1188//6597 1415//6597 
f 1183//6598 1188//6598 1410//6598 
f 1404//6599 1183//6599 1410//6599 
f 1189//6600 1183//6600 1404//6600 
f 1411//6601 1189//6601 1404//6601 
f 1200//6602 1189//6602 1411//6602 
f 1416//6603 1200//6603 1411//6603 
f 1210//6604 1200//6604 1416//6604 
f 1424//6605 1210//6605 1416//6605 
f 1235//6606 1210//6606 1424//6606 
f 1460//6607 1235//6607 1424//6607 
f 1270//6608 1235//6608 1460//6608 
f 1487//6609 1270//6609 1460//6609 
f 1324//6610 1270//6610 1487//6610 
f 1512//6611 1324//6611 1487//6611 
f 1367//6612 1324//6612 1512//6612 
f 1531//6613 1367//6613 1512//6613 
f 2679//6614 2651//6614 2754//6614 
f 2753//6615 2679//6615 2754//6615 
f 2602//6616 2525//6616 2526//6616 
f 2651//6617 2602//6617 2526//6617 
f 2650//6618 2602//6618 2651//6618 
f 2679//6619 2650//6619 2651//6619 
f 2377//6620 2308//6620 2248//6620 
f 2526//6621 2525//6621 2500//6621 
f 2407//6622 2526//6622 2500//6622 
f 2377//6623 2526//6623 2407//6623 
f 2376//6624 2377//6624 2407//6624 
f 2308//6625 2377//6625 2376//6625 
f 1931//6626 1577//6626 1570//6626 
f 2248//6627 1931//6627 1570//6627 
f 2247//6628 1931//6628 2248//6628 
f 2308//6629 2247//6629 2248//6629 
f 1570//6630 1577//6630 1571//6630 
f 1490//6631 1570//6631 1571//6631 
f 1418//6632 1570//6632 1490//6632 
f 1385//6633 1312//6633 1311//6633 
f 1418//6634 1385//6634 1311//6634 
f 1419//6635 1385//6635 1418//6635 
f 1490//6636 1419//6636 1418//6636 
f 1311//6637 1312//6637 1297//6637 
f 1211//6638 1311//6638 1297//6638 
f 1201//6639 1311//6639 1211//6639 
f 1201//6640 1211//6640 1202//6640 
f 1141//6641 1201//6641 1202//6641 
f 1006//6642 1201//6642 1141//6642 
f 961//6643 804//6643 785//6643 
f 1006//6644 961//6644 785//6644 
f 1009//6645 961//6645 1006//6645 
f 1141//6646 1009//6646 1006//6646 
f 785//6647 804//6647 786//6647 
f 638//6648 785//6648 786//6648 
f 586//6649 785//6649 638//6649 
f 576//6650 552//6650 551//6650 
f 586//6651 576//6651 551//6651 
f 589//6652 576//6652 586//6652 
f 638//6653 589//6653 586//6653 
f 551//6654 552//6654 549//6654 
f 543//6655 551//6655 549//6655 
f 544//6656 551//6656 543//6656 
f 544//6657 543//6657 545//6657 
f 550//6658 544//6658 545//6658 
f 569//6659 544//6659 550//6659 
f 577//6660 639//6660 677//6660 
f 569//6661 577//6661 677//6661 
f 571//6662 577//6662 569//6662 
f 550//6663 571//6663 569//6663 
f 677//6664 639//6664 679//6664 
f 805//6665 677//6665 679//6665 
f 884//6666 677//6666 805//6666 
f 962//6667 1142//6667 1143//6667 
f 884//6668 962//6668 1143//6668 
f 887//6669 962//6669 884//6669 
f 805//6670 887//6670 884//6670 
f 2868//6671 3034//6671 3035//6671 
f 2760//6672 2868//6672 3035//6672 
f 2759//6673 2868//6673 2760//6673 
f 3035//6674 3034//6674 3049//6674 
f 3195//6675 3035//6675 3049//6675 
f 3277//6676 3035//6676 3195//6676 
f 3301//6677 3333//6677 3337//6677 
f 3277//6678 3301//6678 3337//6678 
f 3272//6679 3301//6679 3277//6679 
f 3195//6680 3272//6680 3277//6680 
f 3386//6681 3385//6681 3370//6681 
f 3337//6682 3333//6682 3343//6682 
f 3375//6683 3337//6683 3343//6683 
f 3386//6684 3337//6684 3375//6684 
f 3376//6685 3386//6685 3375//6685 
f 3385//6686 3386//6686 3376//6686 
f 3352//6687 3310//6687 3305//6687 
f 3370//6688 3352//6688 3305//6688 
f 3357//6689 3352//6689 3370//6689 
f 3385//6690 3357//6690 3370//6690 
f 3305//6691 3310//6691 3304//6691 
f 3252//6692 3305//6692 3304//6692 
f 3137//6693 3305//6693 3252//6693 
f 3076//6694 2908//6694 2903//6694 
f 3137//6695 3076//6695 2903//6695 
f 3132//6696 3076//6696 3137//6696 
f 3252//6697 3132//6697 3137//6697 
f 2903//6698 2908//6698 2902//6698 
f 2748//6699 2903//6699 2902//6699 
f 2705//6700 2903//6700 2748//6700 
f 2670//6701 2594//6701 2595//6701 
f 2705//6702 2670//6702 2595//6702 
f 2704//6703 2670//6703 2705//6703 
f 2748//6704 2704//6704 2705//6704 
f 2595//6705 2594//6705 2585//6705 
f 2493//6706 2595//6706 2585//6706 
f 2472//6707 2595//6707 2493//6707 
f 2391//6708 2318//6708 2319//6708 
f 2472//6709 2391//6709 2319//6709 
f 2469//6710 2391//6710 2472//6710 
f 2493//6711 2469//6711 2472//6711 
f 1636//6712 1557//6712 1515//6712 
f 2319//6713 2318//6713 2291//6713 
f 1827//6714 2319//6714 2291//6714 
f 1636//6715 2319//6715 1827//6715 
f 1639//6716 1636//6716 1827//6716 
f 1557//6717 1636//6717 1639//6717 
f 1480//6718 1380//6718 1363//6718 
f 1515//6719 1480//6719 1363//6719 
f 1516//6720 1480//6720 1515//6720 
f 1557//6721 1516//6721 1515//6721 
f 1363//6722 1380//6722 1364//6722 
f 1289//6723 1363//6723 1364//6723 
f 1236//6724 1363//6724 1289//6724 
f 1207//6725 1139//6725 1140//6725 
f 1236//6726 1207//6726 1140//6726 
f 1237//6727 1207//6727 1236//6727 
f 1289//6728 1237//6728 1236//6728 
f 928//6729 929//6729 923//6729 
f 921//6730 928//6730 923//6730 
f 717//6731 761//6731 762//6731 
f 716//6732 761//6732 717//6732 
f 665//6733 716//6733 717//6733 
f 664//6734 716//6734 665//6734 
f 609//6735 664//6735 665//6735 
f 608//6736 664//6736 609//6736 
f 453//6737 392//6737 404//6737 
f 1232//6738 1306//6738 1309//6738 
f 1538//6739 1602//6739 1606//6739 
f 3047//6740 3233//6740 3228//6740 
f 3206//6741 3173//6741 3146//6741 
f 3031//6742 3206//6742 3146//6742 
f 3228//6743 3206//6743 3031//6743 
f 3031//6744 3146//6744 3018//6744 
f 2835//6745 3031//6745 3018//6745 
f 2851//6746 3031//6746 2835//6746 
f 2797//6747 2851//6747 2835//6747 
f 2719//6748 2851//6748 2797//6748 
f 2719//6749 2797//6749 2714//6749 
f 2660//6750 2719//6750 2714//6750 
f 2662//6751 2719//6751 2660//6751 
f 2635//6752 2662//6752 2660//6752 
f 2592//6753 2662//6753 2635//6753 
f 2592//6754 2635//6754 2589//6754 
f 2508//6755 2592//6755 2589//6755 
f 2513//6756 2592//6756 2508//6756 
f 2488//6757 2513//6757 2508//6757 
f 2454//6758 2513//6758 2488//6758 
f 2454//6759 2488//6759 2450//6759 
f 2354//6760 2454//6760 2450//6760 
f 2357//6761 2454//6761 2354//6761 
f 2333//6762 2357//6762 2354//6762 
f 2284//6763 2357//6763 2333//6763 
f 2284//6764 2333//6764 2281//6764 
f 1928//6765 2284//6765 2281//6765 
f 1927//6766 2284//6766 1928//6766 
f 1602//6767 1927//6767 1928//6767 
f 1630//6768 1602//6768 1928//6768 
f 1606//6769 1602//6769 1630//6769 
f 1538//6770 1485//6770 1431//6770 
f 1534//6771 1538//6771 1431//6771 
f 1602//6772 1538//6772 1534//6772 
f 1431//6773 1485//6773 1434//6773 
f 1381//6774 1431//6774 1434//6774 
f 1378//6775 1431//6775 1381//6775 
f 1306//6776 1378//6776 1381//6776 
f 1333//6777 1306//6777 1381//6777 
f 1309//6778 1306//6778 1333//6778 
f 1232//6779 1191//6779 1177//6779 
f 1229//6780 1232//6780 1177//6780 
f 1306//6781 1232//6781 1229//6781 
f 1177//6782 1191//6782 1184//6782 
f 1055//6783 1177//6783 1184//6783 
f 1041//6784 1177//6784 1055//6784 
f 885//6785 1041//6785 1055//6785 
f 867//6786 1041//6786 885//6786 
f 867//6787 885//6787 878//6787 
f 719//6788 867//6788 878//6788 
f 690//6789 867//6789 719//6789 
f 573//6790 690//6790 719//6790 
f 562//6791 690//6791 573//6791 
f 570//6792 562//6792 573//6792 
f 485//6793 562//6793 570//6793 
f 485//6794 570//6794 495//6794 
f 452//6795 485//6795 495//6795 
f 425//6796 485//6796 452//6796 
f 427//6797 425//6797 452//6797 
f 391//6798 425//6798 427//6798 
f 391//6799 427//6799 403//6799 
f 359//6800 391//6800 403//6800 
f 347//6801 391//6801 359//6801 
f 354//6802 347//6802 359//6802 
f 284//6803 347//6803 354//6803 
f 284//6804 354//6804 309//6804 
f 260//6805 284//6805 309//6805 
f 255//6806 284//6806 260//6806 
f 258//6807 255//6807 260//6807 
f 201//6808 255//6808 258//6808 
f 201//6809 258//6809 248//6809 
f 204//6810 201//6810 248//6810 
f 177//6811 201//6811 204//6811 
f 200//6812 177//6812 204//6812 
f 158//6813 177//6813 200//6813 
f 158//6814 200//6814 198//6814 
f 205//6815 158//6815 198//6815 
f 178//6816 158//6816 205//6816 
f 209//6817 178//6817 205//6817 
f 202//6818 178//6818 209//6818 
f 249//6819 202//6819 209//6819 
f 261//6820 202//6820 249//6820 
f 261//6821 287//6821 285//6821 
f 256//6822 261//6822 285//6822 
f 202//6823 261//6823 256//6823 
f 285//6824 287//6824 310//6824 
f 360//6825 285//6825 310//6825 
f 348//6826 285//6826 360//6826 
f 392//6827 348//6827 360//6827 
f 390//6828 392//6828 360//6828 
f 404//6829 392//6829 390//6829 
f 453//6830 484//6830 486//6830 
f 426//6831 453//6831 486//6831 
f 392//6832 453//6832 426//6832 
f 486//6833 484//6833 496//6833 
f 574//6834 486//6834 496//6834 
f 563//6835 486//6835 574//6835 
f 691//6836 563//6836 574//6836 
f 704//6837 691//6837 574//6837 
f 720//6838 691//6838 704//6838 
f 3047//6839 3228//6839 3031//6839 
f 2851//6840 3047//6840 3031//6840 
f 2866//6841 3047//6841 2851//6841 
f 2719//6842 2866//6842 2851//6842 
f 2730//6843 2866//6843 2719//6843 
f 2662//6844 2730//6844 2719//6844 
f 2664//6845 2730//6845 2662//6845 
f 2592//6846 2664//6846 2662//6846 
f 2598//6847 2664//6847 2592//6847 
f 2513//6848 2598//6848 2592//6848 
f 2517//6849 2598//6849 2513//6849 
f 2454//6850 2517//6850 2513//6850 
f 2457//6851 2517//6851 2454//6851 
f 2357//6852 2457//6852 2454//6852 
f 2359//6853 2457//6853 2357//6853 
f 2284//6854 2359//6854 2357//6854 
f 2286//6855 2359//6855 2284//6855 
f 1927//6856 2286//6856 2284//6856 
f 1926//6857 2286//6857 1927//6857 
f 1602//6858 1926//6858 1927//6858 
f 1600//6859 1926//6859 1602//6859 
f 1534//6860 1600//6860 1602//6860 
f 1532//6861 1600//6861 1534//6861 
f 1431//6862 1532//6862 1534//6862 
f 1428//6863 1532//6863 1431//6863 
f 1378//6864 1428//6864 1431//6864 
f 1375//6865 1428//6865 1378//6865 
f 1306//6866 1375//6866 1378//6866 
f 1301//6867 1375//6867 1306//6867 
f 1229//6868 1301//6868 1306//6868 
f 1226//6869 1301//6869 1229//6869 
f 1177//6870 1226//6870 1229//6870 
f 1164//6871 1226//6871 1177//6871 
f 1041//6872 1164//6872 1177//6872 
f 1023//6873 1164//6873 1041//6873 
f 867//6874 1023//6874 1041//6874 
f 848//6875 1023//6875 867//6875 
f 690//6876 848//6876 867//6876 
f 670//6877 848//6877 690//6877 
f 562//6878 670//6878 690//6878 
f 558//6879 670//6879 562//6879 
f 485//6880 558//6880 562//6880 
f 478//6881 558//6881 485//6881 
f 425//6882 478//6882 485//6882 
f 422//6883 478//6883 425//6883 
f 391//6884 422//6884 425//6884 
f 385//6885 422//6885 391//6885 
f 347//6886 385//6886 391//6886 
f 331//6887 385//6887 347//6887 
f 284//6888 331//6888 347//6888 
f 271//6889 331//6889 284//6889 
f 255//6890 271//6890 284//6890 
f 234//6891 271//6891 255//6891 
f 201//6892 234//6892 255//6892 
f 183//6893 234//6893 201//6893 
f 177//6894 183//6894 201//6894 
f 133//6895 183//6895 177//6895 
f 158//6896 133//6896 177//6896 
f 121//6897 133//6897 158//6897 
f 178//6898 121//6898 158//6898 
f 134//6899 121//6899 178//6899 
f 202//6900 134//6900 178//6900 
f 184//6901 134//6901 202//6901 
f 256//6902 184//6902 202//6902 
f 235//6903 184//6903 256//6903 
f 285//6904 235//6904 256//6904 
f 272//6905 235//6905 285//6905 
f 348//6906 272//6906 285//6906 
f 332//6907 272//6907 348//6907 
f 392//6908 332//6908 348//6908 
f 386//6909 332//6909 392//6909 
f 426//6910 386//6910 392//6910 
f 423//6911 386//6911 426//6911 
f 486//6912 423//6912 426//6912 
f 479//6913 423//6913 486//6913 
f 563//6914 479//6914 486//6914 
f 559//6915 479//6915 563//6915 
f 691//6916 559//6916 563//6916 
f 671//6917 559//6917 691//6917 
f 3054//6918 3233//6918 3047//6918 
f 2866//6919 3054//6919 3047//6919 
f 2870//6920 3054//6920 2866//6920 
f 2730//6921 2870//6921 2866//6921 
f 2732//6922 2870//6922 2730//6922 
f 2664//6923 2732//6923 2730//6923 
f 2666//6924 2732//6924 2664//6924 
f 2598//6925 2666//6925 2664//6925 
f 2600//6926 2666//6926 2598//6926 
f 2517//6927 2600//6927 2598//6927 
f 2521//6928 2600//6928 2517//6928 
f 2457//6929 2521//6929 2517//6929 
f 2459//6930 2521//6930 2457//6930 
f 2359//6931 2459//6931 2457//6931 
f 2364//6932 2459//6932 2359//6932 
f 2286//6933 2364//6933 2359//6933 
f 2288//6934 2364//6934 2286//6934 
f 1926//6935 2288//6935 2286//6935 
f 1924//6936 2288//6936 1926//6936 
f 1600//6937 1924//6937 1926//6937 
f 1598//6938 1924//6938 1600//6938 
f 1532//6939 1598//6939 1600//6939 
f 1526//6940 1598//6940 1532//6940 
f 1428//6941 1526//6941 1532//6941 
f 1426//6942 1526//6942 1428//6942 
f 1375//6943 1426//6943 1428//6943 
f 1371//6944 1426//6944 1375//6944 
f 1301//6945 1371//6945 1375//6945 
f 1299//6946 1371//6946 1301//6946 
f 1226//6947 1299//6947 1301//6947 
f 1222//6948 1299//6948 1226//6948 
f 1164//6949 1222//6949 1226//6949 
f 1162//6950 1222//6950 1164//6950 
f 1023//6951 1162//6951 1164//6951 
f 1016//6952 1162//6952 1023//6952 
f 848//6953 1016//6953 1023//6953 
f 844//6954 1016//6954 848//6954 
f 670//6955 844//6955 848//6955 
f 659//6956 844//6956 670//6956 
f 558//6957 659//6957 670//6957 
f 554//6958 659//6958 558//6958 
f 478//6959 554//6959 558//6959 
f 469//6960 554//6960 478//6960 
f 422//6961 469//6961 478//6961 
f 419//6962 469//6962 422//6962 
f 385//6963 419//6963 422//6963 
f 379//6964 419//6964 385//6964 
f 331//6965 379//6965 385//6965 
f 324//6966 379//6966 331//6966 
f 271//6967 324//6967 331//6967 
f 265//6968 324//6968 271//6968 
f 234//6969 265//6969 271//6969 
f 211//6970 265//6970 234//6970 
f 183//6971 211//6971 234//6971 
f 170//6972 211//6972 183//6972 
f 133//6973 170//6973 183//6973 
f 123//6974 170//6974 133//6974 
f 121//6975 123//6975 133//6975 
f 1//6976 123//6976 121//6976 
f 134//6977 1//6977 121//6977 
f 124//6978 1//6978 134//6978 
f 184//6979 124//6979 134//6979 
f 171//6980 124//6980 184//6980 
f 235//6981 171//6981 184//6981 
f 212//6982 171//6982 235//6982 
f 272//6983 212//6983 235//6983 
f 266//6984 212//6984 272//6984 
f 332//6985 266//6985 272//6985 
f 325//6986 266//6986 332//6986 
f 386//6987 325//6987 332//6987 
f 381//6988 325//6988 386//6988 
f 423//6989 381//6989 386//6989 
f 420//6990 381//6990 423//6990 
f 479//6991 420//6991 423//6991 
f 471//6992 420//6992 479//6992 
f 559//6993 471//6993 479//6993 
f 555//6994 471//6994 559//6994 
f 671//6995 555//6995 559//6995 
f 661//6996 555//6996 671//6996 
f 2786//6997 2744//6997 2717//6997 
f 2798//6998 2786//6998 2717//6998 
f 2816//6999 2786//6999 2798//6999 
f 2717//7000 2744//7000 2713//7000 
f 2674//7001 2717//7001 2713//7001 
f 2676//7002 2717//7002 2674//7002 
f 2659//7003 2676//7003 2674//7003 
f 2626//7004 2676//7004 2659//7004 
f 2614//7005 2626//7005 2659//7005 
f 2561//7006 2626//7006 2614//7006 
f 2565//7007 2561//7007 2614//7007 
f 2561//7008 2565//7008 2559//7008 
f 2495//7009 2561//7009 2559//7009 
f 2497//7010 2561//7010 2495//7010 
f 2485//7011 2497//7011 2495//7011 
f 2448//7012 2497//7012 2485//7012 
f 2436//7013 2448//7013 2485//7013 
f 2370//7014 2448//7014 2436//7014 
f 2372//7015 2370//7015 2436//7015 
f 2370//7016 2372//7016 2369//7016 
f 2300//7017 2370//7017 2369//7017 
f 2302//7018 2370//7018 2300//7018 
f 2265//7019 2302//7019 2300//7019 
f 2238//7020 2302//7020 2265//7020 
f 1572//7021 1547//7021 1520//7021 
f 2238//7022 2265//7022 2237//7022 
f 1640//7023 2238//7023 2237//7023 
f 1637//7024 2238//7024 1640//7024 
f 1631//7025 1637//7025 1640//7025 
f 1572//7026 1637//7026 1631//7026 
f 1576//7027 1572//7027 1631//7027 
f 1547//7028 1572//7028 1576//7028 
f 1520//7029 1547//7029 1521//7029 
f 1436//7030 1520//7030 1521//7030 
f 1430//7031 1520//7031 1436//7031 
f 1422//7032 1430//7032 1436//7032 
f 1388//7033 1430//7033 1422//7033 
f 1393//7034 1388//7034 1422//7034 
f 1338//7035 1388//7035 1393//7035 
f 1349//7036 1338//7036 1393//7036 
f 1338//7037 1349//7037 1340//7037 
f 1265//7038 1338//7038 1340//7038 
f 1262//7039 1338//7039 1265//7039 
f 1258//7040 1262//7040 1265//7040 
f 1213//7041 1262//7041 1258//7041 
f 1215//7042 1213//7042 1258//7042 
f 1174//7043 1213//7043 1215//7043 
f 1190//7044 1174//7044 1215//7044 
f 1174//7045 1190//7045 1182//7045 
f 1115//7046 1174//7046 1182//7046 
f 1082//7047 1174//7047 1115//7047 
f 1048//7048 1082//7048 1115//7048 
f 958//7049 1082//7049 1048//7049 
f 958//7050 1048//7050 967//7050 
f 865//7051 958//7051 967//7051 
f 838//7052 958//7052 865//7052 
f 838//7053 865//7053 859//7053 
f 755//7054 838//7054 859//7054 
f 728//7055 838//7055 755//7055 
f 693//7056 728//7056 755//7056 
f 592//7057 728//7057 693//7057 
f 592//7058 693//7058 620//7058 
f 579//7059 592//7059 620//7059 
f 568//7060 592//7060 579//7060 
f 578//7061 568//7061 579//7061 
f 541//7062 568//7062 578//7062 
f 548//7063 541//7063 578//7063 
f 503//7064 541//7064 548//7064 
f 537//7065 503//7065 548//7065 
f 503//7066 537//7066 520//7066 
f 500//7067 503//7067 520//7067 
f 489//7068 503//7068 500//7068 
f 497//7069 489//7069 500//7069 
f 483//7070 489//7070 497//7070 
f 493//7071 483//7071 497//7071 
f 482//7072 483//7072 493//7072 
f 492//7073 482//7073 493//7073 
f 482//7074 492//7074 491//7074 
f 498//7075 482//7075 491//7075 
f 488//7076 482//7076 498//7076 
f 502//7077 488//7077 498//7077 
f 501//7078 488//7078 502//7078 
f 510//7079 501//7079 502//7079 
f 539//7080 501//7080 510//7080 
f 546//7081 539//7081 510//7081 
f 539//7082 546//7082 547//7082 
f 575//7083 539//7083 547//7083 
f 567//7084 539//7084 575//7084 
f 582//7085 567//7085 575//7085 
f 590//7086 567//7086 582//7086 
f 590//7087 582//7087 610//7087 
f 745//7088 590//7088 610//7088 
f 718//7089 590//7089 745//7089 
f 718//7090 745//7090 750//7090 
f 842//7091 718//7091 750//7091 
f 826//7092 718//7092 842//7092 
f 894//7093 826//7093 842//7093 
f 935//7094 826//7094 894//7094 
f 935//7095 894//7095 960//7095 
f 1089//7096 935//7096 960//7096 
f 1070//7097 935//7097 1089//7097 
f 1116//7098 1070//7098 1089//7098 
f 1083//7099 1070//7099 1116//7099 
f 1191//7100 1338//7100 1262//7100 
f 495//7101 570//7101 674//7101 
f 680//7102 495//7102 674//7102 
f 452//7103 495//7103 680//7103 
f 427//7104 452//7104 680//7104 
f 710//7105 427//7105 680//7105 
f 725//7106 427//7106 710//7106 
f 728//7107 739//7107 753//7107 
f 728//7108 753//7108 787//7108 
f 788//7109 728//7109 787//7109 
f 838//7110 728//7110 788//7110 
f 885//7111 984//7111 983//7111 
f 932//7112 885//7112 983//7112 
f 881//7113 862//7113 878//7113 
f 885//7114 881//7114 878//7114 
f 917//7115 881//7115 885//7115 
f 932//7116 917//7116 885//7116 
f 878//7117 862//7117 840//7117 
f 792//7118 878//7118 840//7118 
f 789//7119 878//7119 792//7119 
f 719//7120 686//7120 573//7120 
f 878//7121 789//7121 754//7121 
f 749//7122 878//7122 754//7122 
f 719//7123 878//7123 749//7123 
f 711//7124 719//7124 749//7124 
f 686//7125 719//7125 711//7125 
f 573//7126 686//7126 667//7126 
f 627//7127 573//7127 667//7127 
f 624//7128 573//7128 627//7128 
f 570//7129 616//7129 640//7129 
f 649//7130 570//7130 640//7130 
f 674//7131 570//7131 649//7131 
f 573//7132 624//7132 613//7132 
f 614//7133 573//7133 613//7133 
f 570//7134 573//7134 614//7134 
f 615//7135 570//7135 614//7135 
f 616//7136 570//7136 615//7136 
f 1075//7137 1054//7137 1191//7137 
f 1262//7138 1075//7138 1191//7138 
f 1095//7139 1075//7139 1262//7139 
f 1213//7140 1095//7140 1262//7140 
f 1191//7141 1054//7141 1043//7141 
f 1028//7142 1191//7142 1043//7142 
f 1013//7143 1191//7143 1028//7143 
f 992//7144 984//7144 885//7144 
f 1055//7145 992//7145 885//7145 
f 1013//7146 992//7146 1055//7146 
f 1184//7147 1013//7147 1055//7147 
f 1191//7148 1013//7148 1184//7148 
f 958//7149 837//7149 846//7149 
f 958//7150 838//7150 788//7150 
f 808//7151 958//7151 788//7151 
f 837//7152 958//7152 808//7152 
f 958//7153 846//7153 874//7153 
f 902//7154 958//7154 874//7154 
f 930//7155 958//7155 902//7155 
f 958//7156 930//7156 979//7156 
f 982//7157 958//7157 979//7157 
f 1082//7158 958//7158 982//7158 
f 1011//7159 1082//7159 982//7159 
f 1020//7160 1082//7160 1011//7160 
f 1082//7161 1020//7161 1052//7161 
f 1071//7162 1082//7162 1052//7162 
f 1174//7163 1082//7163 1071//7163 
f 1174//7164 1071//7164 1084//7164 
f 1119//7165 1174//7165 1084//7165 
f 1126//7166 1174//7166 1119//7166 
f 1174//7167 1126//7167 1136//7167 
f 1135//7168 1174//7168 1136//7168 
f 1132//7169 1174//7169 1135//7169 
f 1174//7170 1132//7170 1131//7170 
f 1111//7171 1174//7171 1131//7171 
f 1213//7172 1174//7172 1111//7172 
f 1109//7173 1213//7173 1111//7173 
f 1095//7174 1213//7174 1109//7174 
f 2841//7175 2848//7175 2816//7175 
f 2798//7176 2841//7176 2816//7176 
f 2839//7177 2841//7177 2798//7177 
f 3114//7178 3146//7178 3142//7178 
f 3018//7179 3074//7179 3068//7179 
f 3018//7180 3146//7180 3114//7180 
f 3113//7181 3018//7181 3114//7181 
f 3074//7182 3018//7182 3113//7182 
f 3018//7183 3068//7183 3033//7183 
f 3017//7184 3018//7184 3033//7184 
f 2835//7185 3018//7185 3017//7185 
f 2835//7186 3017//7186 2985//7186 
f 2936//7187 2835//7187 2985//7187 
f 2797//7188 2835//7188 2936//7188 
f 2926//7189 2797//7189 2936//7189 
f 2797//7190 2926//7190 2884//7190 
f 2883//7191 2797//7191 2884//7191 
f 2849//7192 2797//7192 2883//7192 
f 2676//7193 2842//7193 2823//7193 
f 2676//7194 2823//7194 2809//7194 
f 2789//7195 2676//7195 2809//7195 
f 2772//7196 2676//7196 2789//7196 
f 2676//7197 2772//7197 2770//7197 
f 2766//7198 2676//7198 2770//7198 
f 2717//7199 2676//7199 2766//7199 
f 2765//7200 2717//7200 2766//7200 
f 2776//7201 2717//7201 2765//7201 
f 2717//7202 2776//7202 2785//7202 
f 2815//7203 2717//7203 2785//7203 
f 2798//7204 2717//7204 2815//7204 
f 2825//7205 2798//7205 2815//7205 
f 2839//7206 2798//7206 2825//7206 
f 3146//7207 3173//7207 3170//7207 
f 3160//7208 3146//7208 3170//7208 
f 3142//7209 3146//7209 3160//7209 
f 713//7210 721//7210 720//7210 
f 704//7211 713//7211 720//7211 
f 993//7212 1070//7212 1025//7212 
f 935//7213 1070//7213 993//7213 
f 991//7214 935//7214 993//7214 
f 959//7215 935//7215 991//7215 
f 889//7216 875//7216 826//7216 
f 935//7217 889//7217 826//7217 
f 944//7218 889//7218 935//7218 
f 959//7219 944//7219 935//7219 
f 826//7220 875//7220 860//7220 
f 824//7221 826//7221 860//7221 
f 809//7222 826//7222 824//7222 
f 484//7223 767//7223 766//7223 
f 724//7224 484//7224 766//7224 
f 714//7225 484//7225 724//7225 
f 484//7226 714//7226 678//7226 
f 658//7227 484//7227 678//7227 
f 496//7228 484//7228 658//7228 
f 637//7229 496//7229 658//7229 
f 617//7230 612//7230 574//7230 
f 496//7231 617//7231 574//7231 
f 619//7232 617//7232 496//7232 
f 637//7233 619//7233 496//7233 
f 574//7234 612//7234 611//7234 
f 625//7235 574//7235 611//7235 
f 629//7236 574//7236 625//7236 
f 574//7237 629//7237 669//7237 
f 685//7238 574//7238 669//7238 
f 704//7239 574//7239 685//7239 
f 708//7240 704//7240 685//7240 
f 713//7241 704//7241 708//7241 
f 1033//7242 1025//7242 1070//7242 
f 1083//7243 1033//7243 1070//7243 
f 1045//7244 1033//7244 1083//7244 
f 590//7245 718//7245 404//7245 
f 390//7246 590//7246 404//7246 
f 567//7247 590//7247 390//7247 
f 826//7248 809//7248 767//7248 
f 484//7249 826//7249 767//7249 
f 718//7250 826//7250 484//7250 
f 453//7251 718//7251 484//7251 
f 404//7252 718//7252 453//7252 
f 501//7253 249//7253 488//7253 
f 567//7254 390//7254 360//7254 
f 310//7255 567//7255 360//7255 
f 539//7256 567//7256 310//7256 
f 287//7257 539//7257 310//7257 
f 501//7258 539//7258 287//7258 
f 261//7259 501//7259 287//7259 
f 249//7260 501//7260 261//7260 
f 488//7261 249//7261 209//7261 
f 205//7262 488//7262 209//7262 
f 482//7263 488//7263 205//7263 
f 198//7264 482//7264 205//7264 
f 483//7265 482//7265 198//7265 
f 483//7266 198//7266 200//7266 
f 204//7267 483//7267 200//7267 
f 489//7268 483//7268 204//7268 
f 248//7269 489//7269 204//7269 
f 503//7270 489//7270 248//7270 
f 503//7271 248//7271 258//7271 
f 260//7272 503//7272 258//7272 
f 541//7273 503//7273 260//7273 
f 309//7274 541//7274 260//7274 
f 568//7275 541//7275 309//7275 
f 427//7276 725//7276 739//7276 
f 728//7277 427//7277 739//7277 
f 403//7278 427//7278 728//7278 
f 592//7279 403//7279 728//7279 
f 359//7280 403//7280 592//7280 
f 568//7281 359//7281 592//7281 
f 354//7282 359//7282 568//7282 
f 309//7283 354//7283 568//7283 
f 1520//7284 1430//7284 1434//7284 
f 1485//7285 1520//7285 1434//7285 
f 1572//7286 1520//7286 1485//7286 
f 1338//7287 1191//7287 1232//7287 
f 1309//7288 1338//7288 1232//7288 
f 1388//7289 1338//7289 1309//7289 
f 1333//7290 1388//7290 1309//7290 
f 1430//7291 1388//7291 1333//7291 
f 1381//7292 1430//7292 1333//7292 
f 1434//7293 1430//7293 1381//7293 
f 2238//7294 2281//7294 2302//7294 
f 1572//7295 1485//7295 1538//7295 
f 1606//7296 1572//7296 1538//7296 
f 1637//7297 1572//7297 1606//7297 
f 1630//7298 1637//7298 1606//7298 
f 2238//7299 1637//7299 1630//7299 
f 1928//7300 2238//7300 1630//7300 
f 2281//7301 2238//7301 1928//7301 
f 2302//7302 2281//7302 2333//7302 
f 2354//7303 2302//7303 2333//7303 
f 2370//7304 2302//7304 2354//7304 
f 2450//7305 2370//7305 2354//7305 
f 2448//7306 2370//7306 2450//7306 
f 2448//7307 2450//7307 2488//7307 
f 2508//7308 2448//7308 2488//7308 
f 2497//7309 2448//7309 2508//7309 
f 2589//7310 2497//7310 2508//7310 
f 2561//7311 2497//7311 2589//7311 
f 2797//7312 2849//7312 2842//7312 
f 2676//7313 2797//7313 2842//7313 
f 2714//7314 2797//7314 2676//7314 
f 2626//7315 2714//7315 2676//7315 
f 2660//7316 2714//7316 2626//7316 
f 2561//7317 2660//7317 2626//7317 
f 2635//7318 2660//7318 2561//7318 
f 2589//7319 2635//7319 2561//7319 
f 3123//7320 3101//7320 3099//7320 
f 3121//7321 3123//7321 3099//7321 
f 3124//7322 3123//7322 3121//7322 
f 3122//7323 3124//7323 3121//7323 
f 3102//7324 3124//7324 3122//7324 
f 3100//7325 3102//7325 3122//7325 
f 3045//7326 3102//7326 3100//7326 
f 3044//7327 3045//7327 3100//7327 
f 2983//7328 3045//7328 3044//7328 
f 2982//7329 2983//7329 3044//7329 
f 2917//7330 2983//7330 2982//7330 
f 2916//7331 2917//7331 2982//7331 
f 555//7332 661//7332 662//7332 
f 472//7333 555//7333 662//7333 
f 471//7334 555//7334 472//7334 
f 420//7335 471//7335 472//7335 
f 382//7336 420//7336 472//7336 
f 381//7337 420//7337 382//7337 
f 325//7338 381//7338 382//7338 
f 268//7339 325//7339 382//7339 
f 266//7340 325//7340 268//7340 
f 212//7341 266//7341 268//7341 
f 173//7342 212//7342 268//7342 
f 171//7343 212//7343 173//7343 
f 124//7344 171//7344 173//7344 
f 3//7345 124//7345 173//7345 
f 1//7346 124//7346 3//7346 
f 123//7347 1//7347 3//7347 
f 172//7348 123//7348 3//7348 
f 170//7349 123//7349 172//7349 
f 211//7350 170//7350 172//7350 
f 267//7351 211//7351 172//7351 
f 265//7352 211//7352 267//7352 
f 324//7353 265//7353 267//7353 
f 380//7354 324//7354 267//7354 
f 379//7355 324//7355 380//7355 
f 419//7356 379//7356 380//7356 
f 470//7357 419//7357 380//7357 
f 469//7358 419//7358 470//7358 
f 554//7359 469//7359 470//7359 
f 660//7360 554//7360 470//7360 
f 659//7361 554//7361 660//7361 
f 844//7362 659//7362 660//7362 
f 1017//7363 844//7363 660//7363 
f 1016//7364 844//7364 1017//7364 
f 1162//7365 1016//7365 1017//7365 
f 1223//7366 1162//7366 1017//7366 
f 1222//7367 1162//7367 1223//7367 
f 1299//7368 1222//7368 1223//7368 
f 1372//7369 1299//7369 1223//7369 
f 1371//7370 1299//7370 1372//7370 
f 1426//7371 1371//7371 1372//7371 
f 1527//7372 1426//7372 1372//7372 
f 1526//7373 1426//7373 1527//7373 
f 1598//7374 1526//7374 1527//7374 
f 1925//7375 1598//7375 1527//7375 
f 1924//7376 1598//7376 1925//7376 
f 2288//7377 1924//7377 1925//7377 
f 2365//7378 2288//7378 1925//7378 
f 2364//7379 2288//7379 2365//7379 
f 2459//7380 2364//7380 2365//7380 
f 2522//7381 2459//7381 2365//7381 
f 2521//7382 2459//7382 2522//7382 
f 2600//7383 2521//7383 2522//7383 
f 2667//7384 2600//7384 2522//7384 
f 2666//7385 2600//7385 2667//7385 
f 2732//7386 2666//7386 2667//7386 
f 2871//7387 2732//7387 2667//7387 
f 2870//7388 2732//7388 2871//7388 
f 3054//7389 2870//7389 2871//7389 
f 3234//7390 3054//7390 2871//7390 
f 3233//7391 3054//7391 3234//7391 
f 1089//7392 933//7392 1139//7392 
f 933//7393 1089//7393 960//7393 
f 894//7394 933//7394 960//7394 
f 869//7395 933//7395 894//7395 
f 842//7396 869//7396 894//7396 
f 781//7397 869//7397 842//7397 
f 781//7398 842//7398 750//7398 
f 745//7399 781//7399 750//7399 
f 621//7400 781//7400 745//7400 
f 621//7401 745//7401 610//7401 
f 582//7402 621//7402 610//7402 
f 596//7403 621//7403 582//7403 
f 575//7404 596//7404 582//7404 
f 565//7405 596//7405 575//7405 
f 565//7406 575//7406 547//7406 
f 546//7407 565//7407 547//7407 
f 556//7408 565//7408 546//7408 
f 510//7409 556//7409 546//7409 
f 530//7410 556//7410 510//7410 
f 530//7411 510//7411 502//7411 
f 498//7412 530//7412 502//7412 
f 519//7413 530//7413 498//7413 
f 491//7414 519//7414 498//7414 
f 506//7415 519//7415 491//7415 
f 506//7416 491//7416 492//7416 
f 493//7417 506//7417 492//7417 
f 521//7418 506//7418 493//7418 
f 497//7419 521//7419 493//7419 
f 535//7420 521//7420 497//7420 
f 500//7421 535//7421 497//7421 
f 557//7422 535//7422 500//7422 
f 557//7423 500//7423 520//7423 
f 537//7424 557//7424 520//7424 
f 581//7425 557//7425 537//7425 
f 548//7426 581//7426 537//7426 
f 587//7427 581//7427 548//7427 
f 587//7428 548//7428 578//7428 
f 579//7429 587//7429 578//7429 
f 748//7430 587//7430 579//7430 
f 748//7431 579//7431 620//7431 
f 693//7432 748//7432 620//7432 
f 763//7433 748//7433 693//7433 
f 755//7434 763//7434 693//7434 
f 886//7435 763//7435 755//7435 
f 886//7436 755//7436 859//7436 
f 865//7437 886//7437 859//7437 
f 989//7438 886//7438 865//7438 
f 967//7439 989//7439 865//7439 
f 1080//7440 989//7440 967//7440 
f 1080//7441 967//7441 1048//7441 
f 1115//7442 1080//7442 1048//7442 
f 1197//7443 1080//7443 1115//7443 
f 1197//7444 1115//7444 1182//7444 
f 1190//7445 1197//7445 1182//7445 
f 1198//7446 1197//7446 1190//7446 
f 1261//7447 1198//7447 1190//7447 
f 1261//7448 1190//7448 1215//7448 
f 1258//7449 1261//7449 1215//7449 
f 1305//7450 1261//7450 1258//7450 
f 1265//7451 1305//7451 1258//7451 
f 1350//7452 1305//7452 1265//7452 
f 1350//7453 1265//7453 1340//7453 
f 1349//7454 1350//7454 1340//7454 
f 1414//7455 1350//7455 1349//7455 
f 1414//7456 1349//7456 1393//7456 
f 1422//7457 1414//7457 1393//7457 
f 1425//7458 1414//7458 1422//7458 
f 1436//7459 1425//7459 1422//7459 
f 1548//7460 1425//7460 1436//7460 
f 1548//7461 1436//7461 1521//7461 
f 1547//7462 1548//7462 1521//7462 
f 1569//7463 1548//7463 1547//7463 
f 1576//7464 1569//7464 1547//7464 
f 1632//7465 1569//7465 1576//7465 
f 1632//7466 1576//7466 1631//7466 
f 1640//7467 1632//7467 1631//7467 
f 2250//7468 1632//7468 1640//7468 
f 2237//7469 2250//7469 1640//7469 
f 2264//7470 2250//7470 2237//7470 
f 2264//7471 2237//7471 2265//7471 
f 2300//7472 2264//7472 2265//7472 
f 2371//7473 2264//7473 2300//7473 
f 2371//7474 2300//7474 2369//7474 
f 2372//7475 2371//7475 2369//7475 
f 2378//7476 2371//7476 2372//7476 
f 2436//7477 2378//7477 2372//7477 
f 2482//7478 2378//7478 2436//7478 
f 2482//7479 2436//7479 2485//7479 
f 2495//7480 2482//7480 2485//7480 
f 2532//7481 2482//7481 2495//7481 
f 2559//7482 2532//7482 2495//7482 
f 2562//7483 2532//7483 2559//7483 
f 2565//7484 2562//7484 2559//7484 
f 2654//7485 2562//7485 2565//7485 
f 2654//7486 2565//7486 2614//7486 
f 2659//7487 2654//7487 2614//7487 
f 2655//7488 2654//7488 2659//7488 
f 2674//7489 2655//7489 2659//7489 
f 2718//7490 2655//7490 2674//7490 
f 2718//7491 2674//7491 2713//7491 
f 2744//7492 2718//7492 2713//7492 
f 2759//7493 2718//7493 2744//7493 
f 2786//7494 2759//7494 2744//7494 
f 2868//7495 2759//7495 2786//7495 
f 2868//7496 2786//7496 2896//7496 
f 2909//7497 2868//7497 2896//7497 
f 3034//7498 2868//7498 2909//7498 
f 3034//7499 2909//7499 3029//7499 
f 3073//7500 3034//7500 3029//7500 
f 3049//7501 3034//7501 3073//7501 
f 3127//7502 3049//7502 3073//7502 
f 3195//7503 3049//7503 3127//7503 
f 3195//7504 3127//7504 3266//7504 
f 3269//7505 3195//7505 3266//7505 
f 3272//7506 3195//7506 3269//7506 
f 3303//7507 3272//7507 3269//7507 
f 3301//7508 3272//7508 3303//7508 
f 3301//7509 3303//7509 3317//7509 
f 3334//7510 3301//7510 3317//7510 
f 3333//7511 3301//7511 3334//7511 
f 3373//7512 3333//7512 3334//7512 
f 3343//7513 3333//7513 3373//7513 
f 3374//7514 3343//7514 3373//7514 
f 3375//7515 3343//7515 3374//7515 
f 3375//7516 3374//7516 3391//7516 
f 3395//7517 3375//7517 3391//7517 
f 3376//7518 3375//7518 3395//7518 
f 3399//7519 3376//7519 3395//7519 
f 3385//7520 3376//7520 3399//7520 
f 3385//7521 3399//7521 3400//7521 
f 3398//7522 3385//7522 3400//7522 
f 3357//7523 3385//7523 3398//7523 
f 3393//7524 3357//7524 3398//7524 
f 3352//7525 3357//7525 3393//7525 
f 3352//7526 3393//7526 3388//7526 
f 3387//7527 3352//7527 3388//7527 
f 3310//7528 3352//7528 3387//7528 
f 3310//7529 3387//7529 3346//7529 
f 3332//7530 3310//7530 3346//7530 
f 3304//7531 3310//7531 3332//7531 
f 3309//7532 3304//7532 3332//7532 
f 3252//7533 3304//7533 3309//7533 
f 3252//7534 3309//7534 3296//7534 
f 3285//7535 3252//7535 3296//7535 
f 3132//7536 3252//7536 3285//7536 
f 3145//7537 3132//7537 3285//7537 
f 3076//7538 3132//7538 3145//7538 
f 3076//7539 3145//7539 3109//7539 
f 3056//7540 3076//7540 3109//7540 
f 2908//7541 3076//7541 3056//7541 
f 2933//7542 2908//7542 3056//7542 
f 2902//7543 2908//7543 2933//7543 
f 2929//7544 2902//7544 2933//7544 
f 2748//7545 2902//7545 2929//7545 
f 2748//7546 2929//7546 2813//7546 
f 2756//7547 2748//7547 2813//7547 
f 2704//7548 2748//7548 2756//7548 
f 2721//7549 2704//7549 2756//7549 
f 2670//7550 2704//7550 2721//7550 
f 2670//7551 2721//7551 2682//7551 
f 2677//7552 2670//7552 2682//7552 
f 2594//7553 2670//7553 2677//7553 
f 2594//7554 2677//7554 2631//7554 
f 2591//7555 2594//7555 2631//7555 
f 2585//7556 2594//7556 2591//7556 
f 2564//7557 2585//7557 2591//7557 
f 2493//7558 2585//7558 2564//7558 
f 2493//7559 2564//7559 2504//7559 
f 2496//7560 2493//7560 2504//7560 
f 2469//7561 2493//7561 2496//7561 
f 2461//7562 2469//7562 2496//7562 
f 2391//7563 2469//7563 2461//7563 
f 2391//7564 2461//7564 2399//7564 
f 2373//7565 2391//7565 2399//7565 
f 2318//7566 2391//7566 2373//7566 
f 2314//7567 2318//7567 2373//7567 
f 2291//7568 2318//7568 2314//7568 
f 2291//7569 2314//7569 2292//7569 
f 2253//7570 2291//7570 2292//7570 
f 1827//7571 2291//7571 2253//7571 
f 1826//7572 1827//7572 2253//7572 
f 1639//7573 1827//7573 1826//7573 
f 1659//7574 1639//7574 1826//7574 
f 1557//7575 1639//7575 1659//7575 
f 1557//7576 1659//7576 1594//7576 
f 1555//7577 1557//7577 1594//7577 
f 1516//7578 1557//7578 1555//7578 
f 1524//7579 1516//7579 1555//7579 
f 1480//7580 1516//7580 1524//7580 
f 1480//7581 1524//7581 1478//7581 
f 1462//7582 1480//7582 1478//7582 
f 1380//7583 1480//7583 1462//7583 
f 1380//7584 1462//7584 1395//7584 
f 1369//7585 1380//7585 1395//7585 
f 1364//7586 1380//7586 1369//7586 
f 1344//7587 1364//7587 1369//7587 
f 1289//7588 1364//7588 1344//7588 
f 1289//7589 1344//7589 1287//7589 
f 1286//7590 1289//7590 1287//7590 
f 1237//7591 1289//7591 1286//7591 
f 1219//7592 1237//7592 1286//7592 
f 1207//7593 1237//7593 1219//7593 
f 1207//7594 1219//7594 1205//7594 
f 1187//7595 1207//7595 1205//7595 
f 1139//7596 1207//7596 1187//7596 
f 1116//7597 1139//7597 1187//7597 
f 1089//7598 1139//7598 1116//7598 
f 913//7599 920//7599 976//7599 
f 761//7600 716//7600 775//7600 
f 774//7601 761//7601 775//7601 
f 801//7602 761//7602 774//7602 
f 896//7603 895//7603 472//7603 
f 662//7604 896//7604 472//7604 
f 921//7605 896//7605 662//7605 
f 928//7606 921//7606 662//7606 
f 895//7607 920//7607 913//7607 
f 2993//7608 2998//7608 3045//7608 
f 2983//7609 2993//7609 3045//7609 
f 2969//7610 2993//7610 2983//7610 
f 2917//7611 2969//7611 2983//7611 
f 3124//7612 3263//7612 3211//7612 
f 3163//7613 3124//7613 3211//7613 
f 3123//7614 3124//7614 3163//7614 
f 3135//7615 3123//7615 3163//7615 
f 3101//7616 3123//7616 3135//7616 
f 3045//7617 2998//7617 2989//7617 
f 2873//7618 3045//7618 2989//7618 
f 3102//7619 3045//7619 2873//7619 
f 3236//7620 3102//7620 2873//7620 
f 3124//7621 3102//7621 3236//7621 
f 3423//7622 3124//7622 3236//7622 
f 3263//7623 3124//7623 3423//7623 
f 3291//7624 3263//7624 3423//7624 
f 472//7625 664//7625 608//7625 
f 3161//7626 3209//7626 3119//7626 
f 3120//7627 3161//7627 3119//7627 
f 3133//7628 3161//7628 3120//7628 
f 3097//7629 3133//7629 3120//7629 
f 775//7630 716//7630 664//7630 
f 472//7631 775//7631 664//7631 
f 802//7632 775//7632 472//7632 
f 895//7633 802//7633 472//7633 
f 858//7634 802//7634 895//7634 
f 913//7635 858//7635 895//7635 
f 470//7636 474//7636 603//7636 
f 770//7637 631//7637 687//7637 
f 726//7638 770//7638 687//7638 
f 771//7639 770//7639 726//7639 
f 759//7640 771//7640 726//7640 
f 797//7641 771//7641 759//7641 
f 900//7642 892//7642 852//7642 
f 907//7643 900//7643 852//7643 
f 918//7644 900//7644 907//7644 
f 971//7645 918//7645 907//7645 
f 3753//7646 3611//7646 3612//7646 
f 3039//7647 2987//7647 2996//7647 
f 2991//7648 3039//7648 2996//7648 
f 2977//7649 3039//7649 2991//7649 
f 2967//7650 2977//7650 2991//7650 
f 2912//7651 2977//7651 2967//7651 
f 3620//7652 3753//7652 3612//7652 
f 3565//7653 3620//7653 3612//7653 
f 3512//7654 3620//7654 3565//7654 
f 3493//7655 3512//7655 3565//7655 
f 3423//7656 3512//7656 3493//7656 
f 3418//7657 3423//7657 3493//7657 
f 3291//7658 3423//7658 3418//7658 
f 3611//7659 3753//7659 4047//7659 
f 3752//7660 3611//7660 4047//7660 
f 3564//7661 3611//7661 3752//7661 
f 3619//7662 3564//7662 3752//7662 
f 3492//7663 3564//7663 3619//7663 
f 3510//7664 3492//7664 3619//7664 
f 3416//7665 3492//7665 3510//7665 
f 3421//7666 3416//7666 3510//7666 
f 3289//7667 3416//7667 3421//7667 
f 3261//7668 3289//7668 3421//7668 
f 1194//7669 928//7669 662//7669 
f 1019//7670 1194//7670 662//7670 
f 1321//7671 1194//7671 1019//7671 
f 1225//7672 1321//7672 1019//7672 
f 1452//7673 1321//7673 1225//7673 
f 1374//7674 1452//7674 1225//7674 
f 1610//7675 1452//7675 1374//7675 
f 1529//7676 1610//7676 1374//7676 
f 2279//7677 1610//7677 1529//7677 
f 852//7678 892//7678 903//7678 
f 1017//7679 852//7679 903//7679 
f 796//7680 852//7680 1017//7680 
f 660//7681 796//7681 1017//7681 
f 770//7682 796//7682 660//7682 
f 470//7683 770//7683 660//7683 
f 631//7684 770//7684 470//7684 
f 603//7685 631//7685 470//7685 
f 2871//7686 2706//7686 2962//7686 
f 2279//7687 1529//7687 1966//7687 
f 2367//7688 2279//7688 1966//7688 
f 2439//7689 2279//7689 2367//7689 
f 2524//7690 2439//7690 2367//7690 
f 2580//7691 2439//7691 2524//7691 
f 2669//7692 2580//7692 2524//7692 
f 2708//7693 2580//7693 2669//7693 
f 2873//7694 2708//7694 2669//7694 
f 2964//7695 2708//7695 2873//7695 
f 2989//7696 2964//7696 2873//7696 
f 327//7697 276//7697 173//7697 
f 268//7698 327//7698 173//7698 
f 398//7699 327//7699 268//7699 
f 382//7700 398//7700 268//7700 
f 476//7701 398//7701 382//7701 
f 472//7702 476//7702 382//7702 
f 605//7703 476//7703 472//7703 
f 608//7704 605//7704 472//7704 
f 3119//7705 3209//7705 3261//7705 
f 3421//7706 3119//7706 3261//7706 
f 3096//7707 3119//7707 3421//7707 
f 3234//7708 3096//7708 3421//7708 
f 3039//7709 3096//7709 3234//7709 
f 2871//7710 3039//7710 3234//7710 
f 2987//7711 3039//7711 2871//7711 
f 2962//7712 2987//7712 2871//7712 
f 397//7713 474//7713 470//7713 
f 380//7714 397//7714 470//7714 
f 326//7715 397//7715 380//7715 
f 267//7716 326//7716 380//7716 
f 275//7717 326//7717 267//7717 
f 172//7718 275//7718 267//7718 
f 276//7719 275//7719 172//7719 
f 3//7720 276//7720 172//7720 
f 173//7721 276//7721 3//7721 
f 1450//7722 1608//7722 1527//7722 
f 1372//7723 1450//7723 1527//7723 
f 1319//7724 1450//7724 1372//7724 
f 1223//7725 1319//7725 1372//7725 
f 1192//7726 1319//7726 1223//7726 
f 1017//7727 1192//7727 1223//7727 
f 926//7728 1192//7728 1017//7728 
f 903//7729 926//7729 1017//7729 
f 2578//7730 2706//7730 2871//7730 
f 2667//7731 2578//7731 2871//7731 
f 2437//7732 2578//7732 2667//7732 
f 2522//7733 2437//7733 2667//7733 
f 2277//7734 2437//7734 2522//7734 
f 2365//7735 2277//7735 2522//7735 
f 1608//7736 2277//7736 2365//7736 
f 1925//7737 1608//7737 2365//7737 
f 1527//7738 1608//7738 1925//7738 
f 3417//7739 3289//7739 3290//7739 
f 3416//7740 3289//7740 3417//7740 
f 3494//7741 3416//7741 3417//7741 
f 3492//7742 3416//7742 3494//7742 
f 3566//7743 3492//7743 3494//7743 
f 3564//7744 3492//7744 3566//7744 
f 3613//7745 3564//7745 3566//7745 
f 3611//7746 3564//7746 3613//7746 
f 3614//7747 3611//7747 3613//7747 
f 3612//7748 3611//7748 3614//7748 
f 3567//7749 3612//7749 3614//7749 
f 3565//7750 3612//7750 3567//7750 
f 3495//7751 3565//7751 3567//7751 
f 3493//7752 3565//7752 3495//7752 
f 3419//7753 3493//7753 3495//7753 
f 3418//7754 3493//7754 3419//7754 
f 3292//7755 3418//7755 3419//7755 
f 3291//7756 3418//7756 3292//7756 
f 2709//7757 2964//7757 2965//7757 
f 2708//7758 2964//7758 2709//7758 
f 2581//7759 2708//7759 2709//7759 
f 2580//7760 2708//7760 2581//7760 
f 2440//7761 2580//7761 2581//7761 
f 2439//7762 2580//7762 2440//7762 
f 2280//7763 2439//7763 2440//7763 
f 2279//7764 2439//7764 2280//7764 
f 1611//7765 2279//7765 2280//7765 
f 1610//7766 2279//7766 1611//7766 
f 1453//7767 1610//7767 1611//7767 
f 1452//7768 1610//7768 1453//7768 
f 1322//7769 1452//7769 1453//7769 
f 1321//7770 1452//7770 1322//7770 
f 1195//7771 1321//7771 1322//7771 
f 1194//7772 1321//7772 1195//7772 
f 929//7773 1194//7773 1195//7773 
f 928//7774 1194//7774 929//7774 
f 477//7775 605//7775 606//7775 
f 476//7776 605//7776 477//7776 
f 400//7777 476//7777 477//7777 
f 398//7778 476//7778 400//7778 
f 329//7779 398//7779 400//7779 
f 327//7780 398//7780 329//7780 
f 278//7781 327//7781 329//7781 
f 276//7782 327//7782 278//7782 
f 277//7783 276//7783 278//7783 
f 275//7784 276//7784 277//7784 
f 328//7785 275//7785 277//7785 
f 326//7786 275//7786 328//7786 
f 399//7787 326//7787 328//7787 
f 397//7788 326//7788 399//7788 
f 475//7789 397//7789 399//7789 
f 474//7790 397//7790 475//7790 
f 604//7791 474//7791 475//7791 
f 603//7792 474//7792 604//7792 
f 3103//7793 3495//7793 3567//7793 
f 978//7794 1322//7794 1453//7794 
f 2914//7795 2892//7795 2918//7795 
f 2981//7796 2914//7796 2918//7796 
f 2979//7797 2914//7797 2981//7797 
f 1451//7798 997//7798 998//7798 
f 911//7799 1451//7799 998//7799 
f 2888//7800 1609//7800 1451//7800 
f 854//7801 798//7801 328//7801 
f 277//7802 854//7802 328//7802 
f 3043//7803 3103//7803 3567//7803 
f 3614//7804 3043//7804 3567//7804 
f 3613//7805 3043//7805 3614//7805 
f 1193//7806 919//7806 972//7806 
f 854//7807 277//7807 278//7807 
f 329//7808 854//7808 278//7808 
f 400//7809 854//7809 329//7809 
f 2889//7810 2888//7810 1451//7810 
f 911//7811 2889//7811 1451//7811 
f 2914//7812 2889//7812 911//7812 
f 977//7813 2914//7813 911//7813 
f 2892//7814 2914//7814 977//7814 
f 1001//7815 2892//7815 977//7815 
f 2893//7816 2892//7816 1001//7816 
f 1002//7817 2893//7817 1001//7817 
f 2919//7818 2893//7818 1002//7818 
f 3041//7819 2979//7819 2981//7819 
f 3043//7820 3041//7820 2981//7820 
f 3098//7821 3041//7821 3043//7821 
f 3292//7822 3212//7822 3264//7822 
f 2968//7823 2963//7823 2707//7823 
f 2913//7824 2968//7824 2707//7824 
f 2913//7825 2707//7825 2579//7825 
f 2438//7826 2913//7826 2579//7826 
f 2888//7827 2913//7827 2438//7827 
f 2278//7828 2888//7828 2438//7828 
f 1609//7829 2888//7829 2278//7829 
f 972//7830 997//7830 1451//7830 
f 1320//7831 972//7831 1451//7831 
f 1193//7832 972//7832 1320//7832 
f 2970//7833 2999//7833 2994//7833 
f 898//7834 922//7834 897//7834 
f 3419//7835 3495//7835 3103//7835 
f 3136//7836 3419//7836 3103//7836 
f 3292//7837 3419//7837 3136//7837 
f 3164//7838 3292//7838 3136//7838 
f 3212//7839 3292//7839 3164//7839 
f 911//7840 998//7840 973//7840 
f 909//7841 911//7841 973//7841 
f 856//7842 911//7842 909//7842 
f 854//7843 856//7843 909//7843 
f 803//7844 856//7844 854//7844 
f 400//7845 803//7845 854//7845 
f 727//7846 688//7846 632//7846 
f 604//7847 727//7847 632//7847 
f 760//7848 727//7848 604//7848 
f 475//7849 760//7849 604//7849 
f 798//7850 760//7850 475//7850 
f 399//7851 798//7851 475//7851 
f 328//7852 798//7852 399//7852 
f 1002//7853 978//7853 1453//7853 
f 1611//7854 1002//7854 1453//7854 
f 2280//7855 1002//7855 1611//7855 
f 922//7856 898//7856 923//7856 
f 929//7857 922//7857 923//7857 
f 978//7858 922//7858 929//7858 
f 1195//7859 978//7859 929//7859 
f 1322//7860 978//7860 1195//7860 
f 2968//7861 2992//7861 2997//7861 
f 2988//7862 2968//7862 2997//7862 
f 2963//7863 2968//7863 2988//7863 
f 3210//7864 3290//7864 3262//7864 
f 904//7865 893//7865 901//7865 
f 919//7866 904//7866 901//7866 
f 927//7867 904//7867 919//7867 
f 1193//7868 927//7868 919//7868 
f 2965//7869 2990//7869 2999//7869 
f 2970//7870 2965//7870 2999//7870 
f 2709//7871 2965//7871 2970//7871 
f 2919//7872 2709//7872 2970//7872 
f 2581//7873 2709//7873 2919//7873 
f 1002//7874 2581//7874 2919//7874 
f 2440//7875 2581//7875 1002//7875 
f 2280//7876 2440//7876 1002//7876 
f 3043//7877 3613//7877 3566//7877 
f 3494//7878 3043//7878 3566//7878 
f 3098//7879 3043//7879 3494//7879 
f 3417//7880 3098//7880 3494//7880 
f 3134//7881 3098//7881 3417//7881 
f 3290//7882 3134//7882 3417//7882 
f 3162//7883 3134//7883 3290//7883 
f 3210//7884 3162//7884 3290//7884 
f 609//7885 665//7885 717//7885 
f 762//7886 609//7886 717//7886 
f 606//7887 609//7887 762//7887 
f 803//7888 606//7888 762//7888 
f 477//7889 606//7889 803//7889 
f 400//7890 477//7890 803//7890 
f 906//7891 851//7891 829//7891 
f 940//7892 906//7892 829//7892 
f 969//7893 906//7893 940//7893 
f 1035//7894 969//7894 940//7894 
f 995//7895 969//7895 1035//7895 
f 1103//7896 995//7896 1035//7896 
f 996//7897 995//7897 1103//7897 
f 1104//7898 996//7898 1103//7898 
f 970//7899 996//7899 1104//7899 
f 1036//7900 970//7900 1104//7900 
f 908//7901 970//7901 1036//7901 
f 941//7902 908//7902 1036//7902 
f 853//7903 908//7903 941//7903 
f 830//7904 853//7904 941//7904 
f 795//7905 853//7905 830//7905 
f 731//7906 795//7906 830//7906 
f 769//7907 795//7907 731//7907 
f 646//7908 769//7908 731//7908 
f 768//7909 769//7909 646//7909 
f 645//7910 768//7910 646//7910 
f 794//7911 768//7911 645//7911 
f 729//7912 794//7912 645//7912 
f 851//7913 794//7913 729//7913 
f 829//7914 851//7914 729//7914 
f 974//7915 910//7915 942//7915 
f 1037//7916 974//7916 942//7916 
f 999//7917 974//7917 1037//7917 
f 1105//7918 999//7918 1037//7918 
f 1000//7919 999//7919 1105//7919 
f 1106//7920 1000//7920 1105//7920 
f 975//7921 1000//7921 1106//7921 
f 1038//7922 975//7922 1106//7922 
f 912//7923 975//7923 1038//7923 
f 943//7924 912//7924 1038//7924 
f 857//7925 912//7925 943//7925 
f 832//7926 857//7926 943//7926 
f 800//7927 857//7927 832//7927 
f 734//7928 800//7928 832//7928 
f 773//7929 800//7929 734//7929 
f 648//7930 773//7930 734//7930 
f 772//7931 773//7931 648//7931 
f 647//7932 772//7932 648//7932 
f 799//7933 772//7933 647//7933 
f 732//7934 799//7934 647//7934 
f 855//7935 799//7935 732//7935 
f 831//7936 855//7936 732//7936 
f 910//7937 855//7937 831//7937 
f 942//7938 910//7938 831//7938 
f 3122//7939 3121//7939 3248//7939 
f 3249//7940 3122//7940 3248//7940 
f 3100//7941 3122//7941 3249//7941 
f 3157//7942 3100//7942 3249//7942 
f 3044//7943 3100//7943 3157//7943 
f 3065//7944 3044//7944 3157//7944 
f 2982//7945 3044//7945 3065//7945 
f 2953//7946 2982//7946 3065//7946 
f 2916//7947 2982//7947 2953//7947 
f 2859//7948 2916//7948 2953//7948 
f 2891//7949 2916//7949 2859//7949 
f 2796//7950 2891//7950 2859//7950 
f 2890//7951 2891//7951 2796//7951 
f 2795//7952 2890//7952 2796//7952 
f 2915//7953 2890//7953 2795//7953 
f 2857//7954 2915//7954 2795//7954 
f 2980//7955 2915//7955 2857//7955 
f 2952//7956 2980//7956 2857//7956 
f 3042//7957 2980//7957 2952//7957 
f 3064//7958 3042//7958 2952//7958 
f 3099//7959 3042//7959 3064//7959 
f 3156//7960 3099//7960 3064//7960 
f 3121//7961 3099//7961 3156//7961 
f 3248//7962 3121//7962 3156//7962 
f 1193//7963 926//7963 927//7963 
f 1192//7964 926//7964 1193//7964 
f 1320//7965 1192//7965 1193//7965 
f 1319//7966 1192//7966 1320//7966 
f 1451//7967 1319//7967 1320//7967 
f 1450//7968 1319//7968 1451//7968 
f 1609//7969 1450//7969 1451//7969 
f 1608//7970 1450//7970 1609//7970 
f 2278//7971 1608//7971 1609//7971 
f 2277//7972 1608//7972 2278//7972 
f 2438//7973 2277//7973 2278//7973 
f 2437//7974 2277//7974 2438//7974 
f 2579//7975 2437//7975 2438//7975 
f 2578//7976 2437//7976 2579//7976 
f 2707//7977 2578//7977 2579//7977 
f 2706//7978 2578//7978 2707//7978 
f 2963//7979 2706//7979 2707//7979 
f 2962//7980 2706//7980 2963//7980 
f 2967//7981 2968//7981 2913//7981 
f 2912//7982 2967//7982 2913//7982 
f 3134//7983 3133//7983 3097//7983 
f 3098//7984 3134//7984 3097//7984 
f 759//7985 760//7985 798//7985 
f 797//7986 759//7986 798//7986 
f 919//7987 918//7987 971//7987 
f 972//7988 919//7988 971//7988 
f 920//7989 922//7989 978//7989 
f 976//7990 920//7990 978//7990 
f 762//7991 761//7991 801//7991 
f 803//7992 762//7992 801//7992 
f 3135//7993 3136//7993 3103//7993 
f 3101//7994 3135//7994 3103//7994 
f 2970//7995 2969//7995 2917//7995 
f 2919//7996 2970//7996 2917//7996 
f 2988//7997 2962//7997 2963//7997 
f 2987//7998 2962//7998 2988//7998 
f 2997//7999 2987//7999 2988//7999 
f 2996//8000 2987//8000 2997//8000 
f 2992//8001 2996//8001 2997//8001 
f 2991//8002 2996//8002 2992//8002 
f 2968//8003 2991//8003 2992//8003 
f 2967//8004 2991//8004 2968//8004 
f 3162//8005 3133//8005 3134//8005 
f 3161//8006 3133//8006 3162//8006 
f 3210//8007 3161//8007 3162//8007 
f 3209//8008 3161//8008 3210//8008 
f 3262//8009 3209//8009 3210//8009 
f 3261//8010 3209//8010 3262//8010 
f 3290//8011 3261//8011 3262//8011 
f 3289//8012 3261//8012 3290//8012 
f 901//8013 918//8013 919//8013 
f 900//8014 918//8014 901//8014 
f 893//8015 900//8015 901//8015 
f 892//8016 900//8016 893//8016 
f 904//8017 892//8017 893//8017 
f 903//8018 892//8018 904//8018 
f 927//8019 903//8019 904//8019 
f 926//8020 903//8020 927//8020 
f 632//8021 603//8021 604//8021 
f 631//8022 603//8022 632//8022 
f 688//8023 631//8023 632//8023 
f 687//8024 631//8024 688//8024 
f 727//8025 687//8025 688//8025 
f 726//8026 687//8026 727//8026 
f 760//8027 726//8027 727//8027 
f 759//8028 726//8028 760//8028 
f 2994//8029 2969//8029 2970//8029 
f 2993//8030 2969//8030 2994//8030 
f 2999//8031 2993//8031 2994//8031 
f 2998//8032 2993//8032 2999//8032 
f 2990//8033 2998//8033 2999//8033 
f 2989//8034 2998//8034 2990//8034 
f 2965//8035 2989//8035 2990//8035 
f 2964//8036 2989//8036 2965//8036 
f 3264//8037 3291//8037 3292//8037 
f 3263//8038 3291//8038 3264//8038 
f 3212//8039 3263//8039 3264//8039 
f 3211//8040 3263//8040 3212//8040 
f 3164//8041 3211//8041 3212//8041 
f 3163//8042 3211//8042 3164//8042 
f 3136//8043 3163//8043 3164//8043 
f 3135//8044 3163//8044 3136//8044 
f 3014//8045 2754//8045 2760//8045 
f 3035//8046 3014//8046 2760//8046 
f 3220//8047 3014//8047 3035//8047 
f 3277//8048 3220//8048 3035//8048 
f 3315//8049 3220//8049 3277//8049 
f 3337//8050 3315//8050 3277//8050 
f 3349//8051 3315//8051 3337//8051 
f 3386//8052 3349//8052 3337//8052 
f 3340//8053 3349//8053 3386//8053 
f 3370//8054 3340//8054 3386//8054 
f 3299//8055 3340//8055 3370//8055 
f 3305//8056 3299//8056 3370//8056 
f 3107//8057 3299//8057 3305//8057 
f 3137//8058 3107//8058 3305//8058 
f 2879//8059 3107//8059 3137//8059 
f 2903//8060 2879//8060 3137//8060 
f 2700//8061 2879//8061 2903//8061 
f 2705//8062 2700//8062 2903//8062 
f 2588//8063 2700//8063 2705//8063 
f 2595//8064 2588//8064 2705//8064 
f 2466//8065 2588//8065 2595//8065 
f 2472//8066 2466//8066 2595//8066 
f 2316//8067 2466//8067 2472//8067 
f 2319//8068 2316//8068 2472//8068 
f 1644//8069 2316//8069 2319//8069 
f 1636//8070 1644//8070 2319//8070 
f 1517//8071 1644//8071 1636//8071 
f 1515//8072 1517//8072 1636//8072 
f 1368//8073 1517//8073 1515//8073 
f 1363//8074 1368//8074 1515//8074 
f 1240//8075 1368//8075 1363//8075 
f 1236//8076 1240//8076 1363//8076 
f 1143//8077 1240//8077 1236//8077 
f 1140//8078 1143//8078 1236//8078 
f 884//8079 1143//8079 1140//8079 
f 866//8080 884//8080 1140//8080 
f 677//8081 884//8081 866//8081 
f 618//8082 677//8082 866//8082 
f 569//8083 677//8083 618//8083 
f 553//8084 569//8084 618//8084 
f 544//8085 569//8085 553//8085 
f 508//8086 544//8086 553//8086 
f 551//8087 544//8087 508//8087 
f 522//8088 551//8088 508//8088 
f 586//8089 551//8089 522//8089 
f 580//8090 586//8090 522//8090 
f 785//8091 586//8091 580//8091 
f 758//8092 785//8092 580//8092 
f 1006//8093 785//8093 758//8093 
f 987//8094 1006//8094 758//8094 
f 1201//8095 1006//8095 987//8095 
f 1196//8096 1201//8096 987//8096 
f 1311//8097 1201//8097 1196//8097 
f 1304//8098 1311//8098 1196//8098 
f 1418//8099 1311//8099 1304//8099 
f 1413//8100 1418//8100 1304//8100 
f 1570//8101 1418//8101 1413//8101 
f 1568//8102 1570//8102 1413//8102 
f 2248//8103 1570//8103 1568//8103 
f 2251//8104 2248//8104 1568//8104 
f 2377//8105 2248//8105 2251//8105 
f 2379//8106 2377//8106 2251//8106 
f 2526//8107 2377//8107 2379//8107 
f 2533//8108 2526//8108 2379//8108 
f 2651//8109 2526//8109 2533//8109 
f 2656//8110 2651//8110 2533//8110 
f 2754//8111 2651//8111 2656//8111 
f 2760//8112 2754//8112 2656//8112 
